"Temp_C","Wind_ms","Shortwave_mJm2","Date","LakeID","Lat","Lon"
-4.3,1.96,4.36,1980-01-01,"aba102",43.5,-75
-4.2,3.86,3.03,1980-01-02,"aba102",43.5,-75
-10.4,3.58,6.26,1980-01-03,"aba102",43.5,-75
-12.4,2.61,8.23,1980-01-04,"aba102",43.5,-75
-8.5,4.55,7.44,1980-01-05,"aba102",43.5,-75
-12.1,4.68,8.6,1980-01-06,"aba102",43.5,-75
-4.5,7.73,3.01,1980-01-07,"aba102",43.5,-75
-6.9,5.83,5.25,1980-01-08,"aba102",43.5,-75
-8.8,4.49,3.73,1980-01-09,"aba102",43.5,-75
-11.4,4.85,6.56,1980-01-10,"aba102",43.5,-75
1.5,9.21,2.46,1980-01-11,"aba102",43.5,-75
-6.8,10.97,6.33,1980-01-12,"aba102",43.5,-75
-10.1,5.3,5.95,1980-01-13,"aba102",43.5,-75
-0.6,5.11,1.43,1980-01-14,"aba102",43.5,-75
0.8,4.39,8.58,1980-01-15,"aba102",43.5,-75
-4.7,4.57,8.92,1980-01-16,"aba102",43.5,-75
-1.3,4.98,6.79,1980-01-17,"aba102",43.5,-75
1.6,4.33,2.48,1980-01-18,"aba102",43.5,-75
-1.1,5.18,3.29,1980-01-19,"aba102",43.5,-75
-5.9,6.3,6.75,1980-01-20,"aba102",43.5,-75
-9.1,7.24,8.33,1980-01-21,"aba102",43.5,-75
-6.1,5.3,3.73,1980-01-22,"aba102",43.5,-75
-6.1,4.84,7.1,1980-01-23,"aba102",43.5,-75
-16.4,6.2,7.95,1980-01-24,"aba102",43.5,-75
-16.1,3.38,10.02,1980-01-25,"aba102",43.5,-75
-11.4,4.95,8.8,1980-01-26,"aba102",43.5,-75
-9.5,2.92,8.83,1980-01-27,"aba102",43.5,-75
-8.5,5.73,7.65,1980-01-28,"aba102",43.5,-75
-11.2,4.75,7.62,1980-01-29,"aba102",43.5,-75
-17.1,5.23,10.34,1980-01-30,"aba102",43.5,-75
-19.1,4.66,9.8,1980-01-31,"aba102",43.5,-75
-18,5.11,10.47,1980-02-01,"aba102",43.5,-75
-17.3,5.59,10.84,1980-02-02,"aba102",43.5,-75
-15.7,5.14,10.2,1980-02-03,"aba102",43.5,-75
-15.7,3.74,10.27,1980-02-04,"aba102",43.5,-75
-16.2,3.06,11.05,1980-02-05,"aba102",43.5,-75
-13.8,3.04,9.76,1980-02-06,"aba102",43.5,-75
-8.5,4.07,10.34,1980-02-07,"aba102",43.5,-75
-12,3.89,12.66,1980-02-08,"aba102",43.5,-75
-12.8,3.11,10.29,1980-02-09,"aba102",43.5,-75
-11.9,3.41,13.19,1980-02-10,"aba102",43.5,-75
-10.6,3.5,10.14,1980-02-11,"aba102",43.5,-75
-8.4,5.32,9.29,1980-02-12,"aba102",43.5,-75
-8.4,4.16,7.8,1980-02-13,"aba102",43.5,-75
-6.8,4.71,6.23,1980-02-14,"aba102",43.5,-75
-9.7,4.25,8.74,1980-02-15,"aba102",43.5,-75
-9.7,4.36,5.05,1980-02-16,"aba102",43.5,-75
-14.6,5.67,11.97,1980-02-17,"aba102",43.5,-75
-9.9,4.54,10.99,1980-02-18,"aba102",43.5,-75
-3.4,4.77,10.53,1980-02-19,"aba102",43.5,-75
1,3.36,14.26,1980-02-20,"aba102",43.5,-75
-0.5,4.37,5.11,1980-02-21,"aba102",43.5,-75
-6.9,6.05,3.81,1980-02-22,"aba102",43.5,-75
-3.4,5.32,8.77,1980-02-23,"aba102",43.5,-75
-2.8,6.02,6.45,1980-02-24,"aba102",43.5,-75
-5.2,4,10.88,1980-02-25,"aba102",43.5,-75
-15.6,5.36,16.06,1980-02-26,"aba102",43.5,-75
-12.4,5.9,8.31,1980-02-27,"aba102",43.5,-75
-14,5.59,15,1980-02-28,"aba102",43.5,-75
-20.5,5.97,15.69,1980-02-29,"aba102",43.5,-75
-19.6,4.88,15.4,1980-03-01,"aba102",43.5,-75
-19.3,3.32,18.04,1980-03-02,"aba102",43.5,-75
-13.4,3.64,17.8,1980-03-03,"aba102",43.5,-75
-5.2,4.28,16.15,1980-03-04,"aba102",43.5,-75
-1,5.8,5.35,1980-03-05,"aba102",43.5,-75
-6.9,6.14,15.93,1980-03-06,"aba102",43.5,-75
-2.2,4.11,8.67,1980-03-07,"aba102",43.5,-75
-0.4,3.24,3.85,1980-03-08,"aba102",43.5,-75
-3.3,5.22,14.91,1980-03-09,"aba102",43.5,-75
-1.9,5.78,10.51,1980-03-10,"aba102",43.5,-75
-6.3,9.52,16.06,1980-03-11,"aba102",43.5,-75
-12.6,6.91,19.62,1980-03-12,"aba102",43.5,-75
-10.3,7.47,12.6,1980-03-13,"aba102",43.5,-75
-3.6,7.69,6.32,1980-03-14,"aba102",43.5,-75
-6.3,8.49,15.69,1980-03-15,"aba102",43.5,-75
-7.1,4.84,20,1980-03-16,"aba102",43.5,-75
3.8,6.55,12.35,1980-03-17,"aba102",43.5,-75
0,8.94,12.31,1980-03-18,"aba102",43.5,-75
-1.9,5.37,20.54,1980-03-19,"aba102",43.5,-75
4.6,4.38,18.84,1980-03-20,"aba102",43.5,-75
5.6,10.69,2.94,1980-03-21,"aba102",43.5,-75
1.9,8.32,9.55,1980-03-22,"aba102",43.5,-75
-0.2,3.01,16.46,1980-03-23,"aba102",43.5,-75
1,4.05,16.35,1980-03-24,"aba102",43.5,-75
0.8,4.08,5.77,1980-03-25,"aba102",43.5,-75
0.6,4.63,12.1,1980-03-26,"aba102",43.5,-75
1.4,3.16,15.38,1980-03-27,"aba102",43.5,-75
4.9,3.02,17.07,1980-03-28,"aba102",43.5,-75
3.7,3.2,3.7,1980-03-29,"aba102",43.5,-75
5.3,4.44,16.17,1980-03-30,"aba102",43.5,-75
3.2,5.11,13.17,1980-03-31,"aba102",43.5,-75
3.7,3.11,21.83,1980-04-01,"aba102",43.5,-75
3.1,3.45,8.39,1980-04-02,"aba102",43.5,-75
3.4,3.86,23.76,1980-04-03,"aba102",43.5,-75
4.5,6.09,5.66,1980-04-04,"aba102",43.5,-75
3,7.8,13.36,1980-04-05,"aba102",43.5,-75
4.1,3.74,20.56,1980-04-06,"aba102",43.5,-75
8.2,7.62,20.71,1980-04-07,"aba102",43.5,-75
9.5,6.43,16.68,1980-04-08,"aba102",43.5,-75
9.4,7.64,2.2,1980-04-09,"aba102",43.5,-75
9.6,5.59,16.2,1980-04-10,"aba102",43.5,-75
4.6,4.59,10.5,1980-04-11,"aba102",43.5,-75
6.5,4.29,9.28,1980-04-12,"aba102",43.5,-75
3.9,6.31,20.7,1980-04-13,"aba102",43.5,-75
2.8,8.78,4.42,1980-04-14,"aba102",43.5,-75
5.7,8.08,16.11,1980-04-15,"aba102",43.5,-75
-1.1,6.15,12.93,1980-04-16,"aba102",43.5,-75
-0.6,4.3,26.5,1980-04-17,"aba102",43.5,-75
3.4,4.94,14.99,1980-04-18,"aba102",43.5,-75
6.7,3.01,26.37,1980-04-19,"aba102",43.5,-75
9.8,6,17.14,1980-04-20,"aba102",43.5,-75
6.9,6.27,26.93,1980-04-21,"aba102",43.5,-75
3.6,5.6,25.37,1980-04-22,"aba102",43.5,-75
7.5,3.73,25.43,1980-04-23,"aba102",43.5,-75
9.1,4.18,22.44,1980-04-24,"aba102",43.5,-75
8.2,4.8,9.73,1980-04-25,"aba102",43.5,-75
7.7,3.3,19.45,1980-04-26,"aba102",43.5,-75
9,5.19,17.52,1980-04-27,"aba102",43.5,-75
7.6,7.36,3.6,1980-04-28,"aba102",43.5,-75
8.1,6.84,7.05,1980-04-29,"aba102",43.5,-75
11,3.3,12.11,1980-04-30,"aba102",43.5,-75
13.6,3.68,18.45,1980-05-01,"aba102",43.5,-75
13.4,2.31,20.9,1980-05-02,"aba102",43.5,-75
15.3,5.33,25.15,1980-05-03,"aba102",43.5,-75
11.7,7.57,27.41,1980-05-04,"aba102",43.5,-75
13.7,4.65,24.34,1980-05-05,"aba102",43.5,-75
12.2,5.32,22.65,1980-05-06,"aba102",43.5,-75
8.4,5.16,18.48,1980-05-07,"aba102",43.5,-75
6.2,4.18,21.71,1980-05-08,"aba102",43.5,-75
5.7,6.2,19.38,1980-05-09,"aba102",43.5,-75
8,5.38,17.41,1980-05-10,"aba102",43.5,-75
11.5,6.31,9.88,1980-05-11,"aba102",43.5,-75
12.8,3.71,26.43,1980-05-12,"aba102",43.5,-75
11.1,3.49,5.6,1980-05-13,"aba102",43.5,-75
8.6,5.24,13.46,1980-05-14,"aba102",43.5,-75
7.3,5.26,21.18,1980-05-15,"aba102",43.5,-75
10.4,4.7,26.85,1980-05-16,"aba102",43.5,-75
14.3,3.88,27.46,1980-05-17,"aba102",43.5,-75
12.7,6.91,3.49,1980-05-18,"aba102",43.5,-75
13.9,4.88,15.04,1980-05-19,"aba102",43.5,-75
14.5,3.05,29.12,1980-05-20,"aba102",43.5,-75
15,3.14,15.23,1980-05-21,"aba102",43.5,-75
17.3,4.31,29.02,1980-05-22,"aba102",43.5,-75
19.2,4.11,28.99,1980-05-23,"aba102",43.5,-75
19.8,3.08,25.93,1980-05-24,"aba102",43.5,-75
15.4,5.82,29.66,1980-05-25,"aba102",43.5,-75
11.2,6.66,28.52,1980-05-26,"aba102",43.5,-75
11.2,5.8,30.42,1980-05-27,"aba102",43.5,-75
10.9,3.56,31.1,1980-05-28,"aba102",43.5,-75
13,2.43,30.51,1980-05-29,"aba102",43.5,-75
17.1,5.3,26.31,1980-05-30,"aba102",43.5,-75
17.9,5.16,13.87,1980-05-31,"aba102",43.5,-75
11.9,5.59,12.32,1980-06-01,"aba102",43.5,-75
15.4,4.66,6.2,1980-06-02,"aba102",43.5,-75
15.6,4.16,12.21,1980-06-03,"aba102",43.5,-75
13.5,6.03,12.65,1980-06-04,"aba102",43.5,-75
12,4.61,30.95,1980-06-05,"aba102",43.5,-75
14.4,4.4,27.95,1980-06-06,"aba102",43.5,-75
15,4.31,5.46,1980-06-07,"aba102",43.5,-75
10.6,8.22,5.4,1980-06-08,"aba102",43.5,-75
4.5,5.02,19.05,1980-06-09,"aba102",43.5,-75
5.4,5.7,23,1980-06-10,"aba102",43.5,-75
6.2,4.73,16.66,1980-06-11,"aba102",43.5,-75
9.6,3.12,29.1,1980-06-12,"aba102",43.5,-75
14.9,3.05,30.42,1980-06-13,"aba102",43.5,-75
18.5,2.62,30.59,1980-06-14,"aba102",43.5,-75
15.5,6.12,14.35,1980-06-15,"aba102",43.5,-75
10.5,4.85,25.73,1980-06-16,"aba102",43.5,-75
11.2,3.32,25.82,1980-06-17,"aba102",43.5,-75
13.6,3.33,28.67,1980-06-18,"aba102",43.5,-75
16.4,4.07,20.42,1980-06-19,"aba102",43.5,-75
11.4,5.85,9.87,1980-06-20,"aba102",43.5,-75
13.2,4.99,17.38,1980-06-21,"aba102",43.5,-75
16.4,3,27.34,1980-06-22,"aba102",43.5,-75
18.4,3.44,27.21,1980-06-23,"aba102",43.5,-75
21.9,4.24,29.15,1980-06-24,"aba102",43.5,-75
22.3,3.07,27.13,1980-06-25,"aba102",43.5,-75
22.6,4.39,27.4,1980-06-26,"aba102",43.5,-75
18.2,4.64,18.34,1980-06-27,"aba102",43.5,-75
12.5,2.93,23.01,1980-06-28,"aba102",43.5,-75
16.4,3.54,24.1,1980-06-29,"aba102",43.5,-75
14.8,3.77,12.05,1980-06-30,"aba102",43.5,-75
17.3,3.1,20.37,1980-07-01,"aba102",43.5,-75
17.2,4.47,13,1980-07-02,"aba102",43.5,-75
17.4,2.7,24.9,1980-07-03,"aba102",43.5,-75
18.2,3.64,28.63,1980-07-04,"aba102",43.5,-75
18.6,5.06,20.6,1980-07-05,"aba102",43.5,-75
15.2,6.88,26.45,1980-07-06,"aba102",43.5,-75
15.8,5.19,25.19,1980-07-07,"aba102",43.5,-75
15.2,3.96,9.19,1980-07-08,"aba102",43.5,-75
17,3.61,21.87,1980-07-09,"aba102",43.5,-75
17.8,3.24,28.63,1980-07-10,"aba102",43.5,-75
18.7,5.69,26.38,1980-07-11,"aba102",43.5,-75
14.4,5.64,16.91,1980-07-12,"aba102",43.5,-75
16.9,4.78,28.64,1980-07-13,"aba102",43.5,-75
19.1,3.4,28.33,1980-07-14,"aba102",43.5,-75
20.7,4.58,14.97,1980-07-15,"aba102",43.5,-75
22.9,4.41,20.57,1980-07-16,"aba102",43.5,-75
20,5.52,16.74,1980-07-17,"aba102",43.5,-75
19.6,2.91,26.07,1980-07-18,"aba102",43.5,-75
21,4.08,23.41,1980-07-19,"aba102",43.5,-75
23,4.89,20.68,1980-07-20,"aba102",43.5,-75
22.7,4.43,19.17,1980-07-21,"aba102",43.5,-75
19.2,4.89,6.65,1980-07-22,"aba102",43.5,-75
18,4.11,12.07,1980-07-23,"aba102",43.5,-75
17.6,3.29,25.46,1980-07-24,"aba102",43.5,-75
18.7,4,25.18,1980-07-25,"aba102",43.5,-75
19.2,3.31,16.82,1980-07-26,"aba102",43.5,-75
21,3.33,19.79,1980-07-27,"aba102",43.5,-75
21.2,5.22,16.32,1980-07-28,"aba102",43.5,-75
19.2,5.15,7.05,1980-07-29,"aba102",43.5,-75
18.4,4,14.59,1980-07-30,"aba102",43.5,-75
18.7,3.32,23.76,1980-07-31,"aba102",43.5,-75
19.3,4.62,15.49,1980-08-01,"aba102",43.5,-75
20.7,4.04,18.26,1980-08-02,"aba102",43.5,-75
19.4,5.24,8.91,1980-08-03,"aba102",43.5,-75
19.9,2.72,26.18,1980-08-04,"aba102",43.5,-75
20.2,3.49,23.06,1980-08-05,"aba102",43.5,-75
21.5,4.59,15.92,1980-08-06,"aba102",43.5,-75
21.7,3.27,24.4,1980-08-07,"aba102",43.5,-75
22.7,4.47,18.01,1980-08-08,"aba102",43.5,-75
20.6,5.64,19.02,1980-08-09,"aba102",43.5,-75
16.4,3.01,23.43,1980-08-10,"aba102",43.5,-75
18.8,3.08,19.73,1980-08-11,"aba102",43.5,-75
19.3,6.11,13.42,1980-08-12,"aba102",43.5,-75
17.6,3.88,16.67,1980-08-13,"aba102",43.5,-75
17.4,4.34,14.1,1980-08-14,"aba102",43.5,-75
18.2,5.03,19.86,1980-08-15,"aba102",43.5,-75
14.2,6.48,13.29,1980-08-16,"aba102",43.5,-75
15.2,2.92,25.49,1980-08-17,"aba102",43.5,-75
16.7,4.82,19.58,1980-08-18,"aba102",43.5,-75
18.3,3.55,15.53,1980-08-19,"aba102",43.5,-75
17.6,4.12,16.55,1980-08-20,"aba102",43.5,-75
16.7,4.63,16.15,1980-08-21,"aba102",43.5,-75
17,5.08,13.38,1980-08-22,"aba102",43.5,-75
18.7,3.32,18.91,1980-08-23,"aba102",43.5,-75
19.2,3.26,18.12,1980-08-24,"aba102",43.5,-75
18.2,2.56,20.17,1980-08-25,"aba102",43.5,-75
18.1,3.03,14.67,1980-08-26,"aba102",43.5,-75
20.9,4.5,15.47,1980-08-27,"aba102",43.5,-75
17.8,2.62,7.95,1980-08-28,"aba102",43.5,-75
18.7,2.42,14.03,1980-08-29,"aba102",43.5,-75
19.9,3.23,15.74,1980-08-30,"aba102",43.5,-75
20.3,3.42,15.21,1980-08-31,"aba102",43.5,-75
21.3,3.71,12.52,1980-09-01,"aba102",43.5,-75
20,6.4,9.4,1980-09-02,"aba102",43.5,-75
16.3,5.54,14.57,1980-09-03,"aba102",43.5,-75
16,4.16,20.85,1980-09-04,"aba102",43.5,-75
18.7,4.2,9.16,1980-09-05,"aba102",43.5,-75
16.8,4.79,17.41,1980-09-06,"aba102",43.5,-75
13.9,4.36,18.57,1980-09-07,"aba102",43.5,-75
11.7,4.1,21.89,1980-09-08,"aba102",43.5,-75
13.1,4.72,16.86,1980-09-09,"aba102",43.5,-75
11.6,5.61,15.27,1980-09-10,"aba102",43.5,-75
14,7.06,19.73,1980-09-11,"aba102",43.5,-75
12.5,4.36,19.3,1980-09-12,"aba102",43.5,-75
14,4.11,11.04,1980-09-13,"aba102",43.5,-75
15.9,4.54,2.83,1980-09-14,"aba102",43.5,-75
11.3,4.75,11.25,1980-09-15,"aba102",43.5,-75
11.2,5.62,19.68,1980-09-16,"aba102",43.5,-75
14.4,7.16,7.24,1980-09-17,"aba102",43.5,-75
8.3,2.84,10.14,1980-09-18,"aba102",43.5,-75
9.8,3.88,14.35,1980-09-19,"aba102",43.5,-75
15.7,5.95,14.9,1980-09-20,"aba102",43.5,-75
19.2,4.31,9.03,1980-09-21,"aba102",43.5,-75
20,5.29,13.78,1980-09-22,"aba102",43.5,-75
14.5,5.89,11.5,1980-09-23,"aba102",43.5,-75
7.1,3.5,18.7,1980-09-24,"aba102",43.5,-75
8.6,4.89,3.13,1980-09-25,"aba102",43.5,-75
8.6,7.83,10.53,1980-09-26,"aba102",43.5,-75
4.1,5.06,15.53,1980-09-27,"aba102",43.5,-75
7.4,4.3,14.12,1980-09-28,"aba102",43.5,-75
6.7,4.2,17.65,1980-09-29,"aba102",43.5,-75
12.9,3.95,15.06,1980-09-30,"aba102",43.5,-75
13.5,3.99,16.64,1980-10-01,"aba102",43.5,-75
12.2,5.06,5.31,1980-10-02,"aba102",43.5,-75
10.2,2.86,10.46,1980-10-03,"aba102",43.5,-75
8.1,4.69,10.77,1980-10-04,"aba102",43.5,-75
5,2.97,10.5,1980-10-05,"aba102",43.5,-75
5.3,2.91,11.67,1980-10-06,"aba102",43.5,-75
6.2,2.89,9.01,1980-10-07,"aba102",43.5,-75
10.5,5.77,14.91,1980-10-08,"aba102",43.5,-75
4.4,4.81,16.35,1980-10-09,"aba102",43.5,-75
2.4,4.41,16.23,1980-10-10,"aba102",43.5,-75
9.5,5.23,5.54,1980-10-11,"aba102",43.5,-75
5.5,4.87,5.76,1980-10-12,"aba102",43.5,-75
0.9,5.72,10.3,1980-10-13,"aba102",43.5,-75
1,5.38,9.97,1980-10-14,"aba102",43.5,-75
1.4,2.84,8.48,1980-10-15,"aba102",43.5,-75
6.9,2.9,3.63,1980-10-16,"aba102",43.5,-75
14.5,5.69,12.53,1980-10-17,"aba102",43.5,-75
14,5.85,4.29,1980-10-18,"aba102",43.5,-75
7.1,6.4,9.35,1980-10-19,"aba102",43.5,-75
2.2,4.49,8.84,1980-10-20,"aba102",43.5,-75
2.5,4.9,6.36,1980-10-21,"aba102",43.5,-75
1.1,5.59,9.35,1980-10-22,"aba102",43.5,-75
-0.6,3.89,13.19,1980-10-23,"aba102",43.5,-75
0.8,5.25,13.53,1980-10-24,"aba102",43.5,-75
4.2,11.06,1.65,1980-10-25,"aba102",43.5,-75
1.5,10.61,4.17,1980-10-26,"aba102",43.5,-75
0.4,6.01,7.98,1980-10-27,"aba102",43.5,-75
-0.2,3.63,4.09,1980-10-28,"aba102",43.5,-75
-1.2,4.15,10.43,1980-10-29,"aba102",43.5,-75
-1.4,3.51,5.68,1980-10-30,"aba102",43.5,-75
2.5,6.08,7.77,1980-10-31,"aba102",43.5,-75
0.4,5.55,8.43,1980-11-01,"aba102",43.5,-75
-2.8,4.26,5.91,1980-11-02,"aba102",43.5,-75
-0.8,4.97,10.58,1980-11-03,"aba102",43.5,-75
6.3,5.97,4.22,1980-11-04,"aba102",43.5,-75
1.9,5.22,8.1,1980-11-05,"aba102",43.5,-75
-1.2,5.63,5.48,1980-11-06,"aba102",43.5,-75
5.9,4.11,7.03,1980-11-07,"aba102",43.5,-75
0.8,4.83,7.63,1980-11-08,"aba102",43.5,-75
0,5.6,3.63,1980-11-09,"aba102",43.5,-75
-0.8,8.01,4.46,1980-11-10,"aba102",43.5,-75
-3.7,8.16,4.64,1980-11-11,"aba102",43.5,-75
-3.6,6.71,4.39,1980-11-12,"aba102",43.5,-75
-0.9,3.72,5.65,1980-11-13,"aba102",43.5,-75
2,3.91,2.42,1980-11-14,"aba102",43.5,-75
-2.7,3.27,5.57,1980-11-15,"aba102",43.5,-75
-7,4.38,6.05,1980-11-16,"aba102",43.5,-75
-7.6,3.04,6.25,1980-11-17,"aba102",43.5,-75
-4.4,5.2,3.4,1980-11-18,"aba102",43.5,-75
-6,4.53,5.56,1980-11-19,"aba102",43.5,-75
-1.3,3.35,6.89,1980-11-20,"aba102",43.5,-75
-1.6,5.33,8.6,1980-11-21,"aba102",43.5,-75
-0.1,4.84,4.3,1980-11-22,"aba102",43.5,-75
-0.4,3.71,5.21,1980-11-23,"aba102",43.5,-75
2.4,3.64,0.8,1980-11-24,"aba102",43.5,-75
-0.5,5.22,1.56,1980-11-25,"aba102",43.5,-75
-6.4,5.2,8.63,1980-11-26,"aba102",43.5,-75
-5.9,4.83,4.62,1980-11-27,"aba102",43.5,-75
-0.7,7.74,1.96,1980-11-28,"aba102",43.5,-75
-1.1,6.26,5.05,1980-11-29,"aba102",43.5,-75
-1.2,5.05,5.27,1980-11-30,"aba102",43.5,-75
2.9,4.75,3.9,1980-12-01,"aba102",43.5,-75
4.3,6.01,4.81,1980-12-02,"aba102",43.5,-75
-9.1,8.81,4.23,1980-12-03,"aba102",43.5,-75
-15.6,6.02,8.46,1980-12-04,"aba102",43.5,-75
-14.9,4.07,8.29,1980-12-05,"aba102",43.5,-75
-10.4,3.72,7.54,1980-12-06,"aba102",43.5,-75
-4.7,3.11,5.97,1980-12-07,"aba102",43.5,-75
4.6,6.76,1.4,1980-12-08,"aba102",43.5,-75
-0.8,5.19,3.52,1980-12-09,"aba102",43.5,-75
-4.1,6.71,3.58,1980-12-10,"aba102",43.5,-75
-15.3,5.55,7.98,1980-12-11,"aba102",43.5,-75
-10.4,5.2,5.24,1980-12-12,"aba102",43.5,-75
-4.2,5.22,3.33,1980-12-13,"aba102",43.5,-75
-12.9,7.86,4.33,1980-12-14,"aba102",43.5,-75
-15.6,4.53,5.77,1980-12-15,"aba102",43.5,-75
-9.2,3.83,3.66,1980-12-16,"aba102",43.5,-75
-17,3.7,7.58,1980-12-17,"aba102",43.5,-75
-6.6,5.38,2.29,1980-12-18,"aba102",43.5,-75
-11.2,6.6,6.09,1980-12-19,"aba102",43.5,-75
-20.5,4.24,7.39,1980-12-20,"aba102",43.5,-75
-15.3,4.27,5.7,1980-12-21,"aba102",43.5,-75
-13.1,3.89,5,1980-12-22,"aba102",43.5,-75
-6.4,3.8,5.37,1980-12-23,"aba102",43.5,-75
-6.6,6.36,1.88,1980-12-24,"aba102",43.5,-75
-29,5.94,8.22,1980-12-25,"aba102",43.5,-75
-17.7,4.05,6.65,1980-12-26,"aba102",43.5,-75
-12.7,3.44,7.62,1980-12-27,"aba102",43.5,-75
-6.6,4.3,3.03,1980-12-28,"aba102",43.5,-75
0.7,3.4,1.82,1980-12-29,"aba102",43.5,-75
-10.1,5.35,6.3,1980-12-30,"aba102",43.5,-75
-19.6,3.34,6.31,1980-12-31,"aba102",43.5,-75
-13.5,3.56,5.13,1981-01-01,"aba102",43.5,-75
-12.5,6.4,5.65,1981-01-02,"aba102",43.5,-75
-25.6,4.3,7.96,1981-01-03,"aba102",43.5,-75
-29.7,5.32,7.82,1981-01-04,"aba102",43.5,-75
-19.7,4.83,7.38,1981-01-05,"aba102",43.5,-75
-9.9,4.41,5.11,1981-01-06,"aba102",43.5,-75
-9.4,5.7,5.83,1981-01-07,"aba102",43.5,-75
-20.2,5.59,8.29,1981-01-08,"aba102",43.5,-75
-15.9,2.91,7.12,1981-01-09,"aba102",43.5,-75
-15.6,4.9,7.86,1981-01-10,"aba102",43.5,-75
-25.4,4.41,8.73,1981-01-11,"aba102",43.5,-75
-24.8,2.55,8.56,1981-01-12,"aba102",43.5,-75
-21.6,2.62,9.38,1981-01-13,"aba102",43.5,-75
-14.9,2.14,8.08,1981-01-14,"aba102",43.5,-75
-10.1,2.89,7.71,1981-01-15,"aba102",43.5,-75
-7.5,3.1,4.19,1981-01-16,"aba102",43.5,-75
-14.7,4.31,7.39,1981-01-17,"aba102",43.5,-75
-13.1,5.1,5.27,1981-01-18,"aba102",43.5,-75
-3.6,5.1,4.28,1981-01-19,"aba102",43.5,-75
-7.5,4.55,8.67,1981-01-20,"aba102",43.5,-75
-13.9,2.48,9.66,1981-01-21,"aba102",43.5,-75
-5.7,3.93,3.37,1981-01-22,"aba102",43.5,-75
-4,3.81,4.53,1981-01-23,"aba102",43.5,-75
-6.6,3.42,5.88,1981-01-24,"aba102",43.5,-75
-8.6,3.81,9.08,1981-01-25,"aba102",43.5,-75
2.2,6.12,6.69,1981-01-26,"aba102",43.5,-75
-0.3,5.98,5.13,1981-01-27,"aba102",43.5,-75
-7,3.42,10.03,1981-01-28,"aba102",43.5,-75
-10.3,4.3,6.78,1981-01-29,"aba102",43.5,-75
-15.1,4.41,9.12,1981-01-30,"aba102",43.5,-75
-14.1,3.32,11.49,1981-01-31,"aba102",43.5,-75
-5.5,7.79,7.89,1981-02-01,"aba102",43.5,-75
-0.1,6.87,1.44,1981-02-02,"aba102",43.5,-75
-14.6,5.4,10.35,1981-02-03,"aba102",43.5,-75
-15.8,4.66,8.22,1981-02-04,"aba102",43.5,-75
-18.2,4.94,11.86,1981-02-05,"aba102",43.5,-75
-9.5,5.1,5.58,1981-02-06,"aba102",43.5,-75
-4.5,5.05,8.29,1981-02-07,"aba102",43.5,-75
-1.9,5.69,3.41,1981-02-08,"aba102",43.5,-75
-9.3,6.49,7.43,1981-02-09,"aba102",43.5,-75
-5.8,10.19,7.9,1981-02-10,"aba102",43.5,-75
4.2,10.7,1.8,1981-02-11,"aba102",43.5,-75
-15.8,7.28,12.8,1981-02-12,"aba102",43.5,-75
-14.6,2.82,13.96,1981-02-13,"aba102",43.5,-75
-7.5,3.61,11.5,1981-02-14,"aba102",43.5,-75
-4,4.1,13.08,1981-02-15,"aba102",43.5,-75
2.8,5.42,12.59,1981-02-16,"aba102",43.5,-75
5.2,5.14,4.87,1981-02-17,"aba102",43.5,-75
5.9,3.36,6.37,1981-02-18,"aba102",43.5,-75
8.3,4.7,7.9,1981-02-19,"aba102",43.5,-75
9.3,6.21,1.9,1981-02-20,"aba102",43.5,-75
9.1,4.59,5.13,1981-02-21,"aba102",43.5,-75
9,5.9,8.7,1981-02-22,"aba102",43.5,-75
5.9,7.74,7.59,1981-02-23,"aba102",43.5,-75
5.1,6.97,4.26,1981-02-24,"aba102",43.5,-75
1,5.5,4.48,1981-02-25,"aba102",43.5,-75
0.9,6.04,5.95,1981-02-26,"aba102",43.5,-75
-1.2,5.19,15.7,1981-02-27,"aba102",43.5,-75
-0.8,5.31,3.68,1981-02-28,"aba102",43.5,-75
-0.1,6.12,6.22,1981-03-01,"aba102",43.5,-75
-1.6,6.02,9.79,1981-03-02,"aba102",43.5,-75
-8.6,5.75,14.01,1981-03-03,"aba102",43.5,-75
-7,3.1,11.02,1981-03-04,"aba102",43.5,-75
-2.3,3.98,15.91,1981-03-05,"aba102",43.5,-75
-5.1,5,10.83,1981-03-06,"aba102",43.5,-75
-1.6,4.37,6.6,1981-03-07,"aba102",43.5,-75
0.4,2.83,8.53,1981-03-08,"aba102",43.5,-75
-0.3,4.74,8.1,1981-03-09,"aba102",43.5,-75
-1.1,4.97,11.96,1981-03-10,"aba102",43.5,-75
-2.2,4.4,9.85,1981-03-11,"aba102",43.5,-75
-3.5,4.48,9.73,1981-03-12,"aba102",43.5,-75
-1,5.46,14.47,1981-03-13,"aba102",43.5,-75
-8.6,8.63,17.43,1981-03-14,"aba102",43.5,-75
-0.2,5.45,18.83,1981-03-15,"aba102",43.5,-75
-4.8,5.19,16.19,1981-03-16,"aba102",43.5,-75
-10.6,7.4,14.63,1981-03-17,"aba102",43.5,-75
-12,5.99,18.83,1981-03-18,"aba102",43.5,-75
-12.4,3.24,15.53,1981-03-19,"aba102",43.5,-75
-9.1,2.46,15.42,1981-03-20,"aba102",43.5,-75
-4.2,5.17,11.4,1981-03-21,"aba102",43.5,-75
-1.9,2.68,18.8,1981-03-22,"aba102",43.5,-75
-1.1,3.32,17.74,1981-03-23,"aba102",43.5,-75
0.3,4.1,15.08,1981-03-24,"aba102",43.5,-75
1.2,2.86,16.61,1981-03-25,"aba102",43.5,-75
2.3,4.24,19.78,1981-03-26,"aba102",43.5,-75
3.8,6.37,11.12,1981-03-27,"aba102",43.5,-75
2.2,4.12,20.57,1981-03-28,"aba102",43.5,-75
12.9,7.96,20.08,1981-03-29,"aba102",43.5,-75
12,6.04,6.19,1981-03-30,"aba102",43.5,-75
7,7.74,4.69,1981-03-31,"aba102",43.5,-75
10.1,8.1,18.44,1981-04-01,"aba102",43.5,-75
5.2,7.98,8.19,1981-04-02,"aba102",43.5,-75
11.6,5.95,21.03,1981-04-03,"aba102",43.5,-75
17.2,6.22,12.7,1981-04-04,"aba102",43.5,-75
10.7,6.32,4.63,1981-04-05,"aba102",43.5,-75
0.1,8.22,11.26,1981-04-06,"aba102",43.5,-75
4.8,5.02,24.22,1981-04-07,"aba102",43.5,-75
12.3,5.8,22.91,1981-04-08,"aba102",43.5,-75
10.8,6.59,7.48,1981-04-09,"aba102",43.5,-75
7.7,5.02,24.34,1981-04-10,"aba102",43.5,-75
9.7,5.32,3.78,1981-04-11,"aba102",43.5,-75
6,4.63,19.76,1981-04-12,"aba102",43.5,-75
6.9,4.93,23.75,1981-04-13,"aba102",43.5,-75
4.5,8.65,3.12,1981-04-14,"aba102",43.5,-75
-2.1,6.84,21.91,1981-04-15,"aba102",43.5,-75
3.5,6.03,24.56,1981-04-16,"aba102",43.5,-75
8.2,4.64,5.93,1981-04-17,"aba102",43.5,-75
8.9,7.02,11.27,1981-04-18,"aba102",43.5,-75
3.1,5.3,23.5,1981-04-19,"aba102",43.5,-75
0.2,6.75,19.24,1981-04-20,"aba102",43.5,-75
-3.1,5.68,26.32,1981-04-21,"aba102",43.5,-75
1.4,2.97,26.25,1981-04-22,"aba102",43.5,-75
2.3,5.33,3.81,1981-04-23,"aba102",43.5,-75
5.4,3.48,11.64,1981-04-24,"aba102",43.5,-75
2.6,5.41,8.65,1981-04-25,"aba102",43.5,-75
5.8,5.63,17.39,1981-04-26,"aba102",43.5,-75
8.8,5.24,18.3,1981-04-27,"aba102",43.5,-75
9.9,4.19,16.93,1981-04-28,"aba102",43.5,-75
10.6,7.16,8.46,1981-04-29,"aba102",43.5,-75
9.1,4.12,18.94,1981-04-30,"aba102",43.5,-75
7.9,3.37,21,1981-05-01,"aba102",43.5,-75
7.5,4.33,16.84,1981-05-02,"aba102",43.5,-75
8.9,3.34,28.26,1981-05-03,"aba102",43.5,-75
13.8,2.92,27.72,1981-05-04,"aba102",43.5,-75
17,3.77,26.65,1981-05-05,"aba102",43.5,-75
9.1,5.57,6.26,1981-05-06,"aba102",43.5,-75
4.9,5.45,29.2,1981-05-07,"aba102",43.5,-75
10.1,4.33,28.79,1981-05-08,"aba102",43.5,-75
12.1,4.23,22.95,1981-05-09,"aba102",43.5,-75
14.8,4.92,22.85,1981-05-10,"aba102",43.5,-75
14,6.66,6.12,1981-05-11,"aba102",43.5,-75
10.7,5.75,3.93,1981-05-12,"aba102",43.5,-75
6.6,6.91,19.71,1981-05-13,"aba102",43.5,-75
10.4,4.83,28.79,1981-05-14,"aba102",43.5,-75
15.9,6.22,21.51,1981-05-15,"aba102",43.5,-75
9.6,5.88,7.91,1981-05-16,"aba102",43.5,-75
5,5.15,29.97,1981-05-17,"aba102",43.5,-75
4.6,6.17,28.36,1981-05-18,"aba102",43.5,-75
8,4.72,29.96,1981-05-19,"aba102",43.5,-75
10.6,3.74,30.41,1981-05-20,"aba102",43.5,-75
14.3,4.46,28.93,1981-05-21,"aba102",43.5,-75
15.7,4.4,27.34,1981-05-22,"aba102",43.5,-75
14.4,5.04,30.61,1981-05-23,"aba102",43.5,-75
16.7,4.47,28.33,1981-05-24,"aba102",43.5,-75
19.7,5.35,19.44,1981-05-25,"aba102",43.5,-75
19,4.37,23.32,1981-05-26,"aba102",43.5,-75
19.7,3.02,21.65,1981-05-27,"aba102",43.5,-75
19.8,4.44,18.45,1981-05-28,"aba102",43.5,-75
18.2,3.2,11.97,1981-05-29,"aba102",43.5,-75
17.4,4.07,14.84,1981-05-30,"aba102",43.5,-75
14.5,4.78,19.24,1981-05-31,"aba102",43.5,-75
12.7,2.37,30.64,1981-06-01,"aba102",43.5,-75
14.6,4.13,20.52,1981-06-02,"aba102",43.5,-75
15,5,9.3,1981-06-03,"aba102",43.5,-75
17.7,5.4,15.42,1981-06-04,"aba102",43.5,-75
18.9,4.33,24.72,1981-06-05,"aba102",43.5,-75
18.3,6.7,17.9,1981-06-06,"aba102",43.5,-75
12.6,5.28,18.83,1981-06-07,"aba102",43.5,-75
14.5,4.26,27.88,1981-06-08,"aba102",43.5,-75
17.2,8.27,20.37,1981-06-09,"aba102",43.5,-75
14.3,3.97,22.68,1981-06-10,"aba102",43.5,-75
14.6,6.08,22.79,1981-06-11,"aba102",43.5,-75
14.4,3.64,21.03,1981-06-12,"aba102",43.5,-75
15.8,2.36,21.03,1981-06-13,"aba102",43.5,-75
15.9,4.74,8.65,1981-06-14,"aba102",43.5,-75
19.9,4,11.66,1981-06-15,"aba102",43.5,-75
23.8,4.85,23.08,1981-06-16,"aba102",43.5,-75
17.4,5.35,21.18,1981-06-17,"aba102",43.5,-75
17.2,3.71,30.19,1981-06-18,"aba102",43.5,-75
20,4.03,25.81,1981-06-19,"aba102",43.5,-75
17.3,2.39,11.18,1981-06-20,"aba102",43.5,-75
16,3.23,12.51,1981-06-21,"aba102",43.5,-75
16.8,8.86,9.03,1981-06-22,"aba102",43.5,-75
14.4,6.48,20.15,1981-06-23,"aba102",43.5,-75
14.3,3.89,24.82,1981-06-24,"aba102",43.5,-75
17.2,4.74,8.41,1981-06-25,"aba102",43.5,-75
10.8,6.01,4.77,1981-06-26,"aba102",43.5,-75
14.5,3.72,28.24,1981-06-27,"aba102",43.5,-75
16.6,2.6,30.52,1981-06-28,"aba102",43.5,-75
18.4,3.83,23.55,1981-06-29,"aba102",43.5,-75
21.6,3.98,26.9,1981-06-30,"aba102",43.5,-75
20.5,4.33,21.76,1981-07-01,"aba102",43.5,-75
20.7,5.94,12.67,1981-07-02,"aba102",43.5,-75
20.3,4.39,17.72,1981-07-03,"aba102",43.5,-75
20.3,3.92,17.14,1981-07-04,"aba102",43.5,-75
20,2.91,20.41,1981-07-05,"aba102",43.5,-75
20.4,3.9,19.56,1981-07-06,"aba102",43.5,-75
21.8,4.38,24.21,1981-07-07,"aba102",43.5,-75
24,6.55,28.86,1981-07-08,"aba102",43.5,-75
23.8,6.2,22.07,1981-07-09,"aba102",43.5,-75
21.6,4.25,26.45,1981-07-10,"aba102",43.5,-75
20.6,5.26,25.66,1981-07-11,"aba102",43.5,-75
21,3.72,25.25,1981-07-12,"aba102",43.5,-75
20.7,5.02,20.82,1981-07-13,"aba102",43.5,-75
15.9,6.24,16.85,1981-07-14,"aba102",43.5,-75
17.7,5.19,22.95,1981-07-15,"aba102",43.5,-75
17.8,3.36,21.72,1981-07-16,"aba102",43.5,-75
18.4,2.43,20.72,1981-07-17,"aba102",43.5,-75
18.1,2.96,20.48,1981-07-18,"aba102",43.5,-75
18.7,2.66,21.2,1981-07-19,"aba102",43.5,-75
19,5.23,8.62,1981-07-20,"aba102",43.5,-75
19.8,3.73,12.88,1981-07-21,"aba102",43.5,-75
15.4,3.62,15.27,1981-07-22,"aba102",43.5,-75
13.9,3.26,28.61,1981-07-23,"aba102",43.5,-75
15.2,3.62,26.14,1981-07-24,"aba102",43.5,-75
18.3,4.46,22.01,1981-07-25,"aba102",43.5,-75
19.2,4.97,13.55,1981-07-26,"aba102",43.5,-75
18,4.88,27.19,1981-07-27,"aba102",43.5,-75
13.6,6.01,7.24,1981-07-28,"aba102",43.5,-75
13.7,4.3,6.43,1981-07-29,"aba102",43.5,-75
15.4,3.58,25.55,1981-07-30,"aba102",43.5,-75
17.5,2.82,27,1981-07-31,"aba102",43.5,-75
18.5,2.44,22.97,1981-08-01,"aba102",43.5,-75
19.5,3.26,22.5,1981-08-02,"aba102",43.5,-75
19.7,3.18,16.55,1981-08-03,"aba102",43.5,-75
19.4,2.21,19.9,1981-08-04,"aba102",43.5,-75
18,5.52,9.74,1981-08-05,"aba102",43.5,-75
17.8,3.9,21.59,1981-08-06,"aba102",43.5,-75
17.1,2.81,19.57,1981-08-07,"aba102",43.5,-75
17.2,4.88,11.24,1981-08-08,"aba102",43.5,-75
19.2,3.98,17,1981-08-09,"aba102",43.5,-75
20,3.69,19.94,1981-08-10,"aba102",43.5,-75
19.4,3.74,17.24,1981-08-11,"aba102",43.5,-75
17.6,4.11,20.51,1981-08-12,"aba102",43.5,-75
16.7,3.83,16.36,1981-08-13,"aba102",43.5,-75
16.6,2.58,25.25,1981-08-14,"aba102",43.5,-75
17.6,3.61,5.45,1981-08-15,"aba102",43.5,-75
15.4,4.69,9.01,1981-08-16,"aba102",43.5,-75
12.2,6.6,15.78,1981-08-17,"aba102",43.5,-75
13.5,3.45,25.78,1981-08-18,"aba102",43.5,-75
15.2,2.82,23.58,1981-08-19,"aba102",43.5,-75
16.3,3.34,21.71,1981-08-20,"aba102",43.5,-75
17,2.69,19.96,1981-08-21,"aba102",43.5,-75
17,2.56,13.18,1981-08-22,"aba102",43.5,-75
17.5,3.3,22.15,1981-08-23,"aba102",43.5,-75
15.3,3.76,7.28,1981-08-24,"aba102",43.5,-75
15.6,2.94,17.1,1981-08-25,"aba102",43.5,-75
13.6,2.21,23.67,1981-08-26,"aba102",43.5,-75
14.2,2.41,13.5,1981-08-27,"aba102",43.5,-75
15.8,3.36,19.96,1981-08-28,"aba102",43.5,-75
17.4,4.77,10.81,1981-08-29,"aba102",43.5,-75
18.7,4.61,13.31,1981-08-30,"aba102",43.5,-75
18.3,4.26,6.84,1981-08-31,"aba102",43.5,-75
18.6,5.01,11.5,1981-09-01,"aba102",43.5,-75
17.4,4.81,9.43,1981-09-02,"aba102",43.5,-75
15.3,4.53,2.37,1981-09-03,"aba102",43.5,-75
15.6,3.96,9.33,1981-09-04,"aba102",43.5,-75
14.2,4,4.02,1981-09-05,"aba102",43.5,-75
16.5,3,11.69,1981-09-06,"aba102",43.5,-75
17.1,3.62,10.44,1981-09-07,"aba102",43.5,-75
17,6.52,5.91,1981-09-08,"aba102",43.5,-75
9.8,4.88,12.34,1981-09-09,"aba102",43.5,-75
10.6,5.74,14.56,1981-09-10,"aba102",43.5,-75
12.9,3.41,9.27,1981-09-11,"aba102",43.5,-75
15,4.81,8.99,1981-09-12,"aba102",43.5,-75
15.5,5.91,18.09,1981-09-13,"aba102",43.5,-75
16.1,4.33,4.51,1981-09-14,"aba102",43.5,-75
13.9,2.72,14.9,1981-09-15,"aba102",43.5,-75
12.6,2.92,12.55,1981-09-16,"aba102",43.5,-75
10.3,3.47,5.45,1981-09-17,"aba102",43.5,-75
11.8,2.83,11.99,1981-09-18,"aba102",43.5,-75
10.5,4.7,13.02,1981-09-19,"aba102",43.5,-75
8.4,5.81,13.18,1981-09-20,"aba102",43.5,-75
7.5,3.53,11.26,1981-09-21,"aba102",43.5,-75
8.2,4.59,1.29,1981-09-22,"aba102",43.5,-75
6,6.79,3.94,1981-09-23,"aba102",43.5,-75
6.2,6.49,2.42,1981-09-24,"aba102",43.5,-75
9.8,3.83,15.98,1981-09-25,"aba102",43.5,-75
10.8,4.64,7.15,1981-09-26,"aba102",43.5,-75
14.7,5.73,7.59,1981-09-27,"aba102",43.5,-75
7,6.48,9.55,1981-09-28,"aba102",43.5,-75
4.3,6.46,13.71,1981-09-29,"aba102",43.5,-75
2.1,5.45,16.02,1981-09-30,"aba102",43.5,-75
1.3,4.47,1.85,1981-10-01,"aba102",43.5,-75
5.5,4.84,10.04,1981-10-02,"aba102",43.5,-75
4.5,6.17,6.75,1981-10-03,"aba102",43.5,-75
5.6,5.39,9.42,1981-10-04,"aba102",43.5,-75
7,2.61,2.37,1981-10-05,"aba102",43.5,-75
7.5,6.96,2.47,1981-10-06,"aba102",43.5,-75
5,7.49,3.33,1981-10-07,"aba102",43.5,-75
5.2,7.52,8.55,1981-10-08,"aba102",43.5,-75
3.6,4.44,7.89,1981-10-09,"aba102",43.5,-75
2.6,2.77,10.4,1981-10-10,"aba102",43.5,-75
2.4,3.13,15.67,1981-10-11,"aba102",43.5,-75
2.4,3.11,15.57,1981-10-12,"aba102",43.5,-75
3.3,2.14,15.47,1981-10-13,"aba102",43.5,-75
6.1,3.62,15.54,1981-10-14,"aba102",43.5,-75
8.6,3.75,9.15,1981-10-15,"aba102",43.5,-75
7.7,5.08,3.15,1981-10-16,"aba102",43.5,-75
3.2,4.03,14.66,1981-10-17,"aba102",43.5,-75
6.5,6.98,1.95,1981-10-18,"aba102",43.5,-75
1.6,6.05,6.64,1981-10-19,"aba102",43.5,-75
4.3,5.25,13.58,1981-10-20,"aba102",43.5,-75
7.6,4.74,3.86,1981-10-21,"aba102",43.5,-75
7.2,4.27,6.09,1981-10-22,"aba102",43.5,-75
5.8,4.54,0.82,1981-10-23,"aba102",43.5,-75
-0.2,4.4,11.95,1981-10-24,"aba102",43.5,-75
2,5.03,12.9,1981-10-25,"aba102",43.5,-75
7.2,5.36,1.21,1981-10-26,"aba102",43.5,-75
11.8,4.83,0.86,1981-10-27,"aba102",43.5,-75
7.6,6.07,3.02,1981-10-28,"aba102",43.5,-75
2.8,3.49,9.51,1981-10-29,"aba102",43.5,-75
3,3.72,12.32,1981-10-30,"aba102",43.5,-75
3.3,4.06,10.92,1981-10-31,"aba102",43.5,-75
6.3,3.86,6.56,1981-11-01,"aba102",43.5,-75
7.6,5.25,7.62,1981-11-02,"aba102",43.5,-75
3.2,4.7,11.54,1981-11-03,"aba102",43.5,-75
3.4,3.44,10.75,1981-11-04,"aba102",43.5,-75
5.7,4.07,10.59,1981-11-05,"aba102",43.5,-75
7,5.65,4.78,1981-11-06,"aba102",43.5,-75
-2,6.45,2.73,1981-11-07,"aba102",43.5,-75
0.4,4.92,10.44,1981-11-08,"aba102",43.5,-75
0.6,4.55,2.32,1981-11-09,"aba102",43.5,-75
-3.3,4.33,11.05,1981-11-10,"aba102",43.5,-75
1,4.87,3.4,1981-11-11,"aba102",43.5,-75
-4.7,4.18,10.32,1981-11-12,"aba102",43.5,-75
-3,2.64,10.13,1981-11-13,"aba102",43.5,-75
2.5,3.76,9.06,1981-11-14,"aba102",43.5,-75
5.9,4.06,3.43,1981-11-15,"aba102",43.5,-75
7.5,3.26,2.49,1981-11-16,"aba102",43.5,-75
5,1.72,2.1,1981-11-17,"aba102",43.5,-75
3.5,5.49,1.34,1981-11-18,"aba102",43.5,-75
2.1,5.19,3.69,1981-11-19,"aba102",43.5,-75
3.1,6.44,1.6,1981-11-20,"aba102",43.5,-75
0.4,6.4,2.72,1981-11-21,"aba102",43.5,-75
-2.6,5.48,3.75,1981-11-22,"aba102",43.5,-75
-4.8,4.08,6.47,1981-11-23,"aba102",43.5,-75
-6.3,2.5,6.69,1981-11-24,"aba102",43.5,-75
-7.7,3.81,6.07,1981-11-25,"aba102",43.5,-75
-3.8,5.09,7.24,1981-11-26,"aba102",43.5,-75
1.5,6.21,1.34,1981-11-27,"aba102",43.5,-75
-0.6,7.23,5.02,1981-11-28,"aba102",43.5,-75
-4.3,6.44,4.32,1981-11-29,"aba102",43.5,-75
-7.1,4.14,5.86,1981-11-30,"aba102",43.5,-75
-6.3,5.84,2.5,1981-12-01,"aba102",43.5,-75
2.5,5.67,4.31,1981-12-02,"aba102",43.5,-75
0.2,3.37,3.85,1981-12-03,"aba102",43.5,-75
-3,2.62,6.21,1981-12-04,"aba102",43.5,-75
-4.4,4.65,5.35,1981-12-05,"aba102",43.5,-75
-7.1,7.51,4.01,1981-12-06,"aba102",43.5,-75
-5.9,5.52,6.81,1981-12-07,"aba102",43.5,-75
-2.9,4.7,2.16,1981-12-08,"aba102",43.5,-75
-7.8,6.01,2.87,1981-12-09,"aba102",43.5,-75
-9.2,5.48,4.25,1981-12-10,"aba102",43.5,-75
-5.9,3.44,5.02,1981-12-11,"aba102",43.5,-75
-4.8,3.45,5.87,1981-12-12,"aba102",43.5,-75
-5.5,2.34,4,1981-12-13,"aba102",43.5,-75
-3.8,3.82,3.74,1981-12-14,"aba102",43.5,-75
-2.9,3.32,3.09,1981-12-15,"aba102",43.5,-75
-3.8,8.1,4.37,1981-12-16,"aba102",43.5,-75
-7.4,4.62,4.93,1981-12-17,"aba102",43.5,-75
-8.8,3.24,4.01,1981-12-18,"aba102",43.5,-75
-14.4,5,5.31,1981-12-19,"aba102",43.5,-75
-15.1,4.27,6.13,1981-12-20,"aba102",43.5,-75
-9.1,4.54,7.34,1981-12-21,"aba102",43.5,-75
-3.6,4.33,2.75,1981-12-22,"aba102",43.5,-75
-0.3,8.06,1.47,1981-12-23,"aba102",43.5,-75
-1.3,4.78,5.45,1981-12-24,"aba102",43.5,-75
-4,4.83,4.21,1981-12-25,"aba102",43.5,-75
-4.8,3.57,3.92,1981-12-26,"aba102",43.5,-75
-4.9,6.35,3.19,1981-12-27,"aba102",43.5,-75
-1.7,4.35,4.38,1981-12-28,"aba102",43.5,-75
-3.7,6.16,6.1,1981-12-29,"aba102",43.5,-75
-8,3.05,6.44,1981-12-30,"aba102",43.5,-75
-6.8,5.74,5.52,1981-12-31,"aba102",43.5,-75
-1.3,7.32,1.72,1982-01-01,"aba102",43.5,-75
-12.1,5.83,8.39,1982-01-02,"aba102",43.5,-75
-8.1,5.19,3.06,1982-01-03,"aba102",43.5,-75
0,8.84,1.28,1982-01-04,"aba102",43.5,-75
-6.7,8.54,4.1,1982-01-05,"aba102",43.5,-75
-5.3,4.33,3.71,1982-01-06,"aba102",43.5,-75
-5.2,4.25,5.71,1982-01-07,"aba102",43.5,-75
-14,4.6,7.26,1982-01-08,"aba102",43.5,-75
-13.3,5.41,5.29,1982-01-09,"aba102",43.5,-75
-22.6,6.44,7.42,1982-01-10,"aba102",43.5,-75
-21.8,6.53,5.38,1982-01-11,"aba102",43.5,-75
-25.8,2.79,9.2,1982-01-12,"aba102",43.5,-75
-18.1,3.85,4.41,1982-01-13,"aba102",43.5,-75
-11,3.29,6.56,1982-01-14,"aba102",43.5,-75
-14,5.12,7.65,1982-01-15,"aba102",43.5,-75
-12.5,7.24,2.76,1982-01-16,"aba102",43.5,-75
-23.2,6.23,7.31,1982-01-17,"aba102",43.5,-75
-21.1,3.32,9.05,1982-01-18,"aba102",43.5,-75
-16.8,4.08,9.75,1982-01-19,"aba102",43.5,-75
-10.1,5.11,4.83,1982-01-20,"aba102",43.5,-75
-17,3.83,7,1982-01-21,"aba102",43.5,-75
-19.9,4.18,10.39,1982-01-22,"aba102",43.5,-75
-11.4,8.91,1.05,1982-01-23,"aba102",43.5,-75
-11.8,7.55,6.89,1982-01-24,"aba102",43.5,-75
-18.6,6.06,9.54,1982-01-25,"aba102",43.5,-75
-20.2,3.89,10.17,1982-01-26,"aba102",43.5,-75
-18.4,4.55,10.92,1982-01-27,"aba102",43.5,-75
-7,7.59,4.19,1982-01-28,"aba102",43.5,-75
-8,7.5,9.75,1982-01-29,"aba102",43.5,-75
-5.4,6.22,1.48,1982-01-30,"aba102",43.5,-75
-5.6,8.72,2.25,1982-01-31,"aba102",43.5,-75
-6.7,8.91,6.03,1982-02-01,"aba102",43.5,-75
-9.3,5.52,10.38,1982-02-02,"aba102",43.5,-75
-0.9,4.8,0.89,1982-02-03,"aba102",43.5,-75
-5.3,5.25,7.02,1982-02-04,"aba102",43.5,-75
-11.2,4.33,6.45,1982-02-05,"aba102",43.5,-75
-9.1,5.93,7.38,1982-02-06,"aba102",43.5,-75
-11,6.17,11.86,1982-02-07,"aba102",43.5,-75
-7.2,5.9,7.32,1982-02-08,"aba102",43.5,-75
-6.8,3.72,2.52,1982-02-09,"aba102",43.5,-75
-12.1,5.06,10.3,1982-02-10,"aba102",43.5,-75
-14.2,3.81,11.46,1982-02-11,"aba102",43.5,-75
-10.3,4.52,7.88,1982-02-12,"aba102",43.5,-75
-9.5,4.02,7.21,1982-02-13,"aba102",43.5,-75
-9.4,3.45,8.99,1982-02-14,"aba102",43.5,-75
-0.8,5.24,10.2,1982-02-15,"aba102",43.5,-75
0.2,5.01,11.04,1982-02-16,"aba102",43.5,-75
-7,3.86,11.56,1982-02-17,"aba102",43.5,-75
-6.1,4.89,14.4,1982-02-18,"aba102",43.5,-75
-4,4.8,3.74,1982-02-19,"aba102",43.5,-75
-1.2,3.48,6.6,1982-02-20,"aba102",43.5,-75
-0.1,4.7,10.33,1982-02-21,"aba102",43.5,-75
-3.5,4.6,11.24,1982-02-22,"aba102",43.5,-75
-4.5,5.64,4.59,1982-02-23,"aba102",43.5,-75
-10.3,5.59,7.25,1982-02-24,"aba102",43.5,-75
-14.7,6.53,16.06,1982-02-25,"aba102",43.5,-75
-12.4,5.1,16.34,1982-02-26,"aba102",43.5,-75
-7.5,4.54,13.17,1982-02-27,"aba102",43.5,-75
-10.9,3.23,16.97,1982-02-28,"aba102",43.5,-75
-9,6.16,11.22,1982-03-01,"aba102",43.5,-75
-7.1,5.71,10.75,1982-03-02,"aba102",43.5,-75
-13.7,4.35,17.41,1982-03-03,"aba102",43.5,-75
-13,6.34,9.41,1982-03-04,"aba102",43.5,-75
-3.8,7.37,8.11,1982-03-05,"aba102",43.5,-75
-5.3,4.11,14.75,1982-03-06,"aba102",43.5,-75
-2.5,4.81,2.6,1982-03-07,"aba102",43.5,-75
-10.3,6.05,11.31,1982-03-08,"aba102",43.5,-75
-11.6,5.42,5.91,1982-03-09,"aba102",43.5,-75
-5.2,5.16,14.7,1982-03-10,"aba102",43.5,-75
2.6,5.32,12.85,1982-03-11,"aba102",43.5,-75
2.6,2.88,8.55,1982-03-12,"aba102",43.5,-75
2.9,7.02,4.55,1982-03-13,"aba102",43.5,-75
-0.2,9.98,15.42,1982-03-14,"aba102",43.5,-75
-3.4,3.94,18.9,1982-03-15,"aba102",43.5,-75
-2.6,5.44,16.13,1982-03-16,"aba102",43.5,-75
-0.4,5.44,5.6,1982-03-17,"aba102",43.5,-75
0.2,2.5,19.76,1982-03-18,"aba102",43.5,-75
1,3.52,9.67,1982-03-19,"aba102",43.5,-75
0.3,2.83,19.43,1982-03-20,"aba102",43.5,-75
1.2,5.77,4.51,1982-03-21,"aba102",43.5,-75
-0.1,6.31,14.7,1982-03-22,"aba102",43.5,-75
-1.7,3.96,13.2,1982-03-23,"aba102",43.5,-75
0.6,5.6,16.56,1982-03-24,"aba102",43.5,-75
4.1,5.62,17.84,1982-03-25,"aba102",43.5,-75
-0.7,6.82,11.42,1982-03-26,"aba102",43.5,-75
-10.7,8.48,18.59,1982-03-27,"aba102",43.5,-75
-9.7,5.99,22.75,1982-03-28,"aba102",43.5,-75
-2.8,3.79,22.51,1982-03-29,"aba102",43.5,-75
3.3,5.06,21.89,1982-03-30,"aba102",43.5,-75
7.5,7.08,12.09,1982-03-31,"aba102",43.5,-75
1.3,8.45,19.22,1982-04-01,"aba102",43.5,-75
-3.1,5.66,23.7,1982-04-02,"aba102",43.5,-75
0.8,8.78,7.35,1982-04-03,"aba102",43.5,-75
-5.9,9.14,15.61,1982-04-04,"aba102",43.5,-75
-9.7,6.94,23.7,1982-04-05,"aba102",43.5,-75
-9.8,7.1,6.94,1982-04-06,"aba102",43.5,-75
-10.5,9.77,19.59,1982-04-07,"aba102",43.5,-75
-5.8,8.64,24.86,1982-04-08,"aba102",43.5,-75
-2.3,4.72,25.24,1982-04-09,"aba102",43.5,-75
-0.6,7.86,22.85,1982-04-10,"aba102",43.5,-75
-0.6,4.47,18.26,1982-04-11,"aba102",43.5,-75
0.3,4.61,16.87,1982-04-12,"aba102",43.5,-75
2.9,7.52,6.89,1982-04-13,"aba102",43.5,-75
2.3,6.25,24.23,1982-04-14,"aba102",43.5,-75
4.6,4.2,26.03,1982-04-15,"aba102",43.5,-75
11.9,4.4,24.42,1982-04-16,"aba102",43.5,-75
15.3,7.22,12.33,1982-04-17,"aba102",43.5,-75
2.2,9.6,14.17,1982-04-18,"aba102",43.5,-75
7.2,5.47,25.75,1982-04-19,"aba102",43.5,-75
12.3,6.17,18.53,1982-04-20,"aba102",43.5,-75
3,8.01,16.82,1982-04-21,"aba102",43.5,-75
-0.9,5.7,10.88,1982-04-22,"aba102",43.5,-75
5.6,7.36,25.25,1982-04-23,"aba102",43.5,-75
11.4,5.35,26.07,1982-04-24,"aba102",43.5,-75
13.8,4.56,26.86,1982-04-25,"aba102",43.5,-75
12.8,5.48,10.7,1982-04-26,"aba102",43.5,-75
9.7,5.43,15.88,1982-04-27,"aba102",43.5,-75
6.1,5.77,26.45,1982-04-28,"aba102",43.5,-75
7.7,6.2,25.5,1982-04-29,"aba102",43.5,-75
11,6.72,25.24,1982-04-30,"aba102",43.5,-75
11.1,5.91,25.41,1982-05-01,"aba102",43.5,-75
9.4,4.71,26.74,1982-05-02,"aba102",43.5,-75
10.5,4.28,24.52,1982-05-03,"aba102",43.5,-75
10.2,4.74,19.86,1982-05-04,"aba102",43.5,-75
11.2,2.92,28.17,1982-05-05,"aba102",43.5,-75
13.4,2.28,13.19,1982-05-06,"aba102",43.5,-75
19.9,4.2,22.99,1982-05-07,"aba102",43.5,-75
15.6,3.45,15.13,1982-05-08,"aba102",43.5,-75
10.6,6.13,6.21,1982-05-09,"aba102",43.5,-75
10.8,5.8,29.26,1982-05-10,"aba102",43.5,-75
12.1,3.44,29.16,1982-05-11,"aba102",43.5,-75
13.4,2.75,18.77,1982-05-12,"aba102",43.5,-75
14.7,4.21,20.11,1982-05-13,"aba102",43.5,-75
12.8,4.01,28.63,1982-05-14,"aba102",43.5,-75
14.2,3.76,28.17,1982-05-15,"aba102",43.5,-75
15.1,3.55,16.23,1982-05-16,"aba102",43.5,-75
17.3,4.04,26.98,1982-05-17,"aba102",43.5,-75
16.8,3.26,28.18,1982-05-18,"aba102",43.5,-75
17.5,4.83,19.71,1982-05-19,"aba102",43.5,-75
15.7,5.63,13.73,1982-05-20,"aba102",43.5,-75
13.3,3.21,27.73,1982-05-21,"aba102",43.5,-75
11.8,3.71,19.54,1982-05-22,"aba102",43.5,-75
8.2,6.24,4.71,1982-05-23,"aba102",43.5,-75
8.4,4.96,4.41,1982-05-24,"aba102",43.5,-75
12.9,2.98,10.47,1982-05-25,"aba102",43.5,-75
15.2,3,28.09,1982-05-26,"aba102",43.5,-75
18.5,3.4,21.44,1982-05-27,"aba102",43.5,-75
18.4,4.88,12.9,1982-05-28,"aba102",43.5,-75
16,4.02,8.75,1982-05-29,"aba102",43.5,-75
18.6,3.22,17.47,1982-05-30,"aba102",43.5,-75
17.3,3.91,6.1,1982-05-31,"aba102",43.5,-75
18.5,5.66,19.54,1982-06-01,"aba102",43.5,-75
13.6,6.36,23.34,1982-06-02,"aba102",43.5,-75
11.2,2.56,21.51,1982-06-03,"aba102",43.5,-75
12.1,4.49,10.21,1982-06-04,"aba102",43.5,-75
12.6,6.56,3.69,1982-06-05,"aba102",43.5,-75
12.1,6.89,6.84,1982-06-06,"aba102",43.5,-75
14.5,4.03,8.05,1982-06-07,"aba102",43.5,-75
15.7,2.98,22.76,1982-06-08,"aba102",43.5,-75
16.9,3.54,29.21,1982-06-09,"aba102",43.5,-75
18,4.97,27.78,1982-06-10,"aba102",43.5,-75
14.7,4.47,13.6,1982-06-11,"aba102",43.5,-75
13.9,3.76,19.65,1982-06-12,"aba102",43.5,-75
11.1,5.31,6.02,1982-06-13,"aba102",43.5,-75
13.4,4.66,20.76,1982-06-14,"aba102",43.5,-75
16.6,5.28,20.97,1982-06-15,"aba102",43.5,-75
16.7,6.02,12.81,1982-06-16,"aba102",43.5,-75
15.8,4.03,17.09,1982-06-17,"aba102",43.5,-75
15.7,3.2,21.87,1982-06-18,"aba102",43.5,-75
17.4,6.01,20.99,1982-06-19,"aba102",43.5,-75
12.1,5.89,20.06,1982-06-20,"aba102",43.5,-75
12.4,6.14,15.93,1982-06-21,"aba102",43.5,-75
13.2,3,20.79,1982-06-22,"aba102",43.5,-75
12.1,4.75,14.72,1982-06-23,"aba102",43.5,-75
13.3,5.03,23.09,1982-06-24,"aba102",43.5,-75
14.7,5.9,20.72,1982-06-25,"aba102",43.5,-75
15.4,2.64,9.12,1982-06-26,"aba102",43.5,-75
15.5,2.66,26.01,1982-06-27,"aba102",43.5,-75
19.1,3.18,25.2,1982-06-28,"aba102",43.5,-75
17.2,3.32,3.77,1982-06-29,"aba102",43.5,-75
16.4,5.95,25.06,1982-06-30,"aba102",43.5,-75
12.4,5.86,25.9,1982-07-01,"aba102",43.5,-75
14.3,6.73,24.18,1982-07-02,"aba102",43.5,-75
14.9,3.63,20.4,1982-07-03,"aba102",43.5,-75
13.4,3.47,27.68,1982-07-04,"aba102",43.5,-75
15.8,2.55,29.8,1982-07-05,"aba102",43.5,-75
20.4,4.12,25.15,1982-07-06,"aba102",43.5,-75
22.3,4.33,24.99,1982-07-07,"aba102",43.5,-75
22.3,5.1,23.21,1982-07-08,"aba102",43.5,-75
19.4,5.39,29.11,1982-07-09,"aba102",43.5,-75
20.9,2.1,27.26,1982-07-10,"aba102",43.5,-75
22.1,6.74,22.22,1982-07-11,"aba102",43.5,-75
21.8,5.63,21.87,1982-07-12,"aba102",43.5,-75
18.7,3.75,27.96,1982-07-13,"aba102",43.5,-75
18.8,2.2,28.98,1982-07-14,"aba102",43.5,-75
21.2,2.62,24.06,1982-07-15,"aba102",43.5,-75
22.7,2.67,23.54,1982-07-16,"aba102",43.5,-75
23.7,4.13,24.9,1982-07-17,"aba102",43.5,-75
23.3,4.52,17.41,1982-07-18,"aba102",43.5,-75
22.3,5.31,14.75,1982-07-19,"aba102",43.5,-75
19.5,4.37,16.44,1982-07-20,"aba102",43.5,-75
17.7,3.41,29.36,1982-07-21,"aba102",43.5,-75
19,4.13,28.49,1982-07-22,"aba102",43.5,-75
19.6,4.27,22.97,1982-07-23,"aba102",43.5,-75
18.5,3.01,28.95,1982-07-24,"aba102",43.5,-75
19.9,4.78,23.34,1982-07-25,"aba102",43.5,-75
21.8,4.47,20.85,1982-07-26,"aba102",43.5,-75
18.7,3.04,22.65,1982-07-27,"aba102",43.5,-75
15.6,4.65,4.17,1982-07-28,"aba102",43.5,-75
16.8,5.52,18.34,1982-07-29,"aba102",43.5,-75
18.1,3.18,25.29,1982-07-30,"aba102",43.5,-75
18.7,4.04,16.54,1982-07-31,"aba102",43.5,-75
18.4,4.33,19.29,1982-08-01,"aba102",43.5,-75
16.5,3.27,12.34,1982-08-02,"aba102",43.5,-75
16.5,2.62,22.4,1982-08-03,"aba102",43.5,-75
19.4,3.76,14.79,1982-08-04,"aba102",43.5,-75
19.4,3.8,16.56,1982-08-05,"aba102",43.5,-75
17.9,2.75,24.38,1982-08-06,"aba102",43.5,-75
19.2,2.94,22.99,1982-08-07,"aba102",43.5,-75
19.7,4.41,18.05,1982-08-08,"aba102",43.5,-75
20.5,4.54,10.93,1982-08-09,"aba102",43.5,-75
16.9,4.75,18.2,1982-08-10,"aba102",43.5,-75
13.9,4.54,15.91,1982-08-11,"aba102",43.5,-75
13.5,2.67,18.56,1982-08-12,"aba102",43.5,-75
13.2,2.84,19.38,1982-08-13,"aba102",43.5,-75
14.2,3.67,19.38,1982-08-14,"aba102",43.5,-75
17.1,3.11,20.35,1982-08-15,"aba102",43.5,-75
18.1,3.38,22.99,1982-08-16,"aba102",43.5,-75
17.8,4.69,16.7,1982-08-17,"aba102",43.5,-75
14.5,3.28,23.08,1982-08-18,"aba102",43.5,-75
16.9,5.19,19.29,1982-08-19,"aba102",43.5,-75
17.2,4.66,7.46,1982-08-20,"aba102",43.5,-75
9.7,4.83,19.84,1982-08-21,"aba102",43.5,-75
10,3.71,16.16,1982-08-22,"aba102",43.5,-75
15.7,4.88,15.59,1982-08-23,"aba102",43.5,-75
17.3,4,18.57,1982-08-24,"aba102",43.5,-75
14.5,9.3,7.17,1982-08-25,"aba102",43.5,-75
15.2,5.04,18.32,1982-08-26,"aba102",43.5,-75
16.9,5.76,19.66,1982-08-27,"aba102",43.5,-75
9.1,6.07,20.78,1982-08-28,"aba102",43.5,-75
7.3,5.32,17.81,1982-08-29,"aba102",43.5,-75
12.7,4.9,16.14,1982-08-30,"aba102",43.5,-75
15.6,3.32,11.4,1982-08-31,"aba102",43.5,-75
15.5,4.38,10.96,1982-09-01,"aba102",43.5,-75
18.7,4.97,10.54,1982-09-02,"aba102",43.5,-75
14.7,6.07,15.76,1982-09-03,"aba102",43.5,-75
12.6,5.3,15.06,1982-09-04,"aba102",43.5,-75
13,3.44,20.28,1982-09-05,"aba102",43.5,-75
14,4.71,19.52,1982-09-06,"aba102",43.5,-75
10.3,4.53,20.66,1982-09-07,"aba102",43.5,-75
10.9,3.04,13.72,1982-09-08,"aba102",43.5,-75
13.1,3.45,19.9,1982-09-09,"aba102",43.5,-75
16.1,3.11,21.02,1982-09-10,"aba102",43.5,-75
17.3,2.43,21,1982-09-11,"aba102",43.5,-75
17.5,2.25,18.91,1982-09-12,"aba102",43.5,-75
19.3,3.14,18.73,1982-09-13,"aba102",43.5,-75
20,3.18,18.5,1982-09-14,"aba102",43.5,-75
16.4,2.55,2.1,1982-09-15,"aba102",43.5,-75
13.5,4.95,8.51,1982-09-16,"aba102",43.5,-75
9.4,4.12,14.34,1982-09-17,"aba102",43.5,-75
9.2,6,7.65,1982-09-18,"aba102",43.5,-75
7.3,3.61,17.29,1982-09-19,"aba102",43.5,-75
7.8,3.74,4.04,1982-09-20,"aba102",43.5,-75
11.6,3.1,12.87,1982-09-21,"aba102",43.5,-75
12.5,4.1,10.95,1982-09-22,"aba102",43.5,-75
10.5,6.17,3.77,1982-09-23,"aba102",43.5,-75
12.1,3.91,10.31,1982-09-24,"aba102",43.5,-75
13.3,3.1,11.43,1982-09-25,"aba102",43.5,-75
12.6,3.45,15.73,1982-09-26,"aba102",43.5,-75
13.5,6.96,6.13,1982-09-27,"aba102",43.5,-75
12.7,3.23,8.48,1982-09-28,"aba102",43.5,-75
12.7,3.26,9.63,1982-09-29,"aba102",43.5,-75
12.8,3.28,15.63,1982-09-30,"aba102",43.5,-75
13.5,6.55,13.81,1982-10-01,"aba102",43.5,-75
8.3,4.67,16.14,1982-10-02,"aba102",43.5,-75
11.5,3.54,14.5,1982-10-03,"aba102",43.5,-75
11.4,3.36,11.73,1982-10-04,"aba102",43.5,-75
10,2.73,15.95,1982-10-05,"aba102",43.5,-75
11.7,2.31,15.44,1982-10-06,"aba102",43.5,-75
13,4.72,11.64,1982-10-07,"aba102",43.5,-75
15,5.36,10.72,1982-10-08,"aba102",43.5,-75
11.4,3.92,8.27,1982-10-09,"aba102",43.5,-75
7.8,3.4,12.79,1982-10-10,"aba102",43.5,-75
7.1,4.38,14.92,1982-10-11,"aba102",43.5,-75
10.6,3.22,3.45,1982-10-12,"aba102",43.5,-75
9.5,2.42,5.99,1982-10-13,"aba102",43.5,-75
8,4.62,9.64,1982-10-14,"aba102",43.5,-75
6.7,6.14,6.24,1982-10-15,"aba102",43.5,-75
2.2,5.14,8.84,1982-10-16,"aba102",43.5,-75
1.4,6.58,8.09,1982-10-17,"aba102",43.5,-75
2.4,3,10.08,1982-10-18,"aba102",43.5,-75
7.5,3.61,13.75,1982-10-19,"aba102",43.5,-75
11.5,7.96,11.88,1982-10-20,"aba102",43.5,-75
5.4,6.6,5.51,1982-10-21,"aba102",43.5,-75
0.3,3.97,9.28,1982-10-22,"aba102",43.5,-75
0,3.98,7.75,1982-10-23,"aba102",43.5,-75
0.7,2.82,13.17,1982-10-24,"aba102",43.5,-75
1.3,3.94,11.9,1982-10-25,"aba102",43.5,-75
5.5,4.25,12.42,1982-10-26,"aba102",43.5,-75
3.4,2.33,12.09,1982-10-27,"aba102",43.5,-75
4.6,1.49,10.07,1982-10-28,"aba102",43.5,-75
9.9,4.09,11.44,1982-10-29,"aba102",43.5,-75
11.2,4.08,10.72,1982-10-30,"aba102",43.5,-75
10.6,2.83,5.02,1982-10-31,"aba102",43.5,-75
12.7,4,6.25,1982-11-01,"aba102",43.5,-75
14.6,5.28,4.94,1982-11-02,"aba102",43.5,-75
15.6,4.16,7.62,1982-11-03,"aba102",43.5,-75
12.8,4.96,1.46,1982-11-04,"aba102",43.5,-75
2.3,5.73,2.68,1982-11-05,"aba102",43.5,-75
-0.1,7.02,7.89,1982-11-06,"aba102",43.5,-75
1.9,4.83,6.42,1982-11-07,"aba102",43.5,-75
7,5.41,1.85,1982-11-08,"aba102",43.5,-75
0.8,4.07,7.61,1982-11-09,"aba102",43.5,-75
-2.1,3.75,10.37,1982-11-10,"aba102",43.5,-75
3.1,5.22,4.17,1982-11-11,"aba102",43.5,-75
11,8.45,6.91,1982-11-12,"aba102",43.5,-75
2,7.13,4.07,1982-11-13,"aba102",43.5,-75
-2.3,4.79,7.56,1982-11-14,"aba102",43.5,-75
-1.7,6.63,6.96,1982-11-15,"aba102",43.5,-75
-3.4,4,8.5,1982-11-16,"aba102",43.5,-75
0.6,3.31,8.84,1982-11-17,"aba102",43.5,-75
0.8,3.94,9.16,1982-11-18,"aba102",43.5,-75
2.4,4.75,7.66,1982-11-19,"aba102",43.5,-75
2.8,5.24,4.58,1982-11-20,"aba102",43.5,-75
7.3,5.02,1.42,1982-11-21,"aba102",43.5,-75
8.3,4,0.88,1982-11-22,"aba102",43.5,-75
9,4.37,1.56,1982-11-23,"aba102",43.5,-75
2.3,6.59,4.08,1982-11-24,"aba102",43.5,-75
-2.9,5.71,4.37,1982-11-25,"aba102",43.5,-75
-1.6,5.14,2.46,1982-11-26,"aba102",43.5,-75
-9,5.35,8.24,1982-11-27,"aba102",43.5,-75
-7.4,5.11,6.51,1982-11-28,"aba102",43.5,-75
2.7,5.39,1.21,1982-11-29,"aba102",43.5,-75
3.6,3.85,2.22,1982-11-30,"aba102",43.5,-75
5.1,3.68,4.32,1982-12-01,"aba102",43.5,-75
7.4,3.61,4.85,1982-12-02,"aba102",43.5,-75
10.3,5.28,2.97,1982-12-03,"aba102",43.5,-75
10.5,5.55,5.26,1982-12-04,"aba102",43.5,-75
6.7,6.17,3.01,1982-12-05,"aba102",43.5,-75
10.3,6.63,6.04,1982-12-06,"aba102",43.5,-75
1.2,6.61,5.9,1982-12-07,"aba102",43.5,-75
-2.2,4.49,7.14,1982-12-08,"aba102",43.5,-75
-11.8,6.58,7.56,1982-12-09,"aba102",43.5,-75
-13.3,5.22,2.76,1982-12-10,"aba102",43.5,-75
-6.8,4.94,4.22,1982-12-11,"aba102",43.5,-75
-12.4,3.44,4.81,1982-12-12,"aba102",43.5,-75
-17.6,3.85,7.74,1982-12-13,"aba102",43.5,-75
-5.6,3.85,5.85,1982-12-14,"aba102",43.5,-75
0.9,4.41,0.95,1982-12-15,"aba102",43.5,-75
3.9,5.6,0.74,1982-12-16,"aba102",43.5,-75
-9.3,5.12,7.83,1982-12-17,"aba102",43.5,-75
-9.7,4.88,7.75,1982-12-18,"aba102",43.5,-75
-5.6,6.11,2.87,1982-12-19,"aba102",43.5,-75
-3,4.97,2.29,1982-12-20,"aba102",43.5,-75
-5.1,5.32,3.37,1982-12-21,"aba102",43.5,-75
-8,3.92,5.72,1982-12-22,"aba102",43.5,-75
-4,4.76,2.1,1982-12-23,"aba102",43.5,-75
1.4,5.39,1.16,1982-12-24,"aba102",43.5,-75
5.7,6.04,1.39,1982-12-25,"aba102",43.5,-75
4.7,7.77,3.12,1982-12-26,"aba102",43.5,-75
-2,4.57,5.54,1982-12-27,"aba102",43.5,-75
6.8,7.32,1.71,1982-12-28,"aba102",43.5,-75
0.8,6.71,3.55,1982-12-29,"aba102",43.5,-75
-5.5,5.51,5.92,1982-12-30,"aba102",43.5,-75
-6.1,3.23,5.94,1982-12-31,"aba102",43.5,-75
-2.4,5.74,4.32,1983-01-01,"aba102",43.5,-75
-2.3,4.39,3.48,1983-01-02,"aba102",43.5,-75
-7.9,4.87,4.95,1983-01-03,"aba102",43.5,-75
-17.7,5.04,8.44,1983-01-04,"aba102",43.5,-75
-4.4,5.28,5.45,1983-01-05,"aba102",43.5,-75
-3.6,2.55,4.56,1983-01-06,"aba102",43.5,-75
-1.2,6.08,2.52,1983-01-07,"aba102",43.5,-75
-4.4,6.22,3.77,1983-01-08,"aba102",43.5,-75
-12.6,4.99,8.73,1983-01-09,"aba102",43.5,-75
-4.3,8.01,2.66,1983-01-10,"aba102",43.5,-75
2.9,8.58,2.22,1983-01-11,"aba102",43.5,-75
-6.1,4.53,4.37,1983-01-12,"aba102",43.5,-75
-16.9,3.05,8.99,1983-01-13,"aba102",43.5,-75
-12.7,4.99,8.36,1983-01-14,"aba102",43.5,-75
-5.4,5.63,3.45,1983-01-15,"aba102",43.5,-75
-8.8,5.66,3.96,1983-01-16,"aba102",43.5,-75
-12.1,5.1,5.39,1983-01-17,"aba102",43.5,-75
-19.2,4.8,8.27,1983-01-18,"aba102",43.5,-75
-21.4,5.12,8.6,1983-01-19,"aba102",43.5,-75
-18.6,4.72,9.61,1983-01-20,"aba102",43.5,-75
-11.7,3.33,9.48,1983-01-21,"aba102",43.5,-75
-6.8,3.44,9.12,1983-01-22,"aba102",43.5,-75
-1.8,4.66,0.97,1983-01-23,"aba102",43.5,-75
-0.1,6.31,3.81,1983-01-24,"aba102",43.5,-75
-0.6,6.72,4.53,1983-01-25,"aba102",43.5,-75
-10.8,5.95,8.9,1983-01-26,"aba102",43.5,-75
-10.8,2.02,8.49,1983-01-27,"aba102",43.5,-75
-9.9,3.21,10.62,1983-01-28,"aba102",43.5,-75
-6.6,3,9.95,1983-01-29,"aba102",43.5,-75
-2.1,4.98,6.31,1983-01-30,"aba102",43.5,-75
-0.5,4.4,3.05,1983-01-31,"aba102",43.5,-75
-3.7,3.98,7.96,1983-02-01,"aba102",43.5,-75
-1.1,8.36,2.18,1983-02-02,"aba102",43.5,-75
3.2,7.96,3.12,1983-02-03,"aba102",43.5,-75
-6.3,6.18,5.22,1983-02-04,"aba102",43.5,-75
-16.4,5.66,12.06,1983-02-05,"aba102",43.5,-75
-13.9,4.3,9.65,1983-02-06,"aba102",43.5,-75
-7.2,5.14,2.89,1983-02-07,"aba102",43.5,-75
-8.9,6.26,6.53,1983-02-08,"aba102",43.5,-75
-13.9,4.98,11.42,1983-02-09,"aba102",43.5,-75
-18.3,4.04,13.24,1983-02-10,"aba102",43.5,-75
-15.3,4.2,11,1983-02-11,"aba102",43.5,-75
-11.4,3.31,13.26,1983-02-12,"aba102",43.5,-75
-12.5,3.67,13.25,1983-02-13,"aba102",43.5,-75
-4.4,3.3,13.34,1983-02-14,"aba102",43.5,-75
-1.6,3.11,6.48,1983-02-15,"aba102",43.5,-75
-0.6,5.16,9.39,1983-02-16,"aba102",43.5,-75
0.8,5.05,4.8,1983-02-17,"aba102",43.5,-75
-1.6,4.14,13.25,1983-02-18,"aba102",43.5,-75
-4,2.85,12.15,1983-02-19,"aba102",43.5,-75
-1.1,3.5,13.71,1983-02-20,"aba102",43.5,-75
2.2,3.85,13.91,1983-02-21,"aba102",43.5,-75
-1.4,4.53,14.1,1983-02-22,"aba102",43.5,-75
0.5,5.81,4.99,1983-02-23,"aba102",43.5,-75
-1.9,4.12,7.5,1983-02-24,"aba102",43.5,-75
-5.8,4.1,12.33,1983-02-25,"aba102",43.5,-75
-8.8,4.55,12.38,1983-02-26,"aba102",43.5,-75
-5.7,3.9,13.89,1983-02-27,"aba102",43.5,-75
1.2,2.75,12.91,1983-02-28,"aba102",43.5,-75
1.8,3.01,12.08,1983-03-01,"aba102",43.5,-75
2.1,5.8,10.51,1983-03-02,"aba102",43.5,-75
0,5.97,12.86,1983-03-03,"aba102",43.5,-75
0.1,2.3,6.2,1983-03-04,"aba102",43.5,-75
1.4,4.59,16.56,1983-03-05,"aba102",43.5,-75
4.7,4.53,15.43,1983-03-06,"aba102",43.5,-75
4,5.99,3.63,1983-03-07,"aba102",43.5,-75
0.9,6.62,7.49,1983-03-08,"aba102",43.5,-75
1.4,6.45,2.67,1983-03-09,"aba102",43.5,-75
2.3,4.02,4.17,1983-03-10,"aba102",43.5,-75
1,4.7,6.78,1983-03-11,"aba102",43.5,-75
-1.4,7.32,3.93,1983-03-12,"aba102",43.5,-75
-0.5,6.4,15.33,1983-03-13,"aba102",43.5,-75
2.2,3.18,17.19,1983-03-14,"aba102",43.5,-75
2.4,5.62,6.64,1983-03-15,"aba102",43.5,-75
3.2,3.59,13.96,1983-03-16,"aba102",43.5,-75
2.7,4.44,18,1983-03-17,"aba102",43.5,-75
3.7,7.91,9.44,1983-03-18,"aba102",43.5,-75
8,8.17,4.78,1983-03-19,"aba102",43.5,-75
0.1,6.52,6.31,1983-03-20,"aba102",43.5,-75
-1.1,8.57,3.83,1983-03-21,"aba102",43.5,-75
-4.4,6.51,10.92,1983-03-22,"aba102",43.5,-75
-9.9,6.75,14.44,1983-03-23,"aba102",43.5,-75
-10.3,4.96,19.93,1983-03-24,"aba102",43.5,-75
-9.7,4.92,22.55,1983-03-25,"aba102",43.5,-75
-7.5,3.71,22.19,1983-03-26,"aba102",43.5,-75
-2,7.39,7.32,1983-03-27,"aba102",43.5,-75
1.3,6.44,7.93,1983-03-28,"aba102",43.5,-75
-4.8,6.75,15.84,1983-03-29,"aba102",43.5,-75
-7.6,5.08,23.4,1983-03-30,"aba102",43.5,-75
-4.2,3.2,20.82,1983-03-31,"aba102",43.5,-75
0.4,4.23,23.23,1983-04-01,"aba102",43.5,-75
0.7,6.12,22.4,1983-04-02,"aba102",43.5,-75
2.3,8.9,8.39,1983-04-03,"aba102",43.5,-75
3.5,5.32,11.56,1983-04-04,"aba102",43.5,-75
3,4.55,8.97,1983-04-05,"aba102",43.5,-75
4.7,2.16,19.35,1983-04-06,"aba102",43.5,-75
6.9,5.24,7.77,1983-04-07,"aba102",43.5,-75
7.6,3.57,10.84,1983-04-08,"aba102",43.5,-75
6.7,5.41,24.03,1983-04-09,"aba102",43.5,-75
4.9,8.1,3.99,1983-04-10,"aba102",43.5,-75
3,5.5,9.23,1983-04-11,"aba102",43.5,-75
3.3,5.61,12.63,1983-04-12,"aba102",43.5,-75
5.9,4.72,24.49,1983-04-13,"aba102",43.5,-75
7.7,7.99,21.69,1983-04-14,"aba102",43.5,-75
5.9,7.15,2.24,1983-04-15,"aba102",43.5,-75
1.4,3.76,2.65,1983-04-16,"aba102",43.5,-75
0.5,4.74,25.5,1983-04-17,"aba102",43.5,-75
-1.8,3.75,15.94,1983-04-18,"aba102",43.5,-75
-2.9,7.28,3.99,1983-04-19,"aba102",43.5,-75
0.6,5.73,8.71,1983-04-20,"aba102",43.5,-75
-0.7,5.24,12.69,1983-04-21,"aba102",43.5,-75
1.5,3.52,21.93,1983-04-22,"aba102",43.5,-75
2.5,3.18,23.31,1983-04-23,"aba102",43.5,-75
3.9,6.53,5.36,1983-04-24,"aba102",43.5,-75
1.5,5.22,2.85,1983-04-25,"aba102",43.5,-75
4.9,6.31,15.2,1983-04-26,"aba102",43.5,-75
9.4,3.19,24.14,1983-04-27,"aba102",43.5,-75
15,4.67,25.96,1983-04-28,"aba102",43.5,-75
12,4.62,22.08,1983-04-29,"aba102",43.5,-75
12.5,6.14,6.71,1983-04-30,"aba102",43.5,-75
13,5.9,11.4,1983-05-01,"aba102",43.5,-75
15,6.63,11.1,1983-05-02,"aba102",43.5,-75
14.4,6.54,13.13,1983-05-03,"aba102",43.5,-75
7.7,6.4,5.98,1983-05-04,"aba102",43.5,-75
6.6,5.81,16.48,1983-05-05,"aba102",43.5,-75
7.8,3.57,27.98,1983-05-06,"aba102",43.5,-75
15.1,7.12,23.95,1983-05-07,"aba102",43.5,-75
10.2,5.51,7.46,1983-05-08,"aba102",43.5,-75
1.4,6.26,10.41,1983-05-09,"aba102",43.5,-75
1.9,4.9,9.22,1983-05-10,"aba102",43.5,-75
4.9,4.4,22.23,1983-05-11,"aba102",43.5,-75
6.5,4.85,19.95,1983-05-12,"aba102",43.5,-75
12,4.3,23.54,1983-05-13,"aba102",43.5,-75
15.5,4.68,22.97,1983-05-14,"aba102",43.5,-75
12.8,4.97,10.36,1983-05-15,"aba102",43.5,-75
5.2,4.51,15.95,1983-05-16,"aba102",43.5,-75
4,4.24,23.19,1983-05-17,"aba102",43.5,-75
6.7,2.62,29.68,1983-05-18,"aba102",43.5,-75
9.8,6.73,19.13,1983-05-19,"aba102",43.5,-75
13.9,5.81,13.91,1983-05-20,"aba102",43.5,-75
13.9,3.03,13.47,1983-05-21,"aba102",43.5,-75
13.8,4.88,20.16,1983-05-22,"aba102",43.5,-75
15.6,5.42,15.44,1983-05-23,"aba102",43.5,-75
10.8,4.74,19.71,1983-05-24,"aba102",43.5,-75
12.2,3.83,26.43,1983-05-25,"aba102",43.5,-75
9.5,3.71,9.23,1983-05-26,"aba102",43.5,-75
7.6,4.37,14.44,1983-05-27,"aba102",43.5,-75
8,4.75,23.58,1983-05-28,"aba102",43.5,-75
10.4,4.96,6.22,1983-05-29,"aba102",43.5,-75
13.8,5.38,12.61,1983-05-30,"aba102",43.5,-75
11,3.91,13.45,1983-05-31,"aba102",43.5,-75
10.6,5.14,19.54,1983-06-01,"aba102",43.5,-75
12.1,5.74,22.92,1983-06-02,"aba102",43.5,-75
14,3.3,26.47,1983-06-03,"aba102",43.5,-75
12.1,3.86,4.76,1983-06-04,"aba102",43.5,-75
14.2,4.22,23.57,1983-06-05,"aba102",43.5,-75
15.2,4.24,17.25,1983-06-06,"aba102",43.5,-75
12.4,6.4,20.1,1983-06-07,"aba102",43.5,-75
9.9,6.04,24.88,1983-06-08,"aba102",43.5,-75
11.7,3.83,31.02,1983-06-09,"aba102",43.5,-75
16.1,3.81,28.39,1983-06-10,"aba102",43.5,-75
17.9,3.61,29.95,1983-06-11,"aba102",43.5,-75
20.6,4.65,28.38,1983-06-12,"aba102",43.5,-75
22.2,3.5,27.06,1983-06-13,"aba102",43.5,-75
23.3,2.75,24.85,1983-06-14,"aba102",43.5,-75
23.7,2.37,26.73,1983-06-15,"aba102",43.5,-75
23,2.71,25.01,1983-06-16,"aba102",43.5,-75
20.6,2.14,21.3,1983-06-17,"aba102",43.5,-75
19.4,1.92,18.07,1983-06-18,"aba102",43.5,-75
20.5,3.4,27.26,1983-06-19,"aba102",43.5,-75
20.4,3.24,18.05,1983-06-20,"aba102",43.5,-75
21.2,3.05,29.76,1983-06-21,"aba102",43.5,-75
21.6,2.98,29.65,1983-06-22,"aba102",43.5,-75
22.6,5.02,29.63,1983-06-23,"aba102",43.5,-75
21.5,5.47,28.23,1983-06-24,"aba102",43.5,-75
15.4,5.68,29.05,1983-06-25,"aba102",43.5,-75
16.1,4.73,18.13,1983-06-26,"aba102",43.5,-75
19.8,4.88,16.98,1983-06-27,"aba102",43.5,-75
14.9,3.26,11.97,1983-06-28,"aba102",43.5,-75
16.6,3.03,29.88,1983-06-29,"aba102",43.5,-75
18.7,4.44,30.04,1983-06-30,"aba102",43.5,-75
20.1,4.75,19.23,1983-07-01,"aba102",43.5,-75
22.2,4.62,12.67,1983-07-02,"aba102",43.5,-75
23.7,3.05,24.64,1983-07-03,"aba102",43.5,-75
25.3,5.06,25.2,1983-07-04,"aba102",43.5,-75
19.8,4.44,13.99,1983-07-05,"aba102",43.5,-75
14.8,4.21,12.53,1983-07-06,"aba102",43.5,-75
14.9,3.55,24.51,1983-07-07,"aba102",43.5,-75
17.9,4.84,24.83,1983-07-08,"aba102",43.5,-75
17,5.58,27.8,1983-07-09,"aba102",43.5,-75
14.3,4.34,30.11,1983-07-10,"aba102",43.5,-75
16.5,3.51,21.52,1983-07-11,"aba102",43.5,-75
22.3,4.13,26.1,1983-07-12,"aba102",43.5,-75
20.6,6.1,22.41,1983-07-13,"aba102",43.5,-75
21.1,4.03,28.89,1983-07-14,"aba102",43.5,-75
22.2,5.27,21.56,1983-07-15,"aba102",43.5,-75
23.1,6.25,27.82,1983-07-16,"aba102",43.5,-75
19.2,3.72,28.27,1983-07-17,"aba102",43.5,-75
22.2,4.34,20.19,1983-07-18,"aba102",43.5,-75
21.1,3.1,27.13,1983-07-19,"aba102",43.5,-75
20.9,3.61,25.87,1983-07-20,"aba102",43.5,-75
18.9,5.85,18.8,1983-07-21,"aba102",43.5,-75
16.9,6.93,23.9,1983-07-22,"aba102",43.5,-75
17.8,3.37,26.01,1983-07-23,"aba102",43.5,-75
17.9,3.33,17.97,1983-07-24,"aba102",43.5,-75
18.1,3.9,21.01,1983-07-25,"aba102",43.5,-75
18.6,4.18,26.71,1983-07-26,"aba102",43.5,-75
19.6,3.59,23.66,1983-07-27,"aba102",43.5,-75
21.8,4.17,20.44,1983-07-28,"aba102",43.5,-75
21.2,4.91,7.53,1983-07-29,"aba102",43.5,-75
22.5,4.74,16.83,1983-07-30,"aba102",43.5,-75
20.2,4.12,11.86,1983-07-31,"aba102",43.5,-75
21,4.05,17.47,1983-08-01,"aba102",43.5,-75
18.6,4.44,16.39,1983-08-02,"aba102",43.5,-75
19.5,2.66,24.55,1983-08-03,"aba102",43.5,-75
19,2.28,7.1,1983-08-04,"aba102",43.5,-75
20.5,2.59,15.37,1983-08-05,"aba102",43.5,-75
21.2,2.8,17,1983-08-06,"aba102",43.5,-75
21.3,2.9,24.1,1983-08-07,"aba102",43.5,-75
21.5,5.41,24.44,1983-08-08,"aba102",43.5,-75
17.1,4.46,21.09,1983-08-09,"aba102",43.5,-75
13,2.75,24.88,1983-08-10,"aba102",43.5,-75
13.2,6.38,3.32,1983-08-11,"aba102",43.5,-75
12.8,5.59,4.54,1983-08-12,"aba102",43.5,-75
14.1,3.11,25.25,1983-08-13,"aba102",43.5,-75
15.3,1.8,25.42,1983-08-14,"aba102",43.5,-75
16.8,2.6,22.23,1983-08-15,"aba102",43.5,-75
18.2,2.69,24.66,1983-08-16,"aba102",43.5,-75
19.9,3.12,20.52,1983-08-17,"aba102",43.5,-75
20.4,3.02,12.34,1983-08-18,"aba102",43.5,-75
20.8,3.96,19.66,1983-08-19,"aba102",43.5,-75
21.7,6.96,22.93,1983-08-20,"aba102",43.5,-75
15.7,4.78,24.74,1983-08-21,"aba102",43.5,-75
13.9,4.63,7.29,1983-08-22,"aba102",43.5,-75
16.8,3.26,22.26,1983-08-23,"aba102",43.5,-75
15.2,2.37,23.3,1983-08-24,"aba102",43.5,-75
17.4,2.84,23.34,1983-08-25,"aba102",43.5,-75
21,4.71,20.8,1983-08-26,"aba102",43.5,-75
21.3,3.73,15.7,1983-08-27,"aba102",43.5,-75
20.8,2.11,18.72,1983-08-28,"aba102",43.5,-75
20,2.67,19.36,1983-08-29,"aba102",43.5,-75
17.6,2.78,11.4,1983-08-30,"aba102",43.5,-75
18,2.9,9.84,1983-08-31,"aba102",43.5,-75
16.7,3.09,20.93,1983-09-01,"aba102",43.5,-75
16.9,3,22.29,1983-09-02,"aba102",43.5,-75
18.4,2.73,21.08,1983-09-03,"aba102",43.5,-75
18.2,3.85,16.51,1983-09-04,"aba102",43.5,-75
20.5,3.16,18.08,1983-09-05,"aba102",43.5,-75
22.5,4.75,16.24,1983-09-06,"aba102",43.5,-75
18.6,6.12,13.4,1983-09-07,"aba102",43.5,-75
15,4.55,14.84,1983-09-08,"aba102",43.5,-75
17.1,3.8,21.16,1983-09-09,"aba102",43.5,-75
20.1,3.79,10.4,1983-09-10,"aba102",43.5,-75
19.7,6.05,13.36,1983-09-11,"aba102",43.5,-75
13.5,3.62,16.36,1983-09-12,"aba102",43.5,-75
11.3,3.1,16.66,1983-09-13,"aba102",43.5,-75
8.9,2.76,14.39,1983-09-14,"aba102",43.5,-75
8.4,2.52,16.16,1983-09-15,"aba102",43.5,-75
11.4,6.55,13.32,1983-09-16,"aba102",43.5,-75
13,6.47,10.93,1983-09-17,"aba102",43.5,-75
13.9,4.06,13.85,1983-09-18,"aba102",43.5,-75
19.6,4.4,9.27,1983-09-19,"aba102",43.5,-75
21.3,5.11,16.4,1983-09-20,"aba102",43.5,-75
18,7.93,10.2,1983-09-21,"aba102",43.5,-75
8.9,5.02,13.89,1983-09-22,"aba102",43.5,-75
6.7,4.62,13,1983-09-23,"aba102",43.5,-75
7.1,3.29,13.79,1983-09-24,"aba102",43.5,-75
8.1,3.48,18.35,1983-09-25,"aba102",43.5,-75
10.2,3.98,7.33,1983-09-26,"aba102",43.5,-75
12.1,4.56,8.51,1983-09-27,"aba102",43.5,-75
10.8,2.83,18.09,1983-09-28,"aba102",43.5,-75
10.2,2.94,17.88,1983-09-29,"aba102",43.5,-75
12.2,3.22,16.24,1983-09-30,"aba102",43.5,-75
16,3.41,8.7,1983-10-01,"aba102",43.5,-75
16.7,3.55,10.4,1983-10-02,"aba102",43.5,-75
16.4,4.75,15.98,1983-10-03,"aba102",43.5,-75
16.5,4,9.28,1983-10-04,"aba102",43.5,-75
14.2,5.47,6.07,1983-10-05,"aba102",43.5,-75
10.6,6.14,10.23,1983-10-06,"aba102",43.5,-75
8,4.96,14.09,1983-10-07,"aba102",43.5,-75
11.2,4.74,13.88,1983-10-08,"aba102",43.5,-75
6.9,3.75,11.41,1983-10-09,"aba102",43.5,-75
4.8,3.86,16.39,1983-10-10,"aba102",43.5,-75
7.3,5.34,11.84,1983-10-11,"aba102",43.5,-75
12.7,7.46,4.32,1983-10-12,"aba102",43.5,-75
17.7,6.44,5.72,1983-10-13,"aba102",43.5,-75
10.3,7.88,10.89,1983-10-14,"aba102",43.5,-75
6.2,6.51,7.96,1983-10-15,"aba102",43.5,-75
4.1,4.1,14,1983-10-16,"aba102",43.5,-75
9.1,4.11,10.03,1983-10-17,"aba102",43.5,-75
7.4,3,6.77,1983-10-18,"aba102",43.5,-75
3.6,3.69,12.29,1983-10-19,"aba102",43.5,-75
1.4,3.13,14.19,1983-10-20,"aba102",43.5,-75
0.7,3.23,14.05,1983-10-21,"aba102",43.5,-75
1.3,3.84,12.83,1983-10-22,"aba102",43.5,-75
3.2,4.25,1.16,1983-10-23,"aba102",43.5,-75
7,4.1,4.32,1983-10-24,"aba102",43.5,-75
3.5,4.33,12.55,1983-10-25,"aba102",43.5,-75
2.9,4.91,6.09,1983-10-26,"aba102",43.5,-75
2.1,5.27,7.1,1983-10-27,"aba102",43.5,-75
8.4,7.72,12,1983-10-28,"aba102",43.5,-75
2.1,7.67,7.55,1983-10-29,"aba102",43.5,-75
-1.6,3.71,12.01,1983-10-30,"aba102",43.5,-75
0.6,1.92,11.59,1983-10-31,"aba102",43.5,-75
4.1,3.91,11.99,1983-11-01,"aba102",43.5,-75
7.9,3.47,7.02,1983-11-02,"aba102",43.5,-75
7.1,4.29,1.43,1983-11-03,"aba102",43.5,-75
0,2.91,6.02,1983-11-04,"aba102",43.5,-75
0.2,2.91,3.58,1983-11-05,"aba102",43.5,-75
1.2,3.16,3.93,1983-11-06,"aba102",43.5,-75
3,3.49,3.63,1983-11-07,"aba102",43.5,-75
3.3,3.53,9.32,1983-11-08,"aba102",43.5,-75
8.1,3.86,6.56,1983-11-09,"aba102",43.5,-75
7.5,6.55,6.92,1983-11-10,"aba102",43.5,-75
5.7,6.33,1.45,1983-11-11,"aba102",43.5,-75
-3.2,6.72,3.7,1983-11-12,"aba102",43.5,-75
-6.6,4.72,9.6,1983-11-13,"aba102",43.5,-75
-3.9,3.76,6.63,1983-11-14,"aba102",43.5,-75
-0.6,7.67,4.02,1983-11-15,"aba102",43.5,-75
1.8,7.68,1.65,1983-11-16,"aba102",43.5,-75
-1.8,6.61,4.47,1983-11-17,"aba102",43.5,-75
-4.8,4.66,5.22,1983-11-18,"aba102",43.5,-75
-3.1,2.55,9.07,1983-11-19,"aba102",43.5,-75
5.2,7.08,7.63,1983-11-20,"aba102",43.5,-75
6.5,7.75,6.7,1983-11-21,"aba102",43.5,-75
3.9,5.63,6.44,1983-11-22,"aba102",43.5,-75
2,4.97,7.39,1983-11-23,"aba102",43.5,-75
5.3,6.23,0.89,1983-11-24,"aba102",43.5,-75
-1,7.47,2.1,1983-11-25,"aba102",43.5,-75
-0.5,6.82,4.34,1983-11-26,"aba102",43.5,-75
-3.4,4.22,7.94,1983-11-27,"aba102",43.5,-75
-2.6,8.27,1.18,1983-11-28,"aba102",43.5,-75
0.3,8.11,6.04,1983-11-29,"aba102",43.5,-75
-2.3,6.82,5.4,1983-11-30,"aba102",43.5,-75
-3.8,5.51,5.12,1983-12-01,"aba102",43.5,-75
-4,4.64,3.97,1983-12-02,"aba102",43.5,-75
-6.4,4.84,7.06,1983-12-03,"aba102",43.5,-75
-6.9,7.05,1.16,1983-12-04,"aba102",43.5,-75
-1.3,3.2,3.35,1983-12-05,"aba102",43.5,-75
1.4,6.81,2.53,1983-12-06,"aba102",43.5,-75
-4.8,9.89,3.44,1983-12-07,"aba102",43.5,-75
-10.3,5.49,7.69,1983-12-08,"aba102",43.5,-75
-5.1,4.05,4.77,1983-12-09,"aba102",43.5,-75
-1.7,4.41,3.1,1983-12-10,"aba102",43.5,-75
-9.5,6.35,6.93,1983-12-11,"aba102",43.5,-75
-3.7,8.44,2.32,1983-12-12,"aba102",43.5,-75
2.8,5.46,1.25,1983-12-13,"aba102",43.5,-75
2.3,4.33,1.29,1983-12-14,"aba102",43.5,-75
3.5,5.6,5.33,1983-12-15,"aba102",43.5,-75
-1,5.6,5.22,1983-12-16,"aba102",43.5,-75
-4.8,5.9,4.38,1983-12-17,"aba102",43.5,-75
-7.5,4.47,4.59,1983-12-18,"aba102",43.5,-75
-14.1,4.25,6.11,1983-12-19,"aba102",43.5,-75
-23.7,3.31,6.79,1983-12-20,"aba102",43.5,-75
-18.7,5.94,7.51,1983-12-21,"aba102",43.5,-75
-5.1,7.94,1.22,1983-12-22,"aba102",43.5,-75
-10.4,6.72,5.24,1983-12-23,"aba102",43.5,-75
-15.1,6.26,5.02,1983-12-24,"aba102",43.5,-75
-24.1,4.53,7.25,1983-12-25,"aba102",43.5,-75
-17.2,5.16,5.82,1983-12-26,"aba102",43.5,-75
-12.7,3.61,5.87,1983-12-27,"aba102",43.5,-75
-7.1,6.42,1.2,1983-12-28,"aba102",43.5,-75
-6.6,6.36,5.54,1983-12-29,"aba102",43.5,-75
-14,4.2,6.49,1983-12-30,"aba102",43.5,-75
-14.2,2.76,8.04,1983-12-31,"aba102",43.5,-75
-10.3,3.92,8.17,1984-01-01,"aba102",43.5,-75
-7,3.98,5.06,1984-01-02,"aba102",43.5,-75
-4.6,4.4,4.52,1984-01-03,"aba102",43.5,-75
-1.2,4.6,2.08,1984-01-04,"aba102",43.5,-75
-0.1,4.12,5.36,1984-01-05,"aba102",43.5,-75
-0.5,4.57,2.66,1984-01-06,"aba102",43.5,-75
-9.1,3.77,5.33,1984-01-07,"aba102",43.5,-75
-16.5,3.72,6.16,1984-01-08,"aba102",43.5,-75
-11.1,3.76,5.36,1984-01-09,"aba102",43.5,-75
-8.6,4.31,2.12,1984-01-10,"aba102",43.5,-75
-15.9,3.75,8.66,1984-01-11,"aba102",43.5,-75
-19,3.41,8.84,1984-01-12,"aba102",43.5,-75
-13.8,5.46,6.24,1984-01-13,"aba102",43.5,-75
-7.5,4.84,3.4,1984-01-14,"aba102",43.5,-75
-14.9,3.44,7.63,1984-01-15,"aba102",43.5,-75
-18.3,3.04,6.67,1984-01-16,"aba102",43.5,-75
-11.1,3.58,5.78,1984-01-17,"aba102",43.5,-75
-8.5,2.55,4.63,1984-01-18,"aba102",43.5,-75
-11.7,4.51,7.23,1984-01-19,"aba102",43.5,-75
-16.6,5.61,8.33,1984-01-20,"aba102",43.5,-75
-20.9,4.1,9.56,1984-01-21,"aba102",43.5,-75
-18.5,3.22,9.79,1984-01-22,"aba102",43.5,-75
-10.3,4.53,9.73,1984-01-23,"aba102",43.5,-75
-1,6.2,1.39,1984-01-24,"aba102",43.5,-75
-0.3,7.5,5.46,1984-01-25,"aba102",43.5,-75
-6.8,6.73,10.2,1984-01-26,"aba102",43.5,-75
-3.3,5.32,6.99,1984-01-27,"aba102",43.5,-75
-11.1,4.16,9.87,1984-01-28,"aba102",43.5,-75
-8.6,4.82,5.86,1984-01-29,"aba102",43.5,-75
-3.7,3.2,4.1,1984-01-30,"aba102",43.5,-75
-7.8,5.28,6.75,1984-01-31,"aba102",43.5,-75
-17.1,3.77,11.66,1984-02-01,"aba102",43.5,-75
-12.4,5.17,9.59,1984-02-02,"aba102",43.5,-75
-0.3,6.92,7.15,1984-02-03,"aba102",43.5,-75
-0.1,4.21,6.41,1984-02-04,"aba102",43.5,-75
-0.8,3.5,5.22,1984-02-05,"aba102",43.5,-75
-5.1,4.63,7.15,1984-02-06,"aba102",43.5,-75
-13,4.74,8.88,1984-02-07,"aba102",43.5,-75
-14.1,4.42,10.98,1984-02-08,"aba102",43.5,-75
-9.7,4.77,10.09,1984-02-09,"aba102",43.5,-75
-5.3,3.85,12.26,1984-02-10,"aba102",43.5,-75
1.7,3.72,3.9,1984-02-11,"aba102",43.5,-75
1.5,3.03,7.87,1984-02-12,"aba102",43.5,-75
4.1,5.33,12.1,1984-02-13,"aba102",43.5,-75
4.6,7.57,3.08,1984-02-14,"aba102",43.5,-75
3.9,4.97,3.78,1984-02-15,"aba102",43.5,-75
2.7,4.65,13.09,1984-02-16,"aba102",43.5,-75
2.4,4,3.03,1984-02-17,"aba102",43.5,-75
1.8,3.11,2.31,1984-02-18,"aba102",43.5,-75
3.1,4.88,5.1,1984-02-19,"aba102",43.5,-75
0.6,6.6,4.26,1984-02-20,"aba102",43.5,-75
-3.1,4.53,7.65,1984-02-21,"aba102",43.5,-75
-3.3,3.76,14.28,1984-02-22,"aba102",43.5,-75
2.4,3.45,14.86,1984-02-23,"aba102",43.5,-75
4.3,2.79,13.28,1984-02-24,"aba102",43.5,-75
0.7,6.72,9.94,1984-02-25,"aba102",43.5,-75
-8.1,6.58,12.84,1984-02-26,"aba102",43.5,-75
-8.2,3.33,15.59,1984-02-27,"aba102",43.5,-75
-4.4,8.26,2.83,1984-02-28,"aba102",43.5,-75
-9.3,7.47,10.58,1984-02-29,"aba102",43.5,-75
-13.5,6.72,13.57,1984-03-01,"aba102",43.5,-75
-12.3,5.9,12.35,1984-03-02,"aba102",43.5,-75
-11.6,5.28,12.31,1984-03-03,"aba102",43.5,-75
-10.2,3.91,16.15,1984-03-04,"aba102",43.5,-75
-6.2,6.15,3.6,1984-03-05,"aba102",43.5,-75
-3.1,6.48,10.58,1984-03-06,"aba102",43.5,-75
-12.4,4.85,11.38,1984-03-07,"aba102",43.5,-75
-16.5,2.92,17.78,1984-03-08,"aba102",43.5,-75
-15.5,3.81,19.25,1984-03-09,"aba102",43.5,-75
-14.9,4.69,16.95,1984-03-10,"aba102",43.5,-75
-11.2,8.7,14.88,1984-03-11,"aba102",43.5,-75
-18,5.79,19.64,1984-03-12,"aba102",43.5,-75
-11.8,6.41,5.57,1984-03-13,"aba102",43.5,-75
-5.1,5.47,14.52,1984-03-14,"aba102",43.5,-75
-2.7,3.85,19.92,1984-03-15,"aba102",43.5,-75
2.7,5.32,12.19,1984-03-16,"aba102",43.5,-75
-5.2,5.57,18.48,1984-03-17,"aba102",43.5,-75
-2.3,3.72,4.81,1984-03-18,"aba102",43.5,-75
0.6,2.47,11.37,1984-03-19,"aba102",43.5,-75
2.8,5.58,16.25,1984-03-20,"aba102",43.5,-75
3.6,8.59,10.53,1984-03-21,"aba102",43.5,-75
2,6.43,12.76,1984-03-22,"aba102",43.5,-75
-2.2,6.63,11.17,1984-03-23,"aba102",43.5,-75
-4,4.62,18.21,1984-03-24,"aba102",43.5,-75
-2.3,3.76,21.54,1984-03-25,"aba102",43.5,-75
-5.1,3.66,22.68,1984-03-26,"aba102",43.5,-75
-4.4,3.44,22.41,1984-03-27,"aba102",43.5,-75
0.3,5.51,20.71,1984-03-28,"aba102",43.5,-75
-0.8,7.83,4.08,1984-03-29,"aba102",43.5,-75
-0.7,5.97,10.12,1984-03-30,"aba102",43.5,-75
0.1,4.25,17.82,1984-03-31,"aba102",43.5,-75
0.5,3.91,23.36,1984-04-01,"aba102",43.5,-75
1.7,4.92,21.23,1984-04-02,"aba102",43.5,-75
3.1,2.77,23.66,1984-04-03,"aba102",43.5,-75
3.8,6.8,13.13,1984-04-04,"aba102",43.5,-75
7.4,9.08,2.25,1984-04-05,"aba102",43.5,-75
5.9,4.94,6.77,1984-04-06,"aba102",43.5,-75
1.1,5.05,7.95,1984-04-07,"aba102",43.5,-75
1.1,5.29,17.49,1984-04-08,"aba102",43.5,-75
1,4.49,25.13,1984-04-09,"aba102",43.5,-75
1.3,4.85,16.75,1984-04-10,"aba102",43.5,-75
6.6,4.2,21.03,1984-04-11,"aba102",43.5,-75
8.1,3.8,23.88,1984-04-12,"aba102",43.5,-75
7.1,4.69,17.82,1984-04-13,"aba102",43.5,-75
5.6,5.12,8.49,1984-04-14,"aba102",43.5,-75
5.3,6.26,5.88,1984-04-15,"aba102",43.5,-75
5,5.36,2.14,1984-04-16,"aba102",43.5,-75
7.1,4.57,15.77,1984-04-17,"aba102",43.5,-75
7,3.02,18.37,1984-04-18,"aba102",43.5,-75
7.6,2.92,14.49,1984-04-19,"aba102",43.5,-75
6.9,4.94,12.39,1984-04-20,"aba102",43.5,-75
2.8,8.45,18.25,1984-04-21,"aba102",43.5,-75
3.8,4.5,26.64,1984-04-22,"aba102",43.5,-75
5.4,4.4,9.37,1984-04-23,"aba102",43.5,-75
6.4,4.65,3.31,1984-04-24,"aba102",43.5,-75
6.5,6.36,7.23,1984-04-25,"aba102",43.5,-75
9.6,4.39,25.86,1984-04-26,"aba102",43.5,-75
13.3,3.86,26.59,1984-04-27,"aba102",43.5,-75
14.4,4.66,24.85,1984-04-28,"aba102",43.5,-75
14.5,3.31,27.01,1984-04-29,"aba102",43.5,-75
13.1,7.18,16.05,1984-04-30,"aba102",43.5,-75
5.5,7.9,21.2,1984-05-01,"aba102",43.5,-75
2.8,5.55,12.93,1984-05-02,"aba102",43.5,-75
6.5,4.36,25.37,1984-05-03,"aba102",43.5,-75
7.6,6.94,3.41,1984-05-04,"aba102",43.5,-75
5.5,5.46,11.9,1984-05-05,"aba102",43.5,-75
9.6,3.05,22.8,1984-05-06,"aba102",43.5,-75
13,4.35,25.29,1984-05-07,"aba102",43.5,-75
10.9,5.91,3.05,1984-05-08,"aba102",43.5,-75
6,5.76,24.47,1984-05-09,"aba102",43.5,-75
7.3,5.73,22.1,1984-05-10,"aba102",43.5,-75
10.7,6.36,18.03,1984-05-11,"aba102",43.5,-75
12,5.3,14.84,1984-05-12,"aba102",43.5,-75
6,3.71,10.19,1984-05-13,"aba102",43.5,-75
5.4,5.66,19.3,1984-05-14,"aba102",43.5,-75
4.2,4.88,21.32,1984-05-15,"aba102",43.5,-75
3.7,5.19,22.14,1984-05-16,"aba102",43.5,-75
6.9,5.19,23.57,1984-05-17,"aba102",43.5,-75
8.3,2.5,18.26,1984-05-18,"aba102",43.5,-75
12.1,4.98,18.41,1984-05-19,"aba102",43.5,-75
12.2,3.61,15.69,1984-05-20,"aba102",43.5,-75
12.3,2.8,19.36,1984-05-21,"aba102",43.5,-75
17.6,4.59,20.2,1984-05-22,"aba102",43.5,-75
16.9,6.74,9.74,1984-05-23,"aba102",43.5,-75
12.1,4.88,23.31,1984-05-24,"aba102",43.5,-75
18,5.64,27.73,1984-05-25,"aba102",43.5,-75
16.7,6.65,16.3,1984-05-26,"aba102",43.5,-75
10.9,3.32,26.29,1984-05-27,"aba102",43.5,-75
7.1,6.31,3.18,1984-05-28,"aba102",43.5,-75
9.6,6.77,2.98,1984-05-29,"aba102",43.5,-75
7.2,3.05,3.83,1984-05-30,"aba102",43.5,-75
7.6,3.86,14.99,1984-05-31,"aba102",43.5,-75
10.2,6.01,19.06,1984-06-01,"aba102",43.5,-75
14.3,7.63,31.18,1984-06-02,"aba102",43.5,-75
12.3,3.55,13.03,1984-06-03,"aba102",43.5,-75
15.3,5.42,28.75,1984-06-04,"aba102",43.5,-75
18,3.92,26.92,1984-06-05,"aba102",43.5,-75
18.8,4.08,21.58,1984-06-06,"aba102",43.5,-75
22.4,3.62,23.93,1984-06-07,"aba102",43.5,-75
24.1,5.75,25.72,1984-06-08,"aba102",43.5,-75
24.1,5.81,23.5,1984-06-09,"aba102",43.5,-75
23.4,4.78,26.42,1984-06-10,"aba102",43.5,-75
21,6.9,27.54,1984-06-11,"aba102",43.5,-75
17.7,3.18,30.52,1984-06-12,"aba102",43.5,-75
20.9,6.63,25.02,1984-06-13,"aba102",43.5,-75
17.2,6.71,15.38,1984-06-14,"aba102",43.5,-75
11.1,4.96,30.45,1984-06-15,"aba102",43.5,-75
12.7,2.98,30.45,1984-06-16,"aba102",43.5,-75
16.4,4.02,22.82,1984-06-17,"aba102",43.5,-75
16.7,5.85,4.95,1984-06-18,"aba102",43.5,-75
19.7,5.17,17.18,1984-06-19,"aba102",43.5,-75
14.4,3.82,28.65,1984-06-20,"aba102",43.5,-75
14.8,3.61,29.71,1984-06-21,"aba102",43.5,-75
16,2.62,30.25,1984-06-22,"aba102",43.5,-75
17.1,4,30.06,1984-06-23,"aba102",43.5,-75
16.7,7.45,6.18,1984-06-24,"aba102",43.5,-75
15.3,3.95,25.56,1984-06-25,"aba102",43.5,-75
13.1,3.74,16.03,1984-06-26,"aba102",43.5,-75
16,5.66,25.62,1984-06-27,"aba102",43.5,-75
17.8,5.13,22.71,1984-06-28,"aba102",43.5,-75
18,2.59,23.82,1984-06-29,"aba102",43.5,-75
18,2.76,19.17,1984-06-30,"aba102",43.5,-75
18,2.78,15.57,1984-07-01,"aba102",43.5,-75
19.4,2.84,26.16,1984-07-02,"aba102",43.5,-75
19.6,3.7,24.74,1984-07-03,"aba102",43.5,-75
19.5,5.06,18.68,1984-07-04,"aba102",43.5,-75
18.2,3.31,7.87,1984-07-05,"aba102",43.5,-75
18.4,4.85,23.7,1984-07-06,"aba102",43.5,-75
15.9,4.6,21.09,1984-07-07,"aba102",43.5,-75
13.2,4.77,16.67,1984-07-08,"aba102",43.5,-75
15.1,4.3,22.96,1984-07-09,"aba102",43.5,-75
17.8,3.3,26.14,1984-07-10,"aba102",43.5,-75
19.2,5.98,8.27,1984-07-11,"aba102",43.5,-75
20,5.69,22.91,1984-07-12,"aba102",43.5,-75
19,4.26,24.21,1984-07-13,"aba102",43.5,-75
21.5,5.73,27.03,1984-07-14,"aba102",43.5,-75
22.5,4.03,23.82,1984-07-15,"aba102",43.5,-75
20.7,5.25,17.85,1984-07-16,"aba102",43.5,-75
18.4,4.03,19.14,1984-07-17,"aba102",43.5,-75
17.1,3.8,14.42,1984-07-18,"aba102",43.5,-75
16.6,4.44,21.17,1984-07-19,"aba102",43.5,-75
18,4.62,22.46,1984-07-20,"aba102",43.5,-75
19.2,2.42,22.42,1984-07-21,"aba102",43.5,-75
19.5,2.15,25.22,1984-07-22,"aba102",43.5,-75
22.3,5.37,23.01,1984-07-23,"aba102",43.5,-75
21.8,6.55,26.1,1984-07-24,"aba102",43.5,-75
16,4.36,25.31,1984-07-25,"aba102",43.5,-75
16.1,3.04,21.24,1984-07-26,"aba102",43.5,-75
14.3,3.07,9.81,1984-07-27,"aba102",43.5,-75
15.7,2.47,20.09,1984-07-28,"aba102",43.5,-75
16.4,2.3,22.85,1984-07-29,"aba102",43.5,-75
17.6,2.5,21.9,1984-07-30,"aba102",43.5,-75
19.6,4.27,24.12,1984-07-31,"aba102",43.5,-75
19.4,4.43,16.19,1984-08-01,"aba102",43.5,-75
19.6,2.2,18.22,1984-08-02,"aba102",43.5,-75
19.5,1.92,14.93,1984-08-03,"aba102",43.5,-75
20.4,2.47,21.56,1984-08-04,"aba102",43.5,-75
20.7,2.97,22.5,1984-08-05,"aba102",43.5,-75
20.6,3.21,19.08,1984-08-06,"aba102",43.5,-75
20.9,3.98,12.53,1984-08-07,"aba102",43.5,-75
21.5,2.67,20.22,1984-08-08,"aba102",43.5,-75
22.5,4.41,17.61,1984-08-09,"aba102",43.5,-75
21.8,3.61,14.14,1984-08-10,"aba102",43.5,-75
20.8,2.2,11.52,1984-08-11,"aba102",43.5,-75
20.6,3.7,9.81,1984-08-12,"aba102",43.5,-75
22.4,3.56,16.86,1984-08-13,"aba102",43.5,-75
22,2.43,16.42,1984-08-14,"aba102",43.5,-75
20.4,4.36,17.01,1984-08-15,"aba102",43.5,-75
19.5,3.5,16.88,1984-08-16,"aba102",43.5,-75
15.1,3.33,22.39,1984-08-17,"aba102",43.5,-75
13.2,2.53,25.43,1984-08-18,"aba102",43.5,-75
14.3,4.2,14.22,1984-08-19,"aba102",43.5,-75
12.6,4.1,22.49,1984-08-20,"aba102",43.5,-75
13.5,2,23.7,1984-08-21,"aba102",43.5,-75
16.8,3.62,24.03,1984-08-22,"aba102",43.5,-75
16.6,5.41,11.21,1984-08-23,"aba102",43.5,-75
14.6,5.26,13.98,1984-08-24,"aba102",43.5,-75
15.3,2.81,20.55,1984-08-25,"aba102",43.5,-75
14.9,2.42,21.98,1984-08-26,"aba102",43.5,-75
16.4,3,18.01,1984-08-27,"aba102",43.5,-75
18.7,3.05,16.86,1984-08-28,"aba102",43.5,-75
20.3,4.33,10.37,1984-08-29,"aba102",43.5,-75
19.8,4.55,11,1984-08-30,"aba102",43.5,-75
16.7,4.84,18.42,1984-08-31,"aba102",43.5,-75
13.4,5.37,16.89,1984-09-01,"aba102",43.5,-75
12.4,2.52,7.33,1984-09-02,"aba102",43.5,-75
11.4,5.35,4.48,1984-09-03,"aba102",43.5,-75
11.7,3.76,9.21,1984-09-04,"aba102",43.5,-75
9.2,4.24,16.4,1984-09-05,"aba102",43.5,-75
7.5,4.17,14.61,1984-09-06,"aba102",43.5,-75
9.5,3.4,19.98,1984-09-07,"aba102",43.5,-75
13.5,4,20.64,1984-09-08,"aba102",43.5,-75
15.2,4.96,21.19,1984-09-09,"aba102",43.5,-75
16.3,5.46,9.24,1984-09-10,"aba102",43.5,-75
15.3,4.79,3.52,1984-09-11,"aba102",43.5,-75
12.1,3.2,15.81,1984-09-12,"aba102",43.5,-75
14.7,5.1,9.94,1984-09-13,"aba102",43.5,-75
15.2,4.68,11.66,1984-09-14,"aba102",43.5,-75
7.7,4.61,5.22,1984-09-15,"aba102",43.5,-75
5.4,4.55,13.98,1984-09-16,"aba102",43.5,-75
7.7,2.47,18.83,1984-09-17,"aba102",43.5,-75
10,3.51,19.85,1984-09-18,"aba102",43.5,-75
11.9,4.74,12.22,1984-09-19,"aba102",43.5,-75
15.2,7.08,14.05,1984-09-20,"aba102",43.5,-75
9.5,4.53,16.71,1984-09-21,"aba102",43.5,-75
11.3,3.64,18.62,1984-09-22,"aba102",43.5,-75
16.7,4.2,12.54,1984-09-23,"aba102",43.5,-75
18.2,3.31,12.58,1984-09-24,"aba102",43.5,-75
18.9,4.39,11.26,1984-09-25,"aba102",43.5,-75
10.6,6.94,12.06,1984-09-26,"aba102",43.5,-75
3.7,3.57,14.67,1984-09-27,"aba102",43.5,-75
6.1,2.21,14.66,1984-09-28,"aba102",43.5,-75
7.1,2.28,11.02,1984-09-29,"aba102",43.5,-75
6.2,2.28,11.47,1984-09-30,"aba102",43.5,-75
7.1,3.2,5.32,1984-10-01,"aba102",43.5,-75
4.9,5.75,5.2,1984-10-02,"aba102",43.5,-75
5.4,6.73,6.29,1984-10-03,"aba102",43.5,-75
5.4,5.06,11.43,1984-10-04,"aba102",43.5,-75
2.5,4.92,17.36,1984-10-05,"aba102",43.5,-75
0.2,2.31,17.11,1984-10-06,"aba102",43.5,-75
6.3,3.34,14.88,1984-10-07,"aba102",43.5,-75
11.2,2.92,6.6,1984-10-08,"aba102",43.5,-75
13,2.11,5.95,1984-10-09,"aba102",43.5,-75
11.8,2.33,5.14,1984-10-10,"aba102",43.5,-75
9.6,3.11,12.81,1984-10-11,"aba102",43.5,-75
12,3.04,13.96,1984-10-12,"aba102",43.5,-75
12,3.18,14.85,1984-10-13,"aba102",43.5,-75
10.3,3.08,14.75,1984-10-14,"aba102",43.5,-75
10.7,3.1,14.27,1984-10-15,"aba102",43.5,-75
11.9,3.23,14.2,1984-10-16,"aba102",43.5,-75
11.5,3.16,14,1984-10-17,"aba102",43.5,-75
11.8,2.5,10.39,1984-10-18,"aba102",43.5,-75
13.8,4.16,9.84,1984-10-19,"aba102",43.5,-75
11.6,4.6,11.8,1984-10-20,"aba102",43.5,-75
11.3,5.72,7.1,1984-10-21,"aba102",43.5,-75
11.6,4.57,5.77,1984-10-22,"aba102",43.5,-75
7.9,3.72,7.63,1984-10-23,"aba102",43.5,-75
5.1,2.39,5.49,1984-10-24,"aba102",43.5,-75
5.9,2.91,10.39,1984-10-25,"aba102",43.5,-75
6.7,4.09,1.59,1984-10-26,"aba102",43.5,-75
11.4,4.71,5.53,1984-10-27,"aba102",43.5,-75
17.7,6.22,7.17,1984-10-28,"aba102",43.5,-75
10.6,3.24,9.21,1984-10-29,"aba102",43.5,-75
6.1,4.66,12.23,1984-10-30,"aba102",43.5,-75
7.1,4.36,9.15,1984-10-31,"aba102",43.5,-75
7,7.45,9.36,1984-11-01,"aba102",43.5,-75
3.7,7.52,5.77,1984-11-02,"aba102",43.5,-75
-1.1,4.53,11.83,1984-11-03,"aba102",43.5,-75
3,5.97,9.93,1984-11-04,"aba102",43.5,-75
7.7,5.06,1.04,1984-11-05,"aba102",43.5,-75
2.7,3.91,7.68,1984-11-06,"aba102",43.5,-75
-2.6,3.64,10.51,1984-11-07,"aba102",43.5,-75
-2.1,4.13,10.74,1984-11-08,"aba102",43.5,-75
4,4.74,5.48,1984-11-09,"aba102",43.5,-75
8.2,4.75,3.67,1984-11-10,"aba102",43.5,-75
8.9,4.97,1.6,1984-11-11,"aba102",43.5,-75
2.3,4.17,1.68,1984-11-12,"aba102",43.5,-75
-3.1,6.78,2.52,1984-11-13,"aba102",43.5,-75
-4.7,6.5,9.31,1984-11-14,"aba102",43.5,-75
-0.5,5.4,6.93,1984-11-15,"aba102",43.5,-75
1.9,6.31,4.63,1984-11-16,"aba102",43.5,-75
-2.9,6.77,7.47,1984-11-17,"aba102",43.5,-75
-1.8,5.78,3.94,1984-11-18,"aba102",43.5,-75
-8.6,3.91,8.09,1984-11-19,"aba102",43.5,-75
-9.7,5.08,4.83,1984-11-20,"aba102",43.5,-75
-8,4.49,5.9,1984-11-21,"aba102",43.5,-75
-7.9,2.72,7.24,1984-11-22,"aba102",43.5,-75
-2.5,5.34,4.05,1984-11-23,"aba102",43.5,-75
0.4,4.75,4.49,1984-11-24,"aba102",43.5,-75
0.9,2.51,6.46,1984-11-25,"aba102",43.5,-75
0.2,2.28,8.95,1984-11-26,"aba102",43.5,-75
4,4.61,7.6,1984-11-27,"aba102",43.5,-75
8.9,6.81,6.21,1984-11-28,"aba102",43.5,-75
3.9,5.99,1.39,1984-11-29,"aba102",43.5,-75
1.7,4.98,7.87,1984-11-30,"aba102",43.5,-75
1,6.14,3.26,1984-12-01,"aba102",43.5,-75
-1.9,4.14,5.52,1984-12-02,"aba102",43.5,-75
-3.1,6.62,2.22,1984-12-03,"aba102",43.5,-75
-4.3,6.73,6.43,1984-12-04,"aba102",43.5,-75
-7.7,5.28,7.04,1984-12-05,"aba102",43.5,-75
-5.1,5.31,2.93,1984-12-06,"aba102",43.5,-75
-11.1,4.92,6.07,1984-12-07,"aba102",43.5,-75
-6.2,4.84,2.61,1984-12-08,"aba102",43.5,-75
-0.3,3.89,4.64,1984-12-09,"aba102",43.5,-75
0.4,4.33,2.66,1984-12-10,"aba102",43.5,-75
0.7,2.31,5.65,1984-12-11,"aba102",43.5,-75
1.2,4.43,5.73,1984-12-12,"aba102",43.5,-75
3.6,4.21,1.09,1984-12-13,"aba102",43.5,-75
-5.9,6.1,2.26,1984-12-14,"aba102",43.5,-75
-1.6,6.03,1.65,1984-12-15,"aba102",43.5,-75
1.5,5,5.4,1984-12-16,"aba102",43.5,-75
4.7,5.33,4.08,1984-12-17,"aba102",43.5,-75
-0.3,5.15,2.19,1984-12-18,"aba102",43.5,-75
-3.7,4.79,2.06,1984-12-19,"aba102",43.5,-75
-2.5,7.82,4.76,1984-12-20,"aba102",43.5,-75
-8.6,7.92,5.22,1984-12-21,"aba102",43.5,-75
-0.5,7.67,3.02,1984-12-22,"aba102",43.5,-75
-3.9,6.4,5.56,1984-12-23,"aba102",43.5,-75
0.2,5.04,7.05,1984-12-24,"aba102",43.5,-75
-8.2,6.35,5.51,1984-12-25,"aba102",43.5,-75
-10.4,7.67,4.55,1984-12-26,"aba102",43.5,-75
-13.4,4.32,2.17,1984-12-27,"aba102",43.5,-75
-0.2,6.3,0.81,1984-12-28,"aba102",43.5,-75
10.5,6.28,0.57,1984-12-29,"aba102",43.5,-75
-1.2,4.03,6.02,1984-12-30,"aba102",43.5,-75
-3.7,3.42,6.72,1984-12-31,"aba102",43.5,-75
0.2,7.38,0.6,1985-01-01,"aba102",43.5,-75
-3.7,6,3.78,1985-01-02,"aba102",43.5,-75
-9.9,3.58,6.54,1985-01-03,"aba102",43.5,-75
-8.8,2.31,7.52,1985-01-04,"aba102",43.5,-75
-9.6,5.7,5.21,1985-01-05,"aba102",43.5,-75
-8.8,4.44,3.04,1985-01-06,"aba102",43.5,-75
-7.2,4.17,4.59,1985-01-07,"aba102",43.5,-75
-15.3,5.14,6.87,1985-01-08,"aba102",43.5,-75
-19.5,4.92,8.04,1985-01-09,"aba102",43.5,-75
-18.3,3.82,5.66,1985-01-10,"aba102",43.5,-75
-15.9,3.5,6.46,1985-01-11,"aba102",43.5,-75
-13.6,4.94,6.33,1985-01-12,"aba102",43.5,-75
-5.9,4.3,4.35,1985-01-13,"aba102",43.5,-75
-5.8,3.7,3.41,1985-01-14,"aba102",43.5,-75
-12.5,5.59,7.44,1985-01-15,"aba102",43.5,-75
-21.3,4.98,9.54,1985-01-16,"aba102",43.5,-75
-12.6,4.38,3.18,1985-01-17,"aba102",43.5,-75
-8.9,3.77,7.66,1985-01-18,"aba102",43.5,-75
-7.6,4.95,4.3,1985-01-19,"aba102",43.5,-75
-16.7,6.55,7.56,1985-01-20,"aba102",43.5,-75
-18.6,6.64,6.36,1985-01-21,"aba102",43.5,-75
-10.6,6.71,6.07,1985-01-22,"aba102",43.5,-75
-6.4,7.28,4.79,1985-01-23,"aba102",43.5,-75
-6.8,4.22,6.06,1985-01-24,"aba102",43.5,-75
-6.5,4.22,5.88,1985-01-25,"aba102",43.5,-75
-11.4,5.11,6.38,1985-01-26,"aba102",43.5,-75
-10.5,4.08,7.36,1985-01-27,"aba102",43.5,-75
-7,4.44,8.33,1985-01-28,"aba102",43.5,-75
-11.8,3.54,8.87,1985-01-29,"aba102",43.5,-75
-13.9,2.38,10.8,1985-01-30,"aba102",43.5,-75
-11.3,5.59,3.08,1985-01-31,"aba102",43.5,-75
-5.4,3.02,3.19,1985-02-01,"aba102",43.5,-75
-7.6,3.32,7.08,1985-02-02,"aba102",43.5,-75
-14.9,3.86,10.97,1985-02-03,"aba102",43.5,-75
-13.7,4.33,10.28,1985-02-04,"aba102",43.5,-75
-12.2,3.9,6.43,1985-02-05,"aba102",43.5,-75
-9.9,3.68,6.67,1985-02-06,"aba102",43.5,-75
-15.1,4.75,12.41,1985-02-07,"aba102",43.5,-75
-17.9,7.35,7.64,1985-02-08,"aba102",43.5,-75
-15.2,6.87,10.5,1985-02-09,"aba102",43.5,-75
-11.3,3.88,8.4,1985-02-10,"aba102",43.5,-75
-6.1,4.96,10.58,1985-02-11,"aba102",43.5,-75
-0.8,10.81,4.44,1985-02-12,"aba102",43.5,-75
0,8.32,5.68,1985-02-13,"aba102",43.5,-75
-4.7,5.17,9.97,1985-02-14,"aba102",43.5,-75
-8.3,4.17,10.02,1985-02-15,"aba102",43.5,-75
-9.4,3.81,9.91,1985-02-16,"aba102",43.5,-75
-4.4,6.68,10.14,1985-02-17,"aba102",43.5,-75
-4.6,8.12,10.62,1985-02-18,"aba102",43.5,-75
-4.5,7.37,11.35,1985-02-19,"aba102",43.5,-75
-7.8,3.77,10.81,1985-02-20,"aba102",43.5,-75
-4.3,4.9,12.56,1985-02-21,"aba102",43.5,-75
3.6,5.38,1.69,1985-02-22,"aba102",43.5,-75
4.8,3.89,1.68,1985-02-23,"aba102",43.5,-75
7.2,5.41,3.24,1985-02-24,"aba102",43.5,-75
-0.5,7.5,11.98,1985-02-25,"aba102",43.5,-75
0.4,4,7.33,1985-02-26,"aba102",43.5,-75
-2.4,7.96,5.65,1985-02-27,"aba102",43.5,-75
-9.6,4.74,16.6,1985-02-28,"aba102",43.5,-75
3.5,5.69,16.23,1985-03-01,"aba102",43.5,-75
1.3,6.61,10.75,1985-03-02,"aba102",43.5,-75
-7.9,5.38,17.18,1985-03-03,"aba102",43.5,-75
-12.2,8.17,3,1985-03-04,"aba102",43.5,-75
-3.3,8.1,8.61,1985-03-05,"aba102",43.5,-75
-10.5,5.59,17.4,1985-03-06,"aba102",43.5,-75
-7.9,5.48,11.18,1985-03-07,"aba102",43.5,-75
0.9,7.62,4.11,1985-03-08,"aba102",43.5,-75
-0.9,7.18,14.61,1985-03-09,"aba102",43.5,-75
-1.3,3.82,16.03,1985-03-10,"aba102",43.5,-75
3.1,6.83,15.74,1985-03-11,"aba102",43.5,-75
2.3,6.88,6.09,1985-03-12,"aba102",43.5,-75
0.5,7.41,9.24,1985-03-13,"aba102",43.5,-75
-0.7,7.02,10.64,1985-03-14,"aba102",43.5,-75
-5.3,7.7,14.78,1985-03-15,"aba102",43.5,-75
-6.5,5.39,19.98,1985-03-16,"aba102",43.5,-75
-2.8,4.4,13.14,1985-03-17,"aba102",43.5,-75
-10.7,4.74,20.22,1985-03-18,"aba102",43.5,-75
-6.5,4.12,20.61,1985-03-19,"aba102",43.5,-75
1.3,6.72,19.37,1985-03-20,"aba102",43.5,-75
-7.5,4.91,21.8,1985-03-21,"aba102",43.5,-75
-5.9,3.2,21.48,1985-03-22,"aba102",43.5,-75
2.1,3.47,15.53,1985-03-23,"aba102",43.5,-75
1.9,4.73,12.34,1985-03-24,"aba102",43.5,-75
-4,6.91,22.29,1985-03-25,"aba102",43.5,-75
-2.3,4.92,21.5,1985-03-26,"aba102",43.5,-75
7,5.19,20.89,1985-03-27,"aba102",43.5,-75
9.9,5.67,6.38,1985-03-28,"aba102",43.5,-75
6,5.8,4.83,1985-03-29,"aba102",43.5,-75
1.8,4.59,17.42,1985-03-30,"aba102",43.5,-75
-0.6,8.41,5.76,1985-03-31,"aba102",43.5,-75
-0.7,7.5,12.31,1985-04-01,"aba102",43.5,-75
-1.9,5.64,15.44,1985-04-02,"aba102",43.5,-75
-2.2,7.41,9.28,1985-04-03,"aba102",43.5,-75
1.3,6.14,15.71,1985-04-04,"aba102",43.5,-75
8.6,7.24,11.76,1985-04-05,"aba102",43.5,-75
8.5,7.86,14,1985-04-06,"aba102",43.5,-75
2.2,7.66,21.48,1985-04-07,"aba102",43.5,-75
-0.3,5.2,17.56,1985-04-08,"aba102",43.5,-75
-4,5.69,20.53,1985-04-09,"aba102",43.5,-75
-2.8,4.6,20.27,1985-04-10,"aba102",43.5,-75
3.3,5.59,17.89,1985-04-11,"aba102",43.5,-75
1.3,4.34,25.53,1985-04-12,"aba102",43.5,-75
3.7,4.83,19.93,1985-04-13,"aba102",43.5,-75
7.1,5.04,16.6,1985-04-14,"aba102",43.5,-75
12.8,4.88,14.79,1985-04-15,"aba102",43.5,-75
12.2,7.34,21.51,1985-04-16,"aba102",43.5,-75
-1,6.59,26.7,1985-04-17,"aba102",43.5,-75
2.1,4.88,6.39,1985-04-18,"aba102",43.5,-75
7.6,4.1,17.51,1985-04-19,"aba102",43.5,-75
10.5,2.35,20.22,1985-04-20,"aba102",43.5,-75
15.9,4.73,21.79,1985-04-21,"aba102",43.5,-75
17.2,3.77,22.53,1985-04-22,"aba102",43.5,-75
16.8,4.05,20.25,1985-04-23,"aba102",43.5,-75
13.3,4.36,22.68,1985-04-24,"aba102",43.5,-75
10.8,4.69,12.18,1985-04-25,"aba102",43.5,-75
10.6,5.97,21.21,1985-04-26,"aba102",43.5,-75
7.1,4.9,19.35,1985-04-27,"aba102",43.5,-75
5.3,3.91,14.7,1985-04-28,"aba102",43.5,-75
7.8,4.47,26.15,1985-04-29,"aba102",43.5,-75
12.9,5.04,27.38,1985-04-30,"aba102",43.5,-75
10.6,4.4,19.53,1985-05-01,"aba102",43.5,-75
9.4,3.3,22.3,1985-05-02,"aba102",43.5,-75
8.7,5.25,21.63,1985-05-03,"aba102",43.5,-75
7.5,7.12,24.94,1985-05-04,"aba102",43.5,-75
10.2,5.48,11.92,1985-05-05,"aba102",43.5,-75
11.9,3.09,8.05,1985-05-06,"aba102",43.5,-75
10.7,6.91,20.26,1985-05-07,"aba102",43.5,-75
4,5.72,29.16,1985-05-08,"aba102",43.5,-75
8.7,4.95,27.6,1985-05-09,"aba102",43.5,-75
17.9,6.74,23.26,1985-05-10,"aba102",43.5,-75
19.1,4.2,26.88,1985-05-11,"aba102",43.5,-75
19.1,4.46,22.01,1985-05-12,"aba102",43.5,-75
18.6,5.81,21.68,1985-05-13,"aba102",43.5,-75
13.8,3.85,16.81,1985-05-14,"aba102",43.5,-75
14.2,4.11,19.31,1985-05-15,"aba102",43.5,-75
13.4,3.89,7.15,1985-05-16,"aba102",43.5,-75
14.6,4.63,19.45,1985-05-17,"aba102",43.5,-75
8.5,6.16,17.73,1985-05-18,"aba102",43.5,-75
7,7.09,21.24,1985-05-19,"aba102",43.5,-75
16.7,7.32,24.69,1985-05-20,"aba102",43.5,-75
13.4,3.79,15.86,1985-05-21,"aba102",43.5,-75
11.8,3.58,29.18,1985-05-22,"aba102",43.5,-75
13.5,3.41,26.14,1985-05-23,"aba102",43.5,-75
14.8,3.42,30.06,1985-05-24,"aba102",43.5,-75
15.9,4.98,26.62,1985-05-25,"aba102",43.5,-75
14.2,3.16,14.3,1985-05-26,"aba102",43.5,-75
14.7,4.2,7.95,1985-05-27,"aba102",43.5,-75
13.1,3.86,16.19,1985-05-28,"aba102",43.5,-75
12.4,3.54,31.19,1985-05-29,"aba102",43.5,-75
14.2,6.62,22.63,1985-05-30,"aba102",43.5,-75
17.4,5.32,17.67,1985-05-31,"aba102",43.5,-75
12.9,6.98,6.61,1985-06-01,"aba102",43.5,-75
15.6,5.07,25.79,1985-06-02,"aba102",43.5,-75
14,4.3,24.52,1985-06-03,"aba102",43.5,-75
12.9,1.92,26.72,1985-06-04,"aba102",43.5,-75
11.6,4.52,6.71,1985-06-05,"aba102",43.5,-75
11.6,5.71,17.96,1985-06-06,"aba102",43.5,-75
12.9,2.53,29.4,1985-06-07,"aba102",43.5,-75
13.6,2.83,11.03,1985-06-08,"aba102",43.5,-75
15.9,4.46,15.76,1985-06-09,"aba102",43.5,-75
15.2,7.16,26.81,1985-06-10,"aba102",43.5,-75
12.5,4.96,18.36,1985-06-11,"aba102",43.5,-75
10.6,5.18,3.51,1985-06-12,"aba102",43.5,-75
8.3,5.84,12.21,1985-06-13,"aba102",43.5,-75
9,4.43,20.02,1985-06-14,"aba102",43.5,-75
12.9,3.92,27.21,1985-06-15,"aba102",43.5,-75
13.8,3.61,10.54,1985-06-16,"aba102",43.5,-75
15.9,3.86,18.86,1985-06-17,"aba102",43.5,-75
17,5.33,19.46,1985-06-18,"aba102",43.5,-75
13.3,6.35,22.59,1985-06-19,"aba102",43.5,-75
13.2,4.1,21.87,1985-06-20,"aba102",43.5,-75
14.4,3.69,25.4,1985-06-21,"aba102",43.5,-75
17.5,5.26,27.68,1985-06-22,"aba102",43.5,-75
20.1,4.64,25.84,1985-06-23,"aba102",43.5,-75
15.7,7.22,21.65,1985-06-24,"aba102",43.5,-75
11.3,5.46,14.18,1985-06-25,"aba102",43.5,-75
11.1,5.9,13.26,1985-06-26,"aba102",43.5,-75
13.5,5.11,15.4,1985-06-27,"aba102",43.5,-75
13.6,3.51,6.98,1985-06-28,"aba102",43.5,-75
13.9,4.25,12.64,1985-06-29,"aba102",43.5,-75
16.4,2.64,22.89,1985-06-30,"aba102",43.5,-75
18.3,2.2,22.72,1985-07-01,"aba102",43.5,-75
19,2.84,20.79,1985-07-02,"aba102",43.5,-75
17.3,4.32,16.77,1985-07-03,"aba102",43.5,-75
18.7,3.49,26.31,1985-07-04,"aba102",43.5,-75
20.8,3.81,25.73,1985-07-05,"aba102",43.5,-75
20,4.05,19.31,1985-07-06,"aba102",43.5,-75
15.5,6.1,16.39,1985-07-07,"aba102",43.5,-75
17.2,4.11,29.56,1985-07-08,"aba102",43.5,-75
18.8,2.76,24.22,1985-07-09,"aba102",43.5,-75
18.1,3.19,16.63,1985-07-10,"aba102",43.5,-75
15.2,4.6,21.66,1985-07-11,"aba102",43.5,-75
13.3,3.41,18.8,1985-07-12,"aba102",43.5,-75
17.7,3.53,27.23,1985-07-13,"aba102",43.5,-75
19.5,4.61,7.95,1985-07-14,"aba102",43.5,-75
20.1,3.55,13.05,1985-07-15,"aba102",43.5,-75
18.8,4.87,23.19,1985-07-16,"aba102",43.5,-75
16.7,3.26,23.26,1985-07-17,"aba102",43.5,-75
18.1,2.97,28.96,1985-07-18,"aba102",43.5,-75
19.9,4.75,21.56,1985-07-19,"aba102",43.5,-75
21.2,4.68,22.37,1985-07-20,"aba102",43.5,-75
18.8,3.61,23.23,1985-07-21,"aba102",43.5,-75
17.5,6.8,24.83,1985-07-22,"aba102",43.5,-75
14.5,5.16,25.41,1985-07-23,"aba102",43.5,-75
16.1,4.24,29.22,1985-07-24,"aba102",43.5,-75
21.4,5.78,23.05,1985-07-25,"aba102",43.5,-75
20.5,5.06,8.28,1985-07-26,"aba102",43.5,-75
16.8,4.34,21.34,1985-07-27,"aba102",43.5,-75
16.4,3.11,23.97,1985-07-28,"aba102",43.5,-75
20.1,3.75,26.66,1985-07-29,"aba102",43.5,-75
18.7,3.09,21.68,1985-07-30,"aba102",43.5,-75
13.5,3.72,5.99,1985-07-31,"aba102",43.5,-75
15.1,5.21,21.2,1985-08-01,"aba102",43.5,-75
15.4,3.93,21.2,1985-08-02,"aba102",43.5,-75
16.3,2.57,21.23,1985-08-03,"aba102",43.5,-75
18,2.06,23.18,1985-08-04,"aba102",43.5,-75
19,3.1,23.07,1985-08-05,"aba102",43.5,-75
19.5,4.46,21.33,1985-08-06,"aba102",43.5,-75
19.2,4,12.63,1985-08-07,"aba102",43.5,-75
19.9,3.79,20.17,1985-08-08,"aba102",43.5,-75
20,2,22.19,1985-08-09,"aba102",43.5,-75
20.4,3.36,24.23,1985-08-10,"aba102",43.5,-75
18.9,3.64,10.35,1985-08-11,"aba102",43.5,-75
15.6,3.52,25.73,1985-08-12,"aba102",43.5,-75
17.9,3.51,23.95,1985-08-13,"aba102",43.5,-75
22.4,3.08,20.48,1985-08-14,"aba102",43.5,-75
21.6,5.13,13.29,1985-08-15,"aba102",43.5,-75
17.2,4.92,19.26,1985-08-16,"aba102",43.5,-75
16,3.33,22.25,1985-08-17,"aba102",43.5,-75
17.7,4.61,24.09,1985-08-18,"aba102",43.5,-75
17.5,5.26,10.91,1985-08-19,"aba102",43.5,-75
16.1,4.04,16.52,1985-08-20,"aba102",43.5,-75
15,2.56,15.9,1985-08-21,"aba102",43.5,-75
14.4,2.6,14.58,1985-08-22,"aba102",43.5,-75
13.8,2.47,17.66,1985-08-23,"aba102",43.5,-75
13.4,4.83,4.39,1985-08-24,"aba102",43.5,-75
15.6,4.83,3.25,1985-08-25,"aba102",43.5,-75
18.6,3.55,7.2,1985-08-26,"aba102",43.5,-75
18.1,5.03,13.89,1985-08-27,"aba102",43.5,-75
17.3,5.76,17.33,1985-08-28,"aba102",43.5,-75
13.5,3.22,17.37,1985-08-29,"aba102",43.5,-75
13.4,4.3,7.91,1985-08-30,"aba102",43.5,-75
11.6,3.47,6.36,1985-08-31,"aba102",43.5,-75
12.6,3.61,21.98,1985-09-01,"aba102",43.5,-75
15.9,4.16,12.07,1985-09-02,"aba102",43.5,-75
16.3,4.41,14.85,1985-09-03,"aba102",43.5,-75
20.5,6.76,5,1985-09-04,"aba102",43.5,-75
19.6,3.92,9.55,1985-09-05,"aba102",43.5,-75
20.3,4.95,6.82,1985-09-06,"aba102",43.5,-75
20.2,3.41,13.32,1985-09-07,"aba102",43.5,-75
20.7,2.48,13.5,1985-09-08,"aba102",43.5,-75
15.3,3.35,2.52,1985-09-09,"aba102",43.5,-75
14.2,3.81,6.66,1985-09-10,"aba102",43.5,-75
9.2,4.9,18.94,1985-09-11,"aba102",43.5,-75
5.9,4.07,17.72,1985-09-12,"aba102",43.5,-75
5.6,4.46,14.03,1985-09-13,"aba102",43.5,-75
8,4.46,20.16,1985-09-14,"aba102",43.5,-75
9.7,3.42,19.05,1985-09-15,"aba102",43.5,-75
9.8,2.12,16.37,1985-09-16,"aba102",43.5,-75
12.4,2.86,19.67,1985-09-17,"aba102",43.5,-75
14.7,3.01,18.44,1985-09-18,"aba102",43.5,-75
17.7,2.77,14.84,1985-09-19,"aba102",43.5,-75
19.1,4.24,17.83,1985-09-20,"aba102",43.5,-75
16.1,3.45,8.36,1985-09-21,"aba102",43.5,-75
14.8,3.47,11.02,1985-09-22,"aba102",43.5,-75
16.5,4.7,14.99,1985-09-23,"aba102",43.5,-75
13.9,5.8,3.2,1985-09-24,"aba102",43.5,-75
9.5,2.62,16.13,1985-09-25,"aba102",43.5,-75
11.3,5.71,15.31,1985-09-26,"aba102",43.5,-75
14,6.73,1.37,1985-09-27,"aba102",43.5,-75
11,6.34,13,1985-09-28,"aba102",43.5,-75
11.1,3.06,17.24,1985-09-29,"aba102",43.5,-75
13,3.2,17.24,1985-09-30,"aba102",43.5,-75
13.7,4.07,12.04,1985-10-01,"aba102",43.5,-75
8.7,3.08,7.68,1985-10-02,"aba102",43.5,-75
6.5,2.7,11.72,1985-10-03,"aba102",43.5,-75
10.5,5.56,3.66,1985-10-04,"aba102",43.5,-75
10.9,5.94,4.51,1985-10-05,"aba102",43.5,-75
6.5,5.51,10.03,1985-10-06,"aba102",43.5,-75
5.5,4.02,10.28,1985-10-07,"aba102",43.5,-75
9,5.12,14.48,1985-10-08,"aba102",43.5,-75
12.9,4.61,5.09,1985-10-09,"aba102",43.5,-75
13.5,7.08,6.1,1985-10-10,"aba102",43.5,-75
4.2,4.27,13.07,1985-10-11,"aba102",43.5,-75
3.1,4.53,13.17,1985-10-12,"aba102",43.5,-75
8.5,5.24,2.22,1985-10-13,"aba102",43.5,-75
10.9,2.33,6.01,1985-10-14,"aba102",43.5,-75
12.6,7.56,2.37,1985-10-15,"aba102",43.5,-75
5.7,5.35,6.42,1985-10-16,"aba102",43.5,-75
3.4,3.02,12.83,1985-10-17,"aba102",43.5,-75
9.4,4.78,10.42,1985-10-18,"aba102",43.5,-75
11.2,3.67,1.75,1985-10-19,"aba102",43.5,-75
4.7,4.5,13.66,1985-10-20,"aba102",43.5,-75
3.4,3.05,13.96,1985-10-21,"aba102",43.5,-75
5.2,3.05,13.74,1985-10-22,"aba102",43.5,-75
9,4.18,13.18,1985-10-23,"aba102",43.5,-75
10.9,6.45,3.18,1985-10-24,"aba102",43.5,-75
9.4,7.53,11.41,1985-10-25,"aba102",43.5,-75
6.4,4.97,12.57,1985-10-26,"aba102",43.5,-75
8.6,6,7.94,1985-10-27,"aba102",43.5,-75
0.6,6.55,11.47,1985-10-28,"aba102",43.5,-75
-1.8,4.59,11.47,1985-10-29,"aba102",43.5,-75
0.1,2.64,5.54,1985-10-30,"aba102",43.5,-75
3.3,4.21,12.13,1985-10-31,"aba102",43.5,-75
5.7,4.83,12.41,1985-11-01,"aba102",43.5,-75
5.5,5.37,7.26,1985-11-02,"aba102",43.5,-75
5.9,5.91,8.93,1985-11-03,"aba102",43.5,-75
5.1,6.18,6.27,1985-11-04,"aba102",43.5,-75
6.1,7.3,0.92,1985-11-05,"aba102",43.5,-75
5.8,3.71,1.78,1985-11-06,"aba102",43.5,-75
6.2,4.42,6.64,1985-11-07,"aba102",43.5,-75
3.1,5.81,8.14,1985-11-08,"aba102",43.5,-75
2.4,3.72,4.29,1985-11-09,"aba102",43.5,-75
5.3,4.62,1.34,1985-11-10,"aba102",43.5,-75
-0.5,3.47,2.65,1985-11-11,"aba102",43.5,-75
0.4,5.31,0.81,1985-11-12,"aba102",43.5,-75
7.5,4.53,1.79,1985-11-13,"aba102",43.5,-75
1.9,5.46,3.23,1985-11-14,"aba102",43.5,-75
-3.6,5.71,7.16,1985-11-15,"aba102",43.5,-75
-5,7.57,3.99,1985-11-16,"aba102",43.5,-75
2,6.66,3.88,1985-11-17,"aba102",43.5,-75
2.9,3.7,7.66,1985-11-18,"aba102",43.5,-75
10.4,4.28,6.36,1985-11-19,"aba102",43.5,-75
10.4,5.6,2.14,1985-11-20,"aba102",43.5,-75
-1,5.04,4.41,1985-11-21,"aba102",43.5,-75
-3.5,5.04,1.41,1985-11-22,"aba102",43.5,-75
-0.9,4.24,4.96,1985-11-23,"aba102",43.5,-75
-1.2,6.23,5.1,1985-11-24,"aba102",43.5,-75
-4.1,5.1,5.82,1985-11-25,"aba102",43.5,-75
-5.3,4.89,1.39,1985-11-26,"aba102",43.5,-75
-1.3,3.62,3.15,1985-11-27,"aba102",43.5,-75
-4.1,4.92,1.26,1985-11-28,"aba102",43.5,-75
-3.2,3.64,3.66,1985-11-29,"aba102",43.5,-75
-2.2,4.12,4.8,1985-11-30,"aba102",43.5,-75
1,7.71,2.26,1985-12-01,"aba102",43.5,-75
-0.7,8.16,5.52,1985-12-02,"aba102",43.5,-75
-11.9,8.94,7.09,1985-12-03,"aba102",43.5,-75
-11.9,3,6.35,1985-12-04,"aba102",43.5,-75
-7.9,3.3,5.31,1985-12-05,"aba102",43.5,-75
-4.5,3.3,3.49,1985-12-06,"aba102",43.5,-75
-6.4,3.28,4.49,1985-12-07,"aba102",43.5,-75
-1.3,3.81,2.49,1985-12-08,"aba102",43.5,-75
-2.7,2.68,3.81,1985-12-09,"aba102",43.5,-75
-6.8,2.61,5,1985-12-10,"aba102",43.5,-75
-0.6,2.84,2.25,1985-12-11,"aba102",43.5,-75
-3.5,3.03,5.01,1985-12-12,"aba102",43.5,-75
-3.4,3.05,2.91,1985-12-13,"aba102",43.5,-75
-8.9,5.83,7.18,1985-12-14,"aba102",43.5,-75
-10.4,5.22,5.75,1985-12-15,"aba102",43.5,-75
-5.6,4.97,4.6,1985-12-16,"aba102",43.5,-75
-8.7,5.2,6.52,1985-12-17,"aba102",43.5,-75
-13.8,6.89,6.07,1985-12-18,"aba102",43.5,-75
-14.9,3.72,6.44,1985-12-19,"aba102",43.5,-75
-11,3.18,5.72,1985-12-20,"aba102",43.5,-75
-10.9,3.49,4.56,1985-12-21,"aba102",43.5,-75
-11.4,4.81,5.88,1985-12-22,"aba102",43.5,-75
-4.4,5,3.18,1985-12-23,"aba102",43.5,-75
-0.6,5.8,4.05,1985-12-24,"aba102",43.5,-75
-13.3,3.96,4.46,1985-12-25,"aba102",43.5,-75
-16.2,6.09,5.89,1985-12-26,"aba102",43.5,-75
-9.5,6.26,3.28,1985-12-27,"aba102",43.5,-75
-9.3,6.56,6.11,1985-12-28,"aba102",43.5,-75
-9.1,5.28,5.01,1985-12-29,"aba102",43.5,-75
-7.1,5.04,4.01,1985-12-30,"aba102",43.5,-75
-3.2,5.5,2.37,1985-12-31,"aba102",43.5,-75
-5.1,4.05,5.77,1986-01-01,"aba102",43.5,-75
-5.3,3.78,4.7,1986-01-02,"aba102",43.5,-75
-3.2,4.8,3.36,1986-01-03,"aba102",43.5,-75
-11.4,5.8,7.16,1986-01-04,"aba102",43.5,-75
-6.8,6.22,3.98,1986-01-05,"aba102",43.5,-75
-8.7,7.98,6.48,1986-01-06,"aba102",43.5,-75
-17.5,4.46,8.16,1986-01-07,"aba102",43.5,-75
-19,4.14,7.93,1986-01-08,"aba102",43.5,-75
-6.6,5.33,8.38,1986-01-09,"aba102",43.5,-75
-2.4,5.73,3.03,1986-01-10,"aba102",43.5,-75
-7.2,3.77,7.08,1986-01-11,"aba102",43.5,-75
-0.2,6.35,6.26,1986-01-12,"aba102",43.5,-75
-7.1,5.01,5.31,1986-01-13,"aba102",43.5,-75
-21.9,4.02,6.98,1986-01-14,"aba102",43.5,-75
-20.9,4.04,9.32,1986-01-15,"aba102",43.5,-75
-13,3.68,8.95,1986-01-16,"aba102",43.5,-75
-2.6,4.83,6.38,1986-01-17,"aba102",43.5,-75
3.4,4.38,6.58,1986-01-18,"aba102",43.5,-75
4.6,5.47,2.47,1986-01-19,"aba102",43.5,-75
4,4.79,1.47,1986-01-20,"aba102",43.5,-75
-3.3,5.65,4.87,1986-01-21,"aba102",43.5,-75
-0.5,6.4,2.27,1986-01-22,"aba102",43.5,-75
-11,5.66,10.13,1986-01-23,"aba102",43.5,-75
-14.9,4.35,10.52,1986-01-24,"aba102",43.5,-75
-8.9,7.15,3.87,1986-01-25,"aba102",43.5,-75
-1.3,5.37,1.76,1986-01-26,"aba102",43.5,-75
-8.3,5.16,4.51,1986-01-27,"aba102",43.5,-75
-18.2,6.91,6.24,1986-01-28,"aba102",43.5,-75
-14.3,4.59,8.23,1986-01-29,"aba102",43.5,-75
-11.7,4.16,9.82,1986-01-30,"aba102",43.5,-75
-8.4,6.22,6.57,1986-01-31,"aba102",43.5,-75
-13.8,6.04,6.96,1986-02-01,"aba102",43.5,-75
-5.3,5.7,3.65,1986-02-02,"aba102",43.5,-75
-6.5,2.97,10.31,1986-02-03,"aba102",43.5,-75
-8.2,5.42,3.44,1986-02-04,"aba102",43.5,-75
-3.6,5.12,7.28,1986-02-05,"aba102",43.5,-75
-11.9,5.55,12.47,1986-02-06,"aba102",43.5,-75
-12.5,4.74,5.75,1986-02-07,"aba102",43.5,-75
-9.1,3.22,8.35,1986-02-08,"aba102",43.5,-75
-9.2,2.26,8.25,1986-02-09,"aba102",43.5,-75
-7,4.02,6.7,1986-02-10,"aba102",43.5,-75
-11,3.05,10.09,1986-02-11,"aba102",43.5,-75
-13,4.64,9.14,1986-02-12,"aba102",43.5,-75
-10.7,5.41,7.72,1986-02-13,"aba102",43.5,-75
-9.8,3.96,9.98,1986-02-14,"aba102",43.5,-75
-8.9,5.18,7.14,1986-02-15,"aba102",43.5,-75
-9.2,3.83,10.16,1986-02-16,"aba102",43.5,-75
-5.8,5.04,2.48,1986-02-17,"aba102",43.5,-75
-0.7,3.52,2.48,1986-02-18,"aba102",43.5,-75
1.3,3.89,5.94,1986-02-19,"aba102",43.5,-75
0.7,4.76,7.39,1986-02-20,"aba102",43.5,-75
-1.7,5.3,2.11,1986-02-21,"aba102",43.5,-75
-7.9,4.67,15.94,1986-02-22,"aba102",43.5,-75
-6.5,4.34,5.93,1986-02-23,"aba102",43.5,-75
-6.3,2.82,9.96,1986-02-24,"aba102",43.5,-75
-10.7,5.87,10.4,1986-02-25,"aba102",43.5,-75
-16.1,5.15,15,1986-02-26,"aba102",43.5,-75
-14.6,3.79,16.24,1986-02-27,"aba102",43.5,-75
-11.8,3.92,14,1986-02-28,"aba102",43.5,-75
-6.8,4.03,16.23,1986-03-01,"aba102",43.5,-75
-4.9,4.02,10.9,1986-03-02,"aba102",43.5,-75
-3,2.01,13.56,1986-03-03,"aba102",43.5,-75
-1.6,2.64,12.03,1986-03-04,"aba102",43.5,-75
-2.6,3.81,7.64,1986-03-05,"aba102",43.5,-75
-4.5,6.55,5.9,1986-03-06,"aba102",43.5,-75
-12.5,9.29,14.05,1986-03-07,"aba102",43.5,-75
-16.7,7.15,18.85,1986-03-08,"aba102",43.5,-75
-8.1,3.26,5.52,1986-03-09,"aba102",43.5,-75
0.6,6.04,6.25,1986-03-10,"aba102",43.5,-75
0.8,7.96,7.1,1986-03-11,"aba102",43.5,-75
-2.2,3.34,17,1986-03-12,"aba102",43.5,-75
-0.2,5.3,1.95,1986-03-13,"aba102",43.5,-75
2.4,3.88,3.81,1986-03-14,"aba102",43.5,-75
2,4.89,4.15,1986-03-15,"aba102",43.5,-75
0.7,5.02,10.4,1986-03-16,"aba102",43.5,-75
0.2,3.05,16.87,1986-03-17,"aba102",43.5,-75
1,4.89,18.88,1986-03-18,"aba102",43.5,-75
6.8,7.88,7.92,1986-03-19,"aba102",43.5,-75
-11,6.05,19.34,1986-03-20,"aba102",43.5,-75
-14.3,3.67,22.03,1986-03-21,"aba102",43.5,-75
-6.5,3.8,20.62,1986-03-22,"aba102",43.5,-75
1.5,4.58,16.85,1986-03-23,"aba102",43.5,-75
-2.4,6.28,19.13,1986-03-24,"aba102",43.5,-75
2.4,5.25,18.5,1986-03-25,"aba102",43.5,-75
11.2,5.46,20.95,1986-03-26,"aba102",43.5,-75
4.9,3.29,11.23,1986-03-27,"aba102",43.5,-75
2.6,4.2,15.26,1986-03-28,"aba102",43.5,-75
11.9,4.84,20.71,1986-03-29,"aba102",43.5,-75
16.2,6.14,21.46,1986-03-30,"aba102",43.5,-75
8.2,4.63,21.46,1986-03-31,"aba102",43.5,-75
14.1,5.66,22.23,1986-04-01,"aba102",43.5,-75
9,4.48,15.96,1986-04-02,"aba102",43.5,-75
6.7,3.58,23.23,1986-04-03,"aba102",43.5,-75
5.3,3.94,3.91,1986-04-04,"aba102",43.5,-75
4.8,4.2,21.27,1986-04-05,"aba102",43.5,-75
1.5,6.09,4.23,1986-04-06,"aba102",43.5,-75
6,5.1,8.6,1986-04-07,"aba102",43.5,-75
6,7.55,17.85,1986-04-08,"aba102",43.5,-75
1.6,4.69,10.56,1986-04-09,"aba102",43.5,-75
-0.2,5.41,17.42,1986-04-10,"aba102",43.5,-75
-1.4,3.18,14.17,1986-04-11,"aba102",43.5,-75
0,5.77,19.38,1986-04-12,"aba102",43.5,-75
2.3,5,14.76,1986-04-13,"aba102",43.5,-75
5.7,2.55,25.36,1986-04-14,"aba102",43.5,-75
8.5,4.52,17.74,1986-04-15,"aba102",43.5,-75
6.9,5.66,8.62,1986-04-16,"aba102",43.5,-75
11.3,4.19,21.44,1986-04-17,"aba102",43.5,-75
11.8,3.96,25.33,1986-04-18,"aba102",43.5,-75
12,3.75,26.12,1986-04-19,"aba102",43.5,-75
12.7,4.48,12.14,1986-04-20,"aba102",43.5,-75
8.1,6.02,5.36,1986-04-21,"aba102",43.5,-75
1,4.4,21.84,1986-04-22,"aba102",43.5,-75
2.7,5.51,20.73,1986-04-23,"aba102",43.5,-75
7.5,5.26,27.45,1986-04-24,"aba102",43.5,-75
13.5,4.1,19.3,1986-04-25,"aba102",43.5,-75
13.9,4.94,11.91,1986-04-26,"aba102",43.5,-75
15.4,3.74,15.04,1986-04-27,"aba102",43.5,-75
17.7,3.4,26.77,1986-04-28,"aba102",43.5,-75
14.8,4.48,19.18,1986-04-29,"aba102",43.5,-75
11.8,3.68,23.57,1986-04-30,"aba102",43.5,-75
11.4,6.75,12.3,1986-05-01,"aba102",43.5,-75
1.6,7.3,9.93,1986-05-02,"aba102",43.5,-75
-0.5,7.33,20.65,1986-05-03,"aba102",43.5,-75
2.8,5.22,25.08,1986-05-04,"aba102",43.5,-75
11.1,5.01,17.64,1986-05-05,"aba102",43.5,-75
15.3,4.11,17.81,1986-05-06,"aba102",43.5,-75
14.2,7.51,13.85,1986-05-07,"aba102",43.5,-75
8.7,4.1,4.71,1986-05-08,"aba102",43.5,-75
10.2,3.34,27.28,1986-05-09,"aba102",43.5,-75
11.6,3.22,28.74,1986-05-10,"aba102",43.5,-75
13.3,4.22,20.73,1986-05-11,"aba102",43.5,-75
12.5,3.42,29.22,1986-05-12,"aba102",43.5,-75
14.1,3.14,21.74,1986-05-13,"aba102",43.5,-75
15.4,4.57,28.81,1986-05-14,"aba102",43.5,-75
14.4,4.54,16.53,1986-05-15,"aba102",43.5,-75
15.6,4.72,12.67,1986-05-16,"aba102",43.5,-75
16.1,4.48,9.92,1986-05-17,"aba102",43.5,-75
19.3,3.77,23.28,1986-05-18,"aba102",43.5,-75
18.8,2.83,17.81,1986-05-19,"aba102",43.5,-75
15.2,6.43,3.9,1986-05-20,"aba102",43.5,-75
14,4.12,2.7,1986-05-21,"aba102",43.5,-75
13,3.94,8.88,1986-05-22,"aba102",43.5,-75
13,2.91,14.85,1986-05-23,"aba102",43.5,-75
12.3,5.08,13.76,1986-05-24,"aba102",43.5,-75
16.2,3.96,27.35,1986-05-25,"aba102",43.5,-75
17.6,3.01,25.14,1986-05-26,"aba102",43.5,-75
18.8,4.43,26.35,1986-05-27,"aba102",43.5,-75
18.4,6.06,28.49,1986-05-28,"aba102",43.5,-75
18.6,5.9,28.6,1986-05-29,"aba102",43.5,-75
19.7,3.69,27.48,1986-05-30,"aba102",43.5,-75
17.1,3.9,21.05,1986-05-31,"aba102",43.5,-75
16.6,5.61,17.34,1986-06-01,"aba102",43.5,-75
8.2,5.66,21.55,1986-06-02,"aba102",43.5,-75
8.3,3.1,31.06,1986-06-03,"aba102",43.5,-75
15.5,4.58,30.47,1986-06-04,"aba102",43.5,-75
16.5,3.01,14.85,1986-06-05,"aba102",43.5,-75
14.7,3.52,4.87,1986-06-06,"aba102",43.5,-75
15,5.38,5.43,1986-06-07,"aba102",43.5,-75
18.9,6.53,12.81,1986-06-08,"aba102",43.5,-75
14,5.61,31.16,1986-06-09,"aba102",43.5,-75
16.1,3.61,30.4,1986-06-10,"aba102",43.5,-75
16.7,3.79,9.57,1986-06-11,"aba102",43.5,-75
12.6,6.72,2.91,1986-06-12,"aba102",43.5,-75
12.5,5.69,8.04,1986-06-13,"aba102",43.5,-75
14.5,3.35,28.19,1986-06-14,"aba102",43.5,-75
17.5,3.18,24.96,1986-06-15,"aba102",43.5,-75
20.1,6.55,22.71,1986-06-16,"aba102",43.5,-75
10.8,6.82,24.41,1986-06-17,"aba102",43.5,-75
11.6,6.45,23.99,1986-06-18,"aba102",43.5,-75
13.5,4.42,25.49,1986-06-19,"aba102",43.5,-75
15.9,4.91,23.52,1986-06-20,"aba102",43.5,-75
14.6,3.04,30.63,1986-06-21,"aba102",43.5,-75
17.1,3.09,19.06,1986-06-22,"aba102",43.5,-75
19.2,6.71,19.39,1986-06-23,"aba102",43.5,-75
13.6,7.09,15.88,1986-06-24,"aba102",43.5,-75
9.9,7.16,20.78,1986-06-25,"aba102",43.5,-75
12.5,3.3,19.8,1986-06-26,"aba102",43.5,-75
17.2,4.16,16.11,1986-06-27,"aba102",43.5,-75
19.4,5.14,21.01,1986-06-28,"aba102",43.5,-75
16.4,6.21,26.6,1986-06-29,"aba102",43.5,-75
14.1,4.82,25.14,1986-06-30,"aba102",43.5,-75
15.4,3.75,30.32,1986-07-01,"aba102",43.5,-75
13.5,4.25,3.57,1986-07-02,"aba102",43.5,-75
11.9,4.89,12.72,1986-07-03,"aba102",43.5,-75
13.4,4.25,25.65,1986-07-04,"aba102",43.5,-75
19.1,5.79,10.26,1986-07-05,"aba102",43.5,-75
22.8,4.1,24.91,1986-07-06,"aba102",43.5,-75
23.3,4.74,24.96,1986-07-07,"aba102",43.5,-75
20.2,5.2,29.01,1986-07-08,"aba102",43.5,-75
18.7,4.55,24.67,1986-07-09,"aba102",43.5,-75
13.8,4.92,21.66,1986-07-10,"aba102",43.5,-75
13.2,3.4,26.74,1986-07-11,"aba102",43.5,-75
11.6,5.82,4.11,1986-07-12,"aba102",43.5,-75
15.7,4.8,6.71,1986-07-13,"aba102",43.5,-75
16,5.36,15.38,1986-07-14,"aba102",43.5,-75
16.7,4.38,22.93,1986-07-15,"aba102",43.5,-75
18,1.72,24.07,1986-07-16,"aba102",43.5,-75
18.2,2.45,16.66,1986-07-17,"aba102",43.5,-75
20.2,1.84,24.54,1986-07-18,"aba102",43.5,-75
21.3,2.9,22.1,1986-07-19,"aba102",43.5,-75
20.4,4.27,7.96,1986-07-20,"aba102",43.5,-75
17,4.14,19.84,1986-07-21,"aba102",43.5,-75
16.2,2.42,27.75,1986-07-22,"aba102",43.5,-75
18.4,2.5,23.9,1986-07-23,"aba102",43.5,-75
20.3,3.89,24.32,1986-07-24,"aba102",43.5,-75
22.7,4.3,20.84,1986-07-25,"aba102",43.5,-75
21.4,3.67,8.79,1986-07-26,"aba102",43.5,-75
21.9,2.47,16.23,1986-07-27,"aba102",43.5,-75
20.6,2.12,14.1,1986-07-28,"aba102",43.5,-75
19.6,2.25,16.66,1986-07-29,"aba102",43.5,-75
17.9,3.61,10.44,1986-07-30,"aba102",43.5,-75
16.7,3.51,11.16,1986-07-31,"aba102",43.5,-75
17.3,2.97,14.14,1986-08-01,"aba102",43.5,-75
17.7,3.22,17.41,1986-08-02,"aba102",43.5,-75
18,3.18,19.57,1986-08-03,"aba102",43.5,-75
16.5,4.43,20.62,1986-08-04,"aba102",43.5,-75
17.8,2.56,24.31,1986-08-05,"aba102",43.5,-75
19.2,2.68,20.03,1986-08-06,"aba102",43.5,-75
18.4,3.79,8.74,1986-08-07,"aba102",43.5,-75
18.6,3.44,13.49,1986-08-08,"aba102",43.5,-75
18,4.46,13.18,1986-08-09,"aba102",43.5,-75
18.6,4.56,18.9,1986-08-10,"aba102",43.5,-75
17.5,6.3,18.66,1986-08-11,"aba102",43.5,-75
13.5,3.31,19.71,1986-08-12,"aba102",43.5,-75
14.6,2.15,21.93,1986-08-13,"aba102",43.5,-75
16.2,3.28,24.65,1986-08-14,"aba102",43.5,-75
19,3.76,13.48,1986-08-15,"aba102",43.5,-75
19.6,4,8.09,1986-08-16,"aba102",43.5,-75
20.6,2.14,17.17,1986-08-17,"aba102",43.5,-75
20.3,4.18,13.97,1986-08-18,"aba102",43.5,-75
18.9,3.76,14.1,1986-08-19,"aba102",43.5,-75
18.6,2.94,18.47,1986-08-20,"aba102",43.5,-75
18.2,3.73,11.97,1986-08-21,"aba102",43.5,-75
16.3,3.63,19.09,1986-08-22,"aba102",43.5,-75
14.3,7.06,7.18,1986-08-23,"aba102",43.5,-75
12.2,7.56,16.33,1986-08-24,"aba102",43.5,-75
12.5,6.08,23.41,1986-08-25,"aba102",43.5,-75
15.3,4.27,23.57,1986-08-26,"aba102",43.5,-75
16.5,7.36,11.66,1986-08-27,"aba102",43.5,-75
8.1,5.06,18.46,1986-08-28,"aba102",43.5,-75
7.5,4.05,18.65,1986-08-29,"aba102",43.5,-75
10.7,3.81,18.06,1986-08-30,"aba102",43.5,-75
12.8,2.06,17.43,1986-08-31,"aba102",43.5,-75
13.5,2.56,20.5,1986-09-01,"aba102",43.5,-75
15.4,2.62,17.07,1986-09-02,"aba102",43.5,-75
15.9,4.32,17.59,1986-09-03,"aba102",43.5,-75
15,6.18,7.57,1986-09-04,"aba102",43.5,-75
16.1,5.62,5.06,1986-09-05,"aba102",43.5,-75
12.2,4.77,14.56,1986-09-06,"aba102",43.5,-75
8.8,3.61,11.69,1986-09-07,"aba102",43.5,-75
8.2,3.86,12.05,1986-09-08,"aba102",43.5,-75
10.7,4.33,18.31,1986-09-09,"aba102",43.5,-75
13.3,4.6,14.22,1986-09-10,"aba102",43.5,-75
18.5,5.15,4.26,1986-09-11,"aba102",43.5,-75
17.5,7.25,7.3,1986-09-12,"aba102",43.5,-75
11.2,6.5,16.08,1986-09-13,"aba102",43.5,-75
6.5,4.82,18.22,1986-09-14,"aba102",43.5,-75
6.7,3.74,10.42,1986-09-15,"aba102",43.5,-75
5.2,6.26,9.45,1986-09-16,"aba102",43.5,-75
6.3,2.86,19.33,1986-09-17,"aba102",43.5,-75
8.9,3.61,9.8,1986-09-18,"aba102",43.5,-75
12.8,2.28,5.58,1986-09-19,"aba102",43.5,-75
11.5,3.67,2.78,1986-09-20,"aba102",43.5,-75
11.8,2.86,10.27,1986-09-21,"aba102",43.5,-75
9.6,3.58,6.07,1986-09-22,"aba102",43.5,-75
15.2,5.71,1.81,1986-09-23,"aba102",43.5,-75
14.5,3.28,16.53,1986-09-24,"aba102",43.5,-75
13.3,2.83,16.57,1986-09-25,"aba102",43.5,-75
13.5,3.14,3.47,1986-09-26,"aba102",43.5,-75
11,3.28,15.99,1986-09-27,"aba102",43.5,-75
11.4,2.97,3.16,1986-09-28,"aba102",43.5,-75
16.3,4.74,6.22,1986-09-29,"aba102",43.5,-75
19.3,6.53,7.96,1986-09-30,"aba102",43.5,-75
14.4,4.26,8.63,1986-10-01,"aba102",43.5,-75
12.2,4.48,5.59,1986-10-02,"aba102",43.5,-75
10.1,5.26,3.77,1986-10-03,"aba102",43.5,-75
12.5,4.42,3.45,1986-10-04,"aba102",43.5,-75
6.1,4.95,5.43,1986-10-05,"aba102",43.5,-75
3.2,7.78,8.81,1986-10-06,"aba102",43.5,-75
2.6,3.61,12.04,1986-10-07,"aba102",43.5,-75
9.4,4.74,14.64,1986-10-08,"aba102",43.5,-75
7.2,4.41,6.18,1986-10-09,"aba102",43.5,-75
0.3,4.3,16.55,1986-10-10,"aba102",43.5,-75
2.5,4.75,16.1,1986-10-11,"aba102",43.5,-75
7.1,3.85,13.43,1986-10-12,"aba102",43.5,-75
11.2,3.71,1.56,1986-10-13,"aba102",43.5,-75
12.1,5.8,3.02,1986-10-14,"aba102",43.5,-75
4.7,5.91,8.49,1986-10-15,"aba102",43.5,-75
4.1,2.55,6.5,1986-10-16,"aba102",43.5,-75
4.6,3.11,5.95,1986-10-17,"aba102",43.5,-75
2.5,3.11,14.43,1986-10-18,"aba102",43.5,-75
2.6,3.13,13.26,1986-10-19,"aba102",43.5,-75
4.7,2.56,11.77,1986-10-20,"aba102",43.5,-75
6.8,3.85,5.83,1986-10-21,"aba102",43.5,-75
9.7,3.81,10.1,1986-10-22,"aba102",43.5,-75
10.3,6.14,5.21,1986-10-23,"aba102",43.5,-75
3,3.22,12.31,1986-10-24,"aba102",43.5,-75
1.3,2.97,12.99,1986-10-25,"aba102",43.5,-75
5.2,4.12,1.49,1986-10-26,"aba102",43.5,-75
7.1,4.06,1.39,1986-10-27,"aba102",43.5,-75
8,4.88,2.76,1986-10-28,"aba102",43.5,-75
9.3,4.2,10.77,1986-10-29,"aba102",43.5,-75
3.3,5.61,4.59,1986-10-30,"aba102",43.5,-75
-1.2,5.1,12.51,1986-10-31,"aba102",43.5,-75
6.5,4.84,8.48,1986-11-01,"aba102",43.5,-75
3,4.56,4.55,1986-11-02,"aba102",43.5,-75
0.3,4.44,7.13,1986-11-03,"aba102",43.5,-75
1,4.73,3.43,1986-11-04,"aba102",43.5,-75
-3.5,4.92,8.02,1986-11-05,"aba102",43.5,-75
0.8,5.05,2.03,1986-11-06,"aba102",43.5,-75
3.8,3.83,9.64,1986-11-07,"aba102",43.5,-75
7.9,4.96,1.19,1986-11-08,"aba102",43.5,-75
9.5,7.92,3.3,1986-11-09,"aba102",43.5,-75
-1,7.84,6,1986-11-10,"aba102",43.5,-75
-2.2,3.26,1.9,1986-11-11,"aba102",43.5,-75
-0.8,3.83,4.9,1986-11-12,"aba102",43.5,-75
-7,6.37,9.91,1986-11-13,"aba102",43.5,-75
-9.3,4.47,7.14,1986-11-14,"aba102",43.5,-75
-3.1,4.02,7.71,1986-11-15,"aba102",43.5,-75
0.6,3.01,3.37,1986-11-16,"aba102",43.5,-75
2.6,4.84,4.64,1986-11-17,"aba102",43.5,-75
-1.1,3.31,5.79,1986-11-18,"aba102",43.5,-75
-8.3,4.88,9.03,1986-11-19,"aba102",43.5,-75
-8,7.4,3.31,1986-11-20,"aba102",43.5,-75
-2.9,6.66,3,1986-11-21,"aba102",43.5,-75
-5.3,4.5,7.05,1986-11-22,"aba102",43.5,-75
-1,5.44,8.19,1986-11-23,"aba102",43.5,-75
2.5,5.74,2.76,1986-11-24,"aba102",43.5,-75
0.1,3.47,4.89,1986-11-25,"aba102",43.5,-75
1.5,5.67,0.71,1986-11-26,"aba102",43.5,-75
0.5,4.38,3.66,1986-11-27,"aba102",43.5,-75
-1,3.09,6.61,1986-11-28,"aba102",43.5,-75
0.3,4.49,3.05,1986-11-29,"aba102",43.5,-75
-7.5,4.18,8.02,1986-11-30,"aba102",43.5,-75
-9,3.91,8.7,1986-12-01,"aba102",43.5,-75
-3.6,10.1,1.96,1986-12-02,"aba102",43.5,-75
2.3,9.63,1.09,1986-12-03,"aba102",43.5,-75
-2.2,7.96,5.39,1986-12-04,"aba102",43.5,-75
-4.9,5.57,3.72,1986-12-05,"aba102",43.5,-75
-5.4,5.5,7.26,1986-12-06,"aba102",43.5,-75
-5.8,5.59,4.51,1986-12-07,"aba102",43.5,-75
-10.4,5.37,7.66,1986-12-08,"aba102",43.5,-75
-6.9,6.51,0.83,1986-12-09,"aba102",43.5,-75
-1.8,7.12,3.22,1986-12-10,"aba102",43.5,-75
-6.5,4.37,4.98,1986-12-11,"aba102",43.5,-75
-4.2,5.5,4.3,1986-12-12,"aba102",43.5,-75
-15.4,4.65,7.24,1986-12-13,"aba102",43.5,-75
-10.1,4.95,7.18,1986-12-14,"aba102",43.5,-75
-0.8,4.66,3.5,1986-12-15,"aba102",43.5,-75
-1.7,2.52,3.01,1986-12-16,"aba102",43.5,-75
-2.8,4.26,5.16,1986-12-17,"aba102",43.5,-75
-1.2,6.75,1.67,1986-12-18,"aba102",43.5,-75
-0.5,4.7,3.28,1986-12-19,"aba102",43.5,-75
-3.1,2.97,5.23,1986-12-20,"aba102",43.5,-75
-8.1,3.58,7.16,1986-12-21,"aba102",43.5,-75
-5.8,4.11,5.72,1986-12-22,"aba102",43.5,-75
-3.1,5.04,2.98,1986-12-23,"aba102",43.5,-75
-1.9,7.52,6.21,1986-12-24,"aba102",43.5,-75
1,8.95,1.36,1986-12-25,"aba102",43.5,-75
-2,5.15,3.9,1986-12-26,"aba102",43.5,-75
-5.5,2.2,6.57,1986-12-27,"aba102",43.5,-75
-6.7,2.61,4.8,1986-12-28,"aba102",43.5,-75
-2.2,3.14,4.32,1986-12-29,"aba102",43.5,-75
-3.2,3.71,5.1,1986-12-30,"aba102",43.5,-75
-4.4,3.94,5.63,1986-12-31,"aba102",43.5,-75
-8.4,3.4,5.35,1987-01-01,"aba102",43.5,-75
-4.1,4.56,1.37,1987-01-02,"aba102",43.5,-75
-7.4,5.07,4.96,1987-01-03,"aba102",43.5,-75
-11.5,3.2,7.48,1987-01-04,"aba102",43.5,-75
-7.7,3.61,6.3,1987-01-05,"aba102",43.5,-75
-5.1,3.91,5.66,1987-01-06,"aba102",43.5,-75
-2,5.91,2.33,1987-01-07,"aba102",43.5,-75
-8.4,5.3,4.7,1987-01-08,"aba102",43.5,-75
-3.5,3.11,3.71,1987-01-09,"aba102",43.5,-75
-2.2,4.82,2.17,1987-01-10,"aba102",43.5,-75
-3.3,6.13,4.08,1987-01-11,"aba102",43.5,-75
-2.8,6.28,3.84,1987-01-12,"aba102",43.5,-75
-4,6.38,4.44,1987-01-13,"aba102",43.5,-75
-2.4,4.24,7.07,1987-01-14,"aba102",43.5,-75
1.3,4.37,1.57,1987-01-15,"aba102",43.5,-75
-8,4.46,6.96,1987-01-16,"aba102",43.5,-75
-15.5,2.66,9.5,1987-01-17,"aba102",43.5,-75
-8.3,5.15,3.27,1987-01-18,"aba102",43.5,-75
-6.9,4.26,3.88,1987-01-19,"aba102",43.5,-75
-9.9,2.72,7.74,1987-01-20,"aba102",43.5,-75
-7.3,6.1,6.91,1987-01-21,"aba102",43.5,-75
-8.3,4.55,3.85,1987-01-22,"aba102",43.5,-75
-9.5,7.22,5.86,1987-01-23,"aba102",43.5,-75
-16.6,6.01,7.51,1987-01-24,"aba102",43.5,-75
-14.1,4.57,8.95,1987-01-25,"aba102",43.5,-75
-15.9,3.63,10.5,1987-01-26,"aba102",43.5,-75
-17.9,2.55,10.27,1987-01-27,"aba102",43.5,-75
-12.8,2.25,10.12,1987-01-28,"aba102",43.5,-75
-8.3,3.31,5.8,1987-01-29,"aba102",43.5,-75
-7.1,6.04,2.26,1987-01-30,"aba102",43.5,-75
-4.4,5,5.28,1987-01-31,"aba102",43.5,-75
-7.1,4.58,8.67,1987-02-01,"aba102",43.5,-75
-1.8,4.46,2.96,1987-02-02,"aba102",43.5,-75
-0.7,3.67,4.4,1987-02-03,"aba102",43.5,-75
-4.3,5.86,6.55,1987-02-04,"aba102",43.5,-75
-13.2,5.53,11.47,1987-02-05,"aba102",43.5,-75
-5.2,4.13,5.16,1987-02-06,"aba102",43.5,-75
-1.1,4.62,5.78,1987-02-07,"aba102",43.5,-75
-1.8,5.74,5.37,1987-02-08,"aba102",43.5,-75
-11.8,6.04,11.91,1987-02-09,"aba102",43.5,-75
-11.6,4.26,7.69,1987-02-10,"aba102",43.5,-75
-9.3,5.23,12.49,1987-02-11,"aba102",43.5,-75
-10.2,3.14,8.3,1987-02-12,"aba102",43.5,-75
-17.2,6.36,12.99,1987-02-13,"aba102",43.5,-75
-22,3.37,12.45,1987-02-14,"aba102",43.5,-75
-23.5,4.83,13.84,1987-02-15,"aba102",43.5,-75
-18.6,4.34,14.19,1987-02-16,"aba102",43.5,-75
-12.6,4.22,14.58,1987-02-17,"aba102",43.5,-75
-10.9,3.83,12.81,1987-02-18,"aba102",43.5,-75
-11.9,4.65,14.81,1987-02-19,"aba102",43.5,-75
-10.4,4.08,15.15,1987-02-20,"aba102",43.5,-75
-7.8,3.62,14.86,1987-02-21,"aba102",43.5,-75
-6.1,2.66,15.26,1987-02-22,"aba102",43.5,-75
-3.3,5.87,13.9,1987-02-23,"aba102",43.5,-75
-6.8,5.84,11.25,1987-02-24,"aba102",43.5,-75
-7.4,4.6,14.23,1987-02-25,"aba102",43.5,-75
-7.7,3.89,15.39,1987-02-26,"aba102",43.5,-75
-5.7,3.24,16.39,1987-02-27,"aba102",43.5,-75
-2.9,3.5,6.6,1987-02-28,"aba102",43.5,-75
0.1,8.23,1.49,1987-03-01,"aba102",43.5,-75
-1.3,6.51,5.58,1987-03-02,"aba102",43.5,-75
-6.2,4.46,12.85,1987-03-03,"aba102",43.5,-75
-7.6,3.11,12.91,1987-03-04,"aba102",43.5,-75
-6.4,2.33,15.89,1987-03-05,"aba102",43.5,-75
-2.3,4.9,15.12,1987-03-06,"aba102",43.5,-75
4.8,4.35,16.21,1987-03-07,"aba102",43.5,-75
5.6,3.72,17.6,1987-03-08,"aba102",43.5,-75
-4.9,5.76,6.36,1987-03-09,"aba102",43.5,-75
-14.8,4.85,19.35,1987-03-10,"aba102",43.5,-75
-11.6,3.72,19.5,1987-03-11,"aba102",43.5,-75
-5.7,3.88,11.04,1987-03-12,"aba102",43.5,-75
-4.4,3.96,13.35,1987-03-13,"aba102",43.5,-75
-6,3.16,19.89,1987-03-14,"aba102",43.5,-75
-5.1,3.64,17.74,1987-03-15,"aba102",43.5,-75
-6,5.95,16.68,1987-03-16,"aba102",43.5,-75
-3.5,5.7,17.02,1987-03-17,"aba102",43.5,-75
-2.1,4.95,19.24,1987-03-18,"aba102",43.5,-75
-1.5,5,19.55,1987-03-19,"aba102",43.5,-75
-0.8,4.06,9.38,1987-03-20,"aba102",43.5,-75
0.8,6.01,9.32,1987-03-21,"aba102",43.5,-75
4.7,4.28,16.17,1987-03-22,"aba102",43.5,-75
4.1,3.7,19.5,1987-03-23,"aba102",43.5,-75
5.6,3.19,21.3,1987-03-24,"aba102",43.5,-75
7.8,4.15,20.43,1987-03-25,"aba102",43.5,-75
5.3,5.61,10.93,1987-03-26,"aba102",43.5,-75
6,3.22,9.8,1987-03-27,"aba102",43.5,-75
8.1,3.26,17.72,1987-03-28,"aba102",43.5,-75
8.6,5.1,18.1,1987-03-29,"aba102",43.5,-75
10.4,9.04,10.67,1987-03-30,"aba102",43.5,-75
6.8,8.63,2.95,1987-03-31,"aba102",43.5,-75
-3.9,5.1,12.27,1987-04-01,"aba102",43.5,-75
-1.4,4.6,5.82,1987-04-02,"aba102",43.5,-75
0.1,3.61,12.27,1987-04-03,"aba102",43.5,-75
5.7,8.87,5.15,1987-04-04,"aba102",43.5,-75
6.4,8,4,1987-04-05,"aba102",43.5,-75
7.2,5.55,3.09,1987-04-06,"aba102",43.5,-75
5.8,5.24,3.5,1987-04-07,"aba102",43.5,-75
3.9,4.4,9.65,1987-04-08,"aba102",43.5,-75
6.4,5.1,14.73,1987-04-09,"aba102",43.5,-75
7.5,4.42,23.17,1987-04-10,"aba102",43.5,-75
10.7,2.28,24.51,1987-04-11,"aba102",43.5,-75
10.4,4.05,15.69,1987-04-12,"aba102",43.5,-75
8.7,4.16,10.16,1987-04-13,"aba102",43.5,-75
10.2,3.83,24.78,1987-04-14,"aba102",43.5,-75
12.8,4.05,12.54,1987-04-15,"aba102",43.5,-75
10.4,6.44,16.71,1987-04-16,"aba102",43.5,-75
10.7,6.3,13.07,1987-04-17,"aba102",43.5,-75
14.7,4.39,12.16,1987-04-18,"aba102",43.5,-75
17.4,3.36,19.24,1987-04-19,"aba102",43.5,-75
18.4,3.32,22.22,1987-04-20,"aba102",43.5,-75
18.5,5.41,25.46,1987-04-21,"aba102",43.5,-75
11.4,5.82,24.09,1987-04-22,"aba102",43.5,-75
12.2,5.17,18.56,1987-04-23,"aba102",43.5,-75
8,5,5.56,1987-04-24,"aba102",43.5,-75
7.3,3.69,27.77,1987-04-25,"aba102",43.5,-75
9,3.69,27.41,1987-04-26,"aba102",43.5,-75
8.6,7.16,25.59,1987-04-27,"aba102",43.5,-75
2.3,7.79,12.93,1987-04-28,"aba102",43.5,-75
2.9,4.84,9.95,1987-04-29,"aba102",43.5,-75
2.6,7.32,18.71,1987-04-30,"aba102",43.5,-75
5,7.62,26.1,1987-05-01,"aba102",43.5,-75
6.6,4.88,27.07,1987-05-02,"aba102",43.5,-75
5.8,3.61,17.2,1987-05-03,"aba102",43.5,-75
7.5,3.72,27.94,1987-05-04,"aba102",43.5,-75
7.4,4.34,12.14,1987-05-05,"aba102",43.5,-75
7.8,3.4,3.72,1987-05-06,"aba102",43.5,-75
9,4.74,23.86,1987-05-07,"aba102",43.5,-75
7.6,5.14,28.49,1987-05-08,"aba102",43.5,-75
13,6.2,22.75,1987-05-09,"aba102",43.5,-75
16.2,5.2,26.42,1987-05-10,"aba102",43.5,-75
16,6.62,24.53,1987-05-11,"aba102",43.5,-75
12.8,5.08,17.63,1987-05-12,"aba102",43.5,-75
10.4,4.12,29.62,1987-05-13,"aba102",43.5,-75
14.9,5.22,28.49,1987-05-14,"aba102",43.5,-75
11.7,6.86,21.68,1987-05-15,"aba102",43.5,-75
8.5,3.79,29.4,1987-05-16,"aba102",43.5,-75
15.7,4.49,23.35,1987-05-17,"aba102",43.5,-75
14.1,3.04,16.42,1987-05-18,"aba102",43.5,-75
11.5,3.88,21.62,1987-05-19,"aba102",43.5,-75
10.2,4.89,7.29,1987-05-20,"aba102",43.5,-75
13.5,4.64,8.6,1987-05-21,"aba102",43.5,-75
18.3,4.65,20.82,1987-05-22,"aba102",43.5,-75
17.4,3.22,11.49,1987-05-23,"aba102",43.5,-75
11.9,3.89,11.22,1987-05-24,"aba102",43.5,-75
12.9,2.97,12.83,1987-05-25,"aba102",43.5,-75
15.1,4.35,11.1,1987-05-26,"aba102",43.5,-75
14.2,4.12,7.66,1987-05-27,"aba102",43.5,-75
18.9,4.41,22.92,1987-05-28,"aba102",43.5,-75
22.6,4.72,27.18,1987-05-29,"aba102",43.5,-75
23.9,4.53,28.15,1987-05-30,"aba102",43.5,-75
20.9,4.11,17.79,1987-05-31,"aba102",43.5,-75
20.5,3.27,21.97,1987-06-01,"aba102",43.5,-75
18.8,3.61,14.31,1987-06-02,"aba102",43.5,-75
17.9,6.2,9.28,1987-06-03,"aba102",43.5,-75
16.6,3.3,15.22,1987-06-04,"aba102",43.5,-75
13.6,4.84,24.04,1987-06-05,"aba102",43.5,-75
11.6,4.59,30.5,1987-06-06,"aba102",43.5,-75
11.1,3.88,19.32,1987-06-07,"aba102",43.5,-75
16.6,6.11,7.17,1987-06-08,"aba102",43.5,-75
12.2,5.81,16.62,1987-06-09,"aba102",43.5,-75
12.1,5.5,29.26,1987-06-10,"aba102",43.5,-75
13.1,4.34,25.35,1987-06-11,"aba102",43.5,-75
15.2,5.1,6.38,1987-06-12,"aba102",43.5,-75
16.7,2.98,10.03,1987-06-13,"aba102",43.5,-75
18.5,4.25,23.39,1987-06-14,"aba102",43.5,-75
20.9,4.74,27.84,1987-06-15,"aba102",43.5,-75
17.3,6.71,25.8,1987-06-16,"aba102",43.5,-75
15.3,4.46,30.63,1987-06-17,"aba102",43.5,-75
16.8,2.38,30.31,1987-06-18,"aba102",43.5,-75
20.1,4.2,27.06,1987-06-19,"aba102",43.5,-75
19.2,3.42,29.28,1987-06-20,"aba102",43.5,-75
18.1,3.31,22.84,1987-06-21,"aba102",43.5,-75
18.8,4.7,5.17,1987-06-22,"aba102",43.5,-75
20.3,5.32,20.83,1987-06-23,"aba102",43.5,-75
20.7,3.77,28.9,1987-06-24,"aba102",43.5,-75
21.3,4.67,26.04,1987-06-25,"aba102",43.5,-75
17.8,5.9,21.51,1987-06-26,"aba102",43.5,-75
17.7,3.72,17.03,1987-06-27,"aba102",43.5,-75
14.4,5.46,20.24,1987-06-28,"aba102",43.5,-75
18.4,5.53,22.18,1987-06-29,"aba102",43.5,-75
19.3,5.82,15.85,1987-06-30,"aba102",43.5,-75
16.8,2.8,20.72,1987-07-01,"aba102",43.5,-75
15,5.01,11.3,1987-07-02,"aba102",43.5,-75
17.6,5.24,12.51,1987-07-03,"aba102",43.5,-75
18.2,6.07,18,1987-07-04,"aba102",43.5,-75
19.7,3.57,25.56,1987-07-05,"aba102",43.5,-75
20.6,4.03,23.66,1987-07-06,"aba102",43.5,-75
17.7,3.88,10.08,1987-07-07,"aba102",43.5,-75
21.2,3.01,17.3,1987-07-08,"aba102",43.5,-75
22.9,3.76,23.07,1987-07-09,"aba102",43.5,-75
23.1,3.04,24.41,1987-07-10,"aba102",43.5,-75
23.2,3.01,20.49,1987-07-11,"aba102",43.5,-75
24.5,2.62,24.18,1987-07-12,"aba102",43.5,-75
24.7,3.19,24.33,1987-07-13,"aba102",43.5,-75
20.7,5.84,11.15,1987-07-14,"aba102",43.5,-75
13.7,4.88,19.87,1987-07-15,"aba102",43.5,-75
14.3,2.22,19.83,1987-07-16,"aba102",43.5,-75
16.3,2.73,29.23,1987-07-17,"aba102",43.5,-75
20.7,4.82,27.73,1987-07-18,"aba102",43.5,-75
20.9,2.91,22.39,1987-07-19,"aba102",43.5,-75
20.1,5.51,12.01,1987-07-20,"aba102",43.5,-75
22.2,3.62,23.54,1987-07-21,"aba102",43.5,-75
22.7,4.06,25.24,1987-07-22,"aba102",43.5,-75
22.9,3.22,25.51,1987-07-23,"aba102",43.5,-75
24.2,4.85,24.06,1987-07-24,"aba102",43.5,-75
22.1,3.55,13.38,1987-07-25,"aba102",43.5,-75
19.8,6.53,19.75,1987-07-26,"aba102",43.5,-75
17,6.14,21.45,1987-07-27,"aba102",43.5,-75
14.8,3.97,28.09,1987-07-28,"aba102",43.5,-75
14.8,2.52,28.05,1987-07-29,"aba102",43.5,-75
16.9,3.47,20.92,1987-07-30,"aba102",43.5,-75
16,3.58,28.26,1987-07-31,"aba102",43.5,-75
15.4,2.91,28.35,1987-08-01,"aba102",43.5,-75
15.8,4.77,12.25,1987-08-02,"aba102",43.5,-75
21.5,5.7,14.08,1987-08-03,"aba102",43.5,-75
21,3.51,22.93,1987-08-04,"aba102",43.5,-75
17.4,3.63,14.66,1987-08-05,"aba102",43.5,-75
16.8,2.6,21.71,1987-08-06,"aba102",43.5,-75
19.1,3.62,18.87,1987-08-07,"aba102",43.5,-75
19,4.3,17.87,1987-08-08,"aba102",43.5,-75
14.2,4.33,10.89,1987-08-09,"aba102",43.5,-75
15.5,4.9,13.35,1987-08-10,"aba102",43.5,-75
15.7,3.93,21.48,1987-08-11,"aba102",43.5,-75
15.6,3.08,26.68,1987-08-12,"aba102",43.5,-75
18.1,3.72,25.44,1987-08-13,"aba102",43.5,-75
19.7,3.33,25.22,1987-08-14,"aba102",43.5,-75
21.1,2.75,24.46,1987-08-15,"aba102",43.5,-75
23.3,3.69,25.08,1987-08-16,"aba102",43.5,-75
24.3,4.43,23.43,1987-08-17,"aba102",43.5,-75
20.5,4.81,21.64,1987-08-18,"aba102",43.5,-75
17.7,4.52,19.91,1987-08-19,"aba102",43.5,-75
15.7,4.46,20.32,1987-08-20,"aba102",43.5,-75
15.9,3.49,23.07,1987-08-21,"aba102",43.5,-75
17.9,5.87,5.31,1987-08-22,"aba102",43.5,-75
12.8,7.37,22.56,1987-08-23,"aba102",43.5,-75
10.3,5.76,17.95,1987-08-24,"aba102",43.5,-75
11.5,5.21,19.5,1987-08-25,"aba102",43.5,-75
12.2,3.04,23.21,1987-08-26,"aba102",43.5,-75
10.4,4.68,2.66,1987-08-27,"aba102",43.5,-75
11.9,3.73,1.39,1987-08-28,"aba102",43.5,-75
12.4,4.2,5.03,1987-08-29,"aba102",43.5,-75
14.1,3.32,21.3,1987-08-30,"aba102",43.5,-75
15.5,5.75,18.46,1987-08-31,"aba102",43.5,-75
11.5,4.8,15.28,1987-09-01,"aba102",43.5,-75
9.4,3.18,10.64,1987-09-02,"aba102",43.5,-75
9.3,3.13,15.96,1987-09-03,"aba102",43.5,-75
10.6,2.2,22.68,1987-09-04,"aba102",43.5,-75
13.6,3.11,20.41,1987-09-05,"aba102",43.5,-75
16.4,2.92,15.32,1987-09-06,"aba102",43.5,-75
17.8,2.6,6.17,1987-09-07,"aba102",43.5,-75
18,4.16,1.4,1987-09-08,"aba102",43.5,-75
18.3,4.66,13.08,1987-09-09,"aba102",43.5,-75
16,3.1,13.87,1987-09-10,"aba102",43.5,-75
16.4,4.53,17.34,1987-09-11,"aba102",43.5,-75
15.8,5.66,3.57,1987-09-12,"aba102",43.5,-75
14.6,5.6,1.14,1987-09-13,"aba102",43.5,-75
14.6,4.96,15.41,1987-09-14,"aba102",43.5,-75
12.3,3.75,15.84,1987-09-15,"aba102",43.5,-75
13.7,3.93,16.74,1987-09-16,"aba102",43.5,-75
14.8,4.46,11.58,1987-09-17,"aba102",43.5,-75
10,6.43,1.3,1987-09-18,"aba102",43.5,-75
10.3,5.51,2.43,1987-09-19,"aba102",43.5,-75
11.1,4.65,2.58,1987-09-20,"aba102",43.5,-75
12.8,2.4,7.35,1987-09-21,"aba102",43.5,-75
12.2,3.26,11.3,1987-09-22,"aba102",43.5,-75
11.3,5.1,9.45,1987-09-23,"aba102",43.5,-75
10,4.67,12.52,1987-09-24,"aba102",43.5,-75
5.7,7.09,14.22,1987-09-25,"aba102",43.5,-75
7.6,7.28,12.48,1987-09-26,"aba102",43.5,-75
8.6,3.2,18.62,1987-09-27,"aba102",43.5,-75
14.4,3.94,13.94,1987-09-28,"aba102",43.5,-75
17.3,5.59,15.29,1987-09-29,"aba102",43.5,-75
14,5.52,6.38,1987-09-30,"aba102",43.5,-75
7,4.95,9.69,1987-10-01,"aba102",43.5,-75
9.5,6.71,15.25,1987-10-02,"aba102",43.5,-75
5.6,4.54,3.19,1987-10-03,"aba102",43.5,-75
1.2,8.01,6.79,1987-10-04,"aba102",43.5,-75
7.3,3.55,16.4,1987-10-05,"aba102",43.5,-75
11.1,4.7,15.06,1987-10-06,"aba102",43.5,-75
9.8,6.55,8.78,1987-10-07,"aba102",43.5,-75
3.1,4.56,5.51,1987-10-08,"aba102",43.5,-75
4.5,5.36,13.77,1987-10-09,"aba102",43.5,-75
6.8,5.1,9.37,1987-10-10,"aba102",43.5,-75
1,2.73,2.92,1987-10-11,"aba102",43.5,-75
0.2,2.92,15.94,1987-10-12,"aba102",43.5,-75
1.1,3.82,14.01,1987-10-13,"aba102",43.5,-75
2.5,2.94,15.27,1987-10-14,"aba102",43.5,-75
7,2.66,14.3,1987-10-15,"aba102",43.5,-75
9.8,3.83,14.01,1987-10-16,"aba102",43.5,-75
11.4,5.12,13.91,1987-10-17,"aba102",43.5,-75
9.2,4.12,4.64,1987-10-18,"aba102",43.5,-75
8.7,2.42,11.22,1987-10-19,"aba102",43.5,-75
9.1,4.49,4.4,1987-10-20,"aba102",43.5,-75
5.7,4.21,7.33,1987-10-21,"aba102",43.5,-75
0.1,3.72,9,1987-10-22,"aba102",43.5,-75
4.6,4.68,9.26,1987-10-23,"aba102",43.5,-75
8.6,5.94,10.85,1987-10-24,"aba102",43.5,-75
2.6,6.74,8.21,1987-10-25,"aba102",43.5,-75
0,4.06,12.95,1987-10-26,"aba102",43.5,-75
4.5,5.96,9.53,1987-10-27,"aba102",43.5,-75
4.4,4.18,2.26,1987-10-28,"aba102",43.5,-75
0.7,2.4,8.97,1987-10-29,"aba102",43.5,-75
2.8,4.49,8.2,1987-10-30,"aba102",43.5,-75
3.7,4.74,6.49,1987-10-31,"aba102",43.5,-75
2.5,3.36,11.36,1987-11-01,"aba102",43.5,-75
3.1,3.58,11.96,1987-11-02,"aba102",43.5,-75
9,3.6,1.85,1987-11-03,"aba102",43.5,-75
14,5.28,7.46,1987-11-04,"aba102",43.5,-75
6.4,6.36,7.7,1987-11-05,"aba102",43.5,-75
-5.4,7.48,7.82,1987-11-06,"aba102",43.5,-75
-2.9,6.87,10.05,1987-11-07,"aba102",43.5,-75
1.8,4.3,4.63,1987-11-08,"aba102",43.5,-75
3.3,4.08,2.04,1987-11-09,"aba102",43.5,-75
-4,4.07,4.28,1987-11-10,"aba102",43.5,-75
-5.4,3.79,5.32,1987-11-11,"aba102",43.5,-75
-4.1,4.63,5.08,1987-11-12,"aba102",43.5,-75
3.4,3.55,8.12,1987-11-13,"aba102",43.5,-75
3.5,4.4,4.73,1987-11-14,"aba102",43.5,-75
-0.2,3.22,9.23,1987-11-15,"aba102",43.5,-75
3.3,4.38,9.55,1987-11-16,"aba102",43.5,-75
9.8,7.17,6.28,1987-11-17,"aba102",43.5,-75
8.4,7.16,5.5,1987-11-18,"aba102",43.5,-75
1.6,5.12,6.37,1987-11-19,"aba102",43.5,-75
-1.9,4.77,4.9,1987-11-20,"aba102",43.5,-75
-14.1,7.35,8.22,1987-11-21,"aba102",43.5,-75
-10.5,5.8,8,1987-11-22,"aba102",43.5,-75
-1.5,4.56,8.05,1987-11-23,"aba102",43.5,-75
4.9,5.12,3.41,1987-11-24,"aba102",43.5,-75
2.5,6.08,1.86,1987-11-25,"aba102",43.5,-75
1,5.31,1.81,1987-11-26,"aba102",43.5,-75
-1.7,3.09,8.02,1987-11-27,"aba102",43.5,-75
-0.3,4.85,5.77,1987-11-28,"aba102",43.5,-75
1.2,7.89,2.42,1987-11-29,"aba102",43.5,-75
3.5,7.53,2.22,1987-11-30,"aba102",43.5,-75
0.9,3.1,1.74,1987-12-01,"aba102",43.5,-75
-2.8,5.9,6.21,1987-12-02,"aba102",43.5,-75
-3.1,4.09,4.76,1987-12-03,"aba102",43.5,-75
-1.8,4.05,2.23,1987-12-04,"aba102",43.5,-75
-5.9,5.32,3.75,1987-12-05,"aba102",43.5,-75
-5.7,5.24,3.07,1987-12-06,"aba102",43.5,-75
-8.4,3.91,7.41,1987-12-07,"aba102",43.5,-75
-4.4,3.14,4.9,1987-12-08,"aba102",43.5,-75
4,4.16,5.2,1987-12-09,"aba102",43.5,-75
3.7,5.1,2.82,1987-12-10,"aba102",43.5,-75
1.3,3.22,5.25,1987-12-11,"aba102",43.5,-75
-0.1,4.28,2.42,1987-12-12,"aba102",43.5,-75
-0.5,5.38,3.54,1987-12-13,"aba102",43.5,-75
-1.2,4.14,4.93,1987-12-14,"aba102",43.5,-75
-3.9,8.91,1.62,1987-12-15,"aba102",43.5,-75
-2.3,5.5,3.85,1987-12-16,"aba102",43.5,-75
-7.8,5.1,3.64,1987-12-17,"aba102",43.5,-75
-10.1,4.19,5.27,1987-12-18,"aba102",43.5,-75
-5.4,3.36,2.8,1987-12-19,"aba102",43.5,-75
-0.7,6.01,1.19,1987-12-20,"aba102",43.5,-75
-0.9,7.34,5.63,1987-12-21,"aba102",43.5,-75
-2.9,3.85,5.8,1987-12-22,"aba102",43.5,-75
-2.3,4.85,3.89,1987-12-23,"aba102",43.5,-75
-0.9,4.76,6.01,1987-12-24,"aba102",43.5,-75
2.7,4.96,1.38,1987-12-25,"aba102",43.5,-75
-3.7,3.31,3.11,1987-12-26,"aba102",43.5,-75
-5.1,5.1,4.69,1987-12-27,"aba102",43.5,-75
-9.8,4.06,6.54,1987-12-28,"aba102",43.5,-75
-12.9,5.87,4.83,1987-12-29,"aba102",43.5,-75
-20.7,6.02,8.07,1987-12-30,"aba102",43.5,-75
-10.7,5.92,4.71,1987-12-31,"aba102",43.5,-75
-3,5.98,3.14,1988-01-01,"aba102",43.5,-75
-9.9,5.15,6.08,1988-01-02,"aba102",43.5,-75
-11,4.31,7.61,1988-01-03,"aba102",43.5,-75
-7.4,7.24,4.36,1988-01-04,"aba102",43.5,-75
-14.1,7.28,5.31,1988-01-05,"aba102",43.5,-75
-16.4,6.26,7.8,1988-01-06,"aba102",43.5,-75
-20.8,3.75,8.76,1988-01-07,"aba102",43.5,-75
-14.3,3.94,3.22,1988-01-08,"aba102",43.5,-75
-9.2,4.12,5.34,1988-01-09,"aba102",43.5,-75
-13.3,3.13,8.67,1988-01-10,"aba102",43.5,-75
-12.8,3.35,7.79,1988-01-11,"aba102",43.5,-75
-5,5.51,6.33,1988-01-12,"aba102",43.5,-75
-6,7.03,5.31,1988-01-13,"aba102",43.5,-75
-25.4,5.01,9.53,1988-01-14,"aba102",43.5,-75
-17.4,3.81,7.92,1988-01-15,"aba102",43.5,-75
-6.1,4.84,8.82,1988-01-16,"aba102",43.5,-75
0.1,4.6,2.83,1988-01-17,"aba102",43.5,-75
1.4,4.61,1.38,1988-01-18,"aba102",43.5,-75
-1.2,5.11,4.63,1988-01-19,"aba102",43.5,-75
-0.5,7.42,2.11,1988-01-20,"aba102",43.5,-75
-1.2,6.1,5.84,1988-01-21,"aba102",43.5,-75
-12,3.4,9.48,1988-01-22,"aba102",43.5,-75
-10.4,3.32,8.92,1988-01-23,"aba102",43.5,-75
-2.9,5.39,5.28,1988-01-24,"aba102",43.5,-75
-2.2,5.09,5.45,1988-01-25,"aba102",43.5,-75
-9.3,4.81,5.16,1988-01-26,"aba102",43.5,-75
-16.5,4.75,10.4,1988-01-27,"aba102",43.5,-75
-13,3.54,8.22,1988-01-28,"aba102",43.5,-75
-11.8,4.94,10.27,1988-01-29,"aba102",43.5,-75
0.6,4.83,6.33,1988-01-30,"aba102",43.5,-75
6.8,5.61,9.15,1988-01-31,"aba102",43.5,-75
6,5.37,1.59,1988-02-01,"aba102",43.5,-75
-3.1,4.14,2.56,1988-02-02,"aba102",43.5,-75
-12.1,4.6,11.4,1988-02-03,"aba102",43.5,-75
-8.4,5.41,3.75,1988-02-04,"aba102",43.5,-75
-16.5,3.81,9.67,1988-02-05,"aba102",43.5,-75
-15.5,5.85,9.35,1988-02-06,"aba102",43.5,-75
-16,5.43,11.38,1988-02-07,"aba102",43.5,-75
-10.9,5.55,11.6,1988-02-08,"aba102",43.5,-75
-9.6,4.81,8.38,1988-02-09,"aba102",43.5,-75
-8.5,4.57,10.16,1988-02-10,"aba102",43.5,-75
-10.9,6.49,8.88,1988-02-11,"aba102",43.5,-75
-5.2,9.44,4.2,1988-02-12,"aba102",43.5,-75
-11.1,7.84,8.48,1988-02-13,"aba102",43.5,-75
-9.5,6.46,12.65,1988-02-14,"aba102",43.5,-75
-1.5,5.63,2.67,1988-02-15,"aba102",43.5,-75
-4.8,5.29,5.58,1988-02-16,"aba102",43.5,-75
-4,3.33,9.31,1988-02-17,"aba102",43.5,-75
-1.6,3.01,13.67,1988-02-18,"aba102",43.5,-75
-2.6,7.68,10.89,1988-02-19,"aba102",43.5,-75
0.5,7.87,6.87,1988-02-20,"aba102",43.5,-75
-13.9,7.58,13.94,1988-02-21,"aba102",43.5,-75
-5.8,7.27,12.41,1988-02-22,"aba102",43.5,-75
0.4,6.45,5.65,1988-02-23,"aba102",43.5,-75
-8.5,5.4,12.2,1988-02-24,"aba102",43.5,-75
-10.7,5.01,12.86,1988-02-25,"aba102",43.5,-75
-10.1,3.18,14.08,1988-02-26,"aba102",43.5,-75
-6.9,4.11,9.29,1988-02-27,"aba102",43.5,-75
-7.8,3.02,16.69,1988-02-28,"aba102",43.5,-75
-4.9,5.39,6.83,1988-02-29,"aba102",43.5,-75
-12.3,4.24,15.21,1988-03-01,"aba102",43.5,-75
-8,4.31,10.69,1988-03-02,"aba102",43.5,-75
-3.2,3.62,13.27,1988-03-03,"aba102",43.5,-75
-5.1,3.61,8.27,1988-03-04,"aba102",43.5,-75
-8.9,4.28,17.92,1988-03-05,"aba102",43.5,-75
-4.6,4.04,18.3,1988-03-06,"aba102",43.5,-75
-0.4,6.16,10.53,1988-03-07,"aba102",43.5,-75
-3.4,4.72,16.75,1988-03-08,"aba102",43.5,-75
2.5,4.85,7.13,1988-03-09,"aba102",43.5,-75
-2.5,6.26,11.74,1988-03-10,"aba102",43.5,-75
-5.6,6.31,16.97,1988-03-11,"aba102",43.5,-75
-4.8,4.3,16.97,1988-03-12,"aba102",43.5,-75
1.3,4.17,10.62,1988-03-13,"aba102",43.5,-75
-3.6,3.59,11.49,1988-03-14,"aba102",43.5,-75
-6.7,4.83,14.22,1988-03-15,"aba102",43.5,-75
-3.1,5.27,11.57,1988-03-16,"aba102",43.5,-75
-5,4.62,18.95,1988-03-17,"aba102",43.5,-75
-4.8,4.19,11.91,1988-03-18,"aba102",43.5,-75
-6.4,5.57,13.46,1988-03-19,"aba102",43.5,-75
-10.3,7.35,18.29,1988-03-20,"aba102",43.5,-75
-16.3,5.69,22.11,1988-03-21,"aba102",43.5,-75
-12.5,3.36,22.42,1988-03-22,"aba102",43.5,-75
-1,6.29,20.66,1988-03-23,"aba102",43.5,-75
5.5,5.28,11.34,1988-03-24,"aba102",43.5,-75
9.4,6.53,19.14,1988-03-25,"aba102",43.5,-75
9.2,6.48,11.41,1988-03-26,"aba102",43.5,-75
1.8,6.5,12.48,1988-03-27,"aba102",43.5,-75
-1,5.95,18.78,1988-03-28,"aba102",43.5,-75
3.8,4.92,17.36,1988-03-29,"aba102",43.5,-75
8.4,5.76,19.15,1988-03-30,"aba102",43.5,-75
4.4,3.68,21.79,1988-03-31,"aba102",43.5,-75
4.8,3.35,8.4,1988-04-01,"aba102",43.5,-75
8.9,3.2,18.98,1988-04-02,"aba102",43.5,-75
11.2,5.12,13.09,1988-04-03,"aba102",43.5,-75
11.8,4.84,12.06,1988-04-04,"aba102",43.5,-75
7.2,4.04,6.45,1988-04-05,"aba102",43.5,-75
9,6.13,22.49,1988-04-06,"aba102",43.5,-75
9.3,5.75,20.6,1988-04-07,"aba102",43.5,-75
3.7,4.92,2.68,1988-04-08,"aba102",43.5,-75
3.1,6.04,17.79,1988-04-09,"aba102",43.5,-75
4,4.61,21.11,1988-04-10,"aba102",43.5,-75
5.8,4.61,17.79,1988-04-11,"aba102",43.5,-75
7,3.03,13.13,1988-04-12,"aba102",43.5,-75
6.8,3.45,10.21,1988-04-13,"aba102",43.5,-75
6.9,5.91,17.77,1988-04-14,"aba102",43.5,-75
2.5,5.06,8.72,1988-04-15,"aba102",43.5,-75
-0.7,6.02,18.32,1988-04-16,"aba102",43.5,-75
5.7,5.55,23.41,1988-04-17,"aba102",43.5,-75
3.8,5.85,10.38,1988-04-18,"aba102",43.5,-75
-1.2,5.73,19.31,1988-04-19,"aba102",43.5,-75
0.7,7.83,20.97,1988-04-20,"aba102",43.5,-75
1.9,7.15,21.77,1988-04-21,"aba102",43.5,-75
2.6,6.79,21.49,1988-04-22,"aba102",43.5,-75
2.1,5.61,10.7,1988-04-23,"aba102",43.5,-75
3.2,6.1,5.52,1988-04-24,"aba102",43.5,-75
3.5,6.04,14.11,1988-04-25,"aba102",43.5,-75
5.4,5.77,21.32,1988-04-26,"aba102",43.5,-75
6.4,4.74,21.82,1988-04-27,"aba102",43.5,-75
5.9,4.08,4.74,1988-04-28,"aba102",43.5,-75
3.9,3.09,6.72,1988-04-29,"aba102",43.5,-75
5.2,5.34,15.21,1988-04-30,"aba102",43.5,-75
5.5,3.73,8.63,1988-05-01,"aba102",43.5,-75
6.2,3.81,18.51,1988-05-02,"aba102",43.5,-75
7.6,3.5,18.65,1988-05-03,"aba102",43.5,-75
10,3.2,24.17,1988-05-04,"aba102",43.5,-75
13,3.23,24.47,1988-05-05,"aba102",43.5,-75
15.8,3.21,20.98,1988-05-06,"aba102",43.5,-75
14.2,5.02,29.01,1988-05-07,"aba102",43.5,-75
14.2,4.28,28.66,1988-05-08,"aba102",43.5,-75
15.7,5.38,25.43,1988-05-09,"aba102",43.5,-75
11.6,4.8,11.01,1988-05-10,"aba102",43.5,-75
10,3.98,9.15,1988-05-11,"aba102",43.5,-75
10.5,4.05,28.72,1988-05-12,"aba102",43.5,-75
12.9,7.96,20.27,1988-05-13,"aba102",43.5,-75
8.6,2.86,28.83,1988-05-14,"aba102",43.5,-75
13.6,5.32,28.9,1988-05-15,"aba102",43.5,-75
14.8,4.52,13.84,1988-05-16,"aba102",43.5,-75
14,2.78,14.51,1988-05-17,"aba102",43.5,-75
12.5,4.62,14.85,1988-05-18,"aba102",43.5,-75
13,5.5,6.18,1988-05-19,"aba102",43.5,-75
15.2,4.02,6.98,1988-05-20,"aba102",43.5,-75
14.8,3.18,13.54,1988-05-21,"aba102",43.5,-75
16.1,2.2,20.66,1988-05-22,"aba102",43.5,-75
17.8,4.23,21.58,1988-05-23,"aba102",43.5,-75
14.6,3.78,20.96,1988-05-24,"aba102",43.5,-75
9.4,4.85,16.99,1988-05-25,"aba102",43.5,-75
9.3,5.28,25.06,1988-05-26,"aba102",43.5,-75
16.9,3.76,27.4,1988-05-27,"aba102",43.5,-75
19.2,4.3,29.92,1988-05-28,"aba102",43.5,-75
18.8,3.35,25.49,1988-05-29,"aba102",43.5,-75
19.4,4.85,26.33,1988-05-30,"aba102",43.5,-75
19.8,6.01,23.19,1988-05-31,"aba102",43.5,-75
13.3,6.71,13.36,1988-06-01,"aba102",43.5,-75
9.2,4.9,20.12,1988-06-02,"aba102",43.5,-75
9.7,3.41,21.18,1988-06-03,"aba102",43.5,-75
11.7,4.39,23.74,1988-06-04,"aba102",43.5,-75
15.4,7.65,26.97,1988-06-05,"aba102",43.5,-75
14.5,7.55,25.26,1988-06-06,"aba102",43.5,-75
12.1,5.94,30.38,1988-06-07,"aba102",43.5,-75
10.4,4.06,28.23,1988-06-08,"aba102",43.5,-75
9.8,4.07,23.19,1988-06-09,"aba102",43.5,-75
8.4,4.17,16.87,1988-06-10,"aba102",43.5,-75
13.4,5.91,26.04,1988-06-11,"aba102",43.5,-75
18.2,5.2,29.13,1988-06-12,"aba102",43.5,-75
21.1,4.52,30.09,1988-06-13,"aba102",43.5,-75
22.9,4.6,29.65,1988-06-14,"aba102",43.5,-75
24.3,4.73,28.49,1988-06-15,"aba102",43.5,-75
20.6,4.34,24.03,1988-06-16,"aba102",43.5,-75
18.3,3.75,20.13,1988-06-17,"aba102",43.5,-75
18.3,3.8,28.24,1988-06-18,"aba102",43.5,-75
20.4,3.58,30.76,1988-06-19,"aba102",43.5,-75
23.9,7.26,25.83,1988-06-20,"aba102",43.5,-75
21.9,4.1,29.2,1988-06-21,"aba102",43.5,-75
19.8,4.88,13.08,1988-06-22,"aba102",43.5,-75
14.8,6.23,23.54,1988-06-23,"aba102",43.5,-75
12.5,3.22,29.61,1988-06-24,"aba102",43.5,-75
18,6.75,18.51,1988-06-25,"aba102",43.5,-75
13,5.68,7.92,1988-06-26,"aba102",43.5,-75
14.3,4.25,24,1988-06-27,"aba102",43.5,-75
13.9,6.1,25.96,1988-06-28,"aba102",43.5,-75
9.7,4.9,21.11,1988-06-29,"aba102",43.5,-75
8,4.8,17.94,1988-06-30,"aba102",43.5,-75
9.7,4.94,11.74,1988-07-01,"aba102",43.5,-75
13.4,5.5,19.49,1988-07-02,"aba102",43.5,-75
16.4,3.51,26.82,1988-07-03,"aba102",43.5,-75
18.7,2.5,29.57,1988-07-04,"aba102",43.5,-75
21.2,3.22,28.88,1988-07-05,"aba102",43.5,-75
21.8,3.09,28.37,1988-07-06,"aba102",43.5,-75
23.8,3.22,27.78,1988-07-07,"aba102",43.5,-75
25,3.36,26.87,1988-07-08,"aba102",43.5,-75
25.6,3.93,27.95,1988-07-09,"aba102",43.5,-75
24.9,4.23,27.82,1988-07-10,"aba102",43.5,-75
22.2,4.66,16.54,1988-07-11,"aba102",43.5,-75
21.3,3.74,22.98,1988-07-12,"aba102",43.5,-75
20.1,3.3,29.22,1988-07-13,"aba102",43.5,-75
20.1,4.34,11.69,1988-07-14,"aba102",43.5,-75
17.7,3.82,29.05,1988-07-15,"aba102",43.5,-75
21.3,4.88,21.16,1988-07-16,"aba102",43.5,-75
20.2,4.22,6.6,1988-07-17,"aba102",43.5,-75
21.3,2.82,25.53,1988-07-18,"aba102",43.5,-75
20.8,2.8,14.42,1988-07-19,"aba102",43.5,-75
21.2,2.95,17.58,1988-07-20,"aba102",43.5,-75
17.1,5,4.26,1988-07-21,"aba102",43.5,-75
19.3,2.72,21.96,1988-07-22,"aba102",43.5,-75
19.7,2.53,21.18,1988-07-23,"aba102",43.5,-75
19.5,2.7,17.06,1988-07-24,"aba102",43.5,-75
19.4,2.89,14.47,1988-07-25,"aba102",43.5,-75
18.9,3.26,17.95,1988-07-26,"aba102",43.5,-75
20,3.16,19.21,1988-07-27,"aba102",43.5,-75
20.6,2.42,23.16,1988-07-28,"aba102",43.5,-75
22.5,3.11,24.02,1988-07-29,"aba102",43.5,-75
24.1,5.06,24.51,1988-07-30,"aba102",43.5,-75
21.5,2.62,16.84,1988-07-31,"aba102",43.5,-75
20.6,2.95,25.11,1988-08-01,"aba102",43.5,-75
23,1.97,24.69,1988-08-02,"aba102",43.5,-75
25.2,3.41,24.98,1988-08-03,"aba102",43.5,-75
25.4,3.54,23.09,1988-08-04,"aba102",43.5,-75
24.5,4,21.56,1988-08-05,"aba102",43.5,-75
22.7,4.77,15.54,1988-08-06,"aba102",43.5,-75
20,3.3,19.22,1988-08-07,"aba102",43.5,-75
20.1,3.38,17.72,1988-08-08,"aba102",43.5,-75
22.1,3.8,25.2,1988-08-09,"aba102",43.5,-75
22.5,4.14,14.56,1988-08-10,"aba102",43.5,-75
22.2,3,22.3,1988-08-11,"aba102",43.5,-75
22.6,3.54,18.52,1988-08-12,"aba102",43.5,-75
23.2,4.24,21.67,1988-08-13,"aba102",43.5,-75
24.4,4.55,17.97,1988-08-14,"aba102",43.5,-75
20.8,7.1,13.58,1988-08-15,"aba102",43.5,-75
18.6,6.23,19.4,1988-08-16,"aba102",43.5,-75
18.9,5.08,13.28,1988-08-17,"aba102",43.5,-75
15.4,4.96,22.17,1988-08-18,"aba102",43.5,-75
12.5,2.51,24.77,1988-08-19,"aba102",43.5,-75
14.3,2.16,21.09,1988-08-20,"aba102",43.5,-75
12.5,4.74,17.75,1988-08-21,"aba102",43.5,-75
10,3.61,21.43,1988-08-22,"aba102",43.5,-75
12.8,5.5,17.7,1988-08-23,"aba102",43.5,-75
12.3,7.03,6.11,1988-08-24,"aba102",43.5,-75
15.3,4.4,14.15,1988-08-25,"aba102",43.5,-75
16.7,5.39,19.26,1988-08-26,"aba102",43.5,-75
17.3,4.39,21.47,1988-08-27,"aba102",43.5,-75
19.2,5.04,11.92,1988-08-28,"aba102",43.5,-75
14.9,2.87,2.37,1988-08-29,"aba102",43.5,-75
12.7,2.92,16.93,1988-08-30,"aba102",43.5,-75
12.9,2.91,16.07,1988-08-31,"aba102",43.5,-75
13.9,2.87,18.92,1988-09-01,"aba102",43.5,-75
16.3,3.22,22.45,1988-09-02,"aba102",43.5,-75
17.3,2.69,16.61,1988-09-03,"aba102",43.5,-75
14.6,6.3,2.93,1988-09-04,"aba102",43.5,-75
11.3,6.09,4.35,1988-09-05,"aba102",43.5,-75
7.8,4.72,14.48,1988-09-06,"aba102",43.5,-75
10,4.31,16.2,1988-09-07,"aba102",43.5,-75
12.3,3.71,21.88,1988-09-08,"aba102",43.5,-75
15.2,3.81,21.28,1988-09-09,"aba102",43.5,-75
16,6.42,19.15,1988-09-10,"aba102",43.5,-75
11,4.74,12.51,1988-09-11,"aba102",43.5,-75
11.8,3.79,20.38,1988-09-12,"aba102",43.5,-75
14.8,6.25,4.89,1988-09-13,"aba102",43.5,-75
10.7,5.85,14.34,1988-09-14,"aba102",43.5,-75
8,4.74,17.8,1988-09-15,"aba102",43.5,-75
8,3.26,19.56,1988-09-16,"aba102",43.5,-75
10.6,5.17,5.1,1988-09-17,"aba102",43.5,-75
16.6,5,11.97,1988-09-18,"aba102",43.5,-75
17.6,4.04,11.12,1988-09-19,"aba102",43.5,-75
18.2,7.11,5.23,1988-09-20,"aba102",43.5,-75
12.7,4.55,3.37,1988-09-21,"aba102",43.5,-75
10.5,3.77,10.62,1988-09-22,"aba102",43.5,-75
13.6,5.85,5.6,1988-09-23,"aba102",43.5,-75
10.2,4.24,16.91,1988-09-24,"aba102",43.5,-75
10.1,2.66,18.17,1988-09-25,"aba102",43.5,-75
9.6,2.94,12.68,1988-09-26,"aba102",43.5,-75
11.8,4.83,17.22,1988-09-27,"aba102",43.5,-75
9,4.51,11.39,1988-09-28,"aba102",43.5,-75
5.7,3.34,17.04,1988-09-29,"aba102",43.5,-75
12.3,4.44,10.69,1988-09-30,"aba102",43.5,-75
17.2,4.85,10.08,1988-10-01,"aba102",43.5,-75
16.2,5.81,9.35,1988-10-02,"aba102",43.5,-75
9.5,3.36,11.98,1988-10-03,"aba102",43.5,-75
6.8,3.45,5.8,1988-10-04,"aba102",43.5,-75
5.6,3.67,8.5,1988-10-05,"aba102",43.5,-75
3.1,3.68,10.42,1988-10-06,"aba102",43.5,-75
1.6,2.47,10.49,1988-10-07,"aba102",43.5,-75
1.7,2.83,10.77,1988-10-08,"aba102",43.5,-75
2,2.57,10.9,1988-10-09,"aba102",43.5,-75
6.3,6.44,8.27,1988-10-10,"aba102",43.5,-75
5.2,5.91,7.28,1988-10-11,"aba102",43.5,-75
0.4,6.1,10.34,1988-10-12,"aba102",43.5,-75
-0.4,5.72,7.02,1988-10-13,"aba102",43.5,-75
2.9,5.33,11.18,1988-10-14,"aba102",43.5,-75
8.1,2.72,13.21,1988-10-15,"aba102",43.5,-75
12.7,5.84,12.19,1988-10-16,"aba102",43.5,-75
13.2,5.52,12.41,1988-10-17,"aba102",43.5,-75
11,8.35,3.36,1988-10-18,"aba102",43.5,-75
2.9,3.37,11.07,1988-10-19,"aba102",43.5,-75
-0.5,4.11,13.33,1988-10-20,"aba102",43.5,-75
1.4,6.74,9.3,1988-10-21,"aba102",43.5,-75
1.4,7.91,2.55,1988-10-22,"aba102",43.5,-75
1.6,4.53,5.49,1988-10-23,"aba102",43.5,-75
4.5,5.42,3.94,1988-10-24,"aba102",43.5,-75
1.8,5.69,7.37,1988-10-25,"aba102",43.5,-75
0.6,3.48,8.76,1988-10-26,"aba102",43.5,-75
0.6,3.94,8.19,1988-10-27,"aba102",43.5,-75
2.7,6.48,3.75,1988-10-28,"aba102",43.5,-75
0.6,6.22,8.11,1988-10-29,"aba102",43.5,-75
-2.9,5.52,10.43,1988-10-30,"aba102",43.5,-75
-3.8,3.77,12.02,1988-10-31,"aba102",43.5,-75
0.1,4.39,4.66,1988-11-01,"aba102",43.5,-75
0.6,7.07,2.01,1988-11-02,"aba102",43.5,-75
-0.1,7.11,7.52,1988-11-03,"aba102",43.5,-75
3,4.74,3.44,1988-11-04,"aba102",43.5,-75
10.1,8.85,4.99,1988-11-05,"aba102",43.5,-75
9.1,6.56,7.24,1988-11-06,"aba102",43.5,-75
2.1,5.08,5.46,1988-11-07,"aba102",43.5,-75
2.5,3.92,5.28,1988-11-08,"aba102",43.5,-75
3.2,4.65,4.31,1988-11-09,"aba102",43.5,-75
5.2,8.02,5.01,1988-11-10,"aba102",43.5,-75
1.7,5.91,5.08,1988-11-11,"aba102",43.5,-75
-0.9,5.45,10.42,1988-11-12,"aba102",43.5,-75
3.5,6.96,1.07,1988-11-13,"aba102",43.5,-75
5.1,6.99,7.86,1988-11-14,"aba102",43.5,-75
2,4.48,8.28,1988-11-15,"aba102",43.5,-75
6.8,7.07,6.68,1988-11-16,"aba102",43.5,-75
4.6,6.1,4.63,1988-11-17,"aba102",43.5,-75
0.7,7.21,5.85,1988-11-18,"aba102",43.5,-75
-2.2,4.46,7.07,1988-11-19,"aba102",43.5,-75
1.5,5.41,0.48,1988-11-20,"aba102",43.5,-75
-0.6,7.5,2.98,1988-11-21,"aba102",43.5,-75
-2.6,5.66,8.29,1988-11-22,"aba102",43.5,-75
-4.4,2.88,6.68,1988-11-23,"aba102",43.5,-75
-3.5,4.18,7.49,1988-11-24,"aba102",43.5,-75
-1.3,4.07,8.16,1988-11-25,"aba102",43.5,-75
2.3,4.42,8.07,1988-11-26,"aba102",43.5,-75
9.5,6.55,3.55,1988-11-27,"aba102",43.5,-75
2.5,5.43,2.01,1988-11-28,"aba102",43.5,-75
-1,5.74,5,1988-11-29,"aba102",43.5,-75
0.5,4.75,2.64,1988-11-30,"aba102",43.5,-75
-0.8,4.03,6.62,1988-12-01,"aba102",43.5,-75
-4,6.45,3.16,1988-12-02,"aba102",43.5,-75
2.1,6.55,8.01,1988-12-03,"aba102",43.5,-75
-7.4,7.28,7,1988-12-04,"aba102",43.5,-75
-14,3.58,6.98,1988-12-05,"aba102",43.5,-75
-1.7,4.37,7.02,1988-12-06,"aba102",43.5,-75
1.5,4.1,2.93,1988-12-07,"aba102",43.5,-75
-6.1,3.73,6.74,1988-12-08,"aba102",43.5,-75
-10.7,5.2,5.67,1988-12-09,"aba102",43.5,-75
-14.6,3.29,5.85,1988-12-10,"aba102",43.5,-75
-21.9,3.28,7.8,1988-12-11,"aba102",43.5,-75
-23.8,4.42,8.37,1988-12-12,"aba102",43.5,-75
-13.5,5.2,4.43,1988-12-13,"aba102",43.5,-75
-9,4.86,7.25,1988-12-14,"aba102",43.5,-75
-5.2,7.7,3,1988-12-15,"aba102",43.5,-75
-17.4,4.61,7.57,1988-12-16,"aba102",43.5,-75
-13.2,3.84,4.65,1988-12-17,"aba102",43.5,-75
-12.5,4.02,5.28,1988-12-18,"aba102",43.5,-75
-8.4,4.88,6.08,1988-12-19,"aba102",43.5,-75
4,5.82,6.38,1988-12-20,"aba102",43.5,-75
3.4,5.94,2.61,1988-12-21,"aba102",43.5,-75
-8.2,4.66,7.87,1988-12-22,"aba102",43.5,-75
-3.6,8.62,1.38,1988-12-23,"aba102",43.5,-75
0.2,8.17,2.98,1988-12-24,"aba102",43.5,-75
-1.5,6.97,3.65,1988-12-25,"aba102",43.5,-75
-9.4,6.72,6.69,1988-12-26,"aba102",43.5,-75
-9.6,5.69,2.21,1988-12-27,"aba102",43.5,-75
0,7,0.87,1988-12-28,"aba102",43.5,-75
-8.6,6.45,4.78,1988-12-29,"aba102",43.5,-75
-8.6,3.71,6.29,1988-12-30,"aba102",43.5,-75
-6.6,6.39,3.84,1988-12-31,"aba102",43.5,-75
-10.6,4.24,8.07,1989-01-01,"aba102",43.5,-75
-2.4,6.35,3.67,1989-01-02,"aba102",43.5,-75
-9,4.3,5.86,1989-01-03,"aba102",43.5,-75
-22.9,5.23,8.49,1989-01-04,"aba102",43.5,-75
-21.1,4.34,8.63,1989-01-05,"aba102",43.5,-75
-13.3,4.96,2.38,1989-01-06,"aba102",43.5,-75
-6,6.22,3.77,1989-01-07,"aba102",43.5,-75
1,7.56,1.48,1989-01-08,"aba102",43.5,-75
-8,6.24,5.42,1989-01-09,"aba102",43.5,-75
-8.5,5.01,8.46,1989-01-10,"aba102",43.5,-75
-7.9,6.26,8.48,1989-01-11,"aba102",43.5,-75
-4.1,6.45,1.25,1989-01-12,"aba102",43.5,-75
-6.6,6.86,8.34,1989-01-13,"aba102",43.5,-75
-7.2,5.73,9.22,1989-01-14,"aba102",43.5,-75
-0.2,6.24,3.41,1989-01-15,"aba102",43.5,-75
-4.6,6.9,5,1989-01-16,"aba102",43.5,-75
-3.7,7.5,3.47,1989-01-17,"aba102",43.5,-75
-2.6,4.86,5.54,1989-01-18,"aba102",43.5,-75
-0.6,6.12,4.29,1989-01-19,"aba102",43.5,-75
-3.3,6.72,3.02,1989-01-20,"aba102",43.5,-75
-20.3,6.36,10.15,1989-01-21,"aba102",43.5,-75
-9.3,3.92,9.95,1989-01-22,"aba102",43.5,-75
-2.5,2.94,10.29,1989-01-23,"aba102",43.5,-75
-0.7,4.01,9.74,1989-01-24,"aba102",43.5,-75
-9.2,5.24,10.45,1989-01-25,"aba102",43.5,-75
-3.1,7.2,1.91,1989-01-26,"aba102",43.5,-75
-3.7,5.48,5.92,1989-01-27,"aba102",43.5,-75
-4,5.63,10.31,1989-01-28,"aba102",43.5,-75
0.7,5.53,9.5,1989-01-29,"aba102",43.5,-75
1.9,5.22,5.61,1989-01-30,"aba102",43.5,-75
1.1,5.52,5.13,1989-01-31,"aba102",43.5,-75
3.6,5.35,6.39,1989-02-01,"aba102",43.5,-75
-9.4,4.02,2.49,1989-02-02,"aba102",43.5,-75
-9.4,4.22,6.76,1989-02-03,"aba102",43.5,-75
-16.7,3.55,6.78,1989-02-04,"aba102",43.5,-75
-12.6,2.92,8.24,1989-02-05,"aba102",43.5,-75
-7.7,4.55,6.32,1989-02-06,"aba102",43.5,-75
-8.1,4.2,7.83,1989-02-07,"aba102",43.5,-75
-10,8.49,9.89,1989-02-08,"aba102",43.5,-75
-15.8,7,11.53,1989-02-09,"aba102",43.5,-75
-12.1,5.63,9.65,1989-02-10,"aba102",43.5,-75
-7.6,6.61,7.78,1989-02-11,"aba102",43.5,-75
-6.4,6.28,10.61,1989-02-12,"aba102",43.5,-75
-9.3,6.93,7.83,1989-02-13,"aba102",43.5,-75
0.5,5.84,3.54,1989-02-14,"aba102",43.5,-75
-1.2,3.44,2.12,1989-02-15,"aba102",43.5,-75
-8.3,5.19,7.56,1989-02-16,"aba102",43.5,-75
-17.6,4.71,12.81,1989-02-17,"aba102",43.5,-75
-17.4,2.91,15.15,1989-02-18,"aba102",43.5,-75
-10,4.34,13.54,1989-02-19,"aba102",43.5,-75
-2.7,3.68,6.73,1989-02-20,"aba102",43.5,-75
1.9,5.45,1.16,1989-02-21,"aba102",43.5,-75
-1.6,3.24,6.69,1989-02-22,"aba102",43.5,-75
-10.4,4.2,13.93,1989-02-23,"aba102",43.5,-75
-15.3,4.24,16.56,1989-02-24,"aba102",43.5,-75
-16,3.91,16.91,1989-02-25,"aba102",43.5,-75
-11.2,3.07,9.93,1989-02-26,"aba102",43.5,-75
-7.7,4.22,15.48,1989-02-27,"aba102",43.5,-75
-6.4,2.92,13.03,1989-02-28,"aba102",43.5,-75
-6.6,8.1,13.49,1989-03-01,"aba102",43.5,-75
-10.7,5,15.48,1989-03-02,"aba102",43.5,-75
-9.3,4.01,13.63,1989-03-03,"aba102",43.5,-75
-4.8,5.32,4.62,1989-03-04,"aba102",43.5,-75
-0.8,5.35,3.02,1989-03-05,"aba102",43.5,-75
-12.7,4.94,11.49,1989-03-06,"aba102",43.5,-75
-19.1,4.56,18.79,1989-03-07,"aba102",43.5,-75
-13.1,3.88,18.93,1989-03-08,"aba102",43.5,-75
-7.2,3.63,18.71,1989-03-09,"aba102",43.5,-75
-5.8,3.83,19.32,1989-03-10,"aba102",43.5,-75
-2.3,2.9,9.44,1989-03-11,"aba102",43.5,-75
-5.4,5.4,13.05,1989-03-12,"aba102",43.5,-75
-9.6,4.24,18.89,1989-03-13,"aba102",43.5,-75
2.3,6.45,18.8,1989-03-14,"aba102",43.5,-75
5.4,7.4,13.73,1989-03-15,"aba102",43.5,-75
-2.1,5.69,16.97,1989-03-16,"aba102",43.5,-75
-0.6,6.44,15.8,1989-03-17,"aba102",43.5,-75
-0.6,4.86,3.76,1989-03-18,"aba102",43.5,-75
-7.1,4.03,19.92,1989-03-19,"aba102",43.5,-75
-4.7,4.88,15.23,1989-03-20,"aba102",43.5,-75
-3.6,5.33,9.87,1989-03-21,"aba102",43.5,-75
-9.2,3.11,20.45,1989-03-22,"aba102",43.5,-75
-4.7,3.74,21.78,1989-03-23,"aba102",43.5,-75
-0.3,5.83,9.21,1989-03-24,"aba102",43.5,-75
2.9,4.02,11.7,1989-03-25,"aba102",43.5,-75
4.6,3.4,17.81,1989-03-26,"aba102",43.5,-75
9.6,4.85,21.14,1989-03-27,"aba102",43.5,-75
12.9,6.8,7.26,1989-03-28,"aba102",43.5,-75
7,7.41,9.22,1989-03-29,"aba102",43.5,-75
0.4,7.52,1.25,1989-03-30,"aba102",43.5,-75
1.5,3.31,2.22,1989-03-31,"aba102",43.5,-75
-0.6,6.81,10.32,1989-04-01,"aba102",43.5,-75
2.3,4.22,23.03,1989-04-02,"aba102",43.5,-75
3.5,4.75,3.13,1989-04-03,"aba102",43.5,-75
7.6,7.22,4.85,1989-04-04,"aba102",43.5,-75
8.9,5.25,14.79,1989-04-05,"aba102",43.5,-75
3.6,4,6.44,1989-04-06,"aba102",43.5,-75
1.3,7.37,17.94,1989-04-07,"aba102",43.5,-75
0.4,4.58,17.26,1989-04-08,"aba102",43.5,-75
-0.1,5.7,17.58,1989-04-09,"aba102",43.5,-75
-4.2,6.82,19.6,1989-04-10,"aba102",43.5,-75
-3.4,4.92,17.49,1989-04-11,"aba102",43.5,-75
0,4.46,21.11,1989-04-12,"aba102",43.5,-75
1.6,5.85,8.4,1989-04-13,"aba102",43.5,-75
1.2,4.46,21.81,1989-04-14,"aba102",43.5,-75
5.4,4.92,12.47,1989-04-15,"aba102",43.5,-75
5.4,3.86,6.27,1989-04-16,"aba102",43.5,-75
8.6,4.53,21.37,1989-04-17,"aba102",43.5,-75
5.6,3.69,15.86,1989-04-18,"aba102",43.5,-75
2.6,5.57,25.51,1989-04-19,"aba102",43.5,-75
3.9,6.04,25.33,1989-04-20,"aba102",43.5,-75
6,5.38,22.88,1989-04-21,"aba102",43.5,-75
-1.4,6.88,25.51,1989-04-22,"aba102",43.5,-75
-1,6.14,17.72,1989-04-23,"aba102",43.5,-75
3,7.36,25.73,1989-04-24,"aba102",43.5,-75
5.6,4.64,26.88,1989-04-25,"aba102",43.5,-75
7.6,4.94,27.29,1989-04-26,"aba102",43.5,-75
6.5,5.61,21.37,1989-04-27,"aba102",43.5,-75
4.8,3.61,27.48,1989-04-28,"aba102",43.5,-75
6,3.61,7.36,1989-04-29,"aba102",43.5,-75
11,3.96,12.59,1989-04-30,"aba102",43.5,-75
11.4,4.49,17.63,1989-05-01,"aba102",43.5,-75
8.2,5.85,2.48,1989-05-02,"aba102",43.5,-75
4,8.52,9.79,1989-05-03,"aba102",43.5,-75
9.2,4.85,27.15,1989-05-04,"aba102",43.5,-75
9.4,6.66,7.26,1989-05-05,"aba102",43.5,-75
10.3,5.19,12.22,1989-05-06,"aba102",43.5,-75
5.6,6.59,13.24,1989-05-07,"aba102",43.5,-75
2.1,4.48,10.67,1989-05-08,"aba102",43.5,-75
9.2,3.61,19.73,1989-05-09,"aba102",43.5,-75
10.1,4.81,15.03,1989-05-10,"aba102",43.5,-75
8.6,6.04,5.86,1989-05-11,"aba102",43.5,-75
11.5,3.83,15.67,1989-05-12,"aba102",43.5,-75
11.1,2.83,19.25,1989-05-13,"aba102",43.5,-75
11,3.45,22.53,1989-05-14,"aba102",43.5,-75
13.8,2.51,21.32,1989-05-15,"aba102",43.5,-75
15.9,3.48,20.19,1989-05-16,"aba102",43.5,-75
18.3,4.22,24.29,1989-05-17,"aba102",43.5,-75
19.8,3.4,27.98,1989-05-18,"aba102",43.5,-75
21.1,3.58,27.9,1989-05-19,"aba102",43.5,-75
20.8,3.9,23.18,1989-05-20,"aba102",43.5,-75
15.8,6.97,17.39,1989-05-21,"aba102",43.5,-75
14.7,7.45,26.68,1989-05-22,"aba102",43.5,-75
14.5,2.33,21.21,1989-05-23,"aba102",43.5,-75
12.5,3.56,6.5,1989-05-24,"aba102",43.5,-75
16.1,4,23.65,1989-05-25,"aba102",43.5,-75
17,5.19,12.96,1989-05-26,"aba102",43.5,-75
12,7.03,23.25,1989-05-27,"aba102",43.5,-75
10.4,7.22,27.17,1989-05-28,"aba102",43.5,-75
14.1,4.12,28.38,1989-05-29,"aba102",43.5,-75
14.9,3.7,6.03,1989-05-30,"aba102",43.5,-75
17.2,4.18,6.74,1989-05-31,"aba102",43.5,-75
19,6.1,15.68,1989-06-01,"aba102",43.5,-75
17.2,6.74,8.57,1989-06-02,"aba102",43.5,-75
17.5,3.96,28.33,1989-06-03,"aba102",43.5,-75
15.5,5.16,16.14,1989-06-04,"aba102",43.5,-75
14,3.8,19.34,1989-06-05,"aba102",43.5,-75
14.3,3.11,15.13,1989-06-06,"aba102",43.5,-75
16.2,2.85,18,1989-06-07,"aba102",43.5,-75
17.1,3.04,16.8,1989-06-08,"aba102",43.5,-75
15.2,6,8.45,1989-06-09,"aba102",43.5,-75
13.4,7.61,11.72,1989-06-10,"aba102",43.5,-75
14.3,7.65,24.97,1989-06-11,"aba102",43.5,-75
15.2,3.57,29.97,1989-06-12,"aba102",43.5,-75
12.6,3.93,6.8,1989-06-13,"aba102",43.5,-75
12.9,3.61,15.48,1989-06-14,"aba102",43.5,-75
11.1,5.54,3.63,1989-06-15,"aba102",43.5,-75
14.3,4.08,8.74,1989-06-16,"aba102",43.5,-75
16.7,6.96,18.62,1989-06-17,"aba102",43.5,-75
14,5.8,20.88,1989-06-18,"aba102",43.5,-75
17.8,1.82,25.47,1989-06-19,"aba102",43.5,-75
19.6,3.84,18.28,1989-06-20,"aba102",43.5,-75
19.9,4.2,11.89,1989-06-21,"aba102",43.5,-75
22.5,2.94,21.52,1989-06-22,"aba102",43.5,-75
21.6,2.19,23.73,1989-06-23,"aba102",43.5,-75
20.5,2.69,21.07,1989-06-24,"aba102",43.5,-75
21.2,3.06,25.62,1989-06-25,"aba102",43.5,-75
20.6,2.95,24.33,1989-06-26,"aba102",43.5,-75
21.7,4.11,26.2,1989-06-27,"aba102",43.5,-75
18,5.51,19.64,1989-06-28,"aba102",43.5,-75
14.3,4.69,25.59,1989-06-29,"aba102",43.5,-75
15.1,3.47,30.55,1989-06-30,"aba102",43.5,-75
17.7,3,25.68,1989-07-01,"aba102",43.5,-75
19.5,3.88,29.39,1989-07-02,"aba102",43.5,-75
21.5,2.77,29.12,1989-07-03,"aba102",43.5,-75
19.9,3.16,17.04,1989-07-04,"aba102",43.5,-75
18.1,3.83,6.6,1989-07-05,"aba102",43.5,-75
20.6,2.84,20.1,1989-07-06,"aba102",43.5,-75
19.8,4.18,21.17,1989-07-07,"aba102",43.5,-75
16.9,3.94,23.77,1989-07-08,"aba102",43.5,-75
17.6,3.14,23.67,1989-07-09,"aba102",43.5,-75
19.6,6.81,9.59,1989-07-10,"aba102",43.5,-75
18.4,7.03,22.81,1989-07-11,"aba102",43.5,-75
17.2,3.3,27.6,1989-07-12,"aba102",43.5,-75
16.6,2.28,18.08,1989-07-13,"aba102",43.5,-75
17.1,4.66,24.81,1989-07-14,"aba102",43.5,-75
16,3.57,26.67,1989-07-15,"aba102",43.5,-75
15.7,3.07,19.05,1989-07-16,"aba102",43.5,-75
17.7,2.6,21.16,1989-07-17,"aba102",43.5,-75
18.8,3.18,26.23,1989-07-18,"aba102",43.5,-75
20.5,2.52,23.09,1989-07-19,"aba102",43.5,-75
18.6,2.91,14.34,1989-07-20,"aba102",43.5,-75
18.4,3.97,17.34,1989-07-21,"aba102",43.5,-75
19.8,2.56,10.76,1989-07-22,"aba102",43.5,-75
21.8,3.14,26.71,1989-07-23,"aba102",43.5,-75
21.5,2.71,21.16,1989-07-24,"aba102",43.5,-75
23.7,3.83,25.24,1989-07-25,"aba102",43.5,-75
23.4,4.06,26.28,1989-07-26,"aba102",43.5,-75
22.3,4.25,21.14,1989-07-27,"aba102",43.5,-75
17.7,5.37,14.54,1989-07-28,"aba102",43.5,-75
15.8,4.81,22.95,1989-07-29,"aba102",43.5,-75
16.7,3.9,22.46,1989-07-30,"aba102",43.5,-75
17.3,1.8,20.96,1989-07-31,"aba102",43.5,-75
18.1,2.24,21.3,1989-08-01,"aba102",43.5,-75
18.1,4.53,19.25,1989-08-02,"aba102",43.5,-75
21.4,3.91,19.67,1989-08-03,"aba102",43.5,-75
22.2,4.78,7.61,1989-08-04,"aba102",43.5,-75
22.4,6.86,17.28,1989-08-05,"aba102",43.5,-75
21.5,4.61,17.51,1989-08-06,"aba102",43.5,-75
15,4.02,13.1,1989-08-07,"aba102",43.5,-75
11.4,4.63,17.34,1989-08-08,"aba102",43.5,-75
13,2.44,16.5,1989-08-09,"aba102",43.5,-75
16,2.13,23.23,1989-08-10,"aba102",43.5,-75
17.2,2.42,18.59,1989-08-11,"aba102",43.5,-75
16,2.04,7.22,1989-08-12,"aba102",43.5,-75
19.3,2.15,14.28,1989-08-13,"aba102",43.5,-75
19.4,2.47,19.29,1989-08-14,"aba102",43.5,-75
20.3,3.84,21.47,1989-08-15,"aba102",43.5,-75
18.7,3.7,15.14,1989-08-16,"aba102",43.5,-75
15.4,3.64,20.17,1989-08-17,"aba102",43.5,-75
15,3.05,25.17,1989-08-18,"aba102",43.5,-75
17.5,3.5,23.01,1989-08-19,"aba102",43.5,-75
18,4.17,9.67,1989-08-20,"aba102",43.5,-75
19.7,5.95,13.62,1989-08-21,"aba102",43.5,-75
17.1,3.7,18.72,1989-08-22,"aba102",43.5,-75
17.5,5.23,14.1,1989-08-23,"aba102",43.5,-75
13.5,3.9,22.76,1989-08-24,"aba102",43.5,-75
11,3.37,24.9,1989-08-25,"aba102",43.5,-75
12.1,3.89,23.39,1989-08-26,"aba102",43.5,-75
12.3,2.48,21.14,1989-08-27,"aba102",43.5,-75
17.1,2.42,21.44,1989-08-28,"aba102",43.5,-75
17.2,3.44,7.54,1989-08-29,"aba102",43.5,-75
18.6,7.14,13.65,1989-08-30,"aba102",43.5,-75
15.2,5.09,14.48,1989-08-31,"aba102",43.5,-75
16.4,5.77,7.61,1989-09-01,"aba102",43.5,-75
15.1,5.54,19.22,1989-09-02,"aba102",43.5,-75
11.9,3.55,19.73,1989-09-03,"aba102",43.5,-75
12.1,3.75,22.44,1989-09-04,"aba102",43.5,-75
13.3,3.98,21.21,1989-09-05,"aba102",43.5,-75
16.3,3.44,15.88,1989-09-06,"aba102",43.5,-75
18.5,2.94,15.94,1989-09-07,"aba102",43.5,-75
19.5,4.39,17.84,1989-09-08,"aba102",43.5,-75
21.9,3.04,16.74,1989-09-09,"aba102",43.5,-75
21.7,4.56,14.89,1989-09-10,"aba102",43.5,-75
16.8,2.83,8.39,1989-09-11,"aba102",43.5,-75
14.4,2.28,14.07,1989-09-12,"aba102",43.5,-75
14.9,2.71,12.66,1989-09-13,"aba102",43.5,-75
14,3.04,6.58,1989-09-14,"aba102",43.5,-75
12.7,3.86,15.48,1989-09-15,"aba102",43.5,-75
11.4,4.22,7.97,1989-09-16,"aba102",43.5,-75
12.8,3.47,3.57,1989-09-17,"aba102",43.5,-75
13.9,3.54,15.7,1989-09-18,"aba102",43.5,-75
13.2,4.85,5.8,1989-09-19,"aba102",43.5,-75
15.8,4.78,3.98,1989-09-20,"aba102",43.5,-75
16.5,2.84,16.1,1989-09-21,"aba102",43.5,-75
21,8.67,12.76,1989-09-22,"aba102",43.5,-75
9.6,10.73,2.8,1989-09-23,"aba102",43.5,-75
3.9,5.59,14.09,1989-09-24,"aba102",43.5,-75
6.5,4.51,18.87,1989-09-25,"aba102",43.5,-75
9.3,5.99,11.02,1989-09-26,"aba102",43.5,-75
2.7,5.11,18,1989-09-27,"aba102",43.5,-75
5.8,4.15,18.21,1989-09-28,"aba102",43.5,-75
11.3,7.23,13.72,1989-09-29,"aba102",43.5,-75
8.5,2.5,17.55,1989-09-30,"aba102",43.5,-75
10.9,4.41,17.48,1989-10-01,"aba102",43.5,-75
13.6,5.53,2.19,1989-10-02,"aba102",43.5,-75
7.4,6.73,7.05,1989-10-03,"aba102",43.5,-75
4.1,9.14,12.69,1989-10-04,"aba102",43.5,-75
6.4,6.32,16.14,1989-10-05,"aba102",43.5,-75
8.9,5.71,5.52,1989-10-06,"aba102",43.5,-75
6.5,6.49,12.86,1989-10-07,"aba102",43.5,-75
3,3.08,9.54,1989-10-08,"aba102",43.5,-75
0.3,4.71,8.57,1989-10-09,"aba102",43.5,-75
3.6,5.66,15.4,1989-10-10,"aba102",43.5,-75
6.5,5.32,8.46,1989-10-11,"aba102",43.5,-75
8.7,5.58,12.02,1989-10-12,"aba102",43.5,-75
9.4,5.6,14.86,1989-10-13,"aba102",43.5,-75
6.9,4.24,11.46,1989-10-14,"aba102",43.5,-75
11.3,4.24,10.97,1989-10-15,"aba102",43.5,-75
15.9,5.66,12.08,1989-10-16,"aba102",43.5,-75
6.2,4.43,0.95,1989-10-17,"aba102",43.5,-75
2.6,3.8,1.62,1989-10-18,"aba102",43.5,-75
2.9,7.71,4.05,1989-10-19,"aba102",43.5,-75
5.9,8.29,1.77,1989-10-20,"aba102",43.5,-75
1.9,5.86,7.81,1989-10-21,"aba102",43.5,-75
2.5,6.66,5.31,1989-10-22,"aba102",43.5,-75
5,2.82,13.45,1989-10-23,"aba102",43.5,-75
8.5,2.62,12.3,1989-10-24,"aba102",43.5,-75
10.3,2.8,12.97,1989-10-25,"aba102",43.5,-75
10.4,2.73,10.04,1989-10-26,"aba102",43.5,-75
12.2,3.36,10.38,1989-10-27,"aba102",43.5,-75
11,2.2,11.16,1989-10-28,"aba102",43.5,-75
10.4,2.62,12.1,1989-10-29,"aba102",43.5,-75
11.1,3.48,11.41,1989-10-30,"aba102",43.5,-75
13,5.05,8.05,1989-10-31,"aba102",43.5,-75
6.4,7.14,6.41,1989-11-01,"aba102",43.5,-75
3.1,3.45,6.89,1989-11-02,"aba102",43.5,-75
0.6,5.12,3.07,1989-11-03,"aba102",43.5,-75
-4.3,4.22,10.75,1989-11-04,"aba102",43.5,-75
3.1,5.91,10.66,1989-11-05,"aba102",43.5,-75
7.9,6.93,5.47,1989-11-06,"aba102",43.5,-75
4.1,4.6,7.15,1989-11-07,"aba102",43.5,-75
5.9,6.11,3.45,1989-11-08,"aba102",43.5,-75
6.8,6.08,1.62,1989-11-09,"aba102",43.5,-75
1.9,5.47,5.04,1989-11-10,"aba102",43.5,-75
2.5,6.93,3.76,1989-11-11,"aba102",43.5,-75
0.1,8.01,8.84,1989-11-12,"aba102",43.5,-75
1.3,5.54,7.72,1989-11-13,"aba102",43.5,-75
10.4,4.46,7.8,1989-11-14,"aba102",43.5,-75
12.8,5.91,3.4,1989-11-15,"aba102",43.5,-75
9.2,10.02,1.4,1989-11-16,"aba102",43.5,-75
-2.8,7.78,7.31,1989-11-17,"aba102",43.5,-75
-3.3,6.22,7.02,1989-11-18,"aba102",43.5,-75
-6.4,4.74,5.29,1989-11-19,"aba102",43.5,-75
0.7,6.6,1.79,1989-11-20,"aba102",43.5,-75
-8.5,8.14,5.48,1989-11-21,"aba102",43.5,-75
-11.6,5.31,6.62,1989-11-22,"aba102",43.5,-75
-12.2,2.97,8.74,1989-11-23,"aba102",43.5,-75
-9.4,5.39,7.44,1989-11-24,"aba102",43.5,-75
-3.3,3.75,4.44,1989-11-25,"aba102",43.5,-75
1.1,5.98,3.7,1989-11-26,"aba102",43.5,-75
-5.2,7.02,8.54,1989-11-27,"aba102",43.5,-75
1.6,8.15,3.05,1989-11-28,"aba102",43.5,-75
-12.6,6.13,6.66,1989-11-29,"aba102",43.5,-75
-8.1,6.17,3.83,1989-11-30,"aba102",43.5,-75
-17,4.06,7.47,1989-12-01,"aba102",43.5,-75
-14.6,6.45,4,1989-12-02,"aba102",43.5,-75
-12.8,6.5,6.36,1989-12-03,"aba102",43.5,-75
-19.1,6.02,7.44,1989-12-04,"aba102",43.5,-75
-16.8,2.37,7.86,1989-12-05,"aba102",43.5,-75
-3.9,4.87,4.89,1989-12-06,"aba102",43.5,-75
-12.6,6.33,7.67,1989-12-07,"aba102",43.5,-75
-17.7,3.91,5.71,1989-12-08,"aba102",43.5,-75
-16.1,3.18,8.07,1989-12-09,"aba102",43.5,-75
-9.2,3.5,5.94,1989-12-10,"aba102",43.5,-75
-7.6,3.32,4.37,1989-12-11,"aba102",43.5,-75
-14.4,3.26,5.49,1989-12-12,"aba102",43.5,-75
-17.4,3.08,8,1989-12-13,"aba102",43.5,-75
-21.6,2.73,8.06,1989-12-14,"aba102",43.5,-75
-16.6,5.34,7.16,1989-12-15,"aba102",43.5,-75
-13.4,5.95,5.71,1989-12-16,"aba102",43.5,-75
-13.5,5.24,6.89,1989-12-17,"aba102",43.5,-75
-11.3,3.54,5.92,1989-12-18,"aba102",43.5,-75
-12.6,2.28,4.58,1989-12-19,"aba102",43.5,-75
-13.2,5.7,5.43,1989-12-20,"aba102",43.5,-75
-16.7,4.73,5.61,1989-12-21,"aba102",43.5,-75
-24.4,3.72,7.98,1989-12-22,"aba102",43.5,-75
-22.7,3.2,8.02,1989-12-23,"aba102",43.5,-75
-19.5,3.06,6.75,1989-12-24,"aba102",43.5,-75
-10.8,4.3,4.16,1989-12-25,"aba102",43.5,-75
-12.1,7.32,4.5,1989-12-26,"aba102",43.5,-75
-21.3,4.8,7.03,1989-12-27,"aba102",43.5,-75
-12,4.9,4.16,1989-12-28,"aba102",43.5,-75
-14.4,3.32,5.11,1989-12-29,"aba102",43.5,-75
-9.8,4.22,4.5,1989-12-30,"aba102",43.5,-75
-1.6,6.36,1.03,1989-12-31,"aba102",43.5,-75
-4.2,7.43,3.96,1990-01-01,"aba102",43.5,-75
-4.8,5.95,5.01,1990-01-02,"aba102",43.5,-75
-2.2,3.61,7.78,1990-01-03,"aba102",43.5,-75
3.1,6.67,3.05,1990-01-04,"aba102",43.5,-75
-3.1,5.41,4.67,1990-01-05,"aba102",43.5,-75
-6.8,6.5,5.49,1990-01-06,"aba102",43.5,-75
-6.6,4.28,5.84,1990-01-07,"aba102",43.5,-75
-1.4,4.37,6.69,1990-01-08,"aba102",43.5,-75
-1.2,3.97,7.51,1990-01-09,"aba102",43.5,-75
0,3.92,2.73,1990-01-10,"aba102",43.5,-75
-1.6,5.55,1.93,1990-01-11,"aba102",43.5,-75
-4.6,5.5,5.58,1990-01-12,"aba102",43.5,-75
-13.2,5.51,7.06,1990-01-13,"aba102",43.5,-75
-12.7,5.02,8.93,1990-01-14,"aba102",43.5,-75
-4.7,4.46,2.86,1990-01-15,"aba102",43.5,-75
0.9,3.28,6.15,1990-01-16,"aba102",43.5,-75
4.6,6.22,4.98,1990-01-17,"aba102",43.5,-75
4,6.11,3.72,1990-01-18,"aba102",43.5,-75
-7.9,6.62,9.46,1990-01-19,"aba102",43.5,-75
-7.2,3.09,4.5,1990-01-20,"aba102",43.5,-75
-5.3,5.66,2.3,1990-01-21,"aba102",43.5,-75
-3.3,5.82,4.84,1990-01-22,"aba102",43.5,-75
-2.3,4.66,5.65,1990-01-23,"aba102",43.5,-75
2.5,6.63,8.33,1990-01-24,"aba102",43.5,-75
1.3,6.51,2.88,1990-01-25,"aba102",43.5,-75
-0.1,6.24,2.52,1990-01-26,"aba102",43.5,-75
-2.5,6.14,10.19,1990-01-27,"aba102",43.5,-75
-0.9,6.75,7.43,1990-01-28,"aba102",43.5,-75
-6,6.91,1.99,1990-01-29,"aba102",43.5,-75
-2,5.95,4.28,1990-01-30,"aba102",43.5,-75
-4,2.62,9.38,1990-01-31,"aba102",43.5,-75
0,5.44,8.6,1990-02-01,"aba102",43.5,-75
-2.5,4.37,1.88,1990-02-02,"aba102",43.5,-75
-10.1,4.89,8.05,1990-02-03,"aba102",43.5,-75
-8,4.67,2.38,1990-02-04,"aba102",43.5,-75
-11.2,3.61,11.48,1990-02-05,"aba102",43.5,-75
-2.9,5.58,4.73,1990-02-06,"aba102",43.5,-75
-0.8,3.54,10.7,1990-02-07,"aba102",43.5,-75
0.8,4.1,11.06,1990-02-08,"aba102",43.5,-75
4.5,5.36,4.61,1990-02-09,"aba102",43.5,-75
-0.3,6.1,4.86,1990-02-10,"aba102",43.5,-75
-8.2,5.31,11.71,1990-02-11,"aba102",43.5,-75
-11.4,4.15,11.83,1990-02-12,"aba102",43.5,-75
-0.9,5.46,9.85,1990-02-13,"aba102",43.5,-75
-3.1,4.05,11.18,1990-02-14,"aba102",43.5,-75
-7.8,6.48,1.68,1990-02-15,"aba102",43.5,-75
1.7,7.61,2.08,1990-02-16,"aba102",43.5,-75
-8,7.33,10.03,1990-02-17,"aba102",43.5,-75
-11.6,5.26,14.23,1990-02-18,"aba102",43.5,-75
-3.3,8.51,7.87,1990-02-19,"aba102",43.5,-75
-13.1,6.61,14.57,1990-02-20,"aba102",43.5,-75
-6.5,4.96,15.26,1990-02-21,"aba102",43.5,-75
3.7,7.37,10.13,1990-02-22,"aba102",43.5,-75
3.2,7.11,5.5,1990-02-23,"aba102",43.5,-75
-7.2,4.34,14.08,1990-02-24,"aba102",43.5,-75
-15.1,5.69,7.89,1990-02-25,"aba102",43.5,-75
-19.1,3.27,16.6,1990-02-26,"aba102",43.5,-75
-8.7,6.5,4.61,1990-02-27,"aba102",43.5,-75
-9.8,5.66,13.39,1990-02-28,"aba102",43.5,-75
-6.6,5.7,14.77,1990-03-01,"aba102",43.5,-75
0.6,6.02,17.2,1990-03-02,"aba102",43.5,-75
-3.6,4.31,16.57,1990-03-03,"aba102",43.5,-75
-12.6,4.68,15.54,1990-03-04,"aba102",43.5,-75
-14.1,3.13,17.76,1990-03-05,"aba102",43.5,-75
-13.8,4,18.54,1990-03-06,"aba102",43.5,-75
-13.6,3.36,18.62,1990-03-07,"aba102",43.5,-75
-8.2,2.7,18.45,1990-03-08,"aba102",43.5,-75
-1.4,2.35,14.81,1990-03-09,"aba102",43.5,-75
2.6,2.24,5.04,1990-03-10,"aba102",43.5,-75
6.4,2.62,14.31,1990-03-11,"aba102",43.5,-75
4.8,4.44,1.91,1990-03-12,"aba102",43.5,-75
9,5.07,4.75,1990-03-13,"aba102",43.5,-75
13.1,3.64,13.94,1990-03-14,"aba102",43.5,-75
14.8,3.72,14.97,1990-03-15,"aba102",43.5,-75
16,4.48,14.13,1990-03-16,"aba102",43.5,-75
11.6,7,2.44,1990-03-17,"aba102",43.5,-75
1.9,7.41,14.88,1990-03-18,"aba102",43.5,-75
1,4.78,11.61,1990-03-19,"aba102",43.5,-75
0.2,5.31,3.94,1990-03-20,"aba102",43.5,-75
-0.1,6.39,20.3,1990-03-21,"aba102",43.5,-75
4.3,6.84,15.89,1990-03-22,"aba102",43.5,-75
1.1,8.21,13.21,1990-03-23,"aba102",43.5,-75
-6.2,4.84,15.81,1990-03-24,"aba102",43.5,-75
-3,5.55,20.66,1990-03-25,"aba102",43.5,-75
-3.5,6.96,18.84,1990-03-26,"aba102",43.5,-75
-8.2,5.75,18.9,1990-03-27,"aba102",43.5,-75
-3.6,6.66,20.42,1990-03-28,"aba102",43.5,-75
-1.3,4.13,22.68,1990-03-29,"aba102",43.5,-75
-1.1,6.51,3.98,1990-03-30,"aba102",43.5,-75
3.5,3.54,8.06,1990-03-31,"aba102",43.5,-75
4.4,2.75,3.64,1990-04-01,"aba102",43.5,-75
4.8,4.49,4.16,1990-04-02,"aba102",43.5,-75
2.8,4.49,2.64,1990-04-03,"aba102",43.5,-75
1.5,3.5,5.23,1990-04-04,"aba102",43.5,-75
-0.1,7.6,12.07,1990-04-05,"aba102",43.5,-75
-2.6,6.32,17.53,1990-04-06,"aba102",43.5,-75
-3.8,6.26,23.46,1990-04-07,"aba102",43.5,-75
-2.9,6.39,18.44,1990-04-08,"aba102",43.5,-75
1.3,5.66,14.15,1990-04-09,"aba102",43.5,-75
5.6,5.28,6.04,1990-04-10,"aba102",43.5,-75
-0.2,5.58,8.89,1990-04-11,"aba102",43.5,-75
-4.1,6.36,19.5,1990-04-12,"aba102",43.5,-75
-2.5,3.54,18.01,1990-04-13,"aba102",43.5,-75
1.7,5.32,8.7,1990-04-14,"aba102",43.5,-75
6.3,4.83,9.24,1990-04-15,"aba102",43.5,-75
4.5,5,25.79,1990-04-16,"aba102",43.5,-75
3.1,8.64,12.74,1990-04-17,"aba102",43.5,-75
-0.6,5.64,21.71,1990-04-18,"aba102",43.5,-75
5.1,4.2,26.36,1990-04-19,"aba102",43.5,-75
8.2,4.74,5.98,1990-04-20,"aba102",43.5,-75
9.3,5.1,11.55,1990-04-21,"aba102",43.5,-75
8.6,4.21,25.05,1990-04-22,"aba102",43.5,-75
11.4,3.85,26.87,1990-04-23,"aba102",43.5,-75
12.5,3,26.33,1990-04-24,"aba102",43.5,-75
15,5.58,18.37,1990-04-25,"aba102",43.5,-75
18.7,4.08,24.73,1990-04-26,"aba102",43.5,-75
21.1,4.79,26.09,1990-04-27,"aba102",43.5,-75
22.8,4.24,25.21,1990-04-28,"aba102",43.5,-75
17,5.77,24.99,1990-04-29,"aba102",43.5,-75
14.1,5.76,15.81,1990-04-30,"aba102",43.5,-75
14,5.1,20.05,1990-05-01,"aba102",43.5,-75
7.1,6.41,26.96,1990-05-02,"aba102",43.5,-75
6.9,2.72,27.56,1990-05-03,"aba102",43.5,-75
9.6,4.22,22.6,1990-05-04,"aba102",43.5,-75
5.2,5.19,2.02,1990-05-05,"aba102",43.5,-75
6,4,21.96,1990-05-06,"aba102",43.5,-75
5.5,4.8,16.1,1990-05-07,"aba102",43.5,-75
9.6,4.47,15.89,1990-05-08,"aba102",43.5,-75
16.8,5.91,23.75,1990-05-09,"aba102",43.5,-75
13.9,7.6,8.46,1990-05-10,"aba102",43.5,-75
3.2,8.3,9.99,1990-05-11,"aba102",43.5,-75
7.9,5.07,24.3,1990-05-12,"aba102",43.5,-75
8.2,4.53,2.42,1990-05-13,"aba102",43.5,-75
12.3,4.22,28.68,1990-05-14,"aba102",43.5,-75
14.7,5.56,18.47,1990-05-15,"aba102",43.5,-75
13.4,5.39,7.52,1990-05-16,"aba102",43.5,-75
11.5,9.53,4.59,1990-05-17,"aba102",43.5,-75
8.2,6.7,16.01,1990-05-18,"aba102",43.5,-75
5.7,5.9,9.07,1990-05-19,"aba102",43.5,-75
5.5,6.07,3.25,1990-05-20,"aba102",43.5,-75
5.7,5.96,3.72,1990-05-21,"aba102",43.5,-75
7.2,4.96,15.27,1990-05-22,"aba102",43.5,-75
8.9,4.2,16.06,1990-05-23,"aba102",43.5,-75
10,3.49,22.62,1990-05-24,"aba102",43.5,-75
12.3,4.49,26.61,1990-05-25,"aba102",43.5,-75
14.4,2.53,23.7,1990-05-26,"aba102",43.5,-75
14.9,2.38,26.82,1990-05-27,"aba102",43.5,-75
15.7,2.58,27.69,1990-05-28,"aba102",43.5,-75
11.7,4.31,8.2,1990-05-29,"aba102",43.5,-75
9.5,6.44,28.57,1990-05-30,"aba102",43.5,-75
11.6,5.71,29.97,1990-05-31,"aba102",43.5,-75
15.6,4.05,30.98,1990-06-01,"aba102",43.5,-75
18.8,4.39,26.46,1990-06-02,"aba102",43.5,-75
19.5,6.17,14.66,1990-06-03,"aba102",43.5,-75
10.4,6.32,7.94,1990-06-04,"aba102",43.5,-75
8.7,6.24,20.57,1990-06-05,"aba102",43.5,-75
12.1,6.26,17.34,1990-06-06,"aba102",43.5,-75
16.4,6.93,23.68,1990-06-07,"aba102",43.5,-75
13.8,4.64,15.35,1990-06-08,"aba102",43.5,-75
16.7,4.21,16.85,1990-06-09,"aba102",43.5,-75
14.1,4.88,16.21,1990-06-10,"aba102",43.5,-75
12.8,7.37,16.66,1990-06-11,"aba102",43.5,-75
15.2,3.47,30.37,1990-06-12,"aba102",43.5,-75
16.4,4.2,23.09,1990-06-13,"aba102",43.5,-75
19.1,3.22,16.82,1990-06-14,"aba102",43.5,-75
19.1,2.69,7.73,1990-06-15,"aba102",43.5,-75
21.7,1.97,22.99,1990-06-16,"aba102",43.5,-75
23,3.96,26.11,1990-06-17,"aba102",43.5,-75
21.2,5.06,13.94,1990-06-18,"aba102",43.5,-75
16.7,2.91,15.53,1990-06-19,"aba102",43.5,-75
15.9,2.73,17.2,1990-06-20,"aba102",43.5,-75
16,3.91,14.58,1990-06-21,"aba102",43.5,-75
19.1,4.16,24.85,1990-06-22,"aba102",43.5,-75
19,5.03,15.07,1990-06-23,"aba102",43.5,-75
15.7,4.85,18.97,1990-06-24,"aba102",43.5,-75
14.4,3.93,15.88,1990-06-25,"aba102",43.5,-75
18.1,3.71,30.33,1990-06-26,"aba102",43.5,-75
17.4,4.25,16.87,1990-06-27,"aba102",43.5,-75
14.7,3.27,24.13,1990-06-28,"aba102",43.5,-75
13.6,4.75,9.23,1990-06-29,"aba102",43.5,-75
14.3,3.51,9.41,1990-06-30,"aba102",43.5,-75
14.7,4,14.03,1990-07-01,"aba102",43.5,-75
17.3,3.34,22.68,1990-07-02,"aba102",43.5,-75
17.7,5.11,27.96,1990-07-03,"aba102",43.5,-75
23,7.5,23.4,1990-07-04,"aba102",43.5,-75
18.5,5.26,16.57,1990-07-05,"aba102",43.5,-75
14.6,3.57,18.58,1990-07-06,"aba102",43.5,-75
14.8,3.2,29.23,1990-07-07,"aba102",43.5,-75
17.3,5,21.61,1990-07-08,"aba102",43.5,-75
20.5,5.02,17.97,1990-07-09,"aba102",43.5,-75
18.5,6.22,24.85,1990-07-10,"aba102",43.5,-75
16.2,2.72,22.07,1990-07-11,"aba102",43.5,-75
14.2,3.22,8.73,1990-07-12,"aba102",43.5,-75
16.9,2.92,26.47,1990-07-13,"aba102",43.5,-75
17.5,3.45,17.52,1990-07-14,"aba102",43.5,-75
21.5,4.52,14.02,1990-07-15,"aba102",43.5,-75
20.2,4.93,20.02,1990-07-16,"aba102",43.5,-75
20.8,5.2,23.07,1990-07-17,"aba102",43.5,-75
22.7,5.01,26.85,1990-07-18,"aba102",43.5,-75
22.2,4.3,26.72,1990-07-19,"aba102",43.5,-75
19.4,4.5,14.26,1990-07-20,"aba102",43.5,-75
20.1,3.34,19.27,1990-07-21,"aba102",43.5,-75
19.9,3.2,18.98,1990-07-22,"aba102",43.5,-75
19.1,5.39,11.33,1990-07-23,"aba102",43.5,-75
18.8,2.34,17.99,1990-07-24,"aba102",43.5,-75
19.6,3.33,24.21,1990-07-25,"aba102",43.5,-75
20.9,3.55,26.13,1990-07-26,"aba102",43.5,-75
22.2,3.12,25.62,1990-07-27,"aba102",43.5,-75
22.5,2.53,21.66,1990-07-28,"aba102",43.5,-75
22.7,2.43,22.89,1990-07-29,"aba102",43.5,-75
23,3.62,24,1990-07-30,"aba102",43.5,-75
16.9,4.61,7.32,1990-07-31,"aba102",43.5,-75
16.8,5.39,27.07,1990-08-01,"aba102",43.5,-75
18.8,4.53,21.46,1990-08-02,"aba102",43.5,-75
21.2,3.52,27.04,1990-08-03,"aba102",43.5,-75
21.6,3.56,21.05,1990-08-04,"aba102",43.5,-75
19.1,5.32,7.78,1990-08-05,"aba102",43.5,-75
16.9,4.36,3.68,1990-08-06,"aba102",43.5,-75
17.4,3.57,14.79,1990-08-07,"aba102",43.5,-75
17.4,3.42,20.83,1990-08-08,"aba102",43.5,-75
17.9,2.48,19.47,1990-08-09,"aba102",43.5,-75
17.1,2.62,7.79,1990-08-10,"aba102",43.5,-75
19.5,3.22,14.3,1990-08-11,"aba102",43.5,-75
19.1,3.03,22.09,1990-08-12,"aba102",43.5,-75
19.4,5.51,18.36,1990-08-13,"aba102",43.5,-75
16.5,4.55,16.29,1990-08-14,"aba102",43.5,-75
16.8,3.53,17.14,1990-08-15,"aba102",43.5,-75
18.5,3.16,13.44,1990-08-16,"aba102",43.5,-75
20.4,2.97,18.48,1990-08-17,"aba102",43.5,-75
21.5,3.93,21.31,1990-08-18,"aba102",43.5,-75
15.9,4.12,16.49,1990-08-19,"aba102",43.5,-75
14,4.43,21.37,1990-08-20,"aba102",43.5,-75
14.8,3.05,18.87,1990-08-21,"aba102",43.5,-75
18.1,2.53,16.38,1990-08-22,"aba102",43.5,-75
18,2.16,17.11,1990-08-23,"aba102",43.5,-75
18.2,2.8,8.19,1990-08-24,"aba102",43.5,-75
19.1,2.47,9.33,1990-08-25,"aba102",43.5,-75
20.6,3.2,19.07,1990-08-26,"aba102",43.5,-75
20.2,3.66,9.48,1990-08-27,"aba102",43.5,-75
20.1,4.55,11.56,1990-08-28,"aba102",43.5,-75
18.1,5.16,16.74,1990-08-29,"aba102",43.5,-75
15.6,2.92,20.32,1990-08-30,"aba102",43.5,-75
16,2.1,22.37,1990-08-31,"aba102",43.5,-75
17.4,3.28,20.34,1990-09-01,"aba102",43.5,-75
18.9,4.2,16.31,1990-09-02,"aba102",43.5,-75
14.6,4,22.83,1990-09-03,"aba102",43.5,-75
14.9,3.49,22.31,1990-09-04,"aba102",43.5,-75
17.7,2.82,9.84,1990-09-05,"aba102",43.5,-75
18.4,2.86,12.62,1990-09-06,"aba102",43.5,-75
16.6,4.92,4.41,1990-09-07,"aba102",43.5,-75
9.9,4.4,22.72,1990-09-08,"aba102",43.5,-75
9.8,3.8,9.66,1990-09-09,"aba102",43.5,-75
14.7,2.97,12.88,1990-09-10,"aba102",43.5,-75
17.4,2.8,17.1,1990-09-11,"aba102",43.5,-75
17.5,3.77,17.07,1990-09-12,"aba102",43.5,-75
18.3,2.92,17.14,1990-09-13,"aba102",43.5,-75
18.7,6.74,17.67,1990-09-14,"aba102",43.5,-75
13.2,7.22,6,1990-09-15,"aba102",43.5,-75
8.3,3.48,11.69,1990-09-16,"aba102",43.5,-75
5.2,5.5,13.24,1990-09-17,"aba102",43.5,-75
5.1,4.75,18.23,1990-09-18,"aba102",43.5,-75
6.9,3.7,12.24,1990-09-19,"aba102",43.5,-75
9.9,5.6,10.75,1990-09-20,"aba102",43.5,-75
9,3.61,15.31,1990-09-21,"aba102",43.5,-75
10.9,5.52,2.73,1990-09-22,"aba102",43.5,-75
7.9,5.46,10.98,1990-09-23,"aba102",43.5,-75
6.7,5.69,10.49,1990-09-24,"aba102",43.5,-75
10.4,4.55,14.65,1990-09-25,"aba102",43.5,-75
11.8,4.1,8.58,1990-09-26,"aba102",43.5,-75
11.7,2.58,9.82,1990-09-27,"aba102",43.5,-75
13.3,2.69,17.58,1990-09-28,"aba102",43.5,-75
14.8,3.16,10.55,1990-09-29,"aba102",43.5,-75
13.2,5.9,4.51,1990-09-30,"aba102",43.5,-75
7.7,4.32,16.64,1990-10-01,"aba102",43.5,-75
7.2,6.87,11.13,1990-10-02,"aba102",43.5,-75
8.7,4.43,15.81,1990-10-03,"aba102",43.5,-75
12.1,7.92,4.44,1990-10-04,"aba102",43.5,-75
11.1,7.01,14.14,1990-10-05,"aba102",43.5,-75
18.3,5.56,15.98,1990-10-06,"aba102",43.5,-75
17.9,4.17,14.93,1990-10-07,"aba102",43.5,-75
12.9,1.84,2.41,1990-10-08,"aba102",43.5,-75
12.3,4.87,5.42,1990-10-09,"aba102",43.5,-75
12,6.09,7.72,1990-10-10,"aba102",43.5,-75
13.8,6.22,2.08,1990-10-11,"aba102",43.5,-75
14.9,3.97,4.55,1990-10-12,"aba102",43.5,-75
16.3,3.47,4.11,1990-10-13,"aba102",43.5,-75
11.8,3.19,4.97,1990-10-14,"aba102",43.5,-75
9.9,7.3,9.57,1990-10-15,"aba102",43.5,-75
6.7,5.73,12.27,1990-10-16,"aba102",43.5,-75
10.4,5.36,11.96,1990-10-17,"aba102",43.5,-75
13.7,8.99,5.4,1990-10-18,"aba102",43.5,-75
2.9,8.45,5.33,1990-10-19,"aba102",43.5,-75
2.1,3.89,14.05,1990-10-20,"aba102",43.5,-75
7.8,5.3,13.74,1990-10-21,"aba102",43.5,-75
9.9,3.91,2.08,1990-10-22,"aba102",43.5,-75
10.2,3.7,1.09,1990-10-23,"aba102",43.5,-75
6.3,4.44,5.13,1990-10-24,"aba102",43.5,-75
3.9,3.71,5.22,1990-10-25,"aba102",43.5,-75
0.9,5.82,6.85,1990-10-26,"aba102",43.5,-75
-0.8,4.49,12.91,1990-10-27,"aba102",43.5,-75
2.1,6.85,4.35,1990-10-28,"aba102",43.5,-75
-1.4,6.09,8.47,1990-10-29,"aba102",43.5,-75
1.4,3.54,11.65,1990-10-30,"aba102",43.5,-75
3.5,3.47,12.03,1990-10-31,"aba102",43.5,-75
3.8,2,10.23,1990-11-01,"aba102",43.5,-75
10.4,4.78,9.32,1990-11-02,"aba102",43.5,-75
13.7,3.62,9.31,1990-11-03,"aba102",43.5,-75
12.5,5.46,9.09,1990-11-04,"aba102",43.5,-75
2.8,7.72,0.98,1990-11-05,"aba102",43.5,-75
3.1,9.21,2.62,1990-11-06,"aba102",43.5,-75
-1.1,5.52,4.85,1990-11-07,"aba102",43.5,-75
-2,4.96,7.98,1990-11-08,"aba102",43.5,-75
-2.7,4.88,8.37,1990-11-09,"aba102",43.5,-75
0.9,4.82,0.59,1990-11-10,"aba102",43.5,-75
-1.5,8.24,7.78,1990-11-11,"aba102",43.5,-75
-5.9,8.39,7.89,1990-11-12,"aba102",43.5,-75
-7.3,7.16,4.35,1990-11-13,"aba102",43.5,-75
-6,4.74,9.45,1990-11-14,"aba102",43.5,-75
4.2,3.89,10.04,1990-11-15,"aba102",43.5,-75
9.9,4.81,8.93,1990-11-16,"aba102",43.5,-75
2.1,5.04,3.89,1990-11-17,"aba102",43.5,-75
-4.9,4.13,10.08,1990-11-18,"aba102",43.5,-75
-4.4,3.89,9.77,1990-11-19,"aba102",43.5,-75
-1.5,3.62,3.87,1990-11-20,"aba102",43.5,-75
-0.3,3.44,7.91,1990-11-21,"aba102",43.5,-75
3.3,4.49,3.43,1990-11-22,"aba102",43.5,-75
5.2,3.61,5.09,1990-11-23,"aba102",43.5,-75
0.4,5.02,5.45,1990-11-24,"aba102",43.5,-75
1.9,8.73,3.9,1990-11-25,"aba102",43.5,-75
-0.5,5.26,8.59,1990-11-26,"aba102",43.5,-75
5.1,5.4,4.42,1990-11-27,"aba102",43.5,-75
12.8,5.99,7.56,1990-11-28,"aba102",43.5,-75
1.3,5.57,4.63,1990-11-29,"aba102",43.5,-75
-2.7,4.03,6.27,1990-11-30,"aba102",43.5,-75
1.4,4.05,7.82,1990-12-01,"aba102",43.5,-75
1.9,4.81,4.41,1990-12-02,"aba102",43.5,-75
-3.9,10.06,1.39,1990-12-03,"aba102",43.5,-75
0.1,10.12,1.6,1990-12-04,"aba102",43.5,-75
-7.1,6.37,4.19,1990-12-05,"aba102",43.5,-75
-3.4,4.4,3.08,1990-12-06,"aba102",43.5,-75
-2.5,3.26,5.35,1990-12-07,"aba102",43.5,-75
-1.9,3.19,7.02,1990-12-08,"aba102",43.5,-75
-0.7,4.84,4.78,1990-12-09,"aba102",43.5,-75
-0.4,7.29,5.03,1990-12-10,"aba102",43.5,-75
-9.8,4.97,5.83,1990-12-11,"aba102",43.5,-75
-2.9,4.39,6.97,1990-12-12,"aba102",43.5,-75
1.8,6.77,2.36,1990-12-13,"aba102",43.5,-75
-11.4,5.6,7.99,1990-12-14,"aba102",43.5,-75
-5.9,4.22,1.75,1990-12-15,"aba102",43.5,-75
-2.6,4.61,2.56,1990-12-16,"aba102",43.5,-75
-5.4,4.24,6.48,1990-12-17,"aba102",43.5,-75
1.2,5.25,0.89,1990-12-18,"aba102",43.5,-75
-0.6,4.3,3.48,1990-12-19,"aba102",43.5,-75
-8.7,5.7,7.97,1990-12-20,"aba102",43.5,-75
1.4,5.68,0.65,1990-12-21,"aba102",43.5,-75
8.9,4.94,1.95,1990-12-22,"aba102",43.5,-75
6.1,5.41,0.81,1990-12-23,"aba102",43.5,-75
-5.1,6.39,4.62,1990-12-24,"aba102",43.5,-75
-10.7,4.83,7.38,1990-12-25,"aba102",43.5,-75
-9.8,6.61,5.93,1990-12-26,"aba102",43.5,-75
-13.7,3.98,5.29,1990-12-27,"aba102",43.5,-75
-7.4,5.6,1.84,1990-12-28,"aba102",43.5,-75
2.2,5.93,1.25,1990-12-29,"aba102",43.5,-75
6,5.73,0.69,1990-12-30,"aba102",43.5,-75
-11.4,5.22,5.82,1990-12-31,"aba102",43.5,-75
-10.2,4.67,7.03,1991-01-01,"aba102",43.5,-75
-4,4.57,4.81,1991-01-02,"aba102",43.5,-75
-8.4,4.7,6.57,1991-01-03,"aba102",43.5,-75
-8.6,4.98,5.93,1991-01-04,"aba102",43.5,-75
-7,3.94,3.98,1991-01-05,"aba102",43.5,-75
-3.7,3.31,3.82,1991-01-06,"aba102",43.5,-75
-12.6,3.29,7.07,1991-01-07,"aba102",43.5,-75
-18.1,5.19,8.76,1991-01-08,"aba102",43.5,-75
-7.6,5.46,1.5,1991-01-09,"aba102",43.5,-75
-9.5,5.01,6.63,1991-01-10,"aba102",43.5,-75
-15.7,7.62,3.94,1991-01-11,"aba102",43.5,-75
-8.3,8.41,1.56,1991-01-12,"aba102",43.5,-75
-11,3.61,8.02,1991-01-13,"aba102",43.5,-75
-7.2,3.38,4.34,1991-01-14,"aba102",43.5,-75
0.6,3.3,4.18,1991-01-15,"aba102",43.5,-75
0.4,6.37,0.87,1991-01-16,"aba102",43.5,-75
-0.5,6.36,4.46,1991-01-17,"aba102",43.5,-75
-3.8,10,4.69,1991-01-18,"aba102",43.5,-75
-5.4,5.35,5.3,1991-01-19,"aba102",43.5,-75
-1.1,4.57,2.61,1991-01-20,"aba102",43.5,-75
-15.9,3.91,7.51,1991-01-21,"aba102",43.5,-75
-21.7,3.04,10.31,1991-01-22,"aba102",43.5,-75
-11.3,5.5,5.99,1991-01-23,"aba102",43.5,-75
-8.8,6.61,7.18,1991-01-24,"aba102",43.5,-75
-17.8,4.22,9.73,1991-01-25,"aba102",43.5,-75
-11.7,4.14,9.43,1991-01-26,"aba102",43.5,-75
-6.3,5.45,8.75,1991-01-27,"aba102",43.5,-75
-1.8,6.14,10.39,1991-01-28,"aba102",43.5,-75
-4.6,4.97,7.65,1991-01-29,"aba102",43.5,-75
-1.3,4.71,4.86,1991-01-30,"aba102",43.5,-75
-8,6.87,7.15,1991-01-31,"aba102",43.5,-75
-13,5.66,11.45,1991-02-01,"aba102",43.5,-75
-4,4.52,11.33,1991-02-02,"aba102",43.5,-75
2,4.22,11.43,1991-02-03,"aba102",43.5,-75
4,3.45,11.55,1991-02-04,"aba102",43.5,-75
4.3,3.31,4.07,1991-02-05,"aba102",43.5,-75
2.6,4.53,7.25,1991-02-06,"aba102",43.5,-75
1.3,4.6,1.76,1991-02-07,"aba102",43.5,-75
-0.7,3.26,10.58,1991-02-08,"aba102",43.5,-75
-1.3,3.54,9.27,1991-02-09,"aba102",43.5,-75
-4.6,4.42,10.02,1991-02-10,"aba102",43.5,-75
-12.4,5.26,9.61,1991-02-11,"aba102",43.5,-75
-16,4.11,12.61,1991-02-12,"aba102",43.5,-75
-7.5,5.28,8.34,1991-02-13,"aba102",43.5,-75
-2.4,6.89,2.64,1991-02-14,"aba102",43.5,-75
-7.7,5.7,11.38,1991-02-15,"aba102",43.5,-75
-16.8,5.51,13.22,1991-02-16,"aba102",43.5,-75
-7.9,5.7,6.48,1991-02-17,"aba102",43.5,-75
-6.9,4.86,10.54,1991-02-18,"aba102",43.5,-75
0.9,5.09,4.04,1991-02-19,"aba102",43.5,-75
0.7,6.11,5.08,1991-02-20,"aba102",43.5,-75
-0.5,5.44,7.78,1991-02-21,"aba102",43.5,-75
0.1,7.57,7.86,1991-02-22,"aba102",43.5,-75
-15.2,5.68,16.22,1991-02-23,"aba102",43.5,-75
-9.2,4.36,5.69,1991-02-24,"aba102",43.5,-75
-5.1,3.07,9.9,1991-02-25,"aba102",43.5,-75
-7.7,2.69,14.27,1991-02-26,"aba102",43.5,-75
-8.7,5.81,13.33,1991-02-27,"aba102",43.5,-75
-5.8,4.26,10.43,1991-02-28,"aba102",43.5,-75
4.4,5.05,14.04,1991-03-01,"aba102",43.5,-75
8.5,5.82,2.62,1991-03-02,"aba102",43.5,-75
5.2,6.2,5.06,1991-03-03,"aba102",43.5,-75
1,8.6,1.88,1991-03-04,"aba102",43.5,-75
-3.3,4.88,9.82,1991-03-05,"aba102",43.5,-75
2.5,7.14,15.1,1991-03-06,"aba102",43.5,-75
-1.5,8.3,6.04,1991-03-07,"aba102",43.5,-75
-10,6.58,18.76,1991-03-08,"aba102",43.5,-75
-7.8,5.11,17.94,1991-03-09,"aba102",43.5,-75
-8.2,6.26,16.96,1991-03-10,"aba102",43.5,-75
-9.8,4.99,16.74,1991-03-11,"aba102",43.5,-75
-6.5,5.09,15.83,1991-03-12,"aba102",43.5,-75
-3.6,3.32,18.63,1991-03-13,"aba102",43.5,-75
-0.9,5.1,7.67,1991-03-14,"aba102",43.5,-75
0.1,5.04,13.24,1991-03-15,"aba102",43.5,-75
-1.1,4.89,18.77,1991-03-16,"aba102",43.5,-75
1.8,2.47,19.84,1991-03-17,"aba102",43.5,-75
1.9,5.81,4.4,1991-03-18,"aba102",43.5,-75
2.4,7.14,9.79,1991-03-19,"aba102",43.5,-75
0.2,6.37,19.81,1991-03-20,"aba102",43.5,-75
-1.8,4.3,14.17,1991-03-21,"aba102",43.5,-75
0.3,4.83,4.26,1991-03-22,"aba102",43.5,-75
-0.3,9.14,3.32,1991-03-23,"aba102",43.5,-75
0.9,4.03,5.33,1991-03-24,"aba102",43.5,-75
0.8,3.41,6.26,1991-03-25,"aba102",43.5,-75
3,3.97,16.69,1991-03-26,"aba102",43.5,-75
5.3,5.79,8.47,1991-03-27,"aba102",43.5,-75
7.5,8.85,12.21,1991-03-28,"aba102",43.5,-75
0.8,6.11,14.97,1991-03-29,"aba102",43.5,-75
-2.5,5.13,18.79,1991-03-30,"aba102",43.5,-75
-2,3.24,23.17,1991-03-31,"aba102",43.5,-75
0.1,4,9.88,1991-04-01,"aba102",43.5,-75
0.3,4.7,17.23,1991-04-02,"aba102",43.5,-75
1,2.72,23.53,1991-04-03,"aba102",43.5,-75
6.8,3.51,23.36,1991-04-04,"aba102",43.5,-75
9.1,4.9,6.45,1991-04-05,"aba102",43.5,-75
11.9,6.07,16.9,1991-04-06,"aba102",43.5,-75
17.2,6.01,22.61,1991-04-07,"aba102",43.5,-75
16.3,4.49,14.67,1991-04-08,"aba102",43.5,-75
15.1,4.79,7.92,1991-04-09,"aba102",43.5,-75
7.3,7.13,13.98,1991-04-10,"aba102",43.5,-75
0.5,8.45,18.36,1991-04-11,"aba102",43.5,-75
0.6,5.41,25.74,1991-04-12,"aba102",43.5,-75
1.6,3.55,6.63,1991-04-13,"aba102",43.5,-75
5,4.66,25.13,1991-04-14,"aba102",43.5,-75
5,5.7,3.24,1991-04-15,"aba102",43.5,-75
7.8,7.91,16.66,1991-04-16,"aba102",43.5,-75
5.6,3.9,16.87,1991-04-17,"aba102",43.5,-75
4.4,2.82,10.32,1991-04-18,"aba102",43.5,-75
6.8,4.08,24.18,1991-04-19,"aba102",43.5,-75
4.5,4.3,5.11,1991-04-20,"aba102",43.5,-75
3.8,7.56,3.12,1991-04-21,"aba102",43.5,-75
2.1,4.39,7.9,1991-04-22,"aba102",43.5,-75
7.2,5.49,23.11,1991-04-23,"aba102",43.5,-75
9.4,3.23,13.86,1991-04-24,"aba102",43.5,-75
9.8,4.04,26.86,1991-04-25,"aba102",43.5,-75
12.2,3.05,25,1991-04-26,"aba102",43.5,-75
15.2,3.64,27.13,1991-04-27,"aba102",43.5,-75
12.7,3.88,20.15,1991-04-28,"aba102",43.5,-75
13.1,3.82,12.77,1991-04-29,"aba102",43.5,-75
13.2,4.26,6.3,1991-04-30,"aba102",43.5,-75
14.3,5.99,23,1991-05-01,"aba102",43.5,-75
7.1,6.77,20.46,1991-05-02,"aba102",43.5,-75
5.2,6.9,11.96,1991-05-03,"aba102",43.5,-75
7,4.7,27.62,1991-05-04,"aba102",43.5,-75
10.4,4.72,28.19,1991-05-05,"aba102",43.5,-75
10.5,5.61,4.6,1991-05-06,"aba102",43.5,-75
7.7,7.18,17.57,1991-05-07,"aba102",43.5,-75
7.3,4.57,10.89,1991-05-08,"aba102",43.5,-75
7.9,2.22,16.96,1991-05-09,"aba102",43.5,-75
12.3,3.13,18.81,1991-05-10,"aba102",43.5,-75
14.1,3.94,28.19,1991-05-11,"aba102",43.5,-75
18.8,5.91,26.15,1991-05-12,"aba102",43.5,-75
17.6,4.54,28.86,1991-05-13,"aba102",43.5,-75
15.7,3.34,16.39,1991-05-14,"aba102",43.5,-75
15.3,3.85,28.27,1991-05-15,"aba102",43.5,-75
20.3,4.94,25.28,1991-05-16,"aba102",43.5,-75
16,4.63,9.06,1991-05-17,"aba102",43.5,-75
9.6,4.73,30.12,1991-05-18,"aba102",43.5,-75
10.5,3.28,30.43,1991-05-19,"aba102",43.5,-75
14,3.05,29.69,1991-05-20,"aba102",43.5,-75
16.6,5.02,29.78,1991-05-21,"aba102",43.5,-75
19.2,3.18,24.24,1991-05-22,"aba102",43.5,-75
19.3,3.32,28.29,1991-05-23,"aba102",43.5,-75
21.5,4.7,23.13,1991-05-24,"aba102",43.5,-75
19.2,3.73,10.93,1991-05-25,"aba102",43.5,-75
17.6,5.02,15.77,1991-05-26,"aba102",43.5,-75
19.9,4.21,12.41,1991-05-27,"aba102",43.5,-75
20.1,5.5,26.11,1991-05-28,"aba102",43.5,-75
19.6,4.24,22.72,1991-05-29,"aba102",43.5,-75
18.5,3.13,14.56,1991-05-30,"aba102",43.5,-75
19.8,3.73,18.45,1991-05-31,"aba102",43.5,-75
16.9,4.18,19.18,1991-06-01,"aba102",43.5,-75
16.1,3.83,28.84,1991-06-02,"aba102",43.5,-75
14.9,4.36,22.24,1991-06-03,"aba102",43.5,-75
12.8,6.02,22.6,1991-06-04,"aba102",43.5,-75
11.8,5.39,20.29,1991-06-05,"aba102",43.5,-75
13.6,2.72,20.9,1991-06-06,"aba102",43.5,-75
16.4,4.03,27.38,1991-06-07,"aba102",43.5,-75
17.4,5.44,26.28,1991-06-08,"aba102",43.5,-75
16.6,3.35,30.83,1991-06-09,"aba102",43.5,-75
19.5,6.22,26.7,1991-06-10,"aba102",43.5,-75
17.9,4.6,11.77,1991-06-11,"aba102",43.5,-75
14.5,6.74,21.04,1991-06-12,"aba102",43.5,-75
10.7,6.38,22.47,1991-06-13,"aba102",43.5,-75
14.7,3.54,30.4,1991-06-14,"aba102",43.5,-75
19.4,3.98,25.32,1991-06-15,"aba102",43.5,-75
18.9,4.74,9.61,1991-06-16,"aba102",43.5,-75
18,3.32,10.35,1991-06-17,"aba102",43.5,-75
19.2,2.78,29.72,1991-06-18,"aba102",43.5,-75
20.2,2.92,21.06,1991-06-19,"aba102",43.5,-75
20.7,4.65,30.45,1991-06-20,"aba102",43.5,-75
18.8,4.94,26.2,1991-06-21,"aba102",43.5,-75
15.2,3.4,19.23,1991-06-22,"aba102",43.5,-75
16.5,4.1,26.66,1991-06-23,"aba102",43.5,-75
17.4,2.82,26.34,1991-06-24,"aba102",43.5,-75
19.1,3.38,30.51,1991-06-25,"aba102",43.5,-75
20.5,4.21,26.15,1991-06-26,"aba102",43.5,-75
22.8,5.6,26.97,1991-06-27,"aba102",43.5,-75
24,6.2,28.26,1991-06-28,"aba102",43.5,-75
21.2,4.88,20.58,1991-06-29,"aba102",43.5,-75
16.2,3.99,21.57,1991-06-30,"aba102",43.5,-75
14.7,4.24,30.59,1991-07-01,"aba102",43.5,-75
15.2,1.92,20.31,1991-07-02,"aba102",43.5,-75
17.6,3.31,22.13,1991-07-03,"aba102",43.5,-75
18.9,4.07,15.38,1991-07-04,"aba102",43.5,-75
15.9,5,10.07,1991-07-05,"aba102",43.5,-75
19.3,3.67,20.18,1991-07-06,"aba102",43.5,-75
20.3,3.89,18.64,1991-07-07,"aba102",43.5,-75
20.3,6.84,17.89,1991-07-08,"aba102",43.5,-75
16.4,4.89,27.81,1991-07-09,"aba102",43.5,-75
16.3,4.73,26.21,1991-07-10,"aba102",43.5,-75
16.8,4.05,24.23,1991-07-11,"aba102",43.5,-75
17.6,3.3,22.15,1991-07-12,"aba102",43.5,-75
16.1,3.74,5.02,1991-07-13,"aba102",43.5,-75
18,4.63,20.66,1991-07-14,"aba102",43.5,-75
17.9,3.89,28.47,1991-07-15,"aba102",43.5,-75
19.1,3.73,29.63,1991-07-16,"aba102",43.5,-75
20.8,5.61,26.71,1991-07-17,"aba102",43.5,-75
22.9,3.4,23.6,1991-07-18,"aba102",43.5,-75
23.8,3.54,25.57,1991-07-19,"aba102",43.5,-75
24.7,4.3,25.46,1991-07-20,"aba102",43.5,-75
22.2,4.18,14.56,1991-07-21,"aba102",43.5,-75
21.2,3.89,22.26,1991-07-22,"aba102",43.5,-75
22.4,5.87,15.06,1991-07-23,"aba102",43.5,-75
18.6,5.01,25.19,1991-07-24,"aba102",43.5,-75
19.8,3.54,22.97,1991-07-25,"aba102",43.5,-75
18.3,2.89,13.67,1991-07-26,"aba102",43.5,-75
16.9,3.56,25.22,1991-07-27,"aba102",43.5,-75
16.6,3.06,24.7,1991-07-28,"aba102",43.5,-75
19,3.81,26.09,1991-07-29,"aba102",43.5,-75
19.7,4.41,23.28,1991-07-30,"aba102",43.5,-75
18.8,5.4,20.4,1991-07-31,"aba102",43.5,-75
20.2,4.86,19.69,1991-08-01,"aba102",43.5,-75
20.3,6.71,22.64,1991-08-02,"aba102",43.5,-75
15.8,2.31,6.62,1991-08-03,"aba102",43.5,-75
16.9,4.18,19.08,1991-08-04,"aba102",43.5,-75
15.3,4.98,15.46,1991-08-05,"aba102",43.5,-75
15.1,3.84,11.91,1991-08-06,"aba102",43.5,-75
17.2,2.71,18.73,1991-08-07,"aba102",43.5,-75
18.6,2.57,20.12,1991-08-08,"aba102",43.5,-75
15.3,6.57,5.78,1991-08-09,"aba102",43.5,-75
17,4.49,17.05,1991-08-10,"aba102",43.5,-75
16.5,4.94,15.08,1991-08-11,"aba102",43.5,-75
18.8,3.77,20.55,1991-08-12,"aba102",43.5,-75
19.9,3.28,21.61,1991-08-13,"aba102",43.5,-75
20.6,2.73,21.39,1991-08-14,"aba102",43.5,-75
19.6,3.4,13.63,1991-08-15,"aba102",43.5,-75
19.6,3.55,19.27,1991-08-16,"aba102",43.5,-75
21.4,5.88,21.45,1991-08-17,"aba102",43.5,-75
20,5.06,12.03,1991-08-18,"aba102",43.5,-75
17.3,5.4,6.66,1991-08-19,"aba102",43.5,-75
16.5,4.41,19.04,1991-08-20,"aba102",43.5,-75
16.3,4.34,10.45,1991-08-21,"aba102",43.5,-75
18.2,4.52,20.03,1991-08-22,"aba102",43.5,-75
18.3,3.55,21.94,1991-08-23,"aba102",43.5,-75
16.2,3.42,22.11,1991-08-24,"aba102",43.5,-75
16.3,3.83,16.06,1991-08-25,"aba102",43.5,-75
20,3.97,19.12,1991-08-26,"aba102",43.5,-75
22.1,4,22.76,1991-08-27,"aba102",43.5,-75
22.7,4.13,22.18,1991-08-28,"aba102",43.5,-75
22.5,2.92,22.38,1991-08-29,"aba102",43.5,-75
22.2,4.54,21.64,1991-08-30,"aba102",43.5,-75
16.9,5.65,14.9,1991-08-31,"aba102",43.5,-75
9.9,4.31,23.14,1991-09-01,"aba102",43.5,-75
11.7,3.02,23.13,1991-09-02,"aba102",43.5,-75
16.4,4.32,22.47,1991-09-03,"aba102",43.5,-75
16.3,4.24,6.06,1991-09-04,"aba102",43.5,-75
14.8,2.64,19.78,1991-09-05,"aba102",43.5,-75
15.5,2.55,17.13,1991-09-06,"aba102",43.5,-75
15.9,3.04,17.53,1991-09-07,"aba102",43.5,-75
17.1,3.18,16.52,1991-09-08,"aba102",43.5,-75
17.8,3.68,17.2,1991-09-09,"aba102",43.5,-75
19.6,5.11,10.89,1991-09-10,"aba102",43.5,-75
12.5,5.8,14.53,1991-09-11,"aba102",43.5,-75
9.8,3.19,21.09,1991-09-12,"aba102",43.5,-75
11.7,2.56,20.72,1991-09-13,"aba102",43.5,-75
14.6,3.09,17.75,1991-09-14,"aba102",43.5,-75
15.7,5.17,2.82,1991-09-15,"aba102",43.5,-75
22.8,4.53,13.75,1991-09-16,"aba102",43.5,-75
19,5.71,16.41,1991-09-17,"aba102",43.5,-75
15.5,4.68,10.01,1991-09-18,"aba102",43.5,-75
10.6,4.03,3.78,1991-09-19,"aba102",43.5,-75
6.4,3.32,16.86,1991-09-20,"aba102",43.5,-75
5.2,2.92,17.33,1991-09-21,"aba102",43.5,-75
7.4,4.46,19.45,1991-09-22,"aba102",43.5,-75
10.4,5.61,2.4,1991-09-23,"aba102",43.5,-75
9,3.72,11.28,1991-09-24,"aba102",43.5,-75
8.3,4.4,2.21,1991-09-25,"aba102",43.5,-75
8.5,5,13.9,1991-09-26,"aba102",43.5,-75
5,5.82,12.02,1991-09-27,"aba102",43.5,-75
3.5,4.65,13.11,1991-09-28,"aba102",43.5,-75
3.7,6.14,11.82,1991-09-29,"aba102",43.5,-75
3.2,5.16,13.69,1991-09-30,"aba102",43.5,-75
12.3,4.65,11.99,1991-10-01,"aba102",43.5,-75
16.7,5.74,12.98,1991-10-02,"aba102",43.5,-75
15.9,4.04,12.26,1991-10-03,"aba102",43.5,-75
13.9,4.6,7.98,1991-10-04,"aba102",43.5,-75
18,7.97,12.74,1991-10-05,"aba102",43.5,-75
8.7,7.01,6.24,1991-10-06,"aba102",43.5,-75
3,5.39,11.23,1991-10-07,"aba102",43.5,-75
4.6,5.07,11.41,1991-10-08,"aba102",43.5,-75
11,5.32,13.47,1991-10-09,"aba102",43.5,-75
11.3,7,10.61,1991-10-10,"aba102",43.5,-75
6.2,2.13,10.26,1991-10-11,"aba102",43.5,-75
4.4,3.36,9.47,1991-10-12,"aba102",43.5,-75
2.4,4.78,11.97,1991-10-13,"aba102",43.5,-75
2.9,4.95,14.37,1991-10-14,"aba102",43.5,-75
7.7,6.68,4.45,1991-10-15,"aba102",43.5,-75
5.1,5.19,9.63,1991-10-16,"aba102",43.5,-75
6.6,3.01,11.71,1991-10-17,"aba102",43.5,-75
9.6,4.2,13.69,1991-10-18,"aba102",43.5,-75
3.5,4.1,2.03,1991-10-19,"aba102",43.5,-75
-0.1,3.77,10.48,1991-10-20,"aba102",43.5,-75
2.8,4.68,9.12,1991-10-21,"aba102",43.5,-75
7.8,4.01,13.1,1991-10-22,"aba102",43.5,-75
11,4.24,12.42,1991-10-23,"aba102",43.5,-75
14.5,4.63,10.83,1991-10-24,"aba102",43.5,-75
15.8,4.3,11.36,1991-10-25,"aba102",43.5,-75
15.9,3.4,8.33,1991-10-26,"aba102",43.5,-75
14.1,5.16,7.4,1991-10-27,"aba102",43.5,-75
4.7,5.29,12.44,1991-10-28,"aba102",43.5,-75
1.4,3.29,12.87,1991-10-29,"aba102",43.5,-75
4.2,5.46,12.2,1991-10-30,"aba102",43.5,-75
7.7,4.14,6.44,1991-10-31,"aba102",43.5,-75
8.5,3.99,7,1991-11-01,"aba102",43.5,-75
7,4.95,1.85,1991-11-02,"aba102",43.5,-75
0.2,3.71,9,1991-11-03,"aba102",43.5,-75
-3.6,2.91,8.19,1991-11-04,"aba102",43.5,-75
-4.8,2.27,9.07,1991-11-05,"aba102",43.5,-75
-0.1,4.91,9,1991-11-06,"aba102",43.5,-75
-0.4,2.61,3.55,1991-11-07,"aba102",43.5,-75
-4.8,2.75,11.21,1991-11-08,"aba102",43.5,-75
-6.7,2.83,11.15,1991-11-09,"aba102",43.5,-75
-1.7,3.72,7.74,1991-11-10,"aba102",43.5,-75
0.2,4.49,0.99,1991-11-11,"aba102",43.5,-75
-1.9,4.43,4.57,1991-11-12,"aba102",43.5,-75
-0.2,4.03,5.76,1991-11-13,"aba102",43.5,-75
2.6,4.21,4.82,1991-11-14,"aba102",43.5,-75
4,4.67,2.41,1991-11-15,"aba102",43.5,-75
2.5,6.07,2.17,1991-11-16,"aba102",43.5,-75
-5,5.64,9.68,1991-11-17,"aba102",43.5,-75
-1.2,3.74,9.21,1991-11-18,"aba102",43.5,-75
8.9,2.91,6.65,1991-11-19,"aba102",43.5,-75
14.3,5.8,6.06,1991-11-20,"aba102",43.5,-75
7.3,3.88,2.94,1991-11-21,"aba102",43.5,-75
6.5,3.91,2.5,1991-11-22,"aba102",43.5,-75
6.9,4.22,2.96,1991-11-23,"aba102",43.5,-75
3.1,5.95,1.21,1991-11-24,"aba102",43.5,-75
-2.3,8.57,5.3,1991-11-25,"aba102",43.5,-75
-6.2,4.57,4.87,1991-11-26,"aba102",43.5,-75
-4.8,4.93,8.07,1991-11-27,"aba102",43.5,-75
1.6,6.11,5.39,1991-11-28,"aba102",43.5,-75
1.6,3.67,4.06,1991-11-29,"aba102",43.5,-75
7.9,6.09,4.1,1991-11-30,"aba102",43.5,-75
3,4.93,2.49,1991-12-01,"aba102",43.5,-75
-1.5,5.01,5.81,1991-12-02,"aba102",43.5,-75
-3.9,9.7,1.24,1991-12-03,"aba102",43.5,-75
-8.4,6.49,4.98,1991-12-04,"aba102",43.5,-75
-13.4,4.53,5.36,1991-12-05,"aba102",43.5,-75
-8.9,5.28,2.76,1991-12-06,"aba102",43.5,-75
-3.8,6.14,1.3,1991-12-07,"aba102",43.5,-75
2.5,4.81,3.34,1991-12-08,"aba102",43.5,-75
4.3,5.94,2.14,1991-12-09,"aba102",43.5,-75
-1,3.32,6.31,1991-12-10,"aba102",43.5,-75
0.6,4.56,5.76,1991-12-11,"aba102",43.5,-75
0.6,6.21,7.01,1991-12-12,"aba102",43.5,-75
5.9,6.35,0.73,1991-12-13,"aba102",43.5,-75
2.4,9.43,1.17,1991-12-14,"aba102",43.5,-75
-6.4,8.14,3.94,1991-12-15,"aba102",43.5,-75
-14.5,5,6.38,1991-12-16,"aba102",43.5,-75
-16.2,6.25,2.84,1991-12-17,"aba102",43.5,-75
-13,4.88,4.13,1991-12-18,"aba102",43.5,-75
-17,4.02,7.24,1991-12-19,"aba102",43.5,-75
-6.5,4.06,4.98,1991-12-20,"aba102",43.5,-75
-2.1,8.92,4.8,1991-12-21,"aba102",43.5,-75
-3.5,4.05,6.84,1991-12-22,"aba102",43.5,-75
-1.1,3.98,1.84,1991-12-23,"aba102",43.5,-75
-12.8,4.12,6.23,1991-12-24,"aba102",43.5,-75
-14,3.09,6.42,1991-12-25,"aba102",43.5,-75
-9.6,3.77,6.76,1991-12-26,"aba102",43.5,-75
-5.1,4.35,6.03,1991-12-27,"aba102",43.5,-75
-7.4,2.42,6.55,1991-12-28,"aba102",43.5,-75
0.4,4.21,0.61,1991-12-29,"aba102",43.5,-75
-6.6,5.89,7.67,1991-12-30,"aba102",43.5,-75
-12.6,2.68,8.04,1991-12-31,"aba102",43.5,-75
-8.1,2.62,8.03,1992-01-01,"aba102",43.5,-75
-6,3.26,7.42,1992-01-02,"aba102",43.5,-75
2,5.39,4.14,1992-01-03,"aba102",43.5,-75
1.9,5.25,1.79,1992-01-04,"aba102",43.5,-75
1,5.1,3.16,1992-01-05,"aba102",43.5,-75
-1.2,4.71,2.43,1992-01-06,"aba102",43.5,-75
-2.7,5.77,4.18,1992-01-07,"aba102",43.5,-75
-11.9,5.12,8.22,1992-01-08,"aba102",43.5,-75
-3.9,5.1,2.06,1992-01-09,"aba102",43.5,-75
-3.5,5.28,3.42,1992-01-10,"aba102",43.5,-75
-13.1,3.91,7.99,1992-01-11,"aba102",43.5,-75
-11.4,4.1,7.27,1992-01-12,"aba102",43.5,-75
0.6,3.48,3.29,1992-01-13,"aba102",43.5,-75
0.8,8.68,1.79,1992-01-14,"aba102",43.5,-75
-17.5,8.6,8.74,1992-01-15,"aba102",43.5,-75
-22,4.78,8.83,1992-01-16,"aba102",43.5,-75
-14.8,6.73,4.13,1992-01-17,"aba102",43.5,-75
-14.5,6.74,5.96,1992-01-18,"aba102",43.5,-75
-18.4,6.04,7.01,1992-01-19,"aba102",43.5,-75
-13.8,3.41,7.03,1992-01-20,"aba102",43.5,-75
-10.8,4.35,3.98,1992-01-21,"aba102",43.5,-75
-11.1,5.94,9.27,1992-01-22,"aba102",43.5,-75
-2.2,6.44,1.57,1992-01-23,"aba102",43.5,-75
-5.1,7.61,6.64,1992-01-24,"aba102",43.5,-75
-19.6,5.3,9.95,1992-01-25,"aba102",43.5,-75
-16.4,4.43,8.36,1992-01-26,"aba102",43.5,-75
-13,3.26,6.45,1992-01-27,"aba102",43.5,-75
-6.8,2.92,9.36,1992-01-28,"aba102",43.5,-75
-4.2,4.14,4.62,1992-01-29,"aba102",43.5,-75
-2,3.05,5.94,1992-01-30,"aba102",43.5,-75
-2,3.88,4.82,1992-01-31,"aba102",43.5,-75
-11.1,5.76,8.82,1992-02-01,"aba102",43.5,-75
-14.1,5.31,10.86,1992-02-02,"aba102",43.5,-75
-12.5,3.91,11.56,1992-02-03,"aba102",43.5,-75
-8.3,5.95,2.94,1992-02-04,"aba102",43.5,-75
-11.4,6.1,9.51,1992-02-05,"aba102",43.5,-75
-11.8,5.38,11.69,1992-02-06,"aba102",43.5,-75
-6.6,5.12,10.31,1992-02-07,"aba102",43.5,-75
-6,4.18,5.34,1992-02-08,"aba102",43.5,-75
-15.8,6.48,11.37,1992-02-09,"aba102",43.5,-75
-16.5,4.2,12.79,1992-02-10,"aba102",43.5,-75
-6.7,6.23,4.8,1992-02-11,"aba102",43.5,-75
-20.7,5.19,13.33,1992-02-12,"aba102",43.5,-75
-11.5,3.55,10.59,1992-02-13,"aba102",43.5,-75
-3.8,3.68,7.01,1992-02-14,"aba102",43.5,-75
-2.1,6.64,3.91,1992-02-15,"aba102",43.5,-75
-0.7,4.95,3.16,1992-02-16,"aba102",43.5,-75
-2,4.05,12.84,1992-02-17,"aba102",43.5,-75
0.6,5.48,7.35,1992-02-18,"aba102",43.5,-75
3.1,4.61,4.69,1992-02-19,"aba102",43.5,-75
-1.6,4.39,6.24,1992-02-20,"aba102",43.5,-75
-3,6.2,8.47,1992-02-21,"aba102",43.5,-75
-5.2,4.03,4.4,1992-02-22,"aba102",43.5,-75
-0.6,2.76,12.13,1992-02-23,"aba102",43.5,-75
-3.8,3.1,6.68,1992-02-24,"aba102",43.5,-75
-2.1,5.32,3.77,1992-02-25,"aba102",43.5,-75
-2.9,4.63,6.49,1992-02-26,"aba102",43.5,-75
-3.3,9.04,8.2,1992-02-27,"aba102",43.5,-75
-7,7.16,8.16,1992-02-28,"aba102",43.5,-75
-17.3,6.35,15.78,1992-02-29,"aba102",43.5,-75
-8,4.54,3.63,1992-03-01,"aba102",43.5,-75
-8.8,4.08,14.91,1992-03-02,"aba102",43.5,-75
-3.8,2.75,14.61,1992-03-03,"aba102",43.5,-75
-4.2,2.7,16.86,1992-03-04,"aba102",43.5,-75
1.3,3.55,12.9,1992-03-05,"aba102",43.5,-75
0.2,6.15,4.04,1992-03-06,"aba102",43.5,-75
1.5,6.3,4,1992-03-07,"aba102",43.5,-75
2.8,2.38,4.06,1992-03-08,"aba102",43.5,-75
2.9,4.47,8.31,1992-03-09,"aba102",43.5,-75
6.3,7.82,4.28,1992-03-10,"aba102",43.5,-75
-4.4,6.58,2.91,1992-03-11,"aba102",43.5,-75
-13.1,8.54,12.12,1992-03-12,"aba102",43.5,-75
-14.8,5.92,16.35,1992-03-13,"aba102",43.5,-75
-13.3,7.01,14.59,1992-03-14,"aba102",43.5,-75
-14.7,4.98,17.9,1992-03-15,"aba102",43.5,-75
-13.7,3.83,19.94,1992-03-16,"aba102",43.5,-75
-4.7,6.99,6.49,1992-03-17,"aba102",43.5,-75
-8.9,5.42,20.64,1992-03-18,"aba102",43.5,-75
-5.1,3.81,11.23,1992-03-19,"aba102",43.5,-75
-7.3,5.5,18.92,1992-03-20,"aba102",43.5,-75
-10,4.6,19.57,1992-03-21,"aba102",43.5,-75
-11.3,3.36,12.97,1992-03-22,"aba102",43.5,-75
-8,3.86,17.52,1992-03-23,"aba102",43.5,-75
-8.3,4.75,19.57,1992-03-24,"aba102",43.5,-75
-3.1,5.03,13.27,1992-03-25,"aba102",43.5,-75
3.8,5,4.6,1992-03-26,"aba102",43.5,-75
3.3,7.3,4.75,1992-03-27,"aba102",43.5,-75
-3.3,6.04,8.3,1992-03-28,"aba102",43.5,-75
-0.7,6.91,22.76,1992-03-29,"aba102",43.5,-75
1.1,3.42,13.58,1992-03-30,"aba102",43.5,-75
2.2,4.75,20.1,1992-03-31,"aba102",43.5,-75
0.1,5.26,8.36,1992-04-01,"aba102",43.5,-75
-1.8,4.8,17.28,1992-04-02,"aba102",43.5,-75
-2.6,6.95,16.24,1992-04-03,"aba102",43.5,-75
-1.2,5.33,16.25,1992-04-04,"aba102",43.5,-75
-1.1,6.22,9.7,1992-04-05,"aba102",43.5,-75
0.6,4.88,23.34,1992-04-06,"aba102",43.5,-75
5.4,4.48,20.05,1992-04-07,"aba102",43.5,-75
4,4.84,14.66,1992-04-08,"aba102",43.5,-75
3,3.75,18.13,1992-04-09,"aba102",43.5,-75
5.6,4.79,21.18,1992-04-10,"aba102",43.5,-75
0.5,7.53,2.99,1992-04-11,"aba102",43.5,-75
1.5,7.28,14.36,1992-04-12,"aba102",43.5,-75
-2.6,5.3,25.1,1992-04-13,"aba102",43.5,-75
0.2,4.66,25.6,1992-04-14,"aba102",43.5,-75
1.6,3.26,25.48,1992-04-15,"aba102",43.5,-75
0,6.66,4.82,1992-04-16,"aba102",43.5,-75
1.5,6.36,3.68,1992-04-17,"aba102",43.5,-75
3.1,3.45,7.8,1992-04-18,"aba102",43.5,-75
7.2,4.04,12.5,1992-04-19,"aba102",43.5,-75
12.1,4.21,15.02,1992-04-20,"aba102",43.5,-75
16.6,6.17,14.58,1992-04-21,"aba102",43.5,-75
15.4,5.68,9.45,1992-04-22,"aba102",43.5,-75
8.4,5.1,15.9,1992-04-23,"aba102",43.5,-75
7.4,3.8,4.24,1992-04-24,"aba102",43.5,-75
5,3.63,7.43,1992-04-25,"aba102",43.5,-75
5,3.6,15.41,1992-04-26,"aba102",43.5,-75
6.6,4.1,23.98,1992-04-27,"aba102",43.5,-75
6.7,3.36,21.74,1992-04-28,"aba102",43.5,-75
7.9,3.19,27.54,1992-04-29,"aba102",43.5,-75
7.7,3.39,9.68,1992-04-30,"aba102",43.5,-75
7.8,4.3,17.54,1992-05-01,"aba102",43.5,-75
13.2,4.04,14.86,1992-05-02,"aba102",43.5,-75
8.6,9.2,20.55,1992-05-03,"aba102",43.5,-75
6.4,4.79,21.64,1992-05-04,"aba102",43.5,-75
5.3,3.2,15.18,1992-05-05,"aba102",43.5,-75
5.3,2.53,18.46,1992-05-06,"aba102",43.5,-75
9,2.81,28.09,1992-05-07,"aba102",43.5,-75
12.6,4.4,20.92,1992-05-08,"aba102",43.5,-75
15.8,4.68,13.31,1992-05-09,"aba102",43.5,-75
15.8,2.98,17.54,1992-05-10,"aba102",43.5,-75
16.3,3.7,19.87,1992-05-11,"aba102",43.5,-75
17.8,4.17,27.78,1992-05-12,"aba102",43.5,-75
17.4,5.22,24.06,1992-05-13,"aba102",43.5,-75
10.9,4.57,23.45,1992-05-14,"aba102",43.5,-75
12.6,3.52,24.05,1992-05-15,"aba102",43.5,-75
13.8,3.89,11.82,1992-05-16,"aba102",43.5,-75
15.8,5.19,17.52,1992-05-17,"aba102",43.5,-75
14,5.15,19.14,1992-05-18,"aba102",43.5,-75
13.1,3.62,30.33,1992-05-19,"aba102",43.5,-75
16.6,2.84,29.96,1992-05-20,"aba102",43.5,-75
18.4,2.97,29.41,1992-05-21,"aba102",43.5,-75
18.4,3.49,29.79,1992-05-22,"aba102",43.5,-75
20.1,5.05,26.59,1992-05-23,"aba102",43.5,-75
6.4,4.83,8.56,1992-05-24,"aba102",43.5,-75
7.2,3.09,29.04,1992-05-25,"aba102",43.5,-75
7.1,3.32,9.14,1992-05-26,"aba102",43.5,-75
7.3,3.11,10.48,1992-05-27,"aba102",43.5,-75
9.5,3.55,25.36,1992-05-28,"aba102",43.5,-75
11.5,2.22,30.25,1992-05-29,"aba102",43.5,-75
12.9,4.75,17.1,1992-05-30,"aba102",43.5,-75
11.7,5.54,2.31,1992-05-31,"aba102",43.5,-75
13.5,3.47,5.16,1992-06-01,"aba102",43.5,-75
14.8,3.94,26.74,1992-06-02,"aba102",43.5,-75
16.1,3.9,27.64,1992-06-03,"aba102",43.5,-75
18.9,3.62,26.09,1992-06-04,"aba102",43.5,-75
15.7,6.98,8.41,1992-06-05,"aba102",43.5,-75
15.8,7.65,10.41,1992-06-06,"aba102",43.5,-75
19.2,3.81,20.96,1992-06-07,"aba102",43.5,-75
18.9,4.34,16.65,1992-06-08,"aba102",43.5,-75
15.1,5.23,26.4,1992-06-09,"aba102",43.5,-75
13.5,4.81,26.62,1992-06-10,"aba102",43.5,-75
14.2,3.47,25.74,1992-06-11,"aba102",43.5,-75
18,5.3,30.34,1992-06-12,"aba102",43.5,-75
20.3,4.79,29.54,1992-06-13,"aba102",43.5,-75
20.7,4.42,29.99,1992-06-14,"aba102",43.5,-75
15,4.14,30.88,1992-06-15,"aba102",43.5,-75
14.3,2.69,31.04,1992-06-16,"aba102",43.5,-75
18.5,4.75,30.66,1992-06-17,"aba102",43.5,-75
19.6,5.14,19.36,1992-06-18,"aba102",43.5,-75
17.8,4.22,7.05,1992-06-19,"aba102",43.5,-75
13.3,3.55,10.3,1992-06-20,"aba102",43.5,-75
9.4,3.24,10.54,1992-06-21,"aba102",43.5,-75
8.1,5.28,7.16,1992-06-22,"aba102",43.5,-75
11.6,3.86,30.1,1992-06-23,"aba102",43.5,-75
11.9,4.08,11.66,1992-06-24,"aba102",43.5,-75
12.5,4.21,14.57,1992-06-25,"aba102",43.5,-75
14.7,2.73,25.53,1992-06-26,"aba102",43.5,-75
15.9,3.54,23.71,1992-06-27,"aba102",43.5,-75
16.1,3.3,25.06,1992-06-28,"aba102",43.5,-75
18.8,4,29.57,1992-06-29,"aba102",43.5,-75
19,4.9,24.15,1992-06-30,"aba102",43.5,-75
16.1,4.39,26.53,1992-07-01,"aba102",43.5,-75
15.4,3.45,30.72,1992-07-02,"aba102",43.5,-75
12.9,5.59,3.74,1992-07-03,"aba102",43.5,-75
16.2,5,19.62,1992-07-04,"aba102",43.5,-75
15,4.66,15.99,1992-07-05,"aba102",43.5,-75
14.1,4.83,20.28,1992-07-06,"aba102",43.5,-75
15.5,3.99,19.19,1992-07-07,"aba102",43.5,-75
17.5,5.1,22.85,1992-07-08,"aba102",43.5,-75
19.1,6.45,19.63,1992-07-09,"aba102",43.5,-75
18.2,4.12,16.71,1992-07-10,"aba102",43.5,-75
18,4.96,21.77,1992-07-11,"aba102",43.5,-75
17.8,3.45,21.66,1992-07-12,"aba102",43.5,-75
18.6,5.17,19.89,1992-07-13,"aba102",43.5,-75
15.5,3.12,4.41,1992-07-14,"aba102",43.5,-75
15.8,2.79,8.16,1992-07-15,"aba102",43.5,-75
17.8,3.58,26.01,1992-07-16,"aba102",43.5,-75
19.2,5.45,13.29,1992-07-17,"aba102",43.5,-75
19.8,5.28,21.25,1992-07-18,"aba102",43.5,-75
18.6,3.3,18.27,1992-07-19,"aba102",43.5,-75
19.8,5.09,22.53,1992-07-20,"aba102",43.5,-75
15.4,4.65,20.41,1992-07-21,"aba102",43.5,-75
13.7,1.92,18.93,1992-07-22,"aba102",43.5,-75
13,3.5,4.8,1992-07-23,"aba102",43.5,-75
16,2.87,24.03,1992-07-24,"aba102",43.5,-75
17,2.69,18.87,1992-07-25,"aba102",43.5,-75
17.7,4.49,14.56,1992-07-26,"aba102",43.5,-75
17.8,5.06,19.41,1992-07-27,"aba102",43.5,-75
15,4.66,14.05,1992-07-28,"aba102",43.5,-75
16.1,4.8,15.31,1992-07-29,"aba102",43.5,-75
14.6,3.3,26.29,1992-07-30,"aba102",43.5,-75
13.2,5.87,3.24,1992-07-31,"aba102",43.5,-75
15.2,7.21,16.39,1992-08-01,"aba102",43.5,-75
17.3,4.76,24.41,1992-08-02,"aba102",43.5,-75
18,3.94,19.84,1992-08-03,"aba102",43.5,-75
15.4,4.53,12.96,1992-08-04,"aba102",43.5,-75
14.8,5.39,20.77,1992-08-05,"aba102",43.5,-75
15.7,3.16,23.12,1992-08-06,"aba102",43.5,-75
16.4,2.55,26.1,1992-08-07,"aba102",43.5,-75
17.1,5.69,19.25,1992-08-08,"aba102",43.5,-75
18.6,4.75,10.78,1992-08-09,"aba102",43.5,-75
18.4,3.64,14.36,1992-08-10,"aba102",43.5,-75
19.1,4.55,19.95,1992-08-11,"aba102",43.5,-75
13.8,4.22,18.85,1992-08-12,"aba102",43.5,-75
10.9,2.87,8.91,1992-08-13,"aba102",43.5,-75
13.1,2.64,7.19,1992-08-14,"aba102",43.5,-75
14.6,2.7,12.63,1992-08-15,"aba102",43.5,-75
14.8,3,9.41,1992-08-16,"aba102",43.5,-75
17,2.43,12.85,1992-08-17,"aba102",43.5,-75
16.7,3.1,13.11,1992-08-18,"aba102",43.5,-75
15.1,5.2,15.18,1992-08-19,"aba102",43.5,-75
11.5,4.37,14.04,1992-08-20,"aba102",43.5,-75
13.6,3.41,23.64,1992-08-21,"aba102",43.5,-75
16.5,2.42,23.84,1992-08-22,"aba102",43.5,-75
18.7,3.05,23.93,1992-08-23,"aba102",43.5,-75
19.7,2.83,20.15,1992-08-24,"aba102",43.5,-75
21.6,2.55,17.22,1992-08-25,"aba102",43.5,-75
21.5,2.47,14.76,1992-08-26,"aba102",43.5,-75
20.1,3.02,10.05,1992-08-27,"aba102",43.5,-75
20.9,7,16.57,1992-08-28,"aba102",43.5,-75
14.3,7.5,12.15,1992-08-29,"aba102",43.5,-75
14.9,6.89,16.26,1992-08-30,"aba102",43.5,-75
14,6.8,16.88,1992-08-31,"aba102",43.5,-75
10.9,5.92,16.53,1992-09-01,"aba102",43.5,-75
11,3.72,20.55,1992-09-02,"aba102",43.5,-75
14.8,5.92,4.08,1992-09-03,"aba102",43.5,-75
16.2,3.05,15.53,1992-09-04,"aba102",43.5,-75
15.6,4.04,21.22,1992-09-05,"aba102",43.5,-75
16.7,4.24,9.68,1992-09-06,"aba102",43.5,-75
17.2,3.8,8.5,1992-09-07,"aba102",43.5,-75
19.2,6.05,11.69,1992-09-08,"aba102",43.5,-75
15,3.94,21.32,1992-09-09,"aba102",43.5,-75
19.2,6.18,14.46,1992-09-10,"aba102",43.5,-75
12.1,3.86,14.25,1992-09-11,"aba102",43.5,-75
8.2,2.91,20.74,1992-09-12,"aba102",43.5,-75
10.4,2.44,20.49,1992-09-13,"aba102",43.5,-75
13.6,3.2,19.5,1992-09-14,"aba102",43.5,-75
16.3,3.26,16.68,1992-09-15,"aba102",43.5,-75
19.3,3.76,10.99,1992-09-16,"aba102",43.5,-75
19.8,5.11,14.13,1992-09-17,"aba102",43.5,-75
20.2,6,16.4,1992-09-18,"aba102",43.5,-75
11.7,5.28,12.38,1992-09-19,"aba102",43.5,-75
9.4,3.47,15.71,1992-09-20,"aba102",43.5,-75
13.3,5.51,9.23,1992-09-21,"aba102",43.5,-75
17.1,6.84,2.93,1992-09-22,"aba102",43.5,-75
5.8,5.22,16.42,1992-09-23,"aba102",43.5,-75
4.7,3.41,19.2,1992-09-24,"aba102",43.5,-75
8.4,4.57,19.22,1992-09-25,"aba102",43.5,-75
11,5.08,6.09,1992-09-26,"aba102",43.5,-75
14.2,6.33,3.12,1992-09-27,"aba102",43.5,-75
11.7,4.28,14.97,1992-09-28,"aba102",43.5,-75
6.4,6.76,13.09,1992-09-29,"aba102",43.5,-75
1.3,5.52,10.77,1992-09-30,"aba102",43.5,-75
1.7,4.41,13.35,1992-10-01,"aba102",43.5,-75
9.7,6.96,15.1,1992-10-02,"aba102",43.5,-75
12.8,6.03,4.93,1992-10-03,"aba102",43.5,-75
5.4,4.04,17.05,1992-10-04,"aba102",43.5,-75
2.1,4.22,15.71,1992-10-05,"aba102",43.5,-75
2,2.6,16.34,1992-10-06,"aba102",43.5,-75
5.2,1.63,16.22,1992-10-07,"aba102",43.5,-75
8.6,3.94,16.09,1992-10-08,"aba102",43.5,-75
11.7,6.77,4.5,1992-10-09,"aba102",43.5,-75
11.1,4.03,9.72,1992-10-10,"aba102",43.5,-75
9.7,2.95,6.84,1992-10-11,"aba102",43.5,-75
9.1,4.53,9.47,1992-10-12,"aba102",43.5,-75
5.4,5.28,10.88,1992-10-13,"aba102",43.5,-75
3.7,3.48,8.25,1992-10-14,"aba102",43.5,-75
8.4,3.22,2.55,1992-10-15,"aba102",43.5,-75
11.8,8.34,9.73,1992-10-16,"aba102",43.5,-75
3.2,6.79,12.47,1992-10-17,"aba102",43.5,-75
0.5,3.56,9.67,1992-10-18,"aba102",43.5,-75
0.4,6.41,6.21,1992-10-19,"aba102",43.5,-75
-0.9,4.08,6.13,1992-10-20,"aba102",43.5,-75
1.4,4.39,4.8,1992-10-21,"aba102",43.5,-75
-0.1,2.94,9.54,1992-10-22,"aba102",43.5,-75
3.7,3.7,11.4,1992-10-23,"aba102",43.5,-75
6.7,4.75,1.33,1992-10-24,"aba102",43.5,-75
0.4,5.32,5.3,1992-10-25,"aba102",43.5,-75
0.1,4.14,10.2,1992-10-26,"aba102",43.5,-75
1.9,5.61,8.16,1992-10-27,"aba102",43.5,-75
2.9,3.51,6.53,1992-10-28,"aba102",43.5,-75
2.7,3.35,6.6,1992-10-29,"aba102",43.5,-75
1,2.75,7.19,1992-10-30,"aba102",43.5,-75
-1.3,2.61,9.41,1992-10-31,"aba102",43.5,-75
-1.3,3.03,12.03,1992-11-01,"aba102",43.5,-75
-1.7,7.54,2.03,1992-11-02,"aba102",43.5,-75
3.7,7.81,3,1992-11-03,"aba102",43.5,-75
7.3,6.14,4.37,1992-11-04,"aba102",43.5,-75
2.5,4.5,4.09,1992-11-05,"aba102",43.5,-75
-0.4,4.79,6.57,1992-11-06,"aba102",43.5,-75
-6.3,3,6.71,1992-11-07,"aba102",43.5,-75
-10.3,2.97,9.32,1992-11-08,"aba102",43.5,-75
-8.5,2.69,10.25,1992-11-09,"aba102",43.5,-75
0.5,5.01,7.78,1992-11-10,"aba102",43.5,-75
4.3,5.3,1.28,1992-11-11,"aba102",43.5,-75
4.3,9.66,1.63,1992-11-12,"aba102",43.5,-75
4.2,9.71,8.47,1992-11-13,"aba102",43.5,-75
-2.2,6.13,7.87,1992-11-14,"aba102",43.5,-75
-4.7,3.91,7.82,1992-11-15,"aba102",43.5,-75
-6.2,4.88,7.33,1992-11-16,"aba102",43.5,-75
-2.9,3.42,1.91,1992-11-17,"aba102",43.5,-75
-3.8,2.5,4.03,1992-11-18,"aba102",43.5,-75
-7.1,2.48,6.98,1992-11-19,"aba102",43.5,-75
-6.2,4.83,9.24,1992-11-20,"aba102",43.5,-75
4,6.11,5.69,1992-11-21,"aba102",43.5,-75
9.5,4.96,2.29,1992-11-22,"aba102",43.5,-75
6.1,6.01,1.79,1992-11-23,"aba102",43.5,-75
1.3,4.06,3.11,1992-11-24,"aba102",43.5,-75
3.4,4.34,0.8,1992-11-25,"aba102",43.5,-75
7,5.03,0.98,1992-11-26,"aba102",43.5,-75
2.6,5.36,3.7,1992-11-27,"aba102",43.5,-75
1.3,1.93,2.78,1992-11-28,"aba102",43.5,-75
0.4,4.32,3.99,1992-11-29,"aba102",43.5,-75
0.5,4.43,2.47,1992-11-30,"aba102",43.5,-75
-0.4,3.47,4.68,1992-12-01,"aba102",43.5,-75
-1.1,5.01,4.85,1992-12-02,"aba102",43.5,-75
-2,5.72,5,1992-12-03,"aba102",43.5,-75
-4.7,4.11,5.72,1992-12-04,"aba102",43.5,-75
-7.5,5.94,5.81,1992-12-05,"aba102",43.5,-75
-8.9,5.63,3.73,1992-12-06,"aba102",43.5,-75
-4.5,5.64,5,1992-12-07,"aba102",43.5,-75
-13.8,3.75,6.52,1992-12-08,"aba102",43.5,-75
-16.6,4.05,7.8,1992-12-09,"aba102",43.5,-75
-9.4,7.6,3.44,1992-12-10,"aba102",43.5,-75
-1.5,9.41,1.71,1992-12-11,"aba102",43.5,-75
-2.3,6.49,3.34,1992-12-12,"aba102",43.5,-75
-1.6,3.86,7.29,1992-12-13,"aba102",43.5,-75
-4.7,3.4,7.74,1992-12-14,"aba102",43.5,-75
-2.4,3.97,6.73,1992-12-15,"aba102",43.5,-75
2.1,4.69,2.36,1992-12-16,"aba102",43.5,-75
2,3.49,0.69,1992-12-17,"aba102",43.5,-75
-3.8,5.17,6.36,1992-12-18,"aba102",43.5,-75
-2.9,5.8,4.02,1992-12-19,"aba102",43.5,-75
-0.6,7.86,3.81,1992-12-20,"aba102",43.5,-75
-8.8,5.39,6.08,1992-12-21,"aba102",43.5,-75
-3.2,4.61,3.64,1992-12-22,"aba102",43.5,-75
-0.9,6.13,1.29,1992-12-23,"aba102",43.5,-75
-12.8,6.52,7.42,1992-12-24,"aba102",43.5,-75
-10.9,7.51,4.32,1992-12-25,"aba102",43.5,-75
-10.5,7.93,5.67,1992-12-26,"aba102",43.5,-75
-17.7,4.88,6.86,1992-12-27,"aba102",43.5,-75
-5.5,4.44,6.58,1992-12-28,"aba102",43.5,-75
2.1,3.35,0.94,1992-12-29,"aba102",43.5,-75
2.2,2.6,0.81,1992-12-30,"aba102",43.5,-75
2.8,6.61,1.14,1992-12-31,"aba102",43.5,-75
-8.9,6.94,5.61,1993-01-01,"aba102",43.5,-75
-10.9,5.73,7.69,1993-01-02,"aba102",43.5,-75
-7.8,5.17,2.05,1993-01-03,"aba102",43.5,-75
5.5,5.65,2.4,1993-01-04,"aba102",43.5,-75
4.7,7.32,1.46,1993-01-05,"aba102",43.5,-75
-2.5,4.12,3.06,1993-01-06,"aba102",43.5,-75
-2.1,3.05,6.74,1993-01-07,"aba102",43.5,-75
-3.8,3.71,3.61,1993-01-08,"aba102",43.5,-75
-12.2,3.48,7.77,1993-01-09,"aba102",43.5,-75
-12.8,2.91,4.16,1993-01-10,"aba102",43.5,-75
-8.9,3,2.71,1993-01-11,"aba102",43.5,-75
-4.5,2.77,2.68,1993-01-12,"aba102",43.5,-75
-3,6.62,1.54,1993-01-13,"aba102",43.5,-75
-6.7,3.34,3.02,1993-01-14,"aba102",43.5,-75
-7.4,4.34,4.94,1993-01-15,"aba102",43.5,-75
-4.6,2.56,4.9,1993-01-16,"aba102",43.5,-75
-5.6,6.36,3.49,1993-01-17,"aba102",43.5,-75
-13.1,5.52,8.91,1993-01-18,"aba102",43.5,-75
-13,4.3,9.28,1993-01-19,"aba102",43.5,-75
-5.2,5.33,7.17,1993-01-20,"aba102",43.5,-75
-4.4,5.46,8.92,1993-01-21,"aba102",43.5,-75
0.8,5.88,2.1,1993-01-22,"aba102",43.5,-75
-0.4,5.19,4.3,1993-01-23,"aba102",43.5,-75
1.7,5.53,3.69,1993-01-24,"aba102",43.5,-75
-6.6,7.79,8.64,1993-01-25,"aba102",43.5,-75
-10.8,5.37,9.99,1993-01-26,"aba102",43.5,-75
-4.9,5.28,4.93,1993-01-27,"aba102",43.5,-75
-11.9,4.61,8.59,1993-01-28,"aba102",43.5,-75
-9.1,7.28,7.65,1993-01-29,"aba102",43.5,-75
-16.1,5.58,9.91,1993-01-30,"aba102",43.5,-75
-7.9,4.94,2.72,1993-01-31,"aba102",43.5,-75
-18.7,5.69,10.89,1993-02-01,"aba102",43.5,-75
-18.6,5,11.69,1993-02-02,"aba102",43.5,-75
-6.5,5.8,9.23,1993-02-03,"aba102",43.5,-75
-9.4,6.46,11.22,1993-02-04,"aba102",43.5,-75
-5.4,7.11,10.18,1993-02-05,"aba102",43.5,-75
-21.5,5,12.84,1993-02-06,"aba102",43.5,-75
-18.8,4.66,9.56,1993-02-07,"aba102",43.5,-75
-10,4.34,10.01,1993-02-08,"aba102",43.5,-75
-13.2,4.38,12.5,1993-02-09,"aba102",43.5,-75
-3.3,4.2,3.41,1993-02-10,"aba102",43.5,-75
-7.3,4.7,10.56,1993-02-11,"aba102",43.5,-75
-9.5,6.73,4.38,1993-02-12,"aba102",43.5,-75
-5.6,6.36,3.78,1993-02-13,"aba102",43.5,-75
-8.4,5.32,11.99,1993-02-14,"aba102",43.5,-75
-7.6,3.55,6.91,1993-02-15,"aba102",43.5,-75
-4.1,7.16,3.01,1993-02-16,"aba102",43.5,-75
-8,6.07,7.86,1993-02-17,"aba102",43.5,-75
-13.6,4.43,11.12,1993-02-18,"aba102",43.5,-75
-16.3,3.11,13.71,1993-02-19,"aba102",43.5,-75
-15,2.94,12.88,1993-02-20,"aba102",43.5,-75
-14.8,7.7,9.09,1993-02-21,"aba102",43.5,-75
-5.7,7.8,5.16,1993-02-22,"aba102",43.5,-75
-8.8,5.2,10.53,1993-02-23,"aba102",43.5,-75
-14.9,5.81,12.72,1993-02-24,"aba102",43.5,-75
-17.3,3.78,16.24,1993-02-25,"aba102",43.5,-75
-14.8,3.55,14.75,1993-02-26,"aba102",43.5,-75
-12.3,3.47,16.78,1993-02-27,"aba102",43.5,-75
-12.5,3.4,16.32,1993-02-28,"aba102",43.5,-75
-8.6,2.9,15.71,1993-03-01,"aba102",43.5,-75
-3.8,3.42,7.07,1993-03-02,"aba102",43.5,-75
-1.2,3.14,13.05,1993-03-03,"aba102",43.5,-75
-1.9,9.9,8.5,1993-03-04,"aba102",43.5,-75
-3.5,10.14,8.03,1993-03-05,"aba102",43.5,-75
-4,4.11,10.79,1993-03-06,"aba102",43.5,-75
-2.4,4.37,12.22,1993-03-07,"aba102",43.5,-75
0.7,3.54,8.81,1993-03-08,"aba102",43.5,-75
-1.8,5.76,8.91,1993-03-09,"aba102",43.5,-75
-4.1,3.51,11.41,1993-03-10,"aba102",43.5,-75
-5.8,6.04,13.65,1993-03-11,"aba102",43.5,-75
-14,3.45,19.59,1993-03-12,"aba102",43.5,-75
-10.7,7.35,3.99,1993-03-13,"aba102",43.5,-75
-14.2,8.16,13.68,1993-03-14,"aba102",43.5,-75
-13.7,5.54,19.6,1993-03-15,"aba102",43.5,-75
-2.2,6.77,9.81,1993-03-16,"aba102",43.5,-75
-3.3,6.41,5.64,1993-03-17,"aba102",43.5,-75
-15.6,5.43,21.27,1993-03-18,"aba102",43.5,-75
-11.9,3.89,21.6,1993-03-19,"aba102",43.5,-75
-4.2,4.12,12.79,1993-03-20,"aba102",43.5,-75
-1,5.36,8.49,1993-03-21,"aba102",43.5,-75
-1.7,4.2,13.36,1993-03-22,"aba102",43.5,-75
-2.8,3.94,16.23,1993-03-23,"aba102",43.5,-75
1.2,3.64,13.67,1993-03-24,"aba102",43.5,-75
2.6,3,20.75,1993-03-25,"aba102",43.5,-75
2.6,2.48,21.86,1993-03-26,"aba102",43.5,-75
4.7,2.6,21.78,1993-03-27,"aba102",43.5,-75
7.6,4,15.26,1993-03-28,"aba102",43.5,-75
7.4,3.92,13.64,1993-03-29,"aba102",43.5,-75
6,3.77,16.9,1993-03-30,"aba102",43.5,-75
3.6,5.53,20.73,1993-03-31,"aba102",43.5,-75
0.9,8.05,4.47,1993-04-01,"aba102",43.5,-75
0,4.96,4.78,1993-04-02,"aba102",43.5,-75
-1.5,4.52,8.52,1993-04-03,"aba102",43.5,-75
-0.8,3.67,8.62,1993-04-04,"aba102",43.5,-75
0.9,3.52,24.35,1993-04-05,"aba102",43.5,-75
2.9,3.51,23.03,1993-04-06,"aba102",43.5,-75
3.3,3.42,24.58,1993-04-07,"aba102",43.5,-75
6.7,4.66,21.42,1993-04-08,"aba102",43.5,-75
9.2,6.14,18.48,1993-04-09,"aba102",43.5,-75
7.5,5.98,5.05,1993-04-10,"aba102",43.5,-75
3.1,4.8,11.95,1993-04-11,"aba102",43.5,-75
-0.3,4.85,4.93,1993-04-12,"aba102",43.5,-75
3.8,4.18,23.88,1993-04-13,"aba102",43.5,-75
5.3,3.01,24.64,1993-04-14,"aba102",43.5,-75
10.4,6.18,16.95,1993-04-15,"aba102",43.5,-75
11.9,6.8,5.1,1993-04-16,"aba102",43.5,-75
5.9,5.7,7.72,1993-04-17,"aba102",43.5,-75
2.4,5.63,15.52,1993-04-18,"aba102",43.5,-75
9,7.45,20.22,1993-04-19,"aba102",43.5,-75
11.2,5.16,12.02,1993-04-20,"aba102",43.5,-75
8.5,4.57,3.88,1993-04-21,"aba102",43.5,-75
0.7,4.85,4.42,1993-04-22,"aba102",43.5,-75
2.7,8.81,12.52,1993-04-23,"aba102",43.5,-75
5.9,5.52,24.27,1993-04-24,"aba102",43.5,-75
12.7,7.03,13.7,1993-04-25,"aba102",43.5,-75
4.6,4.63,6.08,1993-04-26,"aba102",43.5,-75
4.3,3.95,28,1993-04-27,"aba102",43.5,-75
8.6,3.71,25.75,1993-04-28,"aba102",43.5,-75
14.6,3.47,24.45,1993-04-29,"aba102",43.5,-75
15.4,3.36,15.5,1993-04-30,"aba102",43.5,-75
14,3.8,25.98,1993-05-01,"aba102",43.5,-75
13.3,4.61,27.58,1993-05-02,"aba102",43.5,-75
15.9,5.7,26.17,1993-05-03,"aba102",43.5,-75
15.7,4.63,18.29,1993-05-04,"aba102",43.5,-75
15,5.62,7.14,1993-05-05,"aba102",43.5,-75
13.7,5.3,16.05,1993-05-06,"aba102",43.5,-75
11,3.44,26.5,1993-05-07,"aba102",43.5,-75
13.3,2.7,28.34,1993-05-08,"aba102",43.5,-75
16.5,3.31,28.15,1993-05-09,"aba102",43.5,-75
19.3,3.45,22.61,1993-05-10,"aba102",43.5,-75
19.2,6.18,27.4,1993-05-11,"aba102",43.5,-75
14.7,5.68,25.82,1993-05-12,"aba102",43.5,-75
8,5.08,24.91,1993-05-13,"aba102",43.5,-75
9,3.19,23.88,1993-05-14,"aba102",43.5,-75
13.9,4.72,17.31,1993-05-15,"aba102",43.5,-75
9.9,5.59,19.32,1993-05-16,"aba102",43.5,-75
7.5,5.6,23.2,1993-05-17,"aba102",43.5,-75
8.3,2.82,22.78,1993-05-18,"aba102",43.5,-75
9.4,3.32,4.9,1993-05-19,"aba102",43.5,-75
8.4,3.45,13.47,1993-05-20,"aba102",43.5,-75
8.5,4.37,23.99,1993-05-21,"aba102",43.5,-75
9.3,4.8,26.05,1993-05-22,"aba102",43.5,-75
11.4,4.44,27.7,1993-05-23,"aba102",43.5,-75
12.7,4.46,4.81,1993-05-24,"aba102",43.5,-75
13.7,5.85,15.22,1993-05-25,"aba102",43.5,-75
9.4,5.62,12.99,1993-05-26,"aba102",43.5,-75
8.4,6.77,11.92,1993-05-27,"aba102",43.5,-75
11.1,5.8,14.27,1993-05-28,"aba102",43.5,-75
9.8,7.36,15.77,1993-05-29,"aba102",43.5,-75
10.5,4.48,30.89,1993-05-30,"aba102",43.5,-75
10.3,7.19,7.7,1993-05-31,"aba102",43.5,-75
8.2,6.81,21.3,1993-06-01,"aba102",43.5,-75
9.6,6.81,26.02,1993-06-02,"aba102",43.5,-75
11.7,5.6,28.1,1993-06-03,"aba102",43.5,-75
11.4,4.39,22.59,1993-06-04,"aba102",43.5,-75
8.8,5.87,9.21,1993-06-05,"aba102",43.5,-75
10.1,5.05,5.58,1993-06-06,"aba102",43.5,-75
12.1,5.41,22.47,1993-06-07,"aba102",43.5,-75
15,4.8,24.46,1993-06-08,"aba102",43.5,-75
18.7,4.52,9.73,1993-06-09,"aba102",43.5,-75
18.5,7.37,24.11,1993-06-10,"aba102",43.5,-75
14.2,5.02,8.51,1993-06-11,"aba102",43.5,-75
16.7,3.16,25.26,1993-06-12,"aba102",43.5,-75
18.5,2.94,27.04,1993-06-13,"aba102",43.5,-75
19.8,3.41,27.13,1993-06-14,"aba102",43.5,-75
16.4,4.82,16.07,1993-06-15,"aba102",43.5,-75
12.8,4.63,13.04,1993-06-16,"aba102",43.5,-75
15.8,2.33,29.49,1993-06-17,"aba102",43.5,-75
19.8,4.11,23.02,1993-06-18,"aba102",43.5,-75
18.5,4.63,11.89,1993-06-19,"aba102",43.5,-75
15.9,4.69,9.78,1993-06-20,"aba102",43.5,-75
18.3,5.31,10.22,1993-06-21,"aba102",43.5,-75
16.1,6.72,14.39,1993-06-22,"aba102",43.5,-75
14.1,6.01,31.15,1993-06-23,"aba102",43.5,-75
16.7,2.33,30.52,1993-06-24,"aba102",43.5,-75
20,3.96,30.04,1993-06-25,"aba102",43.5,-75
19.6,5.64,16,1993-06-26,"aba102",43.5,-75
19.2,4.83,26.13,1993-06-27,"aba102",43.5,-75
17.8,5.48,23.4,1993-06-28,"aba102",43.5,-75
16.1,3.21,22.78,1993-06-29,"aba102",43.5,-75
16,3.04,21.85,1993-06-30,"aba102",43.5,-75
18.1,3.4,29.53,1993-07-01,"aba102",43.5,-75
16.5,4.9,17.62,1993-07-02,"aba102",43.5,-75
18.5,4.62,14.67,1993-07-03,"aba102",43.5,-75
20.2,3.7,28.41,1993-07-04,"aba102",43.5,-75
22.2,3.36,28.59,1993-07-05,"aba102",43.5,-75
24.8,4.22,24.17,1993-07-06,"aba102",43.5,-75
24.6,3.59,21.73,1993-07-07,"aba102",43.5,-75
23.5,3.36,22.26,1993-07-08,"aba102",43.5,-75
23.7,3.81,26.07,1993-07-09,"aba102",43.5,-75
23.4,6.26,24.54,1993-07-10,"aba102",43.5,-75
21,4.03,27.94,1993-07-11,"aba102",43.5,-75
19.6,5.22,15.16,1993-07-12,"aba102",43.5,-75
17.6,4.73,29.43,1993-07-13,"aba102",43.5,-75
18.7,2.22,19.2,1993-07-14,"aba102",43.5,-75
18,5.66,20.92,1993-07-15,"aba102",43.5,-75
16.3,7.03,19.63,1993-07-16,"aba102",43.5,-75
15.3,5,20.76,1993-07-17,"aba102",43.5,-75
18,2.28,27.79,1993-07-18,"aba102",43.5,-75
16.8,4.75,7.58,1993-07-19,"aba102",43.5,-75
19.2,5.72,21.01,1993-07-20,"aba102",43.5,-75
16.6,4.81,19.76,1993-07-21,"aba102",43.5,-75
15.5,5.88,18.21,1993-07-22,"aba102",43.5,-75
16.6,5.04,15.18,1993-07-23,"aba102",43.5,-75
17.8,3.54,19.17,1993-07-24,"aba102",43.5,-75
19.3,3.13,24.17,1993-07-25,"aba102",43.5,-75
18.9,6.01,16.28,1993-07-26,"aba102",43.5,-75
19.2,4.69,13.93,1993-07-27,"aba102",43.5,-75
21.1,3.26,18.08,1993-07-28,"aba102",43.5,-75
20.7,4.11,16.42,1993-07-29,"aba102",43.5,-75
16.9,3.2,15.5,1993-07-30,"aba102",43.5,-75
18.5,2.61,17.18,1993-07-31,"aba102",43.5,-75
19.7,2.64,22.38,1993-08-01,"aba102",43.5,-75
19.7,5.15,20.45,1993-08-02,"aba102",43.5,-75
18.9,4.62,20.07,1993-08-03,"aba102",43.5,-75
16.8,4.21,18.65,1993-08-04,"aba102",43.5,-75
13.6,4.52,19.59,1993-08-05,"aba102",43.5,-75
14.3,2.19,22.24,1993-08-06,"aba102",43.5,-75
13.7,3.28,11.8,1993-08-07,"aba102",43.5,-75
15.6,1.87,19.3,1993-08-08,"aba102",43.5,-75
17.2,2.01,21.32,1993-08-09,"aba102",43.5,-75
18.8,4.35,18.44,1993-08-10,"aba102",43.5,-75
18.2,3.75,11.28,1993-08-11,"aba102",43.5,-75
18.1,2.98,12.12,1993-08-12,"aba102",43.5,-75
18.4,2.47,14.64,1993-08-13,"aba102",43.5,-75
18.8,3.11,18.83,1993-08-14,"aba102",43.5,-75
19.4,2.16,20.66,1993-08-15,"aba102",43.5,-75
19.1,3.12,13.63,1993-08-16,"aba102",43.5,-75
18.7,3,9.33,1993-08-17,"aba102",43.5,-75
19.6,2.28,16.96,1993-08-18,"aba102",43.5,-75
18.9,2.12,18.44,1993-08-19,"aba102",43.5,-75
17.7,4.74,6.53,1993-08-20,"aba102",43.5,-75
14.7,4.7,21.92,1993-08-21,"aba102",43.5,-75
12.6,2.18,24.54,1993-08-22,"aba102",43.5,-75
16.1,3.11,20.55,1993-08-23,"aba102",43.5,-75
20.8,5.11,16.44,1993-08-24,"aba102",43.5,-75
22,3.73,18.48,1993-08-25,"aba102",43.5,-75
20.9,2.14,22.36,1993-08-26,"aba102",43.5,-75
22.2,3.5,21.63,1993-08-27,"aba102",43.5,-75
21.7,5.14,13.71,1993-08-28,"aba102",43.5,-75
16.3,2.75,21.15,1993-08-29,"aba102",43.5,-75
17.9,3.75,19.71,1993-08-30,"aba102",43.5,-75
21.6,5.5,16.96,1993-08-31,"aba102",43.5,-75
18.2,3.61,13.63,1993-09-01,"aba102",43.5,-75
16.8,4.97,16.79,1993-09-02,"aba102",43.5,-75
21,5.28,6.8,1993-09-03,"aba102",43.5,-75
17.4,3.68,12.59,1993-09-04,"aba102",43.5,-75
16.6,3.85,16.35,1993-09-05,"aba102",43.5,-75
15.3,4.05,13.93,1993-09-06,"aba102",43.5,-75
12.5,2.4,15.13,1993-09-07,"aba102",43.5,-75
11.7,2.46,17.58,1993-09-08,"aba102",43.5,-75
14.9,5.2,14.22,1993-09-09,"aba102",43.5,-75
13.8,6.01,10.79,1993-09-10,"aba102",43.5,-75
8.7,5.55,15.78,1993-09-11,"aba102",43.5,-75
10.6,4.83,14.75,1993-09-12,"aba102",43.5,-75
18.6,4.03,16.89,1993-09-13,"aba102",43.5,-75
21.2,5.39,18.12,1993-09-14,"aba102",43.5,-75
17.6,5.28,7.38,1993-09-15,"aba102",43.5,-75
10.9,3.9,12.36,1993-09-16,"aba102",43.5,-75
11.9,3.5,4.18,1993-09-17,"aba102",43.5,-75
12.7,3.79,7.41,1993-09-18,"aba102",43.5,-75
7.7,4.49,20.49,1993-09-19,"aba102",43.5,-75
4.4,2.4,15.2,1993-09-20,"aba102",43.5,-75
7.8,2.55,9.27,1993-09-21,"aba102",43.5,-75
9.9,3.04,16.25,1993-09-22,"aba102",43.5,-75
11.1,5.21,4.22,1993-09-23,"aba102",43.5,-75
8.7,4.74,18.63,1993-09-24,"aba102",43.5,-75
10,3.68,18.27,1993-09-25,"aba102",43.5,-75
13.3,6.45,5.46,1993-09-26,"aba102",43.5,-75
12.1,4.18,4,1993-09-27,"aba102",43.5,-75
8.7,7.56,11.69,1993-09-28,"aba102",43.5,-75
5.5,4.7,12.38,1993-09-29,"aba102",43.5,-75
2.9,3.47,14.8,1993-09-30,"aba102",43.5,-75
4.4,6.2,17.39,1993-10-01,"aba102",43.5,-75
8.8,5.77,3.35,1993-10-02,"aba102",43.5,-75
4.8,5.58,9.64,1993-10-03,"aba102",43.5,-75
7,6.79,2.07,1993-10-04,"aba102",43.5,-75
2.8,6.2,12.51,1993-10-05,"aba102",43.5,-75
6.4,4.5,15.84,1993-10-06,"aba102",43.5,-75
13.5,4.22,14.03,1993-10-07,"aba102",43.5,-75
15.1,3.97,13.33,1993-10-08,"aba102",43.5,-75
9.6,6.71,6.84,1993-10-09,"aba102",43.5,-75
-1,4.75,12.85,1993-10-10,"aba102",43.5,-75
1,4.84,15.52,1993-10-11,"aba102",43.5,-75
3.3,4.61,2.08,1993-10-12,"aba102",43.5,-75
0.1,5.41,11.01,1993-10-13,"aba102",43.5,-75
0.8,3.38,13.11,1993-10-14,"aba102",43.5,-75
5.7,2.78,13.96,1993-10-15,"aba102",43.5,-75
11.4,5.22,13.44,1993-10-16,"aba102",43.5,-75
11.4,6.56,2.92,1993-10-17,"aba102",43.5,-75
8.2,7.74,4.69,1993-10-18,"aba102",43.5,-75
4.8,3.23,12.14,1993-10-19,"aba102",43.5,-75
7,6.62,5.51,1993-10-20,"aba102",43.5,-75
7.8,7.92,1.13,1993-10-21,"aba102",43.5,-75
4.2,7.32,5.75,1993-10-22,"aba102",43.5,-75
2.4,5.12,12.4,1993-10-23,"aba102",43.5,-75
8.2,6.17,12.7,1993-10-24,"aba102",43.5,-75
6.8,3.96,12.31,1993-10-25,"aba102",43.5,-75
5.4,5.58,9.33,1993-10-26,"aba102",43.5,-75
6.3,5.09,5.26,1993-10-27,"aba102",43.5,-75
2.6,4.42,9.07,1993-10-28,"aba102",43.5,-75
4.6,4.81,7.18,1993-10-29,"aba102",43.5,-75
2.2,3.61,6.43,1993-10-30,"aba102",43.5,-75
0.6,4.21,3.3,1993-10-31,"aba102",43.5,-75
-2.1,6.69,3.02,1993-11-01,"aba102",43.5,-75
-3.8,4.95,10.87,1993-11-02,"aba102",43.5,-75
-0.5,4.74,4.47,1993-11-03,"aba102",43.5,-75
2.3,4.33,7.75,1993-11-04,"aba102",43.5,-75
6,5.48,2.27,1993-11-05,"aba102",43.5,-75
0.9,6.11,3.49,1993-11-06,"aba102",43.5,-75
-3,4.34,6.7,1993-11-07,"aba102",43.5,-75
-1.1,4.03,10.27,1993-11-08,"aba102",43.5,-75
1.2,2.92,10.75,1993-11-09,"aba102",43.5,-75
0.8,2.61,9.71,1993-11-10,"aba102",43.5,-75
3,6.02,6.41,1993-11-11,"aba102",43.5,-75
2.2,5.35,6.42,1993-11-12,"aba102",43.5,-75
0.4,5.91,3.02,1993-11-13,"aba102",43.5,-75
9.7,5.15,1.2,1993-11-14,"aba102",43.5,-75
9.3,7.52,1.49,1993-11-15,"aba102",43.5,-75
1.9,4.31,7.52,1993-11-16,"aba102",43.5,-75
1.9,3.79,1.45,1993-11-17,"aba102",43.5,-75
1.3,5.01,8.25,1993-11-18,"aba102",43.5,-75
1.2,6.05,2.12,1993-11-19,"aba102",43.5,-75
-1.3,7.92,6.97,1993-11-20,"aba102",43.5,-75
-2.4,5.24,8.04,1993-11-21,"aba102",43.5,-75
3,4.88,8.63,1993-11-22,"aba102",43.5,-75
1,3.47,5.39,1993-11-23,"aba102",43.5,-75
-1.1,4.69,3.59,1993-11-24,"aba102",43.5,-75
-9.7,4.57,9.28,1993-11-25,"aba102",43.5,-75
-4.1,5.41,8.47,1993-11-26,"aba102",43.5,-75
2.1,8.45,3.55,1993-11-27,"aba102",43.5,-75
5.8,8.91,0.83,1993-11-28,"aba102",43.5,-75
-1.5,5.06,5.46,1993-11-29,"aba102",43.5,-75
-4.7,3.44,7.08,1993-11-30,"aba102",43.5,-75
-5.6,4.16,8.47,1993-12-01,"aba102",43.5,-75
-1.3,4.7,6.68,1993-12-02,"aba102",43.5,-75
2.1,4.54,3.87,1993-12-03,"aba102",43.5,-75
0.1,5.3,2,1993-12-04,"aba102",43.5,-75
0.9,5.6,2.87,1993-12-05,"aba102",43.5,-75
-1.2,4.44,7.33,1993-12-06,"aba102",43.5,-75
-0.1,4.46,3,1993-12-07,"aba102",43.5,-75
-3.4,2.77,5.31,1993-12-08,"aba102",43.5,-75
-3.8,4.05,6.25,1993-12-09,"aba102",43.5,-75
2.6,6.13,1.64,1993-12-10,"aba102",43.5,-75
-6.6,6.38,3.46,1993-12-11,"aba102",43.5,-75
-12.8,5.62,7.6,1993-12-12,"aba102",43.5,-75
-5.4,4.03,7.6,1993-12-13,"aba102",43.5,-75
0,4.25,5.84,1993-12-14,"aba102",43.5,-75
2.9,5.24,1.03,1993-12-15,"aba102",43.5,-75
-1.8,5.27,7.62,1993-12-16,"aba102",43.5,-75
-5.6,2.36,7.68,1993-12-17,"aba102",43.5,-75
-3.3,2.7,3.15,1993-12-18,"aba102",43.5,-75
-0.5,3.75,3.5,1993-12-19,"aba102",43.5,-75
-0.3,4.06,4.15,1993-12-20,"aba102",43.5,-75
-0.2,7.07,0.61,1993-12-21,"aba102",43.5,-75
-3,8.01,3.59,1993-12-22,"aba102",43.5,-75
-13.5,2.98,7.8,1993-12-23,"aba102",43.5,-75
-15.9,4.5,5.12,1993-12-24,"aba102",43.5,-75
-9.2,4.13,5.78,1993-12-25,"aba102",43.5,-75
-17.3,6.48,5.79,1993-12-26,"aba102",43.5,-75
-23.3,3.62,7.66,1993-12-27,"aba102",43.5,-75
-18.1,3.33,7.13,1993-12-28,"aba102",43.5,-75
-18.4,5.14,6.02,1993-12-29,"aba102",43.5,-75
-12.5,5.83,6.68,1993-12-30,"aba102",43.5,-75
-10.8,5.02,5.27,1993-12-31,"aba102",43.5,-75
-2.2,5.98,6.49,1994-01-01,"aba102",43.5,-75
-5,4.98,4.29,1994-01-02,"aba102",43.5,-75
-13.9,4.34,5.31,1994-01-03,"aba102",43.5,-75
-10,5.91,1.12,1994-01-04,"aba102",43.5,-75
-14.6,6.96,6.43,1994-01-05,"aba102",43.5,-75
-19.4,4.34,5.55,1994-01-06,"aba102",43.5,-75
-13.1,4.9,3.7,1994-01-07,"aba102",43.5,-75
-12.5,5.32,4.24,1994-01-08,"aba102",43.5,-75
-17,5.29,7.91,1994-01-09,"aba102",43.5,-75
-19.3,4.11,8.98,1994-01-10,"aba102",43.5,-75
-9.2,4.47,3.38,1994-01-11,"aba102",43.5,-75
-8.2,3.54,5.5,1994-01-12,"aba102",43.5,-75
-4.7,3.4,3.21,1994-01-13,"aba102",43.5,-75
-8,4.67,3.74,1994-01-14,"aba102",43.5,-75
-22.7,5.31,9.2,1994-01-15,"aba102",43.5,-75
-26.5,4.48,9.48,1994-01-16,"aba102",43.5,-75
-12.7,6.18,2.15,1994-01-17,"aba102",43.5,-75
-15.8,5.71,7.71,1994-01-18,"aba102",43.5,-75
-23.7,5.14,8.59,1994-01-19,"aba102",43.5,-75
-20.5,3.45,8.08,1994-01-20,"aba102",43.5,-75
-15.6,4.42,7.26,1994-01-21,"aba102",43.5,-75
-12.3,7.16,8.02,1994-01-22,"aba102",43.5,-75
-15.1,4.37,3.74,1994-01-23,"aba102",43.5,-75
-3.6,5.83,4.12,1994-01-24,"aba102",43.5,-75
-10.4,3.47,7.79,1994-01-25,"aba102",43.5,-75
-17.1,3.55,9.75,1994-01-26,"aba102",43.5,-75
-16.9,6.79,10.02,1994-01-27,"aba102",43.5,-75
-0.6,7.91,1.31,1994-01-28,"aba102",43.5,-75
-5.1,7.28,5.31,1994-01-29,"aba102",43.5,-75
-14.7,2.62,10.8,1994-01-30,"aba102",43.5,-75
-17.4,2.21,11.13,1994-01-31,"aba102",43.5,-75
-15.7,3.75,10.9,1994-02-01,"aba102",43.5,-75
-15.7,3.19,11.78,1994-02-02,"aba102",43.5,-75
-12.1,6.74,8.05,1994-02-03,"aba102",43.5,-75
-10.3,4.72,7.18,1994-02-04,"aba102",43.5,-75
-6.8,5.6,10.2,1994-02-05,"aba102",43.5,-75
-8.7,4.4,12.1,1994-02-06,"aba102",43.5,-75
-12.2,5.53,10.76,1994-02-07,"aba102",43.5,-75
-17.7,4,6.89,1994-02-08,"aba102",43.5,-75
-16.4,4.2,3.6,1994-02-09,"aba102",43.5,-75
-19,4.16,13.32,1994-02-10,"aba102",43.5,-75
-14.3,3.96,8.07,1994-02-11,"aba102",43.5,-75
-8.3,4.81,12.16,1994-02-12,"aba102",43.5,-75
-5.2,6.51,5.25,1994-02-13,"aba102",43.5,-75
-13.7,6.74,11.18,1994-02-14,"aba102",43.5,-75
-10.6,5.2,10.5,1994-02-15,"aba102",43.5,-75
-9,5.61,9.5,1994-02-16,"aba102",43.5,-75
-5.3,4.18,13.77,1994-02-17,"aba102",43.5,-75
-0.4,3.26,13.89,1994-02-18,"aba102",43.5,-75
3.1,3.82,13.05,1994-02-19,"aba102",43.5,-75
7.4,4.57,13.38,1994-02-20,"aba102",43.5,-75
2.8,3.89,5.18,1994-02-21,"aba102",43.5,-75
-5.8,4.96,13.19,1994-02-22,"aba102",43.5,-75
-10.5,8.3,3.71,1994-02-23,"aba102",43.5,-75
-7.3,7.84,2.62,1994-02-24,"aba102",43.5,-75
-12.2,7.3,10.28,1994-02-25,"aba102",43.5,-75
-14.6,5.94,14.58,1994-02-26,"aba102",43.5,-75
-17.3,6.36,15.84,1994-02-27,"aba102",43.5,-75
-14.3,4.53,16.54,1994-02-28,"aba102",43.5,-75
-9.7,2.83,14.7,1994-03-01,"aba102",43.5,-75
-8.2,4.9,16.05,1994-03-02,"aba102",43.5,-75
-5.6,5.59,2.28,1994-03-03,"aba102",43.5,-75
-4.8,5.28,17.46,1994-03-04,"aba102",43.5,-75
-3.5,5.73,8.67,1994-03-05,"aba102",43.5,-75
-4,3.91,15.98,1994-03-06,"aba102",43.5,-75
0.7,4.1,9.34,1994-03-07,"aba102",43.5,-75
-1,6.92,10.05,1994-03-08,"aba102",43.5,-75
-5.8,5.92,9.57,1994-03-09,"aba102",43.5,-75
-2.5,5.84,5.74,1994-03-10,"aba102",43.5,-75
-5,5.16,15.68,1994-03-11,"aba102",43.5,-75
-5.7,3.14,19.16,1994-03-12,"aba102",43.5,-75
-0.7,4.6,7.71,1994-03-13,"aba102",43.5,-75
-0.2,3.12,15.79,1994-03-14,"aba102",43.5,-75
0.4,4.03,6.22,1994-03-15,"aba102",43.5,-75
-4.7,5.53,9.94,1994-03-16,"aba102",43.5,-75
-11.4,5.9,14.04,1994-03-17,"aba102",43.5,-75
-7.2,3.57,12.24,1994-03-18,"aba102",43.5,-75
-4.6,6.51,10.55,1994-03-19,"aba102",43.5,-75
-5,5.59,15.43,1994-03-20,"aba102",43.5,-75
-1.2,6.86,17.35,1994-03-21,"aba102",43.5,-75
1,7.77,12.19,1994-03-22,"aba102",43.5,-75
4.9,3.71,19.98,1994-03-23,"aba102",43.5,-75
6.2,4.61,12.89,1994-03-24,"aba102",43.5,-75
-1.9,5.24,9.86,1994-03-25,"aba102",43.5,-75
-2.4,4.39,21.16,1994-03-26,"aba102",43.5,-75
-0.6,5.87,2.83,1994-03-27,"aba102",43.5,-75
0.5,3.57,9.77,1994-03-28,"aba102",43.5,-75
-0.1,2.97,12.19,1994-03-29,"aba102",43.5,-75
-1.3,5.54,17.19,1994-03-30,"aba102",43.5,-75
-0.7,6.15,19.21,1994-03-31,"aba102",43.5,-75
-0.4,5.1,18.52,1994-04-01,"aba102",43.5,-75
2.1,6.4,20.31,1994-04-02,"aba102",43.5,-75
2.1,6.14,4.81,1994-04-03,"aba102",43.5,-75
-0.2,2.63,23.87,1994-04-04,"aba102",43.5,-75
4,4.65,15.24,1994-04-05,"aba102",43.5,-75
2.3,2.88,2.66,1994-04-06,"aba102",43.5,-75
-0.6,6.6,10.73,1994-04-07,"aba102",43.5,-75
-0.5,3.26,25.26,1994-04-08,"aba102",43.5,-75
4.8,5.93,16.18,1994-04-09,"aba102",43.5,-75
5.1,4.91,6.33,1994-04-10,"aba102",43.5,-75
2.1,4.36,23.2,1994-04-11,"aba102",43.5,-75
3,4.1,15.66,1994-04-12,"aba102",43.5,-75
4.8,4.88,5.26,1994-04-13,"aba102",43.5,-75
5.2,5.94,13.96,1994-04-14,"aba102",43.5,-75
9.9,6.16,24.03,1994-04-15,"aba102",43.5,-75
7.4,6.45,9.13,1994-04-16,"aba102",43.5,-75
1.9,8.73,19.73,1994-04-17,"aba102",43.5,-75
3,7.66,21.58,1994-04-18,"aba102",43.5,-75
9.2,5.94,18.6,1994-04-19,"aba102",43.5,-75
3,7.55,21.72,1994-04-20,"aba102",43.5,-75
1.2,5.02,21.3,1994-04-21,"aba102",43.5,-75
1.4,7.02,23.6,1994-04-22,"aba102",43.5,-75
4.9,6.56,26.47,1994-04-23,"aba102",43.5,-75
12.7,7.13,23.01,1994-04-24,"aba102",43.5,-75
11.9,4.13,8.25,1994-04-25,"aba102",43.5,-75
14.5,4.6,19.98,1994-04-26,"aba102",43.5,-75
15.4,6.93,15.57,1994-04-27,"aba102",43.5,-75
6.2,4.71,26.19,1994-04-28,"aba102",43.5,-75
9.3,6.24,7.69,1994-04-29,"aba102",43.5,-75
8.5,4.78,23.29,1994-04-30,"aba102",43.5,-75
6.7,7.44,8.45,1994-05-01,"aba102",43.5,-75
3.9,6.45,23.48,1994-05-02,"aba102",43.5,-75
6.4,3.21,28.05,1994-05-03,"aba102",43.5,-75
10.4,3.69,23.43,1994-05-04,"aba102",43.5,-75
12.4,3.85,22.04,1994-05-05,"aba102",43.5,-75
5.5,5.43,6.12,1994-05-06,"aba102",43.5,-75
9.3,3.67,16.35,1994-05-07,"aba102",43.5,-75
8.4,4.56,3.7,1994-05-08,"aba102",43.5,-75
9.5,7.54,20.67,1994-05-09,"aba102",43.5,-75
7.8,6.1,25.55,1994-05-10,"aba102",43.5,-75
9.4,6.01,19.8,1994-05-11,"aba102",43.5,-75
7.7,6.91,8.19,1994-05-12,"aba102",43.5,-75
4.3,7.93,22.7,1994-05-13,"aba102",43.5,-75
9.2,5.42,29.46,1994-05-14,"aba102",43.5,-75
10.5,4.41,10.73,1994-05-15,"aba102",43.5,-75
9.4,5.33,9.63,1994-05-16,"aba102",43.5,-75
7.3,5.12,6.71,1994-05-17,"aba102",43.5,-75
7.2,5.31,11.17,1994-05-18,"aba102",43.5,-75
9.2,3.42,13.9,1994-05-19,"aba102",43.5,-75
12.4,3.13,29.57,1994-05-20,"aba102",43.5,-75
15.6,3.77,28.68,1994-05-21,"aba102",43.5,-75
19.1,3.21,28.32,1994-05-22,"aba102",43.5,-75
18,4.22,24.67,1994-05-23,"aba102",43.5,-75
15.1,3.51,29.76,1994-05-24,"aba102",43.5,-75
13.8,3.63,10.31,1994-05-25,"aba102",43.5,-75
11.2,5.91,11.44,1994-05-26,"aba102",43.5,-75
5.9,6.22,26.29,1994-05-27,"aba102",43.5,-75
7.1,6.53,21.33,1994-05-28,"aba102",43.5,-75
12.7,4.78,25.48,1994-05-29,"aba102",43.5,-75
18.7,6.23,25.52,1994-05-30,"aba102",43.5,-75
20.2,7.03,24.27,1994-05-31,"aba102",43.5,-75
12.3,6.6,19.94,1994-06-01,"aba102",43.5,-75
7,7.31,14.76,1994-06-02,"aba102",43.5,-75
12.2,5.1,30.23,1994-06-03,"aba102",43.5,-75
15.1,3.6,27.51,1994-06-04,"aba102",43.5,-75
16.2,3.69,22.96,1994-06-05,"aba102",43.5,-75
17.1,4.65,15.52,1994-06-06,"aba102",43.5,-75
15.7,5.15,14.71,1994-06-07,"aba102",43.5,-75
12.2,4.52,26.8,1994-06-08,"aba102",43.5,-75
13.5,5.16,30.45,1994-06-09,"aba102",43.5,-75
15.2,2.87,31.71,1994-06-10,"aba102",43.5,-75
14.9,5.06,18,1994-06-11,"aba102",43.5,-75
16.7,4.88,18.85,1994-06-12,"aba102",43.5,-75
19,4.91,26.28,1994-06-13,"aba102",43.5,-75
19.1,4.55,18.05,1994-06-14,"aba102",43.5,-75
21.1,2.77,28.72,1994-06-15,"aba102",43.5,-75
23.2,2.56,26.28,1994-06-16,"aba102",43.5,-75
24.7,1.98,23.14,1994-06-17,"aba102",43.5,-75
25.6,3.04,25.72,1994-06-18,"aba102",43.5,-75
22.2,4.39,24.98,1994-06-19,"aba102",43.5,-75
19.6,3.89,29.65,1994-06-20,"aba102",43.5,-75
18.7,5.4,10.08,1994-06-21,"aba102",43.5,-75
17.9,5.83,26.51,1994-06-22,"aba102",43.5,-75
18.4,3.89,23.5,1994-06-23,"aba102",43.5,-75
14.3,6.13,4,1994-06-24,"aba102",43.5,-75
17,6.18,8.92,1994-06-25,"aba102",43.5,-75
18.9,7.61,21.02,1994-06-26,"aba102",43.5,-75
19,4.25,11.59,1994-06-27,"aba102",43.5,-75
17.5,5.35,16.06,1994-06-28,"aba102",43.5,-75
18.3,5.63,18.37,1994-06-29,"aba102",43.5,-75
17.8,4.16,17.9,1994-06-30,"aba102",43.5,-75
17.2,4.05,17.1,1994-07-01,"aba102",43.5,-75
19.4,5.02,22.14,1994-07-02,"aba102",43.5,-75
17.4,3.14,27.65,1994-07-03,"aba102",43.5,-75
18.4,4,30.51,1994-07-04,"aba102",43.5,-75
20.8,5.38,20.03,1994-07-05,"aba102",43.5,-75
22.3,3.4,18.77,1994-07-06,"aba102",43.5,-75
22.2,2.92,19.3,1994-07-07,"aba102",43.5,-75
23.2,3.09,20.5,1994-07-08,"aba102",43.5,-75
22.2,4.65,15.83,1994-07-09,"aba102",43.5,-75
17.9,5.7,17.31,1994-07-10,"aba102",43.5,-75
16.9,3.62,29.96,1994-07-11,"aba102",43.5,-75
18.4,4.56,25.22,1994-07-12,"aba102",43.5,-75
21.1,4.93,21.79,1994-07-13,"aba102",43.5,-75
18.5,2.66,19.9,1994-07-14,"aba102",43.5,-75
19.2,3.86,17.53,1994-07-15,"aba102",43.5,-75
19.6,3.47,19.64,1994-07-16,"aba102",43.5,-75
18.7,3.01,16.48,1994-07-17,"aba102",43.5,-75
19.5,3.5,16.73,1994-07-18,"aba102",43.5,-75
21.1,3.32,21.14,1994-07-19,"aba102",43.5,-75
22,3.04,24.63,1994-07-20,"aba102",43.5,-75
23.9,4.68,24.57,1994-07-21,"aba102",43.5,-75
22.3,4.6,18.39,1994-07-22,"aba102",43.5,-75
20.4,4.25,15.03,1994-07-23,"aba102",43.5,-75
20.8,3.05,22.13,1994-07-24,"aba102",43.5,-75
20.1,3.26,19.95,1994-07-25,"aba102",43.5,-75
18.5,4.08,16.17,1994-07-26,"aba102",43.5,-75
17.6,2.64,24.26,1994-07-27,"aba102",43.5,-75
17,3.62,14.5,1994-07-28,"aba102",43.5,-75
18.8,3.2,22.85,1994-07-29,"aba102",43.5,-75
19.6,3.77,16.06,1994-07-30,"aba102",43.5,-75
19.1,2.69,23.98,1994-07-31,"aba102",43.5,-75
20.5,3.91,22.96,1994-08-01,"aba102",43.5,-75
20.1,3.47,19.89,1994-08-02,"aba102",43.5,-75
19.8,3.13,18.18,1994-08-03,"aba102",43.5,-75
20.7,5.29,20.67,1994-08-04,"aba102",43.5,-75
12.7,5.58,6.98,1994-08-05,"aba102",43.5,-75
12.5,3,27.64,1994-08-06,"aba102",43.5,-75
14.9,2.67,26.83,1994-08-07,"aba102",43.5,-75
17.7,3.28,24.77,1994-08-08,"aba102",43.5,-75
18.4,4.5,18.65,1994-08-09,"aba102",43.5,-75
14.6,3.61,22.58,1994-08-10,"aba102",43.5,-75
14.5,3.95,16.41,1994-08-11,"aba102",43.5,-75
17.5,3.65,14.86,1994-08-12,"aba102",43.5,-75
18.9,4.58,6,1994-08-13,"aba102",43.5,-75
16.6,6.13,9.71,1994-08-14,"aba102",43.5,-75
12.4,5.97,12.31,1994-08-15,"aba102",43.5,-75
14,3.02,15.54,1994-08-16,"aba102",43.5,-75
16.7,3.4,15.31,1994-08-17,"aba102",43.5,-75
17.7,4.38,9.12,1994-08-18,"aba102",43.5,-75
18.4,3.41,20.36,1994-08-19,"aba102",43.5,-75
20.3,4.2,22.79,1994-08-20,"aba102",43.5,-75
18.7,4.91,6.94,1994-08-21,"aba102",43.5,-75
15.7,4.47,16.53,1994-08-22,"aba102",43.5,-75
13,3.01,24.95,1994-08-23,"aba102",43.5,-75
14.5,3.23,24.4,1994-08-24,"aba102",43.5,-75
16.4,3.28,11.16,1994-08-25,"aba102",43.5,-75
19,3.47,14.89,1994-08-26,"aba102",43.5,-75
18.9,3.89,17.65,1994-08-27,"aba102",43.5,-75
18.4,6.64,11.86,1994-08-28,"aba102",43.5,-75
14,5.72,17.2,1994-08-29,"aba102",43.5,-75
12.9,5.41,19.3,1994-08-30,"aba102",43.5,-75
13.5,3.48,5.89,1994-08-31,"aba102",43.5,-75
12.8,4.74,10.98,1994-09-01,"aba102",43.5,-75
9.6,3.47,16.2,1994-09-02,"aba102",43.5,-75
10.2,2.33,15.79,1994-09-03,"aba102",43.5,-75
10.6,2.92,17.94,1994-09-04,"aba102",43.5,-75
11,4,20.53,1994-09-05,"aba102",43.5,-75
11.9,5.01,19.63,1994-09-06,"aba102",43.5,-75
11.9,5.6,9.84,1994-09-07,"aba102",43.5,-75
13,4.71,12.16,1994-09-08,"aba102",43.5,-75
13.1,5.1,12.16,1994-09-09,"aba102",43.5,-75
9,4.88,14.85,1994-09-10,"aba102",43.5,-75
9.8,5.23,9.89,1994-09-11,"aba102",43.5,-75
12.3,5,19.13,1994-09-12,"aba102",43.5,-75
16.8,4.57,8.1,1994-09-13,"aba102",43.5,-75
16.8,4.44,8.9,1994-09-14,"aba102",43.5,-75
13.7,3.02,17.96,1994-09-15,"aba102",43.5,-75
17.5,3.94,13.68,1994-09-16,"aba102",43.5,-75
18.2,5.55,7.25,1994-09-17,"aba102",43.5,-75
10.4,4.97,10.26,1994-09-18,"aba102",43.5,-75
9.7,5.16,14.19,1994-09-19,"aba102",43.5,-75
12.8,3.69,18.93,1994-09-20,"aba102",43.5,-75
15.9,3.2,18.21,1994-09-21,"aba102",43.5,-75
14.6,5.53,11.55,1994-09-22,"aba102",43.5,-75
12.2,6.01,4.58,1994-09-23,"aba102",43.5,-75
14.6,2.42,6.98,1994-09-24,"aba102",43.5,-75
16.3,3.5,10.68,1994-09-25,"aba102",43.5,-75
17.5,4.68,9.38,1994-09-26,"aba102",43.5,-75
15.4,6.72,5.9,1994-09-27,"aba102",43.5,-75
11.2,4.62,9.28,1994-09-28,"aba102",43.5,-75
8.3,5.58,5.82,1994-09-29,"aba102",43.5,-75
6.8,7.79,12.7,1994-09-30,"aba102",43.5,-75
4.4,3.14,2.81,1994-10-01,"aba102",43.5,-75
4.9,6.41,12.82,1994-10-02,"aba102",43.5,-75
3.4,4.7,10.72,1994-10-03,"aba102",43.5,-75
4.6,4.22,8.18,1994-10-04,"aba102",43.5,-75
3.9,3.84,7.2,1994-10-05,"aba102",43.5,-75
5.8,2.73,7.99,1994-10-06,"aba102",43.5,-75
9.6,3.73,15.93,1994-10-07,"aba102",43.5,-75
13.1,4.57,15.17,1994-10-08,"aba102",43.5,-75
12.1,6.88,10.87,1994-10-09,"aba102",43.5,-75
4.5,5.16,13.29,1994-10-10,"aba102",43.5,-75
2,3.13,15.99,1994-10-11,"aba102",43.5,-75
4.2,2.77,15.52,1994-10-12,"aba102",43.5,-75
6.8,2.69,14.51,1994-10-13,"aba102",43.5,-75
8.8,3.86,13.3,1994-10-14,"aba102",43.5,-75
5.6,3.73,15.27,1994-10-15,"aba102",43.5,-75
5.3,3.63,15.06,1994-10-16,"aba102",43.5,-75
6.9,3.36,13.48,1994-10-17,"aba102",43.5,-75
8.6,2.92,6.89,1994-10-18,"aba102",43.5,-75
10.8,3.21,3.25,1994-10-19,"aba102",43.5,-75
12.4,3.3,2.62,1994-10-20,"aba102",43.5,-75
10.9,3.72,5.29,1994-10-21,"aba102",43.5,-75
9.2,2.69,6.8,1994-10-22,"aba102",43.5,-75
9.2,3.83,9.11,1994-10-23,"aba102",43.5,-75
8,3.47,10.62,1994-10-24,"aba102",43.5,-75
6.1,4.18,9.8,1994-10-25,"aba102",43.5,-75
3.6,3.11,7.59,1994-10-26,"aba102",43.5,-75
3.2,3.05,6.99,1994-10-27,"aba102",43.5,-75
5.5,3.7,12.54,1994-10-28,"aba102",43.5,-75
9.1,4.64,9.32,1994-10-29,"aba102",43.5,-75
9.4,4.51,8.02,1994-10-30,"aba102",43.5,-75
8.4,3.9,3.79,1994-10-31,"aba102",43.5,-75
11.3,5.99,1.84,1994-11-01,"aba102",43.5,-75
3.8,8.88,3.09,1994-11-02,"aba102",43.5,-75
6.2,4.19,11.33,1994-11-03,"aba102",43.5,-75
14,4.4,8.45,1994-11-04,"aba102",43.5,-75
13.8,4.61,1.93,1994-11-05,"aba102",43.5,-75
10.8,8.9,3.85,1994-11-06,"aba102",43.5,-75
3.4,7.96,11.06,1994-11-07,"aba102",43.5,-75
6.9,4.82,9.43,1994-11-08,"aba102",43.5,-75
7.4,3.88,3.81,1994-11-09,"aba102",43.5,-75
1,6.09,8.73,1994-11-10,"aba102",43.5,-75
-1.2,5.96,8.73,1994-11-11,"aba102",43.5,-75
0.6,3.92,10.03,1994-11-12,"aba102",43.5,-75
6,2.66,8.25,1994-11-13,"aba102",43.5,-75
9.6,4.72,6.63,1994-11-14,"aba102",43.5,-75
8.1,5.24,5.63,1994-11-15,"aba102",43.5,-75
1.4,3.09,5.91,1994-11-16,"aba102",43.5,-75
2.2,4.83,9.91,1994-11-17,"aba102",43.5,-75
8,5.38,6.23,1994-11-18,"aba102",43.5,-75
5.9,6.63,5.66,1994-11-19,"aba102",43.5,-75
1.2,4.52,8.36,1994-11-20,"aba102",43.5,-75
4.6,8.09,2.95,1994-11-21,"aba102",43.5,-75
2,8.11,4.75,1994-11-22,"aba102",43.5,-75
-6.7,7.3,5.36,1994-11-23,"aba102",43.5,-75
-10.5,4.5,8.36,1994-11-24,"aba102",43.5,-75
-0.6,4.57,6.75,1994-11-25,"aba102",43.5,-75
-7.1,4.04,6.29,1994-11-26,"aba102",43.5,-75
-11.5,8.08,8.51,1994-11-27,"aba102",43.5,-75
1.4,8.85,1.43,1994-11-28,"aba102",43.5,-75
1.8,7.18,3.88,1994-11-29,"aba102",43.5,-75
-2.9,4.75,5.35,1994-11-30,"aba102",43.5,-75
-4.4,3.89,5.2,1994-12-01,"aba102",43.5,-75
1.3,4.44,8.28,1994-12-02,"aba102",43.5,-75
1.1,3.41,5.15,1994-12-03,"aba102",43.5,-75
4.6,3.38,5.86,1994-12-04,"aba102",43.5,-75
5.7,6.28,0.42,1994-12-05,"aba102",43.5,-75
4.7,4.24,1,1994-12-06,"aba102",43.5,-75
-3.3,4.46,1.3,1994-12-07,"aba102",43.5,-75
-9.7,5.2,6.22,1994-12-08,"aba102",43.5,-75
-7.7,6.05,4.24,1994-12-09,"aba102",43.5,-75
-3.3,7.07,4.97,1994-12-10,"aba102",43.5,-75
-4.2,7.57,5.03,1994-12-11,"aba102",43.5,-75
-17.6,3.72,8.1,1994-12-12,"aba102",43.5,-75
-12.4,4.03,8.06,1994-12-13,"aba102",43.5,-75
-4.6,3.8,2.2,1994-12-14,"aba102",43.5,-75
-4,3.48,5.29,1994-12-15,"aba102",43.5,-75
-5.6,5.66,7.68,1994-12-16,"aba102",43.5,-75
-0.6,6.12,2.92,1994-12-17,"aba102",43.5,-75
-0.1,3.52,4.74,1994-12-18,"aba102",43.5,-75
-4.5,4.58,4.47,1994-12-19,"aba102",43.5,-75
-5.7,2.69,5.3,1994-12-20,"aba102",43.5,-75
0,3.28,7.41,1994-12-21,"aba102",43.5,-75
-0.1,1.89,7.7,1994-12-22,"aba102",43.5,-75
-0.8,5.68,7.1,1994-12-23,"aba102",43.5,-75
2.3,6.48,1.29,1994-12-24,"aba102",43.5,-75
0.8,5.24,7.32,1994-12-25,"aba102",43.5,-75
-5.5,3.55,7.46,1994-12-26,"aba102",43.5,-75
-3.9,2.91,7.25,1994-12-27,"aba102",43.5,-75
-1.1,6.23,3.92,1994-12-28,"aba102",43.5,-75
-10,7.15,8.04,1994-12-29,"aba102",43.5,-75
-17.2,5.01,8.16,1994-12-30,"aba102",43.5,-75
-6.7,3.98,5.51,1994-12-31,"aba102",43.5,-75
0.1,3.98,1.13,1995-01-01,"aba102",43.5,-75
-4.6,6.4,5.98,1995-01-02,"aba102",43.5,-75
-7.9,5.87,5.67,1995-01-03,"aba102",43.5,-75
-10.8,6.69,7.1,1995-01-04,"aba102",43.5,-75
-14.4,6.22,6.3,1995-01-05,"aba102",43.5,-75
-8.8,4.84,6.27,1995-01-06,"aba102",43.5,-75
-4.5,3.72,3.59,1995-01-07,"aba102",43.5,-75
-8.3,4.6,5.07,1995-01-08,"aba102",43.5,-75
-8.8,4.16,5.61,1995-01-09,"aba102",43.5,-75
-15.2,2.84,8.16,1995-01-10,"aba102",43.5,-75
-13.1,5.48,2.63,1995-01-11,"aba102",43.5,-75
-1.6,5.52,1.5,1995-01-12,"aba102",43.5,-75
5.5,4.52,3.32,1995-01-13,"aba102",43.5,-75
8.1,6.26,3.48,1995-01-14,"aba102",43.5,-75
12.6,6.93,2.57,1995-01-15,"aba102",43.5,-75
10.1,5.29,2.38,1995-01-16,"aba102",43.5,-75
1.1,3.24,3.51,1995-01-17,"aba102",43.5,-75
1.9,3.96,7.08,1995-01-18,"aba102",43.5,-75
2.9,4.46,4.62,1995-01-19,"aba102",43.5,-75
3.9,7.01,2.09,1995-01-20,"aba102",43.5,-75
1.7,4.2,5,1995-01-21,"aba102",43.5,-75
-2.2,3.89,3.37,1995-01-22,"aba102",43.5,-75
-3.6,4.47,4.16,1995-01-23,"aba102",43.5,-75
-3.9,4.61,4.49,1995-01-24,"aba102",43.5,-75
-5.2,4.48,4.89,1995-01-25,"aba102",43.5,-75
-8.4,5.69,8.83,1995-01-26,"aba102",43.5,-75
-12,5.34,10.32,1995-01-27,"aba102",43.5,-75
-16.6,4.03,10.65,1995-01-28,"aba102",43.5,-75
-11,4.05,11.13,1995-01-29,"aba102",43.5,-75
-7.9,3.61,9.86,1995-01-30,"aba102",43.5,-75
-3.5,5.12,5.9,1995-01-31,"aba102",43.5,-75
-1.1,6.04,3.89,1995-02-01,"aba102",43.5,-75
-11.8,3.86,10.27,1995-02-02,"aba102",43.5,-75
-15.3,4.28,11.97,1995-02-03,"aba102",43.5,-75
-8.4,4.72,2.79,1995-02-04,"aba102",43.5,-75
-18.6,6.69,9.68,1995-02-05,"aba102",43.5,-75
-25.5,5.71,11.55,1995-02-06,"aba102",43.5,-75
-19.9,4.05,11.5,1995-02-07,"aba102",43.5,-75
-14.9,5.59,12.39,1995-02-08,"aba102",43.5,-75
-10.3,5.42,7.76,1995-02-09,"aba102",43.5,-75
-5.4,4.75,8.24,1995-02-10,"aba102",43.5,-75
-6.3,6.04,9.33,1995-02-11,"aba102",43.5,-75
-15.7,7.35,11.82,1995-02-12,"aba102",43.5,-75
-12,5.23,9.04,1995-02-13,"aba102",43.5,-75
-10.6,5.11,11.55,1995-02-14,"aba102",43.5,-75
-8.2,7.64,9.19,1995-02-15,"aba102",43.5,-75
-2.3,6.13,10.77,1995-02-16,"aba102",43.5,-75
-6,3.36,13.54,1995-02-17,"aba102",43.5,-75
-1.7,3.91,14.23,1995-02-18,"aba102",43.5,-75
0.6,4.16,13.09,1995-02-19,"aba102",43.5,-75
0.4,4.53,13.59,1995-02-20,"aba102",43.5,-75
-2,4.69,4.95,1995-02-21,"aba102",43.5,-75
-9.8,3.89,12.6,1995-02-22,"aba102",43.5,-75
-1.6,4.05,11.62,1995-02-23,"aba102",43.5,-75
-4.9,7.52,10.33,1995-02-24,"aba102",43.5,-75
-13.5,5.76,11.52,1995-02-25,"aba102",43.5,-75
-17,3.55,16.88,1995-02-26,"aba102",43.5,-75
-9.9,5.3,3.81,1995-02-27,"aba102",43.5,-75
-1.3,2.79,5.15,1995-02-28,"aba102",43.5,-75
-4.1,3.62,11.86,1995-03-01,"aba102",43.5,-75
-11.5,2.97,14.26,1995-03-02,"aba102",43.5,-75
-12.2,3.26,17.83,1995-03-03,"aba102",43.5,-75
-5.4,3.18,15.7,1995-03-04,"aba102",43.5,-75
-1.7,5.74,14.34,1995-03-05,"aba102",43.5,-75
0.9,5.22,3.64,1995-03-06,"aba102",43.5,-75
3.9,6.8,6.39,1995-03-07,"aba102",43.5,-75
2.4,6.8,2.64,1995-03-08,"aba102",43.5,-75
-11.5,6.16,14.59,1995-03-09,"aba102",43.5,-75
-12.9,4.58,19.18,1995-03-10,"aba102",43.5,-75
-5.8,4.55,8.88,1995-03-11,"aba102",43.5,-75
0.8,4.44,16.65,1995-03-12,"aba102",43.5,-75
5.8,3.04,18.75,1995-03-13,"aba102",43.5,-75
8.3,2.9,15.91,1995-03-14,"aba102",43.5,-75
10,3.02,14.56,1995-03-15,"aba102",43.5,-75
8.9,3.65,14.63,1995-03-16,"aba102",43.5,-75
3.7,4.68,11.71,1995-03-17,"aba102",43.5,-75
1.5,3.89,11.66,1995-03-18,"aba102",43.5,-75
3.7,3.97,16.94,1995-03-19,"aba102",43.5,-75
6.3,5.66,17.13,1995-03-20,"aba102",43.5,-75
5.4,4.75,4.24,1995-03-21,"aba102",43.5,-75
1.8,5.11,14.36,1995-03-22,"aba102",43.5,-75
1.2,4.39,6.75,1995-03-23,"aba102",43.5,-75
-1.4,4.85,16.4,1995-03-24,"aba102",43.5,-75
-0.2,7.57,21.15,1995-03-25,"aba102",43.5,-75
2,5.39,21.47,1995-03-26,"aba102",43.5,-75
1.3,4.17,20.64,1995-03-27,"aba102",43.5,-75
2.3,4.15,22.26,1995-03-28,"aba102",43.5,-75
5,3.75,21.28,1995-03-29,"aba102",43.5,-75
3.7,3.22,13.51,1995-03-30,"aba102",43.5,-75
1,5.54,16.47,1995-03-31,"aba102",43.5,-75
-1.3,3.61,22.83,1995-04-01,"aba102",43.5,-75
-1.1,3.53,20.82,1995-04-02,"aba102",43.5,-75
1.4,6.73,16.21,1995-04-03,"aba102",43.5,-75
-0.5,8.85,13.6,1995-04-04,"aba102",43.5,-75
-9.9,8.81,20,1995-04-05,"aba102",43.5,-75
-4.8,3.83,16.76,1995-04-06,"aba102",43.5,-75
-1.4,3.28,24.09,1995-04-07,"aba102",43.5,-75
-1.2,3.44,8.16,1995-04-08,"aba102",43.5,-75
1.4,5.22,5.66,1995-04-09,"aba102",43.5,-75
-1.1,4.4,24.7,1995-04-10,"aba102",43.5,-75
4.9,5.85,23.52,1995-04-11,"aba102",43.5,-75
7.6,6.18,7.12,1995-04-12,"aba102",43.5,-75
4.5,5.3,14.5,1995-04-13,"aba102",43.5,-75
2.5,5.14,17.06,1995-04-14,"aba102",43.5,-75
0.2,6.61,15.59,1995-04-15,"aba102",43.5,-75
0.4,5.7,10.83,1995-04-16,"aba102",43.5,-75
3.2,3.1,24.87,1995-04-17,"aba102",43.5,-75
7.8,5.62,23.66,1995-04-18,"aba102",43.5,-75
10.1,6.55,12.21,1995-04-19,"aba102",43.5,-75
6.8,4.33,20.74,1995-04-20,"aba102",43.5,-75
8.8,6.75,5.7,1995-04-21,"aba102",43.5,-75
5.5,6.45,6.46,1995-04-22,"aba102",43.5,-75
2.7,5,14.21,1995-04-23,"aba102",43.5,-75
3.8,3.61,26.04,1995-04-24,"aba102",43.5,-75
6,3.5,26.13,1995-04-25,"aba102",43.5,-75
6.1,5.23,18.76,1995-04-26,"aba102",43.5,-75
10.1,4.21,15.13,1995-04-27,"aba102",43.5,-75
7.9,4.54,19.33,1995-04-28,"aba102",43.5,-75
5.8,5.89,20.51,1995-04-29,"aba102",43.5,-75
6,3.05,14.53,1995-04-30,"aba102",43.5,-75
8.1,3.81,17.27,1995-05-01,"aba102",43.5,-75
9.2,3.18,18.47,1995-05-02,"aba102",43.5,-75
10.8,5.32,22.39,1995-05-03,"aba102",43.5,-75
10.8,3.21,22.86,1995-05-04,"aba102",43.5,-75
10.6,3.84,14.38,1995-05-05,"aba102",43.5,-75
7.5,8.3,25.66,1995-05-06,"aba102",43.5,-75
4.6,6.63,29.44,1995-05-07,"aba102",43.5,-75
6.4,5.46,28.84,1995-05-08,"aba102",43.5,-75
11.6,3.47,27.91,1995-05-09,"aba102",43.5,-75
9.6,5.86,6.92,1995-05-10,"aba102",43.5,-75
7.9,5.81,3.33,1995-05-11,"aba102",43.5,-75
10.1,3.26,6.47,1995-05-12,"aba102",43.5,-75
13.3,4.47,13.67,1995-05-13,"aba102",43.5,-75
12.4,6.94,14.59,1995-05-14,"aba102",43.5,-75
9.5,5.75,9.42,1995-05-15,"aba102",43.5,-75
11.6,4.55,29.01,1995-05-16,"aba102",43.5,-75
12.8,5.59,10.06,1995-05-17,"aba102",43.5,-75
9.2,3.81,20.78,1995-05-18,"aba102",43.5,-75
10.6,4.4,16.75,1995-05-19,"aba102",43.5,-75
11.1,4,20.47,1995-05-20,"aba102",43.5,-75
13.5,5.64,22.84,1995-05-21,"aba102",43.5,-75
10.5,5.42,16.35,1995-05-22,"aba102",43.5,-75
14.4,4.51,28.94,1995-05-23,"aba102",43.5,-75
14.6,5.41,4.8,1995-05-24,"aba102",43.5,-75
14,2.28,19.23,1995-05-25,"aba102",43.5,-75
14,2.24,17.93,1995-05-26,"aba102",43.5,-75
13.5,3.83,27.86,1995-05-27,"aba102",43.5,-75
12.5,6.87,13.97,1995-05-28,"aba102",43.5,-75
14.1,6.07,10.92,1995-05-29,"aba102",43.5,-75
14,5.43,13.34,1995-05-30,"aba102",43.5,-75
17,5.5,29.66,1995-05-31,"aba102",43.5,-75
18.7,3.24,25.46,1995-06-01,"aba102",43.5,-75
19.1,3.53,16.85,1995-06-02,"aba102",43.5,-75
17.9,4.92,15.54,1995-06-03,"aba102",43.5,-75
16.5,4,30.48,1995-06-04,"aba102",43.5,-75
15.8,4.03,30.97,1995-06-05,"aba102",43.5,-75
19.4,2.96,29.07,1995-06-06,"aba102",43.5,-75
20.4,3.5,25.3,1995-06-07,"aba102",43.5,-75
13.3,4,13.6,1995-06-08,"aba102",43.5,-75
13.5,2.84,29.92,1995-06-09,"aba102",43.5,-75
16.3,3.76,15.08,1995-06-10,"aba102",43.5,-75
18,4.38,17.58,1995-06-11,"aba102",43.5,-75
13.1,3.94,9.34,1995-06-12,"aba102",43.5,-75
14.4,3.48,30.88,1995-06-13,"aba102",43.5,-75
14.8,4.41,22.82,1995-06-14,"aba102",43.5,-75
14.9,3.89,30.06,1995-06-15,"aba102",43.5,-75
16.6,2.67,31.41,1995-06-16,"aba102",43.5,-75
19.4,4.12,29.08,1995-06-17,"aba102",43.5,-75
22.4,5.4,29.68,1995-06-18,"aba102",43.5,-75
24.5,5.2,28.79,1995-06-19,"aba102",43.5,-75
23.5,4.46,28.23,1995-06-20,"aba102",43.5,-75
20,3.88,31.44,1995-06-21,"aba102",43.5,-75
21.2,3.33,31,1995-06-22,"aba102",43.5,-75
20.9,2.28,29.19,1995-06-23,"aba102",43.5,-75
21.2,2.67,22.27,1995-06-24,"aba102",43.5,-75
23.4,2.33,24.83,1995-06-25,"aba102",43.5,-75
22.5,4.61,22.01,1995-06-26,"aba102",43.5,-75
20,5.64,29.34,1995-06-27,"aba102",43.5,-75
18.5,4.1,27.91,1995-06-28,"aba102",43.5,-75
21.3,2.42,24.36,1995-06-29,"aba102",43.5,-75
22.5,3.24,23.11,1995-06-30,"aba102",43.5,-75
19.9,4.4,13.58,1995-07-01,"aba102",43.5,-75
15.3,4.84,23.19,1995-07-02,"aba102",43.5,-75
16.6,2.8,30.35,1995-07-03,"aba102",43.5,-75
19.5,3.38,27.92,1995-07-04,"aba102",43.5,-75
22.3,3.41,20.33,1995-07-05,"aba102",43.5,-75
22.7,5.24,21.15,1995-07-06,"aba102",43.5,-75
19.6,4.94,13.68,1995-07-07,"aba102",43.5,-75
14.6,4.92,9.58,1995-07-08,"aba102",43.5,-75
13.9,4.65,17.74,1995-07-09,"aba102",43.5,-75
16,3.35,23.56,1995-07-10,"aba102",43.5,-75
17.7,2.92,25.1,1995-07-11,"aba102",43.5,-75
18.8,3.04,23.27,1995-07-12,"aba102",43.5,-75
22.5,3.51,28.27,1995-07-13,"aba102",43.5,-75
24.5,5.5,12.28,1995-07-14,"aba102",43.5,-75
24,5.59,19.4,1995-07-15,"aba102",43.5,-75
21.4,3.7,22.56,1995-07-16,"aba102",43.5,-75
20.2,3.55,8.62,1995-07-17,"aba102",43.5,-75
20.5,5.43,19.81,1995-07-18,"aba102",43.5,-75
18.8,4.16,21.12,1995-07-19,"aba102",43.5,-75
18.7,5.5,15.33,1995-07-20,"aba102",43.5,-75
19.2,4.65,16.23,1995-07-21,"aba102",43.5,-75
19.4,2.77,25.79,1995-07-22,"aba102",43.5,-75
20.4,4.68,15.75,1995-07-23,"aba102",43.5,-75
19.5,3.73,14.6,1995-07-24,"aba102",43.5,-75
21,2.4,19.93,1995-07-25,"aba102",43.5,-75
21.6,3.03,11.31,1995-07-26,"aba102",43.5,-75
21.6,2.33,16.97,1995-07-27,"aba102",43.5,-75
22.1,4.14,22.68,1995-07-28,"aba102",43.5,-75
23,4.59,19.66,1995-07-29,"aba102",43.5,-75
20.4,4.32,27.89,1995-07-30,"aba102",43.5,-75
20.6,2.2,28.17,1995-07-31,"aba102",43.5,-75
22.7,3.96,27.32,1995-08-01,"aba102",43.5,-75
20.4,2.28,11.56,1995-08-02,"aba102",43.5,-75
21.1,3.29,15.98,1995-08-03,"aba102",43.5,-75
20.7,4.5,7.62,1995-08-04,"aba102",43.5,-75
19.4,1.43,7.7,1995-08-05,"aba102",43.5,-75
17.6,5.35,11.65,1995-08-06,"aba102",43.5,-75
17.3,3.3,26.82,1995-08-07,"aba102",43.5,-75
18.1,3.27,27.43,1995-08-08,"aba102",43.5,-75
19.1,1.75,27.05,1995-08-09,"aba102",43.5,-75
19.9,2.73,26.6,1995-08-10,"aba102",43.5,-75
21.4,3.54,18.48,1995-08-11,"aba102",43.5,-75
20.5,5.56,11.53,1995-08-12,"aba102",43.5,-75
18.2,3.6,25.94,1995-08-13,"aba102",43.5,-75
21.1,2.78,19.62,1995-08-14,"aba102",43.5,-75
23.5,2.92,13.84,1995-08-15,"aba102",43.5,-75
23.3,3.4,21.36,1995-08-16,"aba102",43.5,-75
22.3,3.51,25.06,1995-08-17,"aba102",43.5,-75
22.3,3.88,23.65,1995-08-18,"aba102",43.5,-75
20.2,3.27,24.83,1995-08-19,"aba102",43.5,-75
20.4,2.97,24.34,1995-08-20,"aba102",43.5,-75
21.7,4.82,23.91,1995-08-21,"aba102",43.5,-75
16.4,5.2,16.05,1995-08-22,"aba102",43.5,-75
15.9,3.69,22.84,1995-08-23,"aba102",43.5,-75
16.2,5.95,20.57,1995-08-24,"aba102",43.5,-75
12.8,4.6,24.79,1995-08-25,"aba102",43.5,-75
15.2,2.38,16.7,1995-08-26,"aba102",43.5,-75
15.7,3.16,9.96,1995-08-27,"aba102",43.5,-75
15.5,3.71,24.2,1995-08-28,"aba102",43.5,-75
18.1,4.32,16.83,1995-08-29,"aba102",43.5,-75
15.1,4.02,24.39,1995-08-30,"aba102",43.5,-75
17.6,3.81,17.06,1995-08-31,"aba102",43.5,-75
16.7,5.32,14.77,1995-09-01,"aba102",43.5,-75
13.8,3,22.11,1995-09-02,"aba102",43.5,-75
12.9,2.13,20.92,1995-09-03,"aba102",43.5,-75
16.7,2.33,16.94,1995-09-04,"aba102",43.5,-75
17.5,4.18,18.71,1995-09-05,"aba102",43.5,-75
17.5,3.76,22.74,1995-09-06,"aba102",43.5,-75
17.7,6.09,12.64,1995-09-07,"aba102",43.5,-75
12,3.29,17.27,1995-09-08,"aba102",43.5,-75
11.4,3.45,2.88,1995-09-09,"aba102",43.5,-75
8,4.75,19.45,1995-09-10,"aba102",43.5,-75
9.5,2.6,21.18,1995-09-11,"aba102",43.5,-75
14.8,4.43,21.02,1995-09-12,"aba102",43.5,-75
17.5,4.92,7.89,1995-09-13,"aba102",43.5,-75
14.4,5.72,4.12,1995-09-14,"aba102",43.5,-75
8.5,3.01,19.2,1995-09-15,"aba102",43.5,-75
11,6.7,15.73,1995-09-16,"aba102",43.5,-75
13.4,5.36,9.79,1995-09-17,"aba102",43.5,-75
9,4.96,19.95,1995-09-18,"aba102",43.5,-75
8.8,3.58,20.39,1995-09-19,"aba102",43.5,-75
12.4,3.68,8.78,1995-09-20,"aba102",43.5,-75
14.8,3.73,8.6,1995-09-21,"aba102",43.5,-75
13.9,6.3,4.39,1995-09-22,"aba102",43.5,-75
6.2,4.33,12.43,1995-09-23,"aba102",43.5,-75
5.6,2.83,17.68,1995-09-24,"aba102",43.5,-75
8,3.52,3.44,1995-09-25,"aba102",43.5,-75
10.5,2.55,9.19,1995-09-26,"aba102",43.5,-75
11.8,6.11,14.68,1995-09-27,"aba102",43.5,-75
8.9,3.81,18.64,1995-09-28,"aba102",43.5,-75
8.6,3.88,18.64,1995-09-29,"aba102",43.5,-75
10.6,3.69,18.37,1995-09-30,"aba102",43.5,-75
12.1,3.78,18.1,1995-10-01,"aba102",43.5,-75
14.1,4.63,16.32,1995-10-02,"aba102",43.5,-75
10.7,4.29,13.92,1995-10-03,"aba102",43.5,-75
13.4,4.69,3.34,1995-10-04,"aba102",43.5,-75
12,8.53,2.91,1995-10-05,"aba102",43.5,-75
12.3,9.14,2.33,1995-10-06,"aba102",43.5,-75
11.5,5.72,2.78,1995-10-07,"aba102",43.5,-75
9.5,4.6,8.94,1995-10-08,"aba102",43.5,-75
8.5,2.84,9.12,1995-10-09,"aba102",43.5,-75
9.3,3.3,14.39,1995-10-10,"aba102",43.5,-75
12.3,4.4,12.2,1995-10-11,"aba102",43.5,-75
13.7,4.1,14.87,1995-10-12,"aba102",43.5,-75
15.6,3.28,14.8,1995-10-13,"aba102",43.5,-75
14,6.5,2.69,1995-10-14,"aba102",43.5,-75
6.6,7.84,11,1995-10-15,"aba102",43.5,-75
3.6,8.35,8.34,1995-10-16,"aba102",43.5,-75
3.7,4.27,14.81,1995-10-17,"aba102",43.5,-75
10.4,4.62,13.11,1995-10-18,"aba102",43.5,-75
11.1,4.16,12.89,1995-10-19,"aba102",43.5,-75
12.7,7.91,7.03,1995-10-20,"aba102",43.5,-75
12.4,9.21,1.25,1995-10-21,"aba102",43.5,-75
5.8,6.4,8.27,1995-10-22,"aba102",43.5,-75
10.5,3.85,13.28,1995-10-23,"aba102",43.5,-75
12,5.9,12.1,1995-10-24,"aba102",43.5,-75
6.3,4.8,4.9,1995-10-25,"aba102",43.5,-75
6.3,3.09,12.52,1995-10-26,"aba102",43.5,-75
8.9,7.44,7.62,1995-10-27,"aba102",43.5,-75
10.4,5.43,7.12,1995-10-28,"aba102",43.5,-75
2.7,7.58,8.06,1995-10-29,"aba102",43.5,-75
0.4,4.7,9.28,1995-10-30,"aba102",43.5,-75
-0.1,2.64,3.33,1995-10-31,"aba102",43.5,-75
3.4,4.75,1.99,1995-11-01,"aba102",43.5,-75
9.4,6.33,1.57,1995-11-02,"aba102",43.5,-75
8.5,5.18,1.13,1995-11-03,"aba102",43.5,-75
-1.6,5.9,8.33,1995-11-04,"aba102",43.5,-75
-2.3,5.12,7.2,1995-11-05,"aba102",43.5,-75
-1,3.61,9.62,1995-11-06,"aba102",43.5,-75
0.3,7.09,3.36,1995-11-07,"aba102",43.5,-75
-1,4.67,6.43,1995-11-08,"aba102",43.5,-75
-9.3,5.5,9.06,1995-11-09,"aba102",43.5,-75
-2.8,5.77,6.93,1995-11-10,"aba102",43.5,-75
8.5,9.71,6,1995-11-11,"aba102",43.5,-75
-3.7,9.41,5.34,1995-11-12,"aba102",43.5,-75
-6.1,3.98,5.68,1995-11-13,"aba102",43.5,-75
-1.4,6.89,3.95,1995-11-14,"aba102",43.5,-75
0.1,7.08,3.2,1995-11-15,"aba102",43.5,-75
-3.2,6.09,5.76,1995-11-16,"aba102",43.5,-75
-4.4,4.22,7.3,1995-11-17,"aba102",43.5,-75
-3.8,5.04,3.46,1995-11-18,"aba102",43.5,-75
-1.1,3.62,3.92,1995-11-19,"aba102",43.5,-75
-2,4.12,7.12,1995-11-20,"aba102",43.5,-75
-0.1,4.75,6.39,1995-11-21,"aba102",43.5,-75
-3.5,4.85,6.44,1995-11-22,"aba102",43.5,-75
-4,5.44,3.12,1995-11-23,"aba102",43.5,-75
-9.5,2.73,6.2,1995-11-24,"aba102",43.5,-75
-10.1,3.61,7.3,1995-11-25,"aba102",43.5,-75
-2.1,2.2,3.63,1995-11-26,"aba102",43.5,-75
0.2,4.42,3.65,1995-11-27,"aba102",43.5,-75
-1.2,7.37,2.86,1995-11-28,"aba102",43.5,-75
-10.1,2.72,7.51,1995-11-29,"aba102",43.5,-75
-10.6,3.99,7.31,1995-11-30,"aba102",43.5,-75
-1.3,6.58,2.31,1995-12-01,"aba102",43.5,-75
-7.6,6.99,4.67,1995-12-02,"aba102",43.5,-75
-4.8,5.87,2.65,1995-12-03,"aba102",43.5,-75
-1.2,5.82,3.31,1995-12-04,"aba102",43.5,-75
-7.2,7.14,6.21,1995-12-05,"aba102",43.5,-75
-3.9,7.3,6.94,1995-12-06,"aba102",43.5,-75
-7.5,4.84,5.55,1995-12-07,"aba102",43.5,-75
-13.3,2.79,6.17,1995-12-08,"aba102",43.5,-75
-9.8,6.03,2.56,1995-12-09,"aba102",43.5,-75
-12.9,5.5,5.59,1995-12-10,"aba102",43.5,-75
-13.9,6.52,6.72,1995-12-11,"aba102",43.5,-75
-13.7,4.54,6.71,1995-12-12,"aba102",43.5,-75
-16.3,3.01,7.72,1995-12-13,"aba102",43.5,-75
-10.6,7.29,1.08,1995-12-14,"aba102",43.5,-75
-2.2,4.04,2.37,1995-12-15,"aba102",43.5,-75
-1.6,3.58,2.12,1995-12-16,"aba102",43.5,-75
-4.4,3.76,3.95,1995-12-17,"aba102",43.5,-75
-9.5,3.89,5.17,1995-12-18,"aba102",43.5,-75
-11.6,3.1,5.44,1995-12-19,"aba102",43.5,-75
-13.5,4.05,3.53,1995-12-20,"aba102",43.5,-75
-13.2,5.39,4.13,1995-12-21,"aba102",43.5,-75
-8.3,5.11,3.83,1995-12-22,"aba102",43.5,-75
-6.2,3.12,3.37,1995-12-23,"aba102",43.5,-75
-8.5,3.41,4.3,1995-12-24,"aba102",43.5,-75
-6.5,3.28,3.95,1995-12-25,"aba102",43.5,-75
-8.3,5.37,4.38,1995-12-26,"aba102",43.5,-75
-11.4,4.24,3.92,1995-12-27,"aba102",43.5,-75
-9,3.18,4.49,1995-12-28,"aba102",43.5,-75
-6.2,5.37,3.24,1995-12-29,"aba102",43.5,-75
-4.4,3.61,4.56,1995-12-30,"aba102",43.5,-75
-2.2,2.12,5.2,1995-12-31,"aba102",43.5,-75
-3.9,2.27,4.68,1996-01-01,"aba102",43.5,-75
-7.4,2.47,3.32,1996-01-02,"aba102",43.5,-75
-11.2,4.09,1.88,1996-01-03,"aba102",43.5,-75
-18.3,2.97,8.21,1996-01-04,"aba102",43.5,-75
-20.8,5.06,7.96,1996-01-05,"aba102",43.5,-75
-23.9,3.61,8.59,1996-01-06,"aba102",43.5,-75
-18.2,4.12,5.84,1996-01-07,"aba102",43.5,-75
-13.8,4.88,7.48,1996-01-08,"aba102",43.5,-75
-10.6,2.78,3.88,1996-01-09,"aba102",43.5,-75
-10.2,4.44,6.22,1996-01-10,"aba102",43.5,-75
-14.9,3.18,8.65,1996-01-11,"aba102",43.5,-75
-9.5,4.19,4.71,1996-01-12,"aba102",43.5,-75
-6,4,4.02,1996-01-13,"aba102",43.5,-75
-0.7,5.47,6.57,1996-01-14,"aba102",43.5,-75
-13.2,4.57,8.85,1996-01-15,"aba102",43.5,-75
-11.5,6.26,5.81,1996-01-16,"aba102",43.5,-75
3,7,2.11,1996-01-17,"aba102",43.5,-75
6.2,7.96,5.22,1996-01-18,"aba102",43.5,-75
4.1,10.34,1.91,1996-01-19,"aba102",43.5,-75
-11,7.07,9.04,1996-01-20,"aba102",43.5,-75
-9.3,5.03,4.76,1996-01-21,"aba102",43.5,-75
-5,4.56,9.16,1996-01-22,"aba102",43.5,-75
-1.6,4.1,4.02,1996-01-23,"aba102",43.5,-75
1,6.32,1.15,1996-01-24,"aba102",43.5,-75
-12.6,6.45,10.14,1996-01-25,"aba102",43.5,-75
-7.6,5.59,6.73,1996-01-26,"aba102",43.5,-75
0.9,10.65,1.21,1996-01-27,"aba102",43.5,-75
-11,7.89,9.34,1996-01-28,"aba102",43.5,-75
-11.1,7.6,5.65,1996-01-29,"aba102",43.5,-75
-7,6.4,8.19,1996-01-30,"aba102",43.5,-75
-16.3,4.05,10.17,1996-01-31,"aba102",43.5,-75
-17.7,3.49,11.19,1996-02-01,"aba102",43.5,-75
-14.5,5.71,9.64,1996-02-02,"aba102",43.5,-75
-18.8,3.12,11.56,1996-02-03,"aba102",43.5,-75
-21.4,3.58,12.39,1996-02-04,"aba102",43.5,-75
-18.3,3.68,10.55,1996-02-05,"aba102",43.5,-75
-14.6,3.62,9.54,1996-02-06,"aba102",43.5,-75
-7.2,6.17,10.56,1996-02-07,"aba102",43.5,-75
-0.8,5.1,4.27,1996-02-08,"aba102",43.5,-75
-0.2,6.41,4.38,1996-02-09,"aba102",43.5,-75
-4.3,4.1,7.44,1996-02-10,"aba102",43.5,-75
-0.8,7.33,9.55,1996-02-11,"aba102",43.5,-75
-16.6,6.1,12.43,1996-02-12,"aba102",43.5,-75
-18.8,5.6,12.1,1996-02-13,"aba102",43.5,-75
-11.9,3.49,6.66,1996-02-14,"aba102",43.5,-75
-10.6,3.1,10.83,1996-02-15,"aba102",43.5,-75
-11.8,3.72,9.92,1996-02-16,"aba102",43.5,-75
-11,4.7,14.54,1996-02-17,"aba102",43.5,-75
-13.2,5.51,13.19,1996-02-18,"aba102",43.5,-75
-10,5.66,10.99,1996-02-19,"aba102",43.5,-75
2.1,6.57,3.83,1996-02-20,"aba102",43.5,-75
4.3,6.52,2.53,1996-02-21,"aba102",43.5,-75
2.9,2.15,3.6,1996-02-22,"aba102",43.5,-75
2.5,4.96,7.34,1996-02-23,"aba102",43.5,-75
2.2,8.46,5.27,1996-02-24,"aba102",43.5,-75
0.2,9.08,14.29,1996-02-25,"aba102",43.5,-75
-2.8,5.01,16.05,1996-02-26,"aba102",43.5,-75
-2.5,4.33,12.97,1996-02-27,"aba102",43.5,-75
-0.9,7.52,6.16,1996-02-28,"aba102",43.5,-75
-13.6,7.01,15.8,1996-02-29,"aba102",43.5,-75
-11.2,5.24,15.4,1996-03-01,"aba102",43.5,-75
-4.3,5.65,14.13,1996-03-02,"aba102",43.5,-75
-8.6,10.34,12.95,1996-03-03,"aba102",43.5,-75
-12.5,7.82,14.85,1996-03-04,"aba102",43.5,-75
-6.2,4.42,3.21,1996-03-05,"aba102",43.5,-75
-4.8,3.42,9.37,1996-03-06,"aba102",43.5,-75
-10.5,3.4,5.48,1996-03-07,"aba102",43.5,-75
-13.3,6,7.72,1996-03-08,"aba102",43.5,-75
-14.3,6.14,14.09,1996-03-09,"aba102",43.5,-75
-10.5,3.45,18.86,1996-03-10,"aba102",43.5,-75
-6.6,2.42,19.44,1996-03-11,"aba102",43.5,-75
-3.1,2.88,19.39,1996-03-12,"aba102",43.5,-75
0.5,2.51,19.1,1996-03-13,"aba102",43.5,-75
5.1,3.86,15.09,1996-03-14,"aba102",43.5,-75
1,4.24,7.51,1996-03-15,"aba102",43.5,-75
-7.4,4.84,20.54,1996-03-16,"aba102",43.5,-75
-6,3.6,21.26,1996-03-17,"aba102",43.5,-75
-2.1,2.56,19.08,1996-03-18,"aba102",43.5,-75
2.5,8.3,20.55,1996-03-19,"aba102",43.5,-75
2,9.71,11.37,1996-03-20,"aba102",43.5,-75
-0.6,3.89,10.34,1996-03-21,"aba102",43.5,-75
-5.9,5.22,12.7,1996-03-22,"aba102",43.5,-75
-6.9,5.85,14.32,1996-03-23,"aba102",43.5,-75
-3.1,4.95,20.39,1996-03-24,"aba102",43.5,-75
6.8,6.32,17.9,1996-03-25,"aba102",43.5,-75
-2.4,6.31,13.84,1996-03-26,"aba102",43.5,-75
-8.8,5.68,22.72,1996-03-27,"aba102",43.5,-75
-5.3,3.35,21.84,1996-03-28,"aba102",43.5,-75
1.2,3.4,19.25,1996-03-29,"aba102",43.5,-75
0.8,3.14,23.12,1996-03-30,"aba102",43.5,-75
2.8,4.03,22.67,1996-03-31,"aba102",43.5,-75
4.3,3.94,11.5,1996-04-01,"aba102",43.5,-75
-0.1,5.61,23.43,1996-04-02,"aba102",43.5,-75
-0.9,4.64,20.12,1996-04-03,"aba102",43.5,-75
-1.3,3.82,16.07,1996-04-04,"aba102",43.5,-75
0.3,4.18,20.69,1996-04-05,"aba102",43.5,-75
0.2,3.69,20.98,1996-04-06,"aba102",43.5,-75
1,6.16,9.24,1996-04-07,"aba102",43.5,-75
-0.7,4.2,13.71,1996-04-08,"aba102",43.5,-75
-0.1,4,21.32,1996-04-09,"aba102",43.5,-75
0.3,7.82,14.16,1996-04-10,"aba102",43.5,-75
3.9,7.13,22.87,1996-04-11,"aba102",43.5,-75
5.8,3.89,8.26,1996-04-12,"aba102",43.5,-75
1.2,5.81,4.04,1996-04-13,"aba102",43.5,-75
1.1,5.52,7.11,1996-04-14,"aba102",43.5,-75
4.1,7.64,24.83,1996-04-15,"aba102",43.5,-75
1.2,7.72,4.1,1996-04-16,"aba102",43.5,-75
-0.3,8.86,9.14,1996-04-17,"aba102",43.5,-75
3.5,4.39,26.53,1996-04-18,"aba102",43.5,-75
11.4,4.78,16.29,1996-04-19,"aba102",43.5,-75
13.4,7.31,10.88,1996-04-20,"aba102",43.5,-75
11.2,5.12,12.62,1996-04-21,"aba102",43.5,-75
10.7,5.3,17.28,1996-04-22,"aba102",43.5,-75
11.2,6.02,7.84,1996-04-23,"aba102",43.5,-75
1.3,6.57,18.96,1996-04-24,"aba102",43.5,-75
6.5,6.74,15.41,1996-04-25,"aba102",43.5,-75
11.2,6.79,6.76,1996-04-26,"aba102",43.5,-75
0.7,7.2,21.41,1996-04-27,"aba102",43.5,-75
3.7,6.5,25.86,1996-04-28,"aba102",43.5,-75
3.2,5.91,2.55,1996-04-29,"aba102",43.5,-75
6.7,8.79,3.43,1996-04-30,"aba102",43.5,-75
7.3,5.79,24.72,1996-05-01,"aba102",43.5,-75
7.3,5.8,23.7,1996-05-02,"aba102",43.5,-75
8,3.49,10.66,1996-05-03,"aba102",43.5,-75
7.9,2.72,7.87,1996-05-04,"aba102",43.5,-75
8,3.68,21.16,1996-05-05,"aba102",43.5,-75
5.2,3.47,11.59,1996-05-06,"aba102",43.5,-75
8,3.93,26.28,1996-05-07,"aba102",43.5,-75
10.6,3.18,21.54,1996-05-08,"aba102",43.5,-75
10.2,5.46,6.53,1996-05-09,"aba102",43.5,-75
11.9,5.81,5.52,1996-05-10,"aba102",43.5,-75
9.9,5.08,2.96,1996-05-11,"aba102",43.5,-75
1.1,7.57,8.27,1996-05-12,"aba102",43.5,-75
1.3,5.82,26.04,1996-05-13,"aba102",43.5,-75
4.1,5.1,28.5,1996-05-14,"aba102",43.5,-75
10.5,3.44,27.09,1996-05-15,"aba102",43.5,-75
7.3,4.22,4.44,1996-05-16,"aba102",43.5,-75
11.8,2.73,17.97,1996-05-17,"aba102",43.5,-75
13,4.97,7.27,1996-05-18,"aba102",43.5,-75
20.5,4.39,23.5,1996-05-19,"aba102",43.5,-75
21.4,6.51,15.22,1996-05-20,"aba102",43.5,-75
16.9,4.51,18,1996-05-21,"aba102",43.5,-75
13.4,5.25,29.56,1996-05-22,"aba102",43.5,-75
13.4,4.62,24.35,1996-05-23,"aba102",43.5,-75
10.4,4.88,30.63,1996-05-24,"aba102",43.5,-75
8.1,5.4,30,1996-05-25,"aba102",43.5,-75
10.5,2.55,25.13,1996-05-26,"aba102",43.5,-75
12.1,2.6,26.04,1996-05-27,"aba102",43.5,-75
12.1,3.23,21.81,1996-05-28,"aba102",43.5,-75
8.7,5.2,28.72,1996-05-29,"aba102",43.5,-75
7.3,5.54,17.65,1996-05-30,"aba102",43.5,-75
12,4.83,29.54,1996-05-31,"aba102",43.5,-75
15.2,2.77,30.39,1996-06-01,"aba102",43.5,-75
17.8,4.72,29.06,1996-06-02,"aba102",43.5,-75
15.3,4.46,17.81,1996-06-03,"aba102",43.5,-75
15.7,4.41,22.8,1996-06-04,"aba102",43.5,-75
14.1,4.67,20.36,1996-06-05,"aba102",43.5,-75
15.1,3.33,23.67,1996-06-06,"aba102",43.5,-75
15.9,4.16,5.69,1996-06-07,"aba102",43.5,-75
17.8,2.97,12.6,1996-06-08,"aba102",43.5,-75
19,3.82,15.6,1996-06-09,"aba102",43.5,-75
20.4,3.83,12.34,1996-06-10,"aba102",43.5,-75
21.1,3.38,21.6,1996-06-11,"aba102",43.5,-75
19.9,2.94,19.61,1996-06-12,"aba102",43.5,-75
17.4,3.45,17.49,1996-06-13,"aba102",43.5,-75
18.9,4.4,19.86,1996-06-14,"aba102",43.5,-75
19,4.66,25.8,1996-06-15,"aba102",43.5,-75
17.2,2.97,25.93,1996-06-16,"aba102",43.5,-75
18.7,2.55,22.45,1996-06-17,"aba102",43.5,-75
18.7,3.39,14.64,1996-06-18,"aba102",43.5,-75
15.7,4.22,7.43,1996-06-19,"aba102",43.5,-75
15.4,3.34,7.31,1996-06-20,"aba102",43.5,-75
17.9,6.08,15.07,1996-06-21,"aba102",43.5,-75
15.2,5.9,9,1996-06-22,"aba102",43.5,-75
15.2,5.62,18.3,1996-06-23,"aba102",43.5,-75
14.7,2.9,13.06,1996-06-24,"aba102",43.5,-75
15.8,6.3,19.34,1996-06-25,"aba102",43.5,-75
13.3,5.37,29.19,1996-06-26,"aba102",43.5,-75
14.3,4.03,20.89,1996-06-27,"aba102",43.5,-75
16.3,3.05,27.78,1996-06-28,"aba102",43.5,-75
16.7,4.5,11.27,1996-06-29,"aba102",43.5,-75
18.4,5,5.08,1996-06-30,"aba102",43.5,-75
18.9,4.71,29.31,1996-07-01,"aba102",43.5,-75
18.5,3.08,29.05,1996-07-02,"aba102",43.5,-75
15.8,2.94,15.95,1996-07-03,"aba102",43.5,-75
13.8,6.65,2.24,1996-07-04,"aba102",43.5,-75
16.8,5.13,26.51,1996-07-05,"aba102",43.5,-75
16.9,5.93,18.6,1996-07-06,"aba102",43.5,-75
17.6,3.51,24,1996-07-07,"aba102",43.5,-75
19.2,3.98,24.14,1996-07-08,"aba102",43.5,-75
16.9,4.55,23.44,1996-07-09,"aba102",43.5,-75
13.4,5.32,21.67,1996-07-10,"aba102",43.5,-75
15.5,3.93,28.87,1996-07-11,"aba102",43.5,-75
17.8,3.77,22.3,1996-07-12,"aba102",43.5,-75
17.1,4.87,6.44,1996-07-13,"aba102",43.5,-75
19.6,2.93,20.02,1996-07-14,"aba102",43.5,-75
19,6.5,8.68,1996-07-15,"aba102",43.5,-75
18.7,4.66,21.53,1996-07-16,"aba102",43.5,-75
19.8,4.95,24.59,1996-07-17,"aba102",43.5,-75
20.9,3.01,28.43,1996-07-18,"aba102",43.5,-75
18.2,7.32,4.73,1996-07-19,"aba102",43.5,-75
14.2,8.46,14.92,1996-07-20,"aba102",43.5,-75
16.4,5.89,28.31,1996-07-21,"aba102",43.5,-75
17.3,2.19,27.9,1996-07-22,"aba102",43.5,-75
17,2.69,21.86,1996-07-23,"aba102",43.5,-75
18.6,3.49,23.18,1996-07-24,"aba102",43.5,-75
19,3.79,18.83,1996-07-25,"aba102",43.5,-75
17.8,3.93,19.05,1996-07-26,"aba102",43.5,-75
15.8,4.16,17.32,1996-07-27,"aba102",43.5,-75
16.1,2.7,23.57,1996-07-28,"aba102",43.5,-75
16.5,3.56,20.96,1996-07-29,"aba102",43.5,-75
16.7,6.08,12.43,1996-07-30,"aba102",43.5,-75
15.9,5.46,6.26,1996-07-31,"aba102",43.5,-75
16.7,2.64,18.58,1996-08-01,"aba102",43.5,-75
16.7,2.83,21.08,1996-08-02,"aba102",43.5,-75
17.4,1.25,22.47,1996-08-03,"aba102",43.5,-75
18.7,1.62,21.75,1996-08-04,"aba102",43.5,-75
19.9,1.68,23.47,1996-08-05,"aba102",43.5,-75
20.5,2.2,23.52,1996-08-06,"aba102",43.5,-75
21.7,3.32,25.17,1996-08-07,"aba102",43.5,-75
20.8,4.71,9.3,1996-08-08,"aba102",43.5,-75
19.5,3.75,19.34,1996-08-09,"aba102",43.5,-75
15.9,4.08,21.76,1996-08-10,"aba102",43.5,-75
14.2,2.62,26.14,1996-08-11,"aba102",43.5,-75
15.8,4.3,18.21,1996-08-12,"aba102",43.5,-75
17.5,3.01,19.67,1996-08-13,"aba102",43.5,-75
18.2,1.97,23.59,1996-08-14,"aba102",43.5,-75
19.6,4.62,19.97,1996-08-15,"aba102",43.5,-75
17.7,4.04,14.26,1996-08-16,"aba102",43.5,-75
17.6,3.5,18.43,1996-08-17,"aba102",43.5,-75
17.2,4.19,16.97,1996-08-18,"aba102",43.5,-75
17.9,2.4,23.09,1996-08-19,"aba102",43.5,-75
19.3,3.72,21.48,1996-08-20,"aba102",43.5,-75
20.6,3.91,19.11,1996-08-21,"aba102",43.5,-75
18.9,2.52,19.79,1996-08-22,"aba102",43.5,-75
19.1,4.24,7.22,1996-08-23,"aba102",43.5,-75
18.1,3.8,18.87,1996-08-24,"aba102",43.5,-75
18.2,5.33,23.68,1996-08-25,"aba102",43.5,-75
18.6,4.61,19.23,1996-08-26,"aba102",43.5,-75
17.5,2.66,14.91,1996-08-27,"aba102",43.5,-75
17.1,2.32,12.18,1996-08-28,"aba102",43.5,-75
16.6,4.19,19.36,1996-08-29,"aba102",43.5,-75
14.6,3.1,23.51,1996-08-30,"aba102",43.5,-75
15.6,2.33,22.74,1996-08-31,"aba102",43.5,-75
17.6,2.31,22.48,1996-09-01,"aba102",43.5,-75
19.3,3.28,21.93,1996-09-02,"aba102",43.5,-75
19,2.24,17.85,1996-09-03,"aba102",43.5,-75
18.9,2.5,14.53,1996-09-04,"aba102",43.5,-75
19.4,2.34,14.18,1996-09-05,"aba102",43.5,-75
21,4.47,16.69,1996-09-06,"aba102",43.5,-75
19.2,6.4,11.16,1996-09-07,"aba102",43.5,-75
17,6.48,6.12,1996-09-08,"aba102",43.5,-75
16.8,4.39,5.71,1996-09-09,"aba102",43.5,-75
17.3,3.89,12.92,1996-09-10,"aba102",43.5,-75
15.7,2.91,14.34,1996-09-11,"aba102",43.5,-75
16.7,5.1,15.9,1996-09-12,"aba102",43.5,-75
14,6.09,6.69,1996-09-13,"aba102",43.5,-75
12.8,2.9,13.45,1996-09-14,"aba102",43.5,-75
11.3,4.33,7.19,1996-09-15,"aba102",43.5,-75
12.2,3.02,9.09,1996-09-16,"aba102",43.5,-75
12.4,5.22,5.95,1996-09-17,"aba102",43.5,-75
13.3,7.06,13.02,1996-09-18,"aba102",43.5,-75
11.9,5.43,18.32,1996-09-19,"aba102",43.5,-75
12.4,5.22,16.84,1996-09-20,"aba102",43.5,-75
13.1,3.8,18.08,1996-09-21,"aba102",43.5,-75
12,4,5.12,1996-09-22,"aba102",43.5,-75
8.8,4.37,11.3,1996-09-23,"aba102",43.5,-75
6.2,3.57,10.86,1996-09-24,"aba102",43.5,-75
8.2,3.84,11.27,1996-09-25,"aba102",43.5,-75
7.5,3.91,16.64,1996-09-26,"aba102",43.5,-75
11.6,6.77,8.24,1996-09-27,"aba102",43.5,-75
14.5,6.75,3.84,1996-09-28,"aba102",43.5,-75
10.3,4.44,8.25,1996-09-29,"aba102",43.5,-75
8.5,5.4,15.89,1996-09-30,"aba102",43.5,-75
12.8,4.44,16.53,1996-10-01,"aba102",43.5,-75
13.4,5.52,8.9,1996-10-02,"aba102",43.5,-75
3.6,6.65,12.33,1996-10-03,"aba102",43.5,-75
0,3.83,16.18,1996-10-04,"aba102",43.5,-75
0.9,3.92,16.96,1996-10-05,"aba102",43.5,-75
5.6,3.89,16.5,1996-10-06,"aba102",43.5,-75
9.8,3.35,16,1996-10-07,"aba102",43.5,-75
10.1,3.23,9,1996-10-08,"aba102",43.5,-75
8.8,3.38,6.74,1996-10-09,"aba102",43.5,-75
6.1,6.24,2.88,1996-10-10,"aba102",43.5,-75
0,4.11,15.78,1996-10-11,"aba102",43.5,-75
3.3,2.83,13.77,1996-10-12,"aba102",43.5,-75
10,3.88,8.69,1996-10-13,"aba102",43.5,-75
8.3,6.65,8.61,1996-10-14,"aba102",43.5,-75
0.6,5.5,15.43,1996-10-15,"aba102",43.5,-75
8.3,3.21,4.42,1996-10-16,"aba102",43.5,-75
10.9,4.18,10.22,1996-10-17,"aba102",43.5,-75
8.7,6.74,12.32,1996-10-18,"aba102",43.5,-75
7,7.41,6.33,1996-10-19,"aba102",43.5,-75
6.7,8.75,2.34,1996-10-20,"aba102",43.5,-75
7.2,5.63,5.62,1996-10-21,"aba102",43.5,-75
6.1,2.84,4.68,1996-10-22,"aba102",43.5,-75
8.9,5.44,11.35,1996-10-23,"aba102",43.5,-75
7.3,5.28,6.47,1996-10-24,"aba102",43.5,-75
6.7,6.13,6.4,1996-10-25,"aba102",43.5,-75
7.1,2.14,12.52,1996-10-26,"aba102",43.5,-75
10.9,3.92,11.38,1996-10-27,"aba102",43.5,-75
9.3,6.26,6.28,1996-10-28,"aba102",43.5,-75
3.7,5.04,11.49,1996-10-29,"aba102",43.5,-75
5.8,7.42,3.41,1996-10-30,"aba102",43.5,-75
2.8,6.36,8.08,1996-10-31,"aba102",43.5,-75
0.1,6.28,7.47,1996-11-01,"aba102",43.5,-75
-2,5,8.01,1996-11-02,"aba102",43.5,-75
-3.6,5.81,7.76,1996-11-03,"aba102",43.5,-75
1.1,4.24,10.41,1996-11-04,"aba102",43.5,-75
4.1,3.2,5.58,1996-11-05,"aba102",43.5,-75
5.1,4.55,4.88,1996-11-06,"aba102",43.5,-75
11.4,7.28,2.56,1996-11-07,"aba102",43.5,-75
13.1,7.76,1.6,1996-11-08,"aba102",43.5,-75
2.9,4.68,2.48,1996-11-09,"aba102",43.5,-75
0,4.84,7.6,1996-11-10,"aba102",43.5,-75
-2.3,3.69,4.37,1996-11-11,"aba102",43.5,-75
-5.5,3.89,7.83,1996-11-12,"aba102",43.5,-75
-9.3,2.98,8.43,1996-11-13,"aba102",43.5,-75
-10.7,2.66,8.37,1996-11-14,"aba102",43.5,-75
-10.5,2.81,10.2,1996-11-15,"aba102",43.5,-75
-8.6,2.83,10.07,1996-11-16,"aba102",43.5,-75
0.2,3.85,9.67,1996-11-17,"aba102",43.5,-75
1.6,3.55,1.29,1996-11-18,"aba102",43.5,-75
0.5,3.9,3.18,1996-11-19,"aba102",43.5,-75
-2.4,4.91,6.45,1996-11-20,"aba102",43.5,-75
-4.7,3.77,3.63,1996-11-21,"aba102",43.5,-75
-3.9,4.39,3.69,1996-11-22,"aba102",43.5,-75
-3.9,4.12,5.04,1996-11-23,"aba102",43.5,-75
-9.5,4.71,6.24,1996-11-24,"aba102",43.5,-75
-3.5,2.66,3.56,1996-11-25,"aba102",43.5,-75
-2.2,5.41,1.1,1996-11-26,"aba102",43.5,-75
-10,5.32,5.13,1996-11-27,"aba102",43.5,-75
-12.3,2.63,5.21,1996-11-28,"aba102",43.5,-75
-5,3.26,5.06,1996-11-29,"aba102",43.5,-75
-1.5,5.46,3.96,1996-11-30,"aba102",43.5,-75
5.8,8.04,0.86,1996-12-01,"aba102",43.5,-75
0,6.31,4.15,1996-12-02,"aba102",43.5,-75
-1.5,3.55,5.86,1996-12-03,"aba102",43.5,-75
-0.3,3.02,3.21,1996-12-04,"aba102",43.5,-75
-2.2,5.09,4.88,1996-12-05,"aba102",43.5,-75
-0.5,5.16,3.72,1996-12-06,"aba102",43.5,-75
-1.3,5.56,1.81,1996-12-07,"aba102",43.5,-75
-1.5,4.63,5.49,1996-12-08,"aba102",43.5,-75
-3.6,3.26,5.62,1996-12-09,"aba102",43.5,-75
-3.6,3.81,4.49,1996-12-10,"aba102",43.5,-75
-0.5,3.31,5.53,1996-12-11,"aba102",43.5,-75
0.9,7.62,1.14,1996-12-12,"aba102",43.5,-75
1.1,7.63,0.76,1996-12-13,"aba102",43.5,-75
-0.1,2.32,1.78,1996-12-14,"aba102",43.5,-75
0.2,4.76,6.66,1996-12-15,"aba102",43.5,-75
1.5,4.89,4.17,1996-12-16,"aba102",43.5,-75
3.5,5.94,1.2,1996-12-17,"aba102",43.5,-75
0.7,3.62,2.57,1996-12-18,"aba102",43.5,-75
-3.9,4.66,2.16,1996-12-19,"aba102",43.5,-75
-9.2,7.3,5.33,1996-12-20,"aba102",43.5,-75
-9.7,3.98,7.5,1996-12-21,"aba102",43.5,-75
-5.5,3.83,2.59,1996-12-22,"aba102",43.5,-75
-1.2,4.62,1.48,1996-12-23,"aba102",43.5,-75
3.2,6.65,1.08,1996-12-24,"aba102",43.5,-75
-10.1,6.7,6.37,1996-12-25,"aba102",43.5,-75
-8.6,4.53,4.54,1996-12-26,"aba102",43.5,-75
-3.3,4.05,4.4,1996-12-27,"aba102",43.5,-75
0.8,4.84,1.62,1996-12-28,"aba102",43.5,-75
4.2,4.94,0.95,1996-12-29,"aba102",43.5,-75
-6.3,6.69,7.34,1996-12-30,"aba102",43.5,-75
-15.9,3.85,4.33,1996-12-31,"aba102",43.5,-75
-18.5,4.68,4.99,1997-01-01,"aba102",43.5,-75
-4.3,3.72,1.81,1997-01-02,"aba102",43.5,-75
1.4,4.27,2.28,1997-01-03,"aba102",43.5,-75
0.9,5.45,4.41,1997-01-04,"aba102",43.5,-75
4,6.02,1.45,1997-01-05,"aba102",43.5,-75
-3.3,7.61,4.53,1997-01-06,"aba102",43.5,-75
-8.4,6.67,5.55,1997-01-07,"aba102",43.5,-75
-13,6.08,5.47,1997-01-08,"aba102",43.5,-75
-10.6,7.04,4.24,1997-01-09,"aba102",43.5,-75
-5.1,5.24,4.67,1997-01-10,"aba102",43.5,-75
-10,6.15,6.13,1997-01-11,"aba102",43.5,-75
-9,7.12,5.19,1997-01-12,"aba102",43.5,-75
-6.8,5.03,4.62,1997-01-13,"aba102",43.5,-75
-6.4,6.12,4.22,1997-01-14,"aba102",43.5,-75
-6.1,5.5,7.06,1997-01-15,"aba102",43.5,-75
-3.8,7.3,3.86,1997-01-16,"aba102",43.5,-75
-18.5,6.51,7.05,1997-01-17,"aba102",43.5,-75
-21,5.52,9.02,1997-01-18,"aba102",43.5,-75
-20.3,4.06,6.73,1997-01-19,"aba102",43.5,-75
-9.5,4.79,4.4,1997-01-20,"aba102",43.5,-75
-10.4,4.77,10.08,1997-01-21,"aba102",43.5,-75
0.7,7.02,3.52,1997-01-22,"aba102",43.5,-75
-6.3,6.42,7.67,1997-01-23,"aba102",43.5,-75
-13.6,8.98,5.73,1997-01-24,"aba102",43.5,-75
-1.2,8.92,3.02,1997-01-25,"aba102",43.5,-75
-15.7,6.15,10.16,1997-01-26,"aba102",43.5,-75
-15.9,6.55,6.64,1997-01-27,"aba102",43.5,-75
-6.9,7.24,6.07,1997-01-28,"aba102",43.5,-75
-15.1,5.8,10.39,1997-01-29,"aba102",43.5,-75
-15.5,5.17,9.65,1997-01-30,"aba102",43.5,-75
-6.4,5.06,7.67,1997-01-31,"aba102",43.5,-75
-1.8,4.31,3.59,1997-02-01,"aba102",43.5,-75
-2.8,3.5,5.66,1997-02-02,"aba102",43.5,-75
-1.3,4.26,7.92,1997-02-03,"aba102",43.5,-75
-3.6,7.48,6.87,1997-02-04,"aba102",43.5,-75
-1.1,6.84,2.98,1997-02-05,"aba102",43.5,-75
-4.2,4.53,7.1,1997-02-06,"aba102",43.5,-75
-5,3.57,5.63,1997-02-07,"aba102",43.5,-75
-10.3,2.56,13.18,1997-02-08,"aba102",43.5,-75
-12.5,3.26,13.1,1997-02-09,"aba102",43.5,-75
-7.1,3.38,8.49,1997-02-10,"aba102",43.5,-75
-8.3,3.18,7.03,1997-02-11,"aba102",43.5,-75
-6.1,5,6.54,1997-02-12,"aba102",43.5,-75
-14.2,5.99,14.09,1997-02-13,"aba102",43.5,-75
-7,6.03,2.34,1997-02-14,"aba102",43.5,-75
-4,6.41,7.56,1997-02-15,"aba102",43.5,-75
-12.2,4.72,9.54,1997-02-16,"aba102",43.5,-75
-11.8,4.41,14.43,1997-02-17,"aba102",43.5,-75
1.1,5.8,10.95,1997-02-18,"aba102",43.5,-75
4.8,7.2,3.67,1997-02-19,"aba102",43.5,-75
-3.1,6.99,14.7,1997-02-20,"aba102",43.5,-75
5.6,6.46,9.09,1997-02-21,"aba102",43.5,-75
2.2,9.35,8.05,1997-02-22,"aba102",43.5,-75
-8.6,5.69,12.32,1997-02-23,"aba102",43.5,-75
-10.2,6,10.67,1997-02-24,"aba102",43.5,-75
-15,4.16,16.09,1997-02-25,"aba102",43.5,-75
-0.9,5.73,14.11,1997-02-26,"aba102",43.5,-75
4,7.63,3.1,1997-02-27,"aba102",43.5,-75
-2.3,6.21,12.61,1997-02-28,"aba102",43.5,-75
0.5,6.06,4.33,1997-03-01,"aba102",43.5,-75
3.4,7.93,3.93,1997-03-02,"aba102",43.5,-75
-3.9,4.25,12.82,1997-03-03,"aba102",43.5,-75
-3.4,4.7,4.37,1997-03-04,"aba102",43.5,-75
-0.2,3.36,4.81,1997-03-05,"aba102",43.5,-75
-3.1,10.43,9.46,1997-03-06,"aba102",43.5,-75
-7.8,7.16,15.03,1997-03-07,"aba102",43.5,-75
-7.8,4.81,6.46,1997-03-08,"aba102",43.5,-75
-9.8,6.16,19.03,1997-03-09,"aba102",43.5,-75
-1.6,7.92,11.94,1997-03-10,"aba102",43.5,-75
-2.4,5.37,10.18,1997-03-11,"aba102",43.5,-75
-8.7,7.64,15.43,1997-03-12,"aba102",43.5,-75
-12.6,4.53,20.06,1997-03-13,"aba102",43.5,-75
-7.6,7.88,1.75,1997-03-14,"aba102",43.5,-75
-6.6,8.77,12.59,1997-03-15,"aba102",43.5,-75
-11.9,5.97,16.91,1997-03-16,"aba102",43.5,-75
-6.7,5.59,10.12,1997-03-17,"aba102",43.5,-75
-5.3,5.14,19.58,1997-03-18,"aba102",43.5,-75
-8.3,2.3,20.4,1997-03-19,"aba102",43.5,-75
-4,4.54,14.21,1997-03-20,"aba102",43.5,-75
-2.7,4.34,11.21,1997-03-21,"aba102",43.5,-75
-3.2,5.25,14.82,1997-03-22,"aba102",43.5,-75
-12.4,5.19,20.66,1997-03-23,"aba102",43.5,-75
-9.4,4.09,21.5,1997-03-24,"aba102",43.5,-75
-3.2,6.59,7.2,1997-03-25,"aba102",43.5,-75
0,9.2,11.95,1997-03-26,"aba102",43.5,-75
2.2,7.92,19.93,1997-03-27,"aba102",43.5,-75
6.3,5.33,19.49,1997-03-28,"aba102",43.5,-75
7.1,4.82,11.67,1997-03-29,"aba102",43.5,-75
2.9,3.72,10.72,1997-03-30,"aba102",43.5,-75
-0.9,7.78,3.51,1997-03-31,"aba102",43.5,-75
-1.7,7.61,24.21,1997-04-01,"aba102",43.5,-75
1.4,6.71,23.86,1997-04-02,"aba102",43.5,-75
4.3,5.08,21.37,1997-04-03,"aba102",43.5,-75
5.1,4.75,21.03,1997-04-04,"aba102",43.5,-75
7.8,4.42,19.9,1997-04-05,"aba102",43.5,-75
11.5,5.56,14.97,1997-04-06,"aba102",43.5,-75
5.2,7,17.63,1997-04-07,"aba102",43.5,-75
-3.3,8.81,20.41,1997-04-08,"aba102",43.5,-75
-7.6,6.92,20.84,1997-04-09,"aba102",43.5,-75
-4.3,5.01,25.66,1997-04-10,"aba102",43.5,-75
-1.6,3.67,22.31,1997-04-11,"aba102",43.5,-75
0.6,5.71,7.93,1997-04-12,"aba102",43.5,-75
2.4,5.36,7.17,1997-04-13,"aba102",43.5,-75
0.2,5.38,25.6,1997-04-14,"aba102",43.5,-75
2.2,4.16,26.23,1997-04-15,"aba102",43.5,-75
7,4.62,23.24,1997-04-16,"aba102",43.5,-75
4,4.33,16.58,1997-04-17,"aba102",43.5,-75
-0.2,8.22,5.49,1997-04-18,"aba102",43.5,-75
1,5.42,9.33,1997-04-19,"aba102",43.5,-75
1.3,3.32,13.87,1997-04-20,"aba102",43.5,-75
3.3,2.02,13.14,1997-04-21,"aba102",43.5,-75
6.6,2.61,19.55,1997-04-22,"aba102",43.5,-75
8.4,3.62,20.73,1997-04-23,"aba102",43.5,-75
7.5,3.62,19.99,1997-04-24,"aba102",43.5,-75
6.4,3.44,21.71,1997-04-25,"aba102",43.5,-75
7.6,5.38,24.42,1997-04-26,"aba102",43.5,-75
9.3,4.08,24.09,1997-04-27,"aba102",43.5,-75
4.9,6.94,2.77,1997-04-28,"aba102",43.5,-75
7.6,5.37,26.34,1997-04-29,"aba102",43.5,-75
12.8,4.73,25.93,1997-04-30,"aba102",43.5,-75
10.9,7,11.94,1997-05-01,"aba102",43.5,-75
5.2,7.47,27.7,1997-05-02,"aba102",43.5,-75
6.1,8.18,4.1,1997-05-03,"aba102",43.5,-75
3.7,7.52,17.55,1997-05-04,"aba102",43.5,-75
7.1,5.51,28.44,1997-05-05,"aba102",43.5,-75
6.1,6.94,6.33,1997-05-06,"aba102",43.5,-75
2.1,8.01,19.84,1997-05-07,"aba102",43.5,-75
6.4,3.83,28.51,1997-05-08,"aba102",43.5,-75
7.7,4.43,10.23,1997-05-09,"aba102",43.5,-75
5.3,4.98,15.27,1997-05-10,"aba102",43.5,-75
7.8,6.73,26.02,1997-05-11,"aba102",43.5,-75
8.8,5.18,7.46,1997-05-12,"aba102",43.5,-75
8.8,4.25,19.46,1997-05-13,"aba102",43.5,-75
8.8,3.92,24.1,1997-05-14,"aba102",43.5,-75
9,4.48,17.79,1997-05-15,"aba102",43.5,-75
4.5,7.2,15.7,1997-05-16,"aba102",43.5,-75
4.5,5.7,6.08,1997-05-17,"aba102",43.5,-75
7,3.67,21.98,1997-05-18,"aba102",43.5,-75
10.9,3.78,6.8,1997-05-19,"aba102",43.5,-75
7.1,6.84,15.06,1997-05-20,"aba102",43.5,-75
5.3,6.41,19.3,1997-05-21,"aba102",43.5,-75
5.3,8.44,16.07,1997-05-22,"aba102",43.5,-75
7.7,5.2,13.88,1997-05-23,"aba102",43.5,-75
12.1,3.45,28.01,1997-05-24,"aba102",43.5,-75
12.5,4.08,14.89,1997-05-25,"aba102",43.5,-75
7.8,5.05,18.77,1997-05-26,"aba102",43.5,-75
9.5,3.52,22.73,1997-05-27,"aba102",43.5,-75
12.7,2.56,30.31,1997-05-28,"aba102",43.5,-75
15,4.28,23.28,1997-05-29,"aba102",43.5,-75
12.1,5.54,6,1997-05-30,"aba102",43.5,-75
14.8,2.97,12.76,1997-05-31,"aba102",43.5,-75
13.3,4.1,4.94,1997-06-01,"aba102",43.5,-75
14,4.3,17.93,1997-06-02,"aba102",43.5,-75
14.2,2.34,22.55,1997-06-03,"aba102",43.5,-75
13.8,2.69,23.08,1997-06-04,"aba102",43.5,-75
14.5,2.69,26.38,1997-06-05,"aba102",43.5,-75
15.5,3.05,25.2,1997-06-06,"aba102",43.5,-75
13.8,2.33,14.27,1997-06-07,"aba102",43.5,-75
14.6,2.26,22.43,1997-06-08,"aba102",43.5,-75
16.5,2.38,25.84,1997-06-09,"aba102",43.5,-75
18.9,5,29.45,1997-06-10,"aba102",43.5,-75
18.8,3.6,29.61,1997-06-11,"aba102",43.5,-75
18.2,3.93,26.24,1997-06-12,"aba102",43.5,-75
16.2,3.92,15.89,1997-06-13,"aba102",43.5,-75
13.1,5.1,28.48,1997-06-14,"aba102",43.5,-75
12.8,3.79,30.87,1997-06-15,"aba102",43.5,-75
17.4,6.7,29.87,1997-06-16,"aba102",43.5,-75
15.1,4.92,10.24,1997-06-17,"aba102",43.5,-75
15.7,4,7.79,1997-06-18,"aba102",43.5,-75
17,4.11,19.04,1997-06-19,"aba102",43.5,-75
16,3.61,14.59,1997-06-20,"aba102",43.5,-75
22.3,5.19,23.94,1997-06-21,"aba102",43.5,-75
20,5.97,18.44,1997-06-22,"aba102",43.5,-75
17.4,4.81,22.13,1997-06-23,"aba102",43.5,-75
15.3,2.82,9.98,1997-06-24,"aba102",43.5,-75
21,5.52,22.86,1997-06-25,"aba102",43.5,-75
19.6,4.2,21.1,1997-06-26,"aba102",43.5,-75
16.9,3.93,30.01,1997-06-27,"aba102",43.5,-75
19.2,2.75,28.75,1997-06-28,"aba102",43.5,-75
19.7,2.97,27.65,1997-06-29,"aba102",43.5,-75
20.8,2.51,29.87,1997-06-30,"aba102",43.5,-75
20.5,3.3,25.09,1997-07-01,"aba102",43.5,-75
19.1,4.22,14.77,1997-07-02,"aba102",43.5,-75
19.2,5.54,12.81,1997-07-03,"aba102",43.5,-75
13.9,6.05,10.08,1997-07-04,"aba102",43.5,-75
14,4.92,20.87,1997-07-05,"aba102",43.5,-75
16,2.9,29.12,1997-07-06,"aba102",43.5,-75
15.5,4.23,21.69,1997-07-07,"aba102",43.5,-75
14.2,5.64,25.41,1997-07-08,"aba102",43.5,-75
14.9,4.66,7.11,1997-07-09,"aba102",43.5,-75
15,4.08,24.72,1997-07-10,"aba102",43.5,-75
17.4,3.44,26.62,1997-07-11,"aba102",43.5,-75
18.3,3.64,28.39,1997-07-12,"aba102",43.5,-75
19.1,4.63,26.39,1997-07-13,"aba102",43.5,-75
21.6,3.44,24.54,1997-07-14,"aba102",43.5,-75
22.9,2.98,21.82,1997-07-15,"aba102",43.5,-75
21.6,4.2,26.1,1997-07-16,"aba102",43.5,-75
20.6,4.39,21.2,1997-07-17,"aba102",43.5,-75
19.2,5.02,18.22,1997-07-18,"aba102",43.5,-75
12,5.23,10.3,1997-07-19,"aba102",43.5,-75
13.7,3.86,26.2,1997-07-20,"aba102",43.5,-75
14.7,1.94,12.59,1997-07-21,"aba102",43.5,-75
16.3,3.41,29.15,1997-07-22,"aba102",43.5,-75
17.1,3.32,27.35,1997-07-23,"aba102",43.5,-75
17.4,3.4,25.81,1997-07-24,"aba102",43.5,-75
17,2.86,28.95,1997-07-25,"aba102",43.5,-75
18.7,2.44,23.57,1997-07-26,"aba102",43.5,-75
19.4,3.23,12.02,1997-07-27,"aba102",43.5,-75
19.5,4.9,10.59,1997-07-28,"aba102",43.5,-75
15.7,5.02,23.33,1997-07-29,"aba102",43.5,-75
16.5,3.13,26.01,1997-07-30,"aba102",43.5,-75
18.3,3.56,22.81,1997-07-31,"aba102",43.5,-75
18,4.97,19.61,1997-08-01,"aba102",43.5,-75
19.7,4.55,16.82,1997-08-02,"aba102",43.5,-75
17.5,3.56,15.39,1997-08-03,"aba102",43.5,-75
16,2.6,18.8,1997-08-04,"aba102",43.5,-75
15.1,4.22,20.62,1997-08-05,"aba102",43.5,-75
13.9,3.21,24.35,1997-08-06,"aba102",43.5,-75
15.2,4.2,24.23,1997-08-07,"aba102",43.5,-75
17.9,2.83,21.5,1997-08-08,"aba102",43.5,-75
19.9,2.4,25.28,1997-08-09,"aba102",43.5,-75
21.1,3.64,23.07,1997-08-10,"aba102",43.5,-75
19,4.18,11.31,1997-08-11,"aba102",43.5,-75
16.5,3.75,26.34,1997-08-12,"aba102",43.5,-75
17.8,5.72,6.48,1997-08-13,"aba102",43.5,-75
15.7,3.07,16.6,1997-08-14,"aba102",43.5,-75
16,6.02,18.65,1997-08-15,"aba102",43.5,-75
21.3,5.95,16.18,1997-08-16,"aba102",43.5,-75
18.4,4.44,15.31,1997-08-17,"aba102",43.5,-75
14.4,4.3,24.94,1997-08-18,"aba102",43.5,-75
13.2,3.27,17.53,1997-08-19,"aba102",43.5,-75
13.9,4.4,16.59,1997-08-20,"aba102",43.5,-75
11.9,6.44,5.19,1997-08-21,"aba102",43.5,-75
14.5,3.92,19.06,1997-08-22,"aba102",43.5,-75
13.6,5.2,13.14,1997-08-23,"aba102",43.5,-75
14.4,3.4,16.8,1997-08-24,"aba102",43.5,-75
14.4,1.63,19.4,1997-08-25,"aba102",43.5,-75
15.7,2.06,18.99,1997-08-26,"aba102",43.5,-75
16.8,3.86,14.16,1997-08-27,"aba102",43.5,-75
16.4,3.4,12.63,1997-08-28,"aba102",43.5,-75
15.7,4.05,14.5,1997-08-29,"aba102",43.5,-75
15.6,2.66,16.67,1997-08-30,"aba102",43.5,-75
15.8,2.87,14.37,1997-08-31,"aba102",43.5,-75
17.5,2.4,16.92,1997-09-01,"aba102",43.5,-75
17.7,5.26,15.09,1997-09-02,"aba102",43.5,-75
9.3,6.02,10.65,1997-09-03,"aba102",43.5,-75
8.2,5.24,17.31,1997-09-04,"aba102",43.5,-75
11.8,5,18.63,1997-09-05,"aba102",43.5,-75
14.2,5.11,13.14,1997-09-06,"aba102",43.5,-75
14.9,3.61,5.46,1997-09-07,"aba102",43.5,-75
14.4,3.04,14.83,1997-09-08,"aba102",43.5,-75
14.3,3.33,15.76,1997-09-09,"aba102",43.5,-75
15,5.81,12.99,1997-09-10,"aba102",43.5,-75
15.7,6.3,3.33,1997-09-11,"aba102",43.5,-75
16.8,4.52,14.52,1997-09-12,"aba102",43.5,-75
15,3.54,10.2,1997-09-13,"aba102",43.5,-75
15.2,3.01,13.23,1997-09-14,"aba102",43.5,-75
14.6,4.82,11.3,1997-09-15,"aba102",43.5,-75
14.5,3.47,14.37,1997-09-16,"aba102",43.5,-75
14.2,5.74,15.22,1997-09-17,"aba102",43.5,-75
15.4,4.3,16.92,1997-09-18,"aba102",43.5,-75
16.1,4.62,16.74,1997-09-19,"aba102",43.5,-75
13,5.91,3.35,1997-09-20,"aba102",43.5,-75
5.2,5.99,11.35,1997-09-21,"aba102",43.5,-75
7.7,4.58,12.43,1997-09-22,"aba102",43.5,-75
9.1,4.48,5.75,1997-09-23,"aba102",43.5,-75
4.2,3.86,17.49,1997-09-24,"aba102",43.5,-75
8.4,4.34,14.75,1997-09-25,"aba102",43.5,-75
8.5,4.74,5.42,1997-09-26,"aba102",43.5,-75
7.1,3.83,18.44,1997-09-27,"aba102",43.5,-75
10.9,5.09,17.98,1997-09-28,"aba102",43.5,-75
11.3,9.02,3.08,1997-09-29,"aba102",43.5,-75
9.9,7.06,6.61,1997-09-30,"aba102",43.5,-75
3.2,5.38,8.51,1997-10-01,"aba102",43.5,-75
3,3.13,16.11,1997-10-02,"aba102",43.5,-75
6.1,3.27,3.27,1997-10-03,"aba102",43.5,-75
12,4.52,12.94,1997-10-04,"aba102",43.5,-75
14.8,4.18,14.39,1997-10-05,"aba102",43.5,-75
15.5,5.7,14.94,1997-10-06,"aba102",43.5,-75
13.3,3.53,13.27,1997-10-07,"aba102",43.5,-75
12,2.73,7.34,1997-10-08,"aba102",43.5,-75
16,4.02,10.92,1997-10-09,"aba102",43.5,-75
14.3,6.31,9.26,1997-10-10,"aba102",43.5,-75
6.3,4.12,16.02,1997-10-11,"aba102",43.5,-75
7.5,3.38,15.47,1997-10-12,"aba102",43.5,-75
11.8,3.92,13.56,1997-10-13,"aba102",43.5,-75
12,3.86,4.64,1997-10-14,"aba102",43.5,-75
8,3.3,4.74,1997-10-15,"aba102",43.5,-75
4.1,4.32,14.94,1997-10-16,"aba102",43.5,-75
1.7,2.86,14.49,1997-10-17,"aba102",43.5,-75
1.4,2,13.82,1997-10-18,"aba102",43.5,-75
2.1,1.99,13.75,1997-10-19,"aba102",43.5,-75
2.6,3.64,8.1,1997-10-20,"aba102",43.5,-75
1,3.78,9.09,1997-10-21,"aba102",43.5,-75
-0.8,6.02,10.44,1997-10-22,"aba102",43.5,-75
-1.4,6.16,10.47,1997-10-23,"aba102",43.5,-75
1.7,4.22,7.07,1997-10-24,"aba102",43.5,-75
1.4,3.62,6.43,1997-10-25,"aba102",43.5,-75
-0.9,6.13,12.02,1997-10-26,"aba102",43.5,-75
2.2,8.28,3.82,1997-10-27,"aba102",43.5,-75
-0.9,7.7,5.36,1997-10-28,"aba102",43.5,-75
1.6,4.39,4.81,1997-10-29,"aba102",43.5,-75
3.1,3.41,8.29,1997-10-30,"aba102",43.5,-75
6.4,5.98,10.64,1997-10-31,"aba102",43.5,-75
10.2,9.04,2.93,1997-11-01,"aba102",43.5,-75
9.7,7.56,2.59,1997-11-02,"aba102",43.5,-75
5.8,6.36,9.23,1997-11-03,"aba102",43.5,-75
3.8,4.6,4.02,1997-11-04,"aba102",43.5,-75
2.3,5.14,3.69,1997-11-05,"aba102",43.5,-75
3.8,3.31,9.68,1997-11-06,"aba102",43.5,-75
3.4,4.3,7.92,1997-11-07,"aba102",43.5,-75
5.4,4.49,5.21,1997-11-08,"aba102",43.5,-75
4,3.99,1.08,1997-11-09,"aba102",43.5,-75
1.3,4.32,3.91,1997-11-10,"aba102",43.5,-75
-1.5,4.11,6.35,1997-11-11,"aba102",43.5,-75
-4,6.4,6.3,1997-11-12,"aba102",43.5,-75
-5.3,4,10.31,1997-11-13,"aba102",43.5,-75
-5.8,4.52,2.05,1997-11-14,"aba102",43.5,-75
-5.5,2.28,5.56,1997-11-15,"aba102",43.5,-75
-6,5.32,6.64,1997-11-16,"aba102",43.5,-75
-3.1,6.5,4.2,1997-11-17,"aba102",43.5,-75
-2.8,2.83,7.41,1997-11-18,"aba102",43.5,-75
-3.8,3.01,7.85,1997-11-19,"aba102",43.5,-75
-1.2,4.1,5.66,1997-11-20,"aba102",43.5,-75
1.3,4.75,4.98,1997-11-21,"aba102",43.5,-75
-1,4.35,2.23,1997-11-22,"aba102",43.5,-75
-1.8,3.52,3.71,1997-11-23,"aba102",43.5,-75
-5.4,5.52,5.94,1997-11-24,"aba102",43.5,-75
-8.1,4.68,4.49,1997-11-25,"aba102",43.5,-75
3.3,6.23,2.56,1997-11-26,"aba102",43.5,-75
-6.1,8.21,8.43,1997-11-27,"aba102",43.5,-75
-3.3,4.78,1.73,1997-11-28,"aba102",43.5,-75
-1.6,4.58,7.55,1997-11-29,"aba102",43.5,-75
-2.1,4.32,0.71,1997-11-30,"aba102",43.5,-75
-5.4,7,3.6,1997-12-01,"aba102",43.5,-75
-6.5,7.5,3.38,1997-12-02,"aba102",43.5,-75
-4.6,4.17,6.6,1997-12-03,"aba102",43.5,-75
1.1,3.97,2.01,1997-12-04,"aba102",43.5,-75
-1.1,3.81,3.76,1997-12-05,"aba102",43.5,-75
-4,6.33,3.75,1997-12-06,"aba102",43.5,-75
-3.1,4.86,3.65,1997-12-07,"aba102",43.5,-75
-5.1,4.12,5.35,1997-12-08,"aba102",43.5,-75
-7.3,1.87,4.86,1997-12-09,"aba102",43.5,-75
-6.3,4.1,5.98,1997-12-10,"aba102",43.5,-75
-4.9,4.2,5.46,1997-12-11,"aba102",43.5,-75
-2.9,3.86,3.89,1997-12-12,"aba102",43.5,-75
-3.5,4.78,2.64,1997-12-13,"aba102",43.5,-75
-7,7.08,6.65,1997-12-14,"aba102",43.5,-75
-9.7,3.72,6.56,1997-12-15,"aba102",43.5,-75
-2.2,3.75,7.71,1997-12-16,"aba102",43.5,-75
-1.3,3.41,3.81,1997-12-17,"aba102",43.5,-75
-3.8,3.16,6.31,1997-12-18,"aba102",43.5,-75
-0.1,5.4,2.98,1997-12-19,"aba102",43.5,-75
-2.8,4.08,3.49,1997-12-20,"aba102",43.5,-75
-13.6,2.93,7.43,1997-12-21,"aba102",43.5,-75
-12.7,5.16,7.34,1997-12-22,"aba102",43.5,-75
-4.2,5.69,2.38,1997-12-23,"aba102",43.5,-75
-3.3,5.05,7.56,1997-12-24,"aba102",43.5,-75
-0.5,6.14,1.27,1997-12-25,"aba102",43.5,-75
0.1,6.1,4.06,1997-12-26,"aba102",43.5,-75
-2.2,4.25,4.65,1997-12-27,"aba102",43.5,-75
-9,3.5,7.29,1997-12-28,"aba102",43.5,-75
-6.7,4.84,6.78,1997-12-29,"aba102",43.5,-75
-4.4,6.62,2.17,1997-12-30,"aba102",43.5,-75
-15.1,4.48,6.81,1997-12-31,"aba102",43.5,-75
-16.8,5.5,5.51,1998-01-01,"aba102",43.5,-75
-0.7,5.33,2.94,1998-01-02,"aba102",43.5,-75
4.6,4.6,1.98,1998-01-03,"aba102",43.5,-75
1.7,4.89,3.12,1998-01-04,"aba102",43.5,-75
2.4,4.88,5.45,1998-01-05,"aba102",43.5,-75
4.7,4.17,1.01,1998-01-06,"aba102",43.5,-75
2.8,5.59,0.98,1998-01-07,"aba102",43.5,-75
2.8,5.95,0.59,1998-01-08,"aba102",43.5,-75
2.5,5.32,2.11,1998-01-09,"aba102",43.5,-75
-0.6,5.52,6.02,1998-01-10,"aba102",43.5,-75
-5.7,5.87,5.07,1998-01-11,"aba102",43.5,-75
-9.5,4.53,8.81,1998-01-12,"aba102",43.5,-75
-3.4,6.43,2.4,1998-01-13,"aba102",43.5,-75
-13.7,5.88,8.89,1998-01-14,"aba102",43.5,-75
-11.4,5.02,1.79,1998-01-15,"aba102",43.5,-75
-4.7,4,2.4,1998-01-16,"aba102",43.5,-75
-5.8,3.14,7.8,1998-01-17,"aba102",43.5,-75
-5.3,3.81,4.34,1998-01-18,"aba102",43.5,-75
-3.8,2.95,6.07,1998-01-19,"aba102",43.5,-75
-5.4,4.18,6.11,1998-01-20,"aba102",43.5,-75
-8.5,3.44,9.09,1998-01-21,"aba102",43.5,-75
-10.8,4.46,9.38,1998-01-22,"aba102",43.5,-75
-8.1,8.35,1.36,1998-01-23,"aba102",43.5,-75
-2.4,4.24,3.04,1998-01-24,"aba102",43.5,-75
-5.5,6.03,5.41,1998-01-25,"aba102",43.5,-75
-11,4.09,10.69,1998-01-26,"aba102",43.5,-75
-9.4,4.38,6.55,1998-01-27,"aba102",43.5,-75
-4.3,4.19,7.88,1998-01-28,"aba102",43.5,-75
-2.8,3.14,10.66,1998-01-29,"aba102",43.5,-75
-1,3.3,3.89,1998-01-30,"aba102",43.5,-75
-4,3.47,8.32,1998-01-31,"aba102",43.5,-75
-3.5,3.61,11.15,1998-02-01,"aba102",43.5,-75
0.3,4.1,9.12,1998-02-02,"aba102",43.5,-75
-0.9,3.64,4.86,1998-02-03,"aba102",43.5,-75
-2.6,4.33,9.01,1998-02-04,"aba102",43.5,-75
-2.5,4.49,8.98,1998-02-05,"aba102",43.5,-75
-5.8,3.41,12.4,1998-02-06,"aba102",43.5,-75
-6.5,3,12.56,1998-02-07,"aba102",43.5,-75
-5.4,2.33,12.08,1998-02-08,"aba102",43.5,-75
-4.8,1.98,12.65,1998-02-09,"aba102",43.5,-75
-1.3,3.13,10.92,1998-02-10,"aba102",43.5,-75
1.2,5.31,10.36,1998-02-11,"aba102",43.5,-75
1.2,6.26,2.29,1998-02-12,"aba102",43.5,-75
-6.7,6.31,6.31,1998-02-13,"aba102",43.5,-75
-15.1,3.91,14.31,1998-02-14,"aba102",43.5,-75
-14.9,3.18,13.76,1998-02-15,"aba102",43.5,-75
-6.2,3.74,13.14,1998-02-16,"aba102",43.5,-75
-1.2,8.85,7.03,1998-02-17,"aba102",43.5,-75
1.4,9.23,7.18,1998-02-18,"aba102",43.5,-75
1.1,3.76,3.96,1998-02-19,"aba102",43.5,-75
0.4,3.2,4.21,1998-02-20,"aba102",43.5,-75
-1.5,5.03,5.43,1998-02-21,"aba102",43.5,-75
-2.5,3.26,12.36,1998-02-22,"aba102",43.5,-75
-2.4,4.93,10.57,1998-02-23,"aba102",43.5,-75
-0.7,5.6,2.39,1998-02-24,"aba102",43.5,-75
-0.1,6.76,4.5,1998-02-25,"aba102",43.5,-75
0.1,5.93,12.35,1998-02-26,"aba102",43.5,-75
-0.3,4.01,15.35,1998-02-27,"aba102",43.5,-75
3.1,3.89,8.36,1998-02-28,"aba102",43.5,-75
2.3,4.74,5.34,1998-03-01,"aba102",43.5,-75
1,3.74,9.66,1998-03-02,"aba102",43.5,-75
-1.9,2.98,13.48,1998-03-03,"aba102",43.5,-75
-2,3.65,9.2,1998-03-04,"aba102",43.5,-75
-1.3,3.47,10.94,1998-03-05,"aba102",43.5,-75
-2.4,2.6,13.09,1998-03-06,"aba102",43.5,-75
-1.4,3.91,9.34,1998-03-07,"aba102",43.5,-75
-1.9,8.85,12.59,1998-03-08,"aba102",43.5,-75
4,8.44,3.04,1998-03-09,"aba102",43.5,-75
-5,6.53,10.24,1998-03-10,"aba102",43.5,-75
-15.3,6.24,16.81,1998-03-11,"aba102",43.5,-75
-15.5,7.7,16.4,1998-03-12,"aba102",43.5,-75
-11,4.82,14.74,1998-03-13,"aba102",43.5,-75
-3.6,6.45,7.1,1998-03-14,"aba102",43.5,-75
-6.1,5.33,14.72,1998-03-15,"aba102",43.5,-75
-8,2.91,19.92,1998-03-16,"aba102",43.5,-75
-6.7,3.49,20.89,1998-03-17,"aba102",43.5,-75
-1,4.19,5.51,1998-03-18,"aba102",43.5,-75
0.7,4.33,2.81,1998-03-19,"aba102",43.5,-75
0.3,3.76,8.1,1998-03-20,"aba102",43.5,-75
-2,4.88,3.89,1998-03-21,"aba102",43.5,-75
-4.1,3.67,5.43,1998-03-22,"aba102",43.5,-75
-4.8,6.32,13.01,1998-03-23,"aba102",43.5,-75
-4.7,4.12,14.56,1998-03-24,"aba102",43.5,-75
-1.8,4.33,21.98,1998-03-25,"aba102",43.5,-75
5.3,4.75,7.26,1998-03-26,"aba102",43.5,-75
12.7,7,13.17,1998-03-27,"aba102",43.5,-75
15.1,5,18.28,1998-03-28,"aba102",43.5,-75
10.7,6.82,8.78,1998-03-29,"aba102",43.5,-75
14.7,8.01,17.67,1998-03-30,"aba102",43.5,-75
18.7,7.31,17.2,1998-03-31,"aba102",43.5,-75
11.9,5.6,8.21,1998-04-01,"aba102",43.5,-75
5.4,5.83,14.08,1998-04-02,"aba102",43.5,-75
2.9,5.24,10.37,1998-04-03,"aba102",43.5,-75
0.8,5.02,10.06,1998-04-04,"aba102",43.5,-75
1.3,6.31,11.97,1998-04-05,"aba102",43.5,-75
3.6,6.3,18.51,1998-04-06,"aba102",43.5,-75
4.9,3.44,24.34,1998-04-07,"aba102",43.5,-75
6.5,3.8,16.21,1998-04-08,"aba102",43.5,-75
6.3,5.15,13.08,1998-04-09,"aba102",43.5,-75
3.4,5.42,25.05,1998-04-10,"aba102",43.5,-75
3.9,3.26,24.7,1998-04-11,"aba102",43.5,-75
6.1,3.03,25.24,1998-04-12,"aba102",43.5,-75
9.5,2.92,25.17,1998-04-13,"aba102",43.5,-75
12.2,4.08,22.73,1998-04-14,"aba102",43.5,-75
10.4,3.11,13.39,1998-04-15,"aba102",43.5,-75
11.5,7.51,10.98,1998-04-16,"aba102",43.5,-75
10.1,5.52,5.8,1998-04-17,"aba102",43.5,-75
6.3,7.43,24.58,1998-04-18,"aba102",43.5,-75
5.8,2.93,5.99,1998-04-19,"aba102",43.5,-75
5.2,5.11,13.97,1998-04-20,"aba102",43.5,-75
7.5,4.74,20.72,1998-04-21,"aba102",43.5,-75
10.1,3.44,26.27,1998-04-22,"aba102",43.5,-75
11,3.41,16.36,1998-04-23,"aba102",43.5,-75
10.4,4.71,24.84,1998-04-24,"aba102",43.5,-75
5.3,6.32,20.3,1998-04-25,"aba102",43.5,-75
3.5,4.26,17.53,1998-04-26,"aba102",43.5,-75
1.4,4.94,19.08,1998-04-27,"aba102",43.5,-75
5.3,4.84,26.23,1998-04-28,"aba102",43.5,-75
9.5,4.21,27.66,1998-04-29,"aba102",43.5,-75
13.1,3.16,27.13,1998-04-30,"aba102",43.5,-75
14,3.76,16.92,1998-05-01,"aba102",43.5,-75
11.7,3.05,3.87,1998-05-02,"aba102",43.5,-75
12.3,2.51,13.44,1998-05-03,"aba102",43.5,-75
12.8,4.74,7.46,1998-05-04,"aba102",43.5,-75
13.9,5.33,9.59,1998-05-05,"aba102",43.5,-75
15.1,4.07,16.35,1998-05-06,"aba102",43.5,-75
15.6,3.47,20.66,1998-05-07,"aba102",43.5,-75
15.9,3,17.5,1998-05-08,"aba102",43.5,-75
14.9,3.69,11.64,1998-05-09,"aba102",43.5,-75
12.3,5.06,3.97,1998-05-10,"aba102",43.5,-75
13,6.68,13.29,1998-05-11,"aba102",43.5,-75
13.1,6.28,25.56,1998-05-12,"aba102",43.5,-75
13.2,4.22,30.05,1998-05-13,"aba102",43.5,-75
16.4,3.55,27.28,1998-05-14,"aba102",43.5,-75
19.2,3.25,27.08,1998-05-15,"aba102",43.5,-75
20.7,4.75,28.72,1998-05-16,"aba102",43.5,-75
19.1,5.5,22.74,1998-05-17,"aba102",43.5,-75
16.7,5.26,27.63,1998-05-18,"aba102",43.5,-75
18.2,3.81,28.65,1998-05-19,"aba102",43.5,-75
18.3,6.13,27.44,1998-05-20,"aba102",43.5,-75
11.2,5.92,15.4,1998-05-21,"aba102",43.5,-75
8.2,5.2,16.12,1998-05-22,"aba102",43.5,-75
11.5,5.83,30.56,1998-05-23,"aba102",43.5,-75
15.1,4.12,30.66,1998-05-24,"aba102",43.5,-75
15.8,3.01,25.93,1998-05-25,"aba102",43.5,-75
15.2,5.24,26.6,1998-05-26,"aba102",43.5,-75
14.6,3.72,29.35,1998-05-27,"aba102",43.5,-75
18.8,5.1,26.77,1998-05-28,"aba102",43.5,-75
19.6,5.76,22.81,1998-05-29,"aba102",43.5,-75
16.4,4.85,30.56,1998-05-30,"aba102",43.5,-75
16.8,8.01,16.92,1998-05-31,"aba102",43.5,-75
10.9,4.66,18.67,1998-06-01,"aba102",43.5,-75
10.8,6.02,14.15,1998-06-02,"aba102",43.5,-75
7.9,8.04,20.94,1998-06-03,"aba102",43.5,-75
7.7,7.08,25.2,1998-06-04,"aba102",43.5,-75
9.1,6.73,27.1,1998-06-05,"aba102",43.5,-75
10,5.1,17.95,1998-06-06,"aba102",43.5,-75
9,4.43,22.46,1998-06-07,"aba102",43.5,-75
10,4.74,17.53,1998-06-08,"aba102",43.5,-75
13.4,2.69,26.91,1998-06-09,"aba102",43.5,-75
15.9,3.61,26.01,1998-06-10,"aba102",43.5,-75
14.9,4.81,15.11,1998-06-11,"aba102",43.5,-75
14,8.08,4.35,1998-06-12,"aba102",43.5,-75
15.6,4.75,8.02,1998-06-13,"aba102",43.5,-75
14.8,3.47,4.26,1998-06-14,"aba102",43.5,-75
16.7,4.87,19.36,1998-06-15,"aba102",43.5,-75
17.7,4.18,14.09,1998-06-16,"aba102",43.5,-75
16.7,2.9,8.23,1998-06-17,"aba102",43.5,-75
17.5,3.86,15.29,1998-06-18,"aba102",43.5,-75
19.3,2.52,22.71,1998-06-19,"aba102",43.5,-75
19.9,2.45,21.99,1998-06-20,"aba102",43.5,-75
21.5,2.87,25.38,1998-06-21,"aba102",43.5,-75
21.1,3.67,21.84,1998-06-22,"aba102",43.5,-75
20.2,2.53,14.51,1998-06-23,"aba102",43.5,-75
20.9,3.41,23.76,1998-06-24,"aba102",43.5,-75
21.3,4.2,26.1,1998-06-25,"aba102",43.5,-75
20,4.39,8.77,1998-06-26,"aba102",43.5,-75
18.9,6.24,18.21,1998-06-27,"aba102",43.5,-75
18.8,2.72,22.08,1998-06-28,"aba102",43.5,-75
19.3,4.11,11.44,1998-06-29,"aba102",43.5,-75
17.8,3.86,10.69,1998-06-30,"aba102",43.5,-75
14.4,5.33,14.34,1998-07-01,"aba102",43.5,-75
17.1,3.45,22.76,1998-07-02,"aba102",43.5,-75
18,3.28,27,1998-07-03,"aba102",43.5,-75
16.9,3.22,13.63,1998-07-04,"aba102",43.5,-75
15.9,4.72,25.31,1998-07-05,"aba102",43.5,-75
16,2.86,23.23,1998-07-06,"aba102",43.5,-75
16.6,2.82,7.76,1998-07-07,"aba102",43.5,-75
16,3.41,7.04,1998-07-08,"aba102",43.5,-75
17.9,3.58,20.38,1998-07-09,"aba102",43.5,-75
15.8,5.74,20.62,1998-07-10,"aba102",43.5,-75
15.6,6.41,18.13,1998-07-11,"aba102",43.5,-75
17.3,3.5,24.7,1998-07-12,"aba102",43.5,-75
18.7,2.92,22.31,1998-07-13,"aba102",43.5,-75
21.2,3.49,26.79,1998-07-14,"aba102",43.5,-75
22.2,2.62,27.98,1998-07-15,"aba102",43.5,-75
22.3,2.87,23.07,1998-07-16,"aba102",43.5,-75
20.6,4.35,15.89,1998-07-17,"aba102",43.5,-75
18.7,3.47,24.01,1998-07-18,"aba102",43.5,-75
18.6,4.29,24.39,1998-07-19,"aba102",43.5,-75
20.7,4.69,14.86,1998-07-20,"aba102",43.5,-75
21.3,4.13,21.2,1998-07-21,"aba102",43.5,-75
22.9,5.2,25.67,1998-07-22,"aba102",43.5,-75
18.6,3.85,10.46,1998-07-23,"aba102",43.5,-75
15.7,5.98,20.94,1998-07-24,"aba102",43.5,-75
14.7,3.16,23.43,1998-07-25,"aba102",43.5,-75
15.7,2.94,21.74,1998-07-26,"aba102",43.5,-75
18.1,5.12,22.4,1998-07-27,"aba102",43.5,-75
20.4,4.33,22.72,1998-07-28,"aba102",43.5,-75
19,5.6,20.87,1998-07-29,"aba102",43.5,-75
15.9,3.67,12.38,1998-07-30,"aba102",43.5,-75
15.4,4.06,22.73,1998-07-31,"aba102",43.5,-75
15.1,3.09,23.01,1998-08-01,"aba102",43.5,-75
16.8,3.04,21.73,1998-08-02,"aba102",43.5,-75
18.6,2.16,20.94,1998-08-03,"aba102",43.5,-75
19.2,2.28,20.7,1998-08-04,"aba102",43.5,-75
19.8,1.89,19.98,1998-08-05,"aba102",43.5,-75
18.9,3.06,6.92,1998-08-06,"aba102",43.5,-75
18.6,3.35,7.19,1998-08-07,"aba102",43.5,-75
21.7,3.72,25.46,1998-08-08,"aba102",43.5,-75
21.7,3.58,20.55,1998-08-09,"aba102",43.5,-75
20.7,3.26,12.92,1998-08-10,"aba102",43.5,-75
18.8,4.32,14,1998-08-11,"aba102",43.5,-75
17.3,4.59,20.57,1998-08-12,"aba102",43.5,-75
15,2.47,26.52,1998-08-13,"aba102",43.5,-75
17.3,3.71,17.4,1998-08-14,"aba102",43.5,-75
19.4,3.89,14.06,1998-08-15,"aba102",43.5,-75
20.5,3.08,18.41,1998-08-16,"aba102",43.5,-75
19.8,3.5,11.77,1998-08-17,"aba102",43.5,-75
15.7,4.36,11.04,1998-08-18,"aba102",43.5,-75
11.8,3.89,23.96,1998-08-19,"aba102",43.5,-75
13.5,2.42,22.54,1998-08-20,"aba102",43.5,-75
17,2.88,12.58,1998-08-21,"aba102",43.5,-75
17.2,2.4,17.63,1998-08-22,"aba102",43.5,-75
18,3.81,11.09,1998-08-23,"aba102",43.5,-75
19.1,5.25,11.7,1998-08-24,"aba102",43.5,-75
18.4,4.1,9.12,1998-08-25,"aba102",43.5,-75
19.2,3.98,16.76,1998-08-26,"aba102",43.5,-75
18.6,2.53,21.85,1998-08-27,"aba102",43.5,-75
19.3,2.64,23.01,1998-08-28,"aba102",43.5,-75
17.2,3.76,8.04,1998-08-29,"aba102",43.5,-75
17.1,4.02,21.65,1998-08-30,"aba102",43.5,-75
16,4.74,19.04,1998-08-31,"aba102",43.5,-75
15,2.33,16.4,1998-09-01,"aba102",43.5,-75
14.6,4.8,14.88,1998-09-02,"aba102",43.5,-75
14.2,4.79,13.6,1998-09-03,"aba102",43.5,-75
14.1,3.36,16.8,1998-09-04,"aba102",43.5,-75
13.7,5.45,18.78,1998-09-05,"aba102",43.5,-75
19,5.15,21.36,1998-09-06,"aba102",43.5,-75
15.3,4.5,8.21,1998-09-07,"aba102",43.5,-75
10.6,5.02,15.85,1998-09-08,"aba102",43.5,-75
9.8,5.99,12.56,1998-09-09,"aba102",43.5,-75
10.4,5.14,11.17,1998-09-10,"aba102",43.5,-75
13.7,3.26,18.36,1998-09-11,"aba102",43.5,-75
17,5.06,13.49,1998-09-12,"aba102",43.5,-75
14,2.79,18.44,1998-09-13,"aba102",43.5,-75
16.8,2.09,17.97,1998-09-14,"aba102",43.5,-75
19.7,4.61,7.6,1998-09-15,"aba102",43.5,-75
15.9,3.54,12.18,1998-09-16,"aba102",43.5,-75
12.3,3.04,20.23,1998-09-17,"aba102",43.5,-75
14,3,17.99,1998-09-18,"aba102",43.5,-75
16.4,3.61,15.32,1998-09-19,"aba102",43.5,-75
18.5,3.05,14.22,1998-09-20,"aba102",43.5,-75
19.3,4.05,14.11,1998-09-21,"aba102",43.5,-75
12.8,4.34,8.68,1998-09-22,"aba102",43.5,-75
6.2,4.53,17.06,1998-09-23,"aba102",43.5,-75
7.5,3.41,13.2,1998-09-24,"aba102",43.5,-75
12.1,3.19,9.38,1998-09-25,"aba102",43.5,-75
16,3.91,13.5,1998-09-26,"aba102",43.5,-75
18.8,6.97,10.66,1998-09-27,"aba102",43.5,-75
11.9,5.77,11.7,1998-09-28,"aba102",43.5,-75
9,3.72,17.11,1998-09-29,"aba102",43.5,-75
12.4,3.41,8.63,1998-09-30,"aba102",43.5,-75
9.2,7.66,11.29,1998-10-01,"aba102",43.5,-75
4.8,5.82,13.18,1998-10-02,"aba102",43.5,-75
4.5,3.3,10.11,1998-10-03,"aba102",43.5,-75
4.7,2.77,17.29,1998-10-04,"aba102",43.5,-75
5.3,3.18,16.08,1998-10-05,"aba102",43.5,-75
5.5,4.38,16.9,1998-10-06,"aba102",43.5,-75
10.3,5.07,11.58,1998-10-07,"aba102",43.5,-75
12.3,4.44,1.5,1998-10-08,"aba102",43.5,-75
10.9,3.58,5.45,1998-10-09,"aba102",43.5,-75
11.2,4.22,3.25,1998-10-10,"aba102",43.5,-75
10.7,5.4,3.06,1998-10-11,"aba102",43.5,-75
10.2,3.26,10.59,1998-10-12,"aba102",43.5,-75
10.8,4.61,10.53,1998-10-13,"aba102",43.5,-75
9,4.4,8.43,1998-10-14,"aba102",43.5,-75
6,5.02,6.34,1998-10-15,"aba102",43.5,-75
6.9,2.87,7.91,1998-10-16,"aba102",43.5,-75
8.5,3.48,10.46,1998-10-17,"aba102",43.5,-75
15.6,5.3,13.35,1998-10-18,"aba102",43.5,-75
10.1,6.96,4.47,1998-10-19,"aba102",43.5,-75
6.6,7.07,10.66,1998-10-20,"aba102",43.5,-75
3.3,5.33,10.18,1998-10-21,"aba102",43.5,-75
2.5,5.5,8.48,1998-10-22,"aba102",43.5,-75
5.2,5.22,11.47,1998-10-23,"aba102",43.5,-75
10.1,5.05,12.94,1998-10-24,"aba102",43.5,-75
8.8,4,7.93,1998-10-25,"aba102",43.5,-75
5.8,3.76,12.52,1998-10-26,"aba102",43.5,-75
8.8,4.51,6.95,1998-10-27,"aba102",43.5,-75
8.8,5.41,3.47,1998-10-28,"aba102",43.5,-75
4.4,5.87,5.85,1998-10-29,"aba102",43.5,-75
2.3,5.84,6.97,1998-10-30,"aba102",43.5,-75
2.7,4.39,7.79,1998-10-31,"aba102",43.5,-75
3.9,4.53,5.44,1998-11-01,"aba102",43.5,-75
2.1,5.77,3.19,1998-11-02,"aba102",43.5,-75
-0.1,5.75,4.7,1998-11-03,"aba102",43.5,-75
-1.8,4.46,5.42,1998-11-04,"aba102",43.5,-75
-0.4,3.54,5.26,1998-11-05,"aba102",43.5,-75
-1.2,2.86,6.34,1998-11-06,"aba102",43.5,-75
-0.1,3.69,6.18,1998-11-07,"aba102",43.5,-75
0.7,2.66,6.18,1998-11-08,"aba102",43.5,-75
0.2,2.34,4.91,1998-11-09,"aba102",43.5,-75
1.8,9.37,4.5,1998-11-10,"aba102",43.5,-75
6.3,9.4,8.6,1998-11-11,"aba102",43.5,-75
3.2,6.97,8.73,1998-11-12,"aba102",43.5,-75
-0.8,4.4,5.71,1998-11-13,"aba102",43.5,-75
1.3,4.48,5.71,1998-11-14,"aba102",43.5,-75
3.5,7.09,6.32,1998-11-15,"aba102",43.5,-75
0.3,4.64,4.38,1998-11-16,"aba102",43.5,-75
0,3.42,2.29,1998-11-17,"aba102",43.5,-75
-3.4,2.38,9.48,1998-11-18,"aba102",43.5,-75
0.8,5.55,6.23,1998-11-19,"aba102",43.5,-75
3.4,5.08,2.85,1998-11-20,"aba102",43.5,-75
-0.4,5.46,5.3,1998-11-21,"aba102",43.5,-75
-0.9,4.04,8.43,1998-11-22,"aba102",43.5,-75
6.4,7.73,8.84,1998-11-23,"aba102",43.5,-75
2.6,7.03,5.77,1998-11-24,"aba102",43.5,-75
-0.1,5.95,7.35,1998-11-25,"aba102",43.5,-75
2.4,6.86,0.93,1998-11-26,"aba102",43.5,-75
0.7,6.81,3.5,1998-11-27,"aba102",43.5,-75
1.9,4.49,6.66,1998-11-28,"aba102",43.5,-75
2.7,4.53,6.75,1998-11-29,"aba102",43.5,-75
9.3,6.04,6.16,1998-11-30,"aba102",43.5,-75
5.2,7.61,4.51,1998-12-01,"aba102",43.5,-75
5.9,6.48,7.61,1998-12-02,"aba102",43.5,-75
8,4.13,4.89,1998-12-03,"aba102",43.5,-75
8.2,5.47,5.01,1998-12-04,"aba102",43.5,-75
2,4.05,3.41,1998-12-05,"aba102",43.5,-75
9.1,5.19,2.03,1998-12-06,"aba102",43.5,-75
7.7,7.15,1.8,1998-12-07,"aba102",43.5,-75
-2.3,3.81,1.4,1998-12-08,"aba102",43.5,-75
-1.5,4.88,5.01,1998-12-09,"aba102",43.5,-75
-0.7,4.36,6.56,1998-12-10,"aba102",43.5,-75
-1.8,5.38,6.03,1998-12-11,"aba102",43.5,-75
-2.1,4.49,7.97,1998-12-12,"aba102",43.5,-75
-2.6,4.01,5.89,1998-12-13,"aba102",43.5,-75
-4.6,4.2,7.06,1998-12-14,"aba102",43.5,-75
-0.9,4.55,7.74,1998-12-15,"aba102",43.5,-75
0.5,2.83,3.82,1998-12-16,"aba102",43.5,-75
-2.6,3.22,2.69,1998-12-17,"aba102",43.5,-75
-9.1,4.49,5.55,1998-12-18,"aba102",43.5,-75
-2,4.47,2.22,1998-12-19,"aba102",43.5,-75
-1.5,4,5.64,1998-12-20,"aba102",43.5,-75
0.9,5.99,2.78,1998-12-21,"aba102",43.5,-75
-3.8,7.25,4.11,1998-12-22,"aba102",43.5,-75
-15.4,4.06,5.82,1998-12-23,"aba102",43.5,-75
-11.5,6.32,5.73,1998-12-24,"aba102",43.5,-75
-10,4.79,5.96,1998-12-25,"aba102",43.5,-75
-7.9,4.56,6.85,1998-12-26,"aba102",43.5,-75
-6.4,5.54,6.68,1998-12-27,"aba102",43.5,-75
-2.1,4.73,3.71,1998-12-28,"aba102",43.5,-75
-5.2,5.34,4.09,1998-12-29,"aba102",43.5,-75
-13.2,6.32,6.35,1998-12-30,"aba102",43.5,-75
-17.3,4.44,4.57,1998-12-31,"aba102",43.5,-75
-16.7,5.3,6.53,1999-01-01,"aba102",43.5,-75
-22.4,5.19,6.11,1999-01-02,"aba102",43.5,-75
-6.8,8.91,2.01,1999-01-03,"aba102",43.5,-75
-10.8,6.45,7.3,1999-01-04,"aba102",43.5,-75
-14.1,4.13,6.36,1999-01-05,"aba102",43.5,-75
-13,5.92,5.53,1999-01-06,"aba102",43.5,-75
-11.3,5.66,6.31,1999-01-07,"aba102",43.5,-75
-13.2,4.97,4.88,1999-01-08,"aba102",43.5,-75
-7.1,4.69,1.32,1999-01-09,"aba102",43.5,-75
-13.6,4.34,8.22,1999-01-10,"aba102",43.5,-75
-13.2,4.66,7.3,1999-01-11,"aba102",43.5,-75
-9.4,4.92,3.14,1999-01-12,"aba102",43.5,-75
-12.8,4.5,6.12,1999-01-13,"aba102",43.5,-75
-20.3,7.62,2.34,1999-01-14,"aba102",43.5,-75
-8.8,8.01,1.62,1999-01-15,"aba102",43.5,-75
-6.2,5.54,7.1,1999-01-16,"aba102",43.5,-75
-0.1,5.68,9.05,1999-01-17,"aba102",43.5,-75
1.1,7.65,1.47,1999-01-18,"aba102",43.5,-75
-1.7,6.94,4.98,1999-01-19,"aba102",43.5,-75
-2.7,5,4.26,1999-01-20,"aba102",43.5,-75
-2.3,3.05,7.24,1999-01-21,"aba102",43.5,-75
0.4,6.74,2.13,1999-01-22,"aba102",43.5,-75
3.6,7.53,3.3,1999-01-23,"aba102",43.5,-75
3.2,7.6,2.7,1999-01-24,"aba102",43.5,-75
-5.7,6.11,6.02,1999-01-25,"aba102",43.5,-75
-6.5,4.4,5.16,1999-01-26,"aba102",43.5,-75
-4.2,3.57,4.98,1999-01-27,"aba102",43.5,-75
-5.1,4.49,2.88,1999-01-28,"aba102",43.5,-75
-12.2,3.11,10.57,1999-01-29,"aba102",43.5,-75
-10.8,4.22,6.62,1999-01-30,"aba102",43.5,-75
-14.2,3.11,11.64,1999-01-31,"aba102",43.5,-75
-7.6,3.83,11.51,1999-02-01,"aba102",43.5,-75
1.6,5.66,1.58,1999-02-02,"aba102",43.5,-75
1.2,4.7,11.07,1999-02-03,"aba102",43.5,-75
1.3,5.49,3.99,1999-02-04,"aba102",43.5,-75
-7.4,6.11,9.83,1999-02-05,"aba102",43.5,-75
-6.1,4.34,4.12,1999-02-06,"aba102",43.5,-75
-4.8,3.9,6.86,1999-02-07,"aba102",43.5,-75
-7.9,2.76,11.51,1999-02-08,"aba102",43.5,-75
-2.7,5.91,7.76,1999-02-09,"aba102",43.5,-75
-1.3,6.67,6.36,1999-02-10,"aba102",43.5,-75
-1.4,4.6,12.44,1999-02-11,"aba102",43.5,-75
2.7,4.8,5.44,1999-02-12,"aba102",43.5,-75
-7.6,5.4,10.34,1999-02-13,"aba102",43.5,-75
-13.6,3.88,13.53,1999-02-14,"aba102",43.5,-75
-8.5,2.33,13.55,1999-02-15,"aba102",43.5,-75
-0.8,4.03,13.37,1999-02-16,"aba102",43.5,-75
0.3,5.16,3.74,1999-02-17,"aba102",43.5,-75
-1.1,3.62,6.52,1999-02-18,"aba102",43.5,-75
-6.2,3.28,10.56,1999-02-19,"aba102",43.5,-75
-8,3.58,9.61,1999-02-20,"aba102",43.5,-75
-10.5,4.68,11.6,1999-02-21,"aba102",43.5,-75
-17.1,4.43,15.93,1999-02-22,"aba102",43.5,-75
-15.4,3.04,15.89,1999-02-23,"aba102",43.5,-75
-9.6,4.03,15.04,1999-02-24,"aba102",43.5,-75
-6.4,3.76,15.13,1999-02-25,"aba102",43.5,-75
-4.9,5.5,16.13,1999-02-26,"aba102",43.5,-75
-3.6,3.91,16.08,1999-02-27,"aba102",43.5,-75
-0.4,6.33,4.37,1999-02-28,"aba102",43.5,-75
-0.2,6.28,6.99,1999-03-01,"aba102",43.5,-75
-4.5,6.1,8.54,1999-03-02,"aba102",43.5,-75
-0.5,7.75,5.94,1999-03-03,"aba102",43.5,-75
0,8.75,8.53,1999-03-04,"aba102",43.5,-75
-9.8,6.13,15.98,1999-03-05,"aba102",43.5,-75
-9.8,5.97,3.07,1999-03-06,"aba102",43.5,-75
-13.5,5.82,18.01,1999-03-07,"aba102",43.5,-75
-13.4,4.9,18.91,1999-03-08,"aba102",43.5,-75
-9.6,3.59,16.6,1999-03-09,"aba102",43.5,-75
-8.8,4.65,18.01,1999-03-10,"aba102",43.5,-75
-9.4,5.59,13.41,1999-03-11,"aba102",43.5,-75
-9.9,5.59,6.2,1999-03-12,"aba102",43.5,-75
-6,4.18,16.25,1999-03-13,"aba102",43.5,-75
-2.6,2.57,10.52,1999-03-14,"aba102",43.5,-75
-1.6,6.17,13.89,1999-03-15,"aba102",43.5,-75
-1.7,6.26,17.53,1999-03-16,"aba102",43.5,-75
3.8,5.2,18.22,1999-03-17,"aba102",43.5,-75
3.5,7.5,12.97,1999-03-18,"aba102",43.5,-75
-2.4,6.51,9.73,1999-03-19,"aba102",43.5,-75
-4.4,4.24,18.06,1999-03-20,"aba102",43.5,-75
-1.1,6.25,10.31,1999-03-21,"aba102",43.5,-75
-1,8.67,4.71,1999-03-22,"aba102",43.5,-75
-1.3,6.96,18.77,1999-03-23,"aba102",43.5,-75
0.4,5.38,16.81,1999-03-24,"aba102",43.5,-75
-3.9,4.6,18.04,1999-03-25,"aba102",43.5,-75
-3.3,3.05,21.78,1999-03-26,"aba102",43.5,-75
0.3,3.89,22.66,1999-03-27,"aba102",43.5,-75
3.6,3.96,15.58,1999-03-28,"aba102",43.5,-75
5.2,5.12,20.31,1999-03-29,"aba102",43.5,-75
2.9,6.39,21.52,1999-03-30,"aba102",43.5,-75
6.3,5.3,22.51,1999-03-31,"aba102",43.5,-75
6.1,2.8,10,1999-04-01,"aba102",43.5,-75
4.4,3.32,6.29,1999-04-02,"aba102",43.5,-75
7.8,3.86,7.86,1999-04-03,"aba102",43.5,-75
2.9,5.22,23.28,1999-04-04,"aba102",43.5,-75
1.9,3.41,24.06,1999-04-05,"aba102",43.5,-75
6.5,6.38,21.78,1999-04-06,"aba102",43.5,-75
6.1,7.86,18.54,1999-04-07,"aba102",43.5,-75
8.3,8.93,17.98,1999-04-08,"aba102",43.5,-75
4.2,4.4,12.98,1999-04-09,"aba102",43.5,-75
1.4,4.69,20.67,1999-04-10,"aba102",43.5,-75
1.4,2.86,18.39,1999-04-11,"aba102",43.5,-75
3.2,6.8,20.55,1999-04-12,"aba102",43.5,-75
3.5,8.91,22.49,1999-04-13,"aba102",43.5,-75
5.6,7.96,22.82,1999-04-14,"aba102",43.5,-75
6.1,4.44,24.38,1999-04-15,"aba102",43.5,-75
3.5,5.37,9.21,1999-04-16,"aba102",43.5,-75
3.4,3.11,14.46,1999-04-17,"aba102",43.5,-75
5.8,4.71,19.64,1999-04-18,"aba102",43.5,-75
4.8,3.06,18.22,1999-04-19,"aba102",43.5,-75
4.8,3.76,21.89,1999-04-20,"aba102",43.5,-75
6.4,3.71,19.54,1999-04-21,"aba102",43.5,-75
7.8,2.32,8.68,1999-04-22,"aba102",43.5,-75
5.4,5.26,10.17,1999-04-23,"aba102",43.5,-75
1.5,5.46,27.69,1999-04-24,"aba102",43.5,-75
4.8,5.2,25.34,1999-04-25,"aba102",43.5,-75
7.8,7,23.81,1999-04-26,"aba102",43.5,-75
4.9,4.34,18.33,1999-04-27,"aba102",43.5,-75
7.5,4,21.25,1999-04-28,"aba102",43.5,-75
9.4,5.43,27.47,1999-04-29,"aba102",43.5,-75
11.9,3.28,24.9,1999-04-30,"aba102",43.5,-75
13.4,3.22,27.39,1999-05-01,"aba102",43.5,-75
15.5,3.73,27.26,1999-05-02,"aba102",43.5,-75
15.6,4.26,28,1999-05-03,"aba102",43.5,-75
14.3,3.3,15.22,1999-05-04,"aba102",43.5,-75
16.4,3.64,15.42,1999-05-05,"aba102",43.5,-75
17.4,5.4,20.99,1999-05-06,"aba102",43.5,-75
15.5,5.08,9.13,1999-05-07,"aba102",43.5,-75
13.6,7.08,8.4,1999-05-08,"aba102",43.5,-75
9.7,5.43,12.57,1999-05-09,"aba102",43.5,-75
9.1,5.1,24.6,1999-05-10,"aba102",43.5,-75
8.8,3.3,28.88,1999-05-11,"aba102",43.5,-75
8.2,4.25,29.77,1999-05-12,"aba102",43.5,-75
8.6,3.8,29.57,1999-05-13,"aba102",43.5,-75
12.4,3.74,29.53,1999-05-14,"aba102",43.5,-75
14.6,3.41,27.67,1999-05-15,"aba102",43.5,-75
15.3,3.47,27.85,1999-05-16,"aba102",43.5,-75
15.6,4.22,29.11,1999-05-17,"aba102",43.5,-75
17.3,5.72,29.39,1999-05-18,"aba102",43.5,-75
14.1,4.24,4.1,1999-05-19,"aba102",43.5,-75
10.6,5.36,30.24,1999-05-20,"aba102",43.5,-75
12.8,2.7,29.47,1999-05-21,"aba102",43.5,-75
16.7,2.6,25.93,1999-05-22,"aba102",43.5,-75
16.5,4.81,19.71,1999-05-23,"aba102",43.5,-75
13.2,6.22,6.4,1999-05-24,"aba102",43.5,-75
8.9,5.75,17.23,1999-05-25,"aba102",43.5,-75
8.2,6.54,12.69,1999-05-26,"aba102",43.5,-75
10.6,6.18,22.38,1999-05-27,"aba102",43.5,-75
14.3,3.72,27.96,1999-05-28,"aba102",43.5,-75
17.5,3.67,28.62,1999-05-29,"aba102",43.5,-75
20,3.23,28.69,1999-05-30,"aba102",43.5,-75
21.8,3.86,28.93,1999-05-31,"aba102",43.5,-75
19.3,4.69,16.84,1999-06-01,"aba102",43.5,-75
20,4.49,20.54,1999-06-02,"aba102",43.5,-75
16,5.93,15.29,1999-06-03,"aba102",43.5,-75
14.1,3.91,29.73,1999-06-04,"aba102",43.5,-75
15.7,4.42,28.32,1999-06-05,"aba102",43.5,-75
19.9,4.7,23.19,1999-06-06,"aba102",43.5,-75
24.4,5.1,27.43,1999-06-07,"aba102",43.5,-75
21.8,7.5,26.52,1999-06-08,"aba102",43.5,-75
18,2.64,12.9,1999-06-09,"aba102",43.5,-75
17,3.55,14.99,1999-06-10,"aba102",43.5,-75
19.4,3.31,30.28,1999-06-11,"aba102",43.5,-75
20.5,3.64,31.42,1999-06-12,"aba102",43.5,-75
20.8,3.93,22.08,1999-06-13,"aba102",43.5,-75
19.2,5.47,15.52,1999-06-14,"aba102",43.5,-75
12.5,5.6,19.23,1999-06-15,"aba102",43.5,-75
11.5,3.36,28.28,1999-06-16,"aba102",43.5,-75
11.5,2.71,16.19,1999-06-17,"aba102",43.5,-75
12.9,3.77,25.57,1999-06-18,"aba102",43.5,-75
15.2,2.94,24.31,1999-06-19,"aba102",43.5,-75
16.9,2.51,19.3,1999-06-20,"aba102",43.5,-75
16.8,2.42,21.68,1999-06-21,"aba102",43.5,-75
19.3,2.83,25.5,1999-06-22,"aba102",43.5,-75
20.4,2.69,23.62,1999-06-23,"aba102",43.5,-75
21.9,3.68,30.1,1999-06-24,"aba102",43.5,-75
17.8,4.57,9.96,1999-06-25,"aba102",43.5,-75
20.4,3.61,30.43,1999-06-26,"aba102",43.5,-75
22.2,3.89,25.49,1999-06-27,"aba102",43.5,-75
21.3,4.67,12.5,1999-06-28,"aba102",43.5,-75
19.8,5.7,12.31,1999-06-29,"aba102",43.5,-75
17.1,3.67,28.21,1999-06-30,"aba102",43.5,-75
20.3,6.21,22.08,1999-07-01,"aba102",43.5,-75
21.4,6.39,21.2,1999-07-02,"aba102",43.5,-75
20.6,2.98,27.24,1999-07-03,"aba102",43.5,-75
23.5,5.85,15.06,1999-07-04,"aba102",43.5,-75
25.4,6.14,18.72,1999-07-05,"aba102",43.5,-75
22.7,6.41,18.96,1999-07-06,"aba102",43.5,-75
17.8,6.1,24.89,1999-07-07,"aba102",43.5,-75
15.3,5.22,23.09,1999-07-08,"aba102",43.5,-75
14.1,4.6,8.42,1999-07-09,"aba102",43.5,-75
15.4,6.57,18.13,1999-07-10,"aba102",43.5,-75
14.2,5.02,20.78,1999-07-11,"aba102",43.5,-75
16.4,2.83,26.37,1999-07-12,"aba102",43.5,-75
17.4,2.76,22.44,1999-07-13,"aba102",43.5,-75
18.1,3.58,24.62,1999-07-14,"aba102",43.5,-75
20.5,3.54,26.77,1999-07-15,"aba102",43.5,-75
22.9,3.91,26.59,1999-07-16,"aba102",43.5,-75
23.5,4.59,27.45,1999-07-17,"aba102",43.5,-75
21.8,4.1,19.28,1999-07-18,"aba102",43.5,-75
18.5,3.44,12.93,1999-07-19,"aba102",43.5,-75
17.7,3.31,28.33,1999-07-20,"aba102",43.5,-75
17.4,2.53,26.24,1999-07-21,"aba102",43.5,-75
21.2,3.48,26.78,1999-07-22,"aba102",43.5,-75
21,3.77,23.18,1999-07-23,"aba102",43.5,-75
20.7,3.96,16.52,1999-07-24,"aba102",43.5,-75
20.1,3.52,20.42,1999-07-25,"aba102",43.5,-75
19.7,3.64,20.71,1999-07-26,"aba102",43.5,-75
21.6,4.69,25.64,1999-07-27,"aba102",43.5,-75
19.5,4,26.9,1999-07-28,"aba102",43.5,-75
19.2,3.55,18.13,1999-07-29,"aba102",43.5,-75
21.8,2.71,23.79,1999-07-30,"aba102",43.5,-75
22.8,3.71,24.24,1999-07-31,"aba102",43.5,-75
22,5,22.85,1999-08-01,"aba102",43.5,-75
17.2,3.61,18.56,1999-08-02,"aba102",43.5,-75
16.1,4.5,19.58,1999-08-03,"aba102",43.5,-75
17.3,2.94,16.87,1999-08-04,"aba102",43.5,-75
16.9,4.31,19.68,1999-08-05,"aba102",43.5,-75
14.9,5.44,14.23,1999-08-06,"aba102",43.5,-75
14.8,2.88,20.02,1999-08-07,"aba102",43.5,-75
15.6,5.24,8.08,1999-08-08,"aba102",43.5,-75
12.6,5.34,19.84,1999-08-09,"aba102",43.5,-75
13.1,2.69,18.41,1999-08-10,"aba102",43.5,-75
15.8,2.84,17.15,1999-08-11,"aba102",43.5,-75
18.5,4,18.03,1999-08-12,"aba102",43.5,-75
20.1,4.93,14.22,1999-08-13,"aba102",43.5,-75
18.5,4.36,10.59,1999-08-14,"aba102",43.5,-75
16.8,2.82,14.67,1999-08-15,"aba102",43.5,-75
16.2,3.03,24.23,1999-08-16,"aba102",43.5,-75
20.5,4.62,21.59,1999-08-17,"aba102",43.5,-75
17.7,4.44,17.79,1999-08-18,"aba102",43.5,-75
16.7,3.01,18.36,1999-08-19,"aba102",43.5,-75
16.4,3.52,10.95,1999-08-20,"aba102",43.5,-75
15.3,3.31,15.77,1999-08-21,"aba102",43.5,-75
15.3,2.56,15.54,1999-08-22,"aba102",43.5,-75
17.3,2.28,20.37,1999-08-23,"aba102",43.5,-75
19.5,3,21.79,1999-08-24,"aba102",43.5,-75
20.5,3.3,20.13,1999-08-25,"aba102",43.5,-75
18.7,3.86,15.44,1999-08-26,"aba102",43.5,-75
17.8,3.45,7.33,1999-08-27,"aba102",43.5,-75
20.4,5.41,16.62,1999-08-28,"aba102",43.5,-75
15.5,5.19,19.32,1999-08-29,"aba102",43.5,-75
12,4.18,18.87,1999-08-30,"aba102",43.5,-75
14.9,3.11,23.63,1999-08-31,"aba102",43.5,-75
17.9,2.41,23.42,1999-09-01,"aba102",43.5,-75
19.2,2.83,22.04,1999-09-02,"aba102",43.5,-75
20.5,2.83,22.67,1999-09-03,"aba102",43.5,-75
22.7,3.06,21.93,1999-09-04,"aba102",43.5,-75
21.4,3.92,19.06,1999-09-05,"aba102",43.5,-75
21.8,5,11.57,1999-09-06,"aba102",43.5,-75
19.6,5.67,4.65,1999-09-07,"aba102",43.5,-75
19.5,3.77,12.23,1999-09-08,"aba102",43.5,-75
19.3,3.91,15.76,1999-09-09,"aba102",43.5,-75
17.6,4.02,8.78,1999-09-10,"aba102",43.5,-75
14.4,5.64,16.63,1999-09-11,"aba102",43.5,-75
14.2,3.52,18.84,1999-09-12,"aba102",43.5,-75
17.2,5.12,18.61,1999-09-13,"aba102",43.5,-75
15.2,4.34,2.74,1999-09-14,"aba102",43.5,-75
14.5,2.73,14.14,1999-09-15,"aba102",43.5,-75
10.8,9.43,1.07,1999-09-16,"aba102",43.5,-75
10.2,9.75,8.08,1999-09-17,"aba102",43.5,-75
11.7,4.86,20.17,1999-09-18,"aba102",43.5,-75
12.3,3.74,19.31,1999-09-19,"aba102",43.5,-75
15,5.44,15.83,1999-09-20,"aba102",43.5,-75
7.7,4.83,4.77,1999-09-21,"aba102",43.5,-75
4.5,4.49,1.48,1999-09-22,"aba102",43.5,-75
9.8,5.24,17.13,1999-09-23,"aba102",43.5,-75
14,5.2,17.68,1999-09-24,"aba102",43.5,-75
9.9,3.72,14.29,1999-09-25,"aba102",43.5,-75
9.7,3.61,18.79,1999-09-26,"aba102",43.5,-75
14.4,3.91,16.24,1999-09-27,"aba102",43.5,-75
18,3.71,12.11,1999-09-28,"aba102",43.5,-75
18.4,6.55,9.32,1999-09-29,"aba102",43.5,-75
11.1,7.89,7.84,1999-09-30,"aba102",43.5,-75
9.3,6.55,16.13,1999-10-01,"aba102",43.5,-75
9.6,4.05,15.3,1999-10-02,"aba102",43.5,-75
9.4,4.17,14.91,1999-10-03,"aba102",43.5,-75
3.6,5.62,2.47,1999-10-04,"aba102",43.5,-75
3.6,2.64,4.93,1999-10-05,"aba102",43.5,-75
2.6,6.04,8.61,1999-10-06,"aba102",43.5,-75
-0.6,3.68,16.49,1999-10-07,"aba102",43.5,-75
5.3,5.4,15.15,1999-10-08,"aba102",43.5,-75
11.5,5.48,9.06,1999-10-09,"aba102",43.5,-75
11.8,4.34,5.88,1999-10-10,"aba102",43.5,-75
10.2,6.17,13.87,1999-10-11,"aba102",43.5,-75
5.8,3.84,15.02,1999-10-12,"aba102",43.5,-75
11.5,6.53,13.92,1999-10-13,"aba102",43.5,-75
3.1,8.08,10.75,1999-10-14,"aba102",43.5,-75
3.5,4.18,14.77,1999-10-15,"aba102",43.5,-75
10.3,4.92,14.36,1999-10-16,"aba102",43.5,-75
11,4.2,3.09,1999-10-17,"aba102",43.5,-75
4.1,6.36,9.86,1999-10-18,"aba102",43.5,-75
0.9,3.61,14.55,1999-10-19,"aba102",43.5,-75
5.7,3.54,6.1,1999-10-20,"aba102",43.5,-75
4.3,3.86,8.4,1999-10-21,"aba102",43.5,-75
5.7,7.24,4.64,1999-10-22,"aba102",43.5,-75
3.8,5.97,6.71,1999-10-23,"aba102",43.5,-75
2.9,5.56,4.08,1999-10-24,"aba102",43.5,-75
2.2,4.68,6.09,1999-10-25,"aba102",43.5,-75
6.1,6.26,11.31,1999-10-26,"aba102",43.5,-75
2.4,3.71,6.71,1999-10-27,"aba102",43.5,-75
1.4,4.26,12.2,1999-10-28,"aba102",43.5,-75
7.6,3.2,11.89,1999-10-29,"aba102",43.5,-75
10.1,4.39,9.24,1999-10-30,"aba102",43.5,-75
10.5,5.67,5.09,1999-10-31,"aba102",43.5,-75
7.6,3.94,11.46,1999-11-01,"aba102",43.5,-75
12,9.99,4.96,1999-11-02,"aba102",43.5,-75
5.6,8.93,7.57,1999-11-03,"aba102",43.5,-75
0.7,8.06,6.6,1999-11-04,"aba102",43.5,-75
5.2,5.17,8.96,1999-11-05,"aba102",43.5,-75
5.4,5.89,9.89,1999-11-06,"aba102",43.5,-75
-0.9,6.5,6.07,1999-11-07,"aba102",43.5,-75
-2,3.98,9.52,1999-11-08,"aba102",43.5,-75
7.7,5.87,9,1999-11-09,"aba102",43.5,-75
10.4,6.31,2.27,1999-11-10,"aba102",43.5,-75
-2.3,5.29,11.07,1999-11-11,"aba102",43.5,-75
-0.9,4.51,7.87,1999-11-12,"aba102",43.5,-75
2.7,4.16,3.28,1999-11-13,"aba102",43.5,-75
4.2,6.18,2.57,1999-11-14,"aba102",43.5,-75
-1.6,7.29,4.47,1999-11-15,"aba102",43.5,-75
-4.3,8.8,3.93,1999-11-16,"aba102",43.5,-75
-4.3,6.94,6.84,1999-11-17,"aba102",43.5,-75
-0.7,3.19,8,1999-11-18,"aba102",43.5,-75
6.3,5.17,8.9,1999-11-19,"aba102",43.5,-75
6.7,4.65,5.07,1999-11-20,"aba102",43.5,-75
5.8,3.2,6.98,1999-11-21,"aba102",43.5,-75
10,4.3,3.61,1999-11-22,"aba102",43.5,-75
11.7,3.86,4.94,1999-11-23,"aba102",43.5,-75
10.5,5.52,3.34,1999-11-24,"aba102",43.5,-75
2.8,3.83,4.04,1999-11-25,"aba102",43.5,-75
6.6,7.07,0.97,1999-11-26,"aba102",43.5,-75
5.4,5.71,5.68,1999-11-27,"aba102",43.5,-75
0.5,6.26,6.59,1999-11-28,"aba102",43.5,-75
-2.4,3.83,6.38,1999-11-29,"aba102",43.5,-75
-6.9,4.47,6.77,1999-11-30,"aba102",43.5,-75
-10.4,5,8.81,1999-12-01,"aba102",43.5,-75
-5.5,2.6,7.46,1999-12-02,"aba102",43.5,-75
1.1,2.71,2.4,1999-12-03,"aba102",43.5,-75
4.1,2.91,1.17,1999-12-04,"aba102",43.5,-75
8.1,4.91,4.7,1999-12-05,"aba102",43.5,-75
6.6,4.23,3.66,1999-12-06,"aba102",43.5,-75
-0.5,4.62,3.61,1999-12-07,"aba102",43.5,-75
-0.8,3.48,7.24,1999-12-08,"aba102",43.5,-75
0.4,3.4,6.57,1999-12-09,"aba102",43.5,-75
1.4,7.22,2.45,1999-12-10,"aba102",43.5,-75
-3.7,8.27,3.36,1999-12-11,"aba102",43.5,-75
-4.4,5.83,7.4,1999-12-12,"aba102",43.5,-75
-0.9,3.69,1.49,1999-12-13,"aba102",43.5,-75
-0.4,7.09,4.02,1999-12-14,"aba102",43.5,-75
1,6.44,2.22,1999-12-15,"aba102",43.5,-75
0.5,6.08,5.54,1999-12-16,"aba102",43.5,-75
-4.4,6.21,5.71,1999-12-17,"aba102",43.5,-75
-11.8,3.1,7.37,1999-12-18,"aba102",43.5,-75
-13.7,4.44,8.06,1999-12-19,"aba102",43.5,-75
-3.3,6.98,1.68,1999-12-20,"aba102",43.5,-75
-4.2,6.03,3.5,1999-12-21,"aba102",43.5,-75
-8.1,5.32,5.2,1999-12-22,"aba102",43.5,-75
-10,5.37,4.81,1999-12-23,"aba102",43.5,-75
-15.3,4.68,7.05,1999-12-24,"aba102",43.5,-75
-15.9,4.87,7.08,1999-12-25,"aba102",43.5,-75
-7.1,6.05,3.01,1999-12-26,"aba102",43.5,-75
-12.8,5.2,6.1,1999-12-27,"aba102",43.5,-75
-15.7,4.2,5,1999-12-28,"aba102",43.5,-75
-9.9,5.22,6.44,1999-12-29,"aba102",43.5,-75
-3,6.37,4.21,1999-12-30,"aba102",43.5,-75
-10.6,2.24,8.23,1999-12-31,"aba102",43.5,-75
-2.3,3.73,7.38,2000-01-01,"aba102",43.5,-75
2.3,5.91,2.48,2000-01-02,"aba102",43.5,-75
5.2,6.32,2.73,2000-01-03,"aba102",43.5,-75
3.8,7.61,0.72,2000-01-04,"aba102",43.5,-75
-8.3,5.91,7.42,2000-01-05,"aba102",43.5,-75
-6.8,5.9,5.79,2000-01-06,"aba102",43.5,-75
-2.2,6.79,4.71,2000-01-07,"aba102",43.5,-75
-5.5,4.96,7.32,2000-01-08,"aba102",43.5,-75
-0.8,3.42,3.6,2000-01-09,"aba102",43.5,-75
1.3,7.72,2.09,2000-01-10,"aba102",43.5,-75
1.2,7.4,4.08,2000-01-11,"aba102",43.5,-75
-4.3,7.11,6.53,2000-01-12,"aba102",43.5,-75
-12.7,5.6,3.9,2000-01-13,"aba102",43.5,-75
-19.2,5.99,8.92,2000-01-14,"aba102",43.5,-75
-16.7,5.22,9.39,2000-01-15,"aba102",43.5,-75
-8.4,7.92,3.28,2000-01-16,"aba102",43.5,-75
-24.8,7.16,9.82,2000-01-17,"aba102",43.5,-75
-22.2,3.75,7.5,2000-01-18,"aba102",43.5,-75
-16.7,2.86,9.62,2000-01-19,"aba102",43.5,-75
-9.8,4.52,3.62,2000-01-20,"aba102",43.5,-75
-20.2,6.02,9.55,2000-01-21,"aba102",43.5,-75
-23.1,5.45,10.35,2000-01-22,"aba102",43.5,-75
-16.2,4.4,9.01,2000-01-23,"aba102",43.5,-75
-8.1,4.27,6.43,2000-01-24,"aba102",43.5,-75
-10.9,6.52,3.03,2000-01-25,"aba102",43.5,-75
-11.5,6.23,4.85,2000-01-26,"aba102",43.5,-75
-19.4,5.27,9.47,2000-01-27,"aba102",43.5,-75
-18.9,5.47,9.46,2000-01-28,"aba102",43.5,-75
-13.8,3.76,11.29,2000-01-29,"aba102",43.5,-75
-8.2,4.28,8.96,2000-01-30,"aba102",43.5,-75
-4.6,5.73,4.98,2000-01-31,"aba102",43.5,-75
-6.3,5.83,6.87,2000-02-01,"aba102",43.5,-75
-14.6,6.11,9.31,2000-02-02,"aba102",43.5,-75
-11.6,2.94,7.88,2000-02-03,"aba102",43.5,-75
-7.6,2.55,10.76,2000-02-04,"aba102",43.5,-75
-9.1,6.13,8.41,2000-02-05,"aba102",43.5,-75
-8.8,7.17,12.02,2000-02-06,"aba102",43.5,-75
-7,6.03,8.48,2000-02-07,"aba102",43.5,-75
-13.9,4.3,13.1,2000-02-08,"aba102",43.5,-75
-3.7,4.88,7.47,2000-02-09,"aba102",43.5,-75
-1.1,5.64,7.54,2000-02-10,"aba102",43.5,-75
-3.6,5.44,4.43,2000-02-11,"aba102",43.5,-75
-13.6,3.94,13.82,2000-02-12,"aba102",43.5,-75
-8.5,4.25,8.01,2000-02-13,"aba102",43.5,-75
-2.7,4.24,3.6,2000-02-14,"aba102",43.5,-75
-6.8,4.84,11.45,2000-02-15,"aba102",43.5,-75
-3.5,6.07,3.15,2000-02-16,"aba102",43.5,-75
-13,5.92,14.85,2000-02-17,"aba102",43.5,-75
-10.4,4.01,4.9,2000-02-18,"aba102",43.5,-75
-5,4.13,9.38,2000-02-19,"aba102",43.5,-75
-5.5,7.33,6.96,2000-02-20,"aba102",43.5,-75
-5.1,4.74,10.31,2000-02-21,"aba102",43.5,-75
-0.6,4.61,14.65,2000-02-22,"aba102",43.5,-75
4,4.4,7.02,2000-02-23,"aba102",43.5,-75
5.2,3.38,7.05,2000-02-24,"aba102",43.5,-75
2.7,5.59,2.74,2000-02-25,"aba102",43.5,-75
1.9,5.38,10.81,2000-02-26,"aba102",43.5,-75
5.9,5.84,10.65,2000-02-27,"aba102",43.5,-75
0.9,6.42,11.43,2000-02-28,"aba102",43.5,-75
-2.3,5.1,16.44,2000-02-29,"aba102",43.5,-75
0.8,5.1,10.61,2000-03-01,"aba102",43.5,-75
-2.2,6.23,8.67,2000-03-02,"aba102",43.5,-75
-4.8,5.96,12.91,2000-03-03,"aba102",43.5,-75
-3.7,4.43,16.68,2000-03-04,"aba102",43.5,-75
0,6.24,8.74,2000-03-05,"aba102",43.5,-75
-2.2,4.36,14.31,2000-03-06,"aba102",43.5,-75
2.3,2.84,16.95,2000-03-07,"aba102",43.5,-75
7.9,3.42,15.61,2000-03-08,"aba102",43.5,-75
9.9,5.25,10.22,2000-03-09,"aba102",43.5,-75
-2.2,4.75,14.73,2000-03-10,"aba102",43.5,-75
-1.5,4.97,4.12,2000-03-11,"aba102",43.5,-75
-1.8,5.75,6.23,2000-03-12,"aba102",43.5,-75
-6.3,4.48,18.75,2000-03-13,"aba102",43.5,-75
0.2,5.48,11.04,2000-03-14,"aba102",43.5,-75
3.3,5.24,10.38,2000-03-15,"aba102",43.5,-75
3.2,5.23,3.86,2000-03-16,"aba102",43.5,-75
-6.8,6.8,13.96,2000-03-17,"aba102",43.5,-75
-9.1,4.21,21.14,2000-03-18,"aba102",43.5,-75
-2.3,5.14,21.09,2000-03-19,"aba102",43.5,-75
2.5,4.68,18.95,2000-03-20,"aba102",43.5,-75
4.1,4.75,15.56,2000-03-21,"aba102",43.5,-75
5.1,3.69,18.94,2000-03-22,"aba102",43.5,-75
7.1,3.83,17.29,2000-03-23,"aba102",43.5,-75
8,2.78,21.54,2000-03-24,"aba102",43.5,-75
8.6,4.68,13.93,2000-03-25,"aba102",43.5,-75
4.1,8.22,11.9,2000-03-26,"aba102",43.5,-75
4.7,6.58,14.18,2000-03-27,"aba102",43.5,-75
4,7.65,3.62,2000-03-28,"aba102",43.5,-75
0.6,7.21,7.07,2000-03-29,"aba102",43.5,-75
0.2,5.14,12.13,2000-03-30,"aba102",43.5,-75
-0.5,4.08,13.17,2000-03-31,"aba102",43.5,-75
4.1,3.65,22.71,2000-04-01,"aba102",43.5,-75
6.7,3.6,4.09,2000-04-02,"aba102",43.5,-75
6.9,4.6,4.38,2000-04-03,"aba102",43.5,-75
7,6.59,5.19,2000-04-04,"aba102",43.5,-75
-1.9,8.47,12.73,2000-04-05,"aba102",43.5,-75
1.7,6.83,10.03,2000-04-06,"aba102",43.5,-75
4.5,5.85,13.94,2000-04-07,"aba102",43.5,-75
6.4,6.34,6.86,2000-04-08,"aba102",43.5,-75
-4.7,10.47,5.05,2000-04-09,"aba102",43.5,-75
-1.5,7.17,22.51,2000-04-10,"aba102",43.5,-75
-2.3,3.67,13.16,2000-04-11,"aba102",43.5,-75
-2.2,6.24,20.06,2000-04-12,"aba102",43.5,-75
-1.4,2.97,25.82,2000-04-13,"aba102",43.5,-75
5,4.96,24.56,2000-04-14,"aba102",43.5,-75
13.3,4.91,20.58,2000-04-15,"aba102",43.5,-75
8.1,3.81,7.55,2000-04-16,"aba102",43.5,-75
3,4.18,11.32,2000-04-17,"aba102",43.5,-75
2.8,4.97,9.66,2000-04-18,"aba102",43.5,-75
6.7,3.33,7.02,2000-04-19,"aba102",43.5,-75
9.9,5.29,13.02,2000-04-20,"aba102",43.5,-75
5.5,6.4,2.07,2000-04-21,"aba102",43.5,-75
2.9,4.84,3.6,2000-04-22,"aba102",43.5,-75
2.8,5.06,3.2,2000-04-23,"aba102",43.5,-75
6.8,6.04,19.35,2000-04-24,"aba102",43.5,-75
6.7,4.11,23.55,2000-04-25,"aba102",43.5,-75
4.2,3.61,18.15,2000-04-26,"aba102",43.5,-75
3,2.31,10.48,2000-04-27,"aba102",43.5,-75
6.3,2.84,17.72,2000-04-28,"aba102",43.5,-75
10.2,4.61,24.13,2000-04-29,"aba102",43.5,-75
6.6,7.27,27.63,2000-04-30,"aba102",43.5,-75
7.4,4.54,8.76,2000-05-01,"aba102",43.5,-75
8.8,5.43,23.03,2000-05-02,"aba102",43.5,-75
9.5,2.83,28.26,2000-05-03,"aba102",43.5,-75
14.6,5.58,24.11,2000-05-04,"aba102",43.5,-75
17.5,4.85,19.93,2000-05-05,"aba102",43.5,-75
19.1,5.08,24.54,2000-05-06,"aba102",43.5,-75
19.5,6.91,24.16,2000-05-07,"aba102",43.5,-75
18.9,4.16,19.16,2000-05-08,"aba102",43.5,-75
18,4.61,10.18,2000-05-09,"aba102",43.5,-75
14.2,6.22,8.33,2000-05-10,"aba102",43.5,-75
10.4,6.26,13.8,2000-05-11,"aba102",43.5,-75
11.8,4,13.49,2000-05-12,"aba102",43.5,-75
14.4,5.77,7.85,2000-05-13,"aba102",43.5,-75
8.7,5.56,16.89,2000-05-14,"aba102",43.5,-75
6.7,5.77,25.62,2000-05-15,"aba102",43.5,-75
7.8,4.94,25.37,2000-05-16,"aba102",43.5,-75
11.8,4.72,19.89,2000-05-17,"aba102",43.5,-75
12.1,6.95,5.44,2000-05-18,"aba102",43.5,-75
5.5,3.72,10.14,2000-05-19,"aba102",43.5,-75
5.8,4.19,5.89,2000-05-20,"aba102",43.5,-75
7.9,2.33,2.93,2000-05-21,"aba102",43.5,-75
10.9,3.1,10.55,2000-05-22,"aba102",43.5,-75
12.6,4.96,15.98,2000-05-23,"aba102",43.5,-75
13.2,5.74,14.96,2000-05-24,"aba102",43.5,-75
11.3,7.2,22.22,2000-05-25,"aba102",43.5,-75
9.3,5.51,9.66,2000-05-26,"aba102",43.5,-75
11.1,4.83,18.2,2000-05-27,"aba102",43.5,-75
10.5,2.98,14.67,2000-05-28,"aba102",43.5,-75
12.3,3.1,16.22,2000-05-29,"aba102",43.5,-75
13.3,3.76,27.5,2000-05-30,"aba102",43.5,-75
15.3,4.12,27.64,2000-05-31,"aba102",43.5,-75
18.2,3.58,24.74,2000-06-01,"aba102",43.5,-75
16,6.15,10.47,2000-06-02,"aba102",43.5,-75
12.4,5.28,28.2,2000-06-03,"aba102",43.5,-75
11.5,3.6,17.76,2000-06-04,"aba102",43.5,-75
10.2,3.91,17.97,2000-06-05,"aba102",43.5,-75
8.3,4.84,5,2000-06-06,"aba102",43.5,-75
10.9,5.39,22.53,2000-06-07,"aba102",43.5,-75
14.6,5.67,19.99,2000-06-08,"aba102",43.5,-75
16.2,4.6,10.85,2000-06-09,"aba102",43.5,-75
19.3,5.63,26.36,2000-06-10,"aba102",43.5,-75
17.3,4.33,7.38,2000-06-11,"aba102",43.5,-75
15.7,2.84,9.87,2000-06-12,"aba102",43.5,-75
11.7,5.11,5.07,2000-06-13,"aba102",43.5,-75
12.1,5.03,11.38,2000-06-14,"aba102",43.5,-75
17.2,5.83,17.14,2000-06-15,"aba102",43.5,-75
21.2,5.38,21.14,2000-06-16,"aba102",43.5,-75
19.3,5.22,15.19,2000-06-17,"aba102",43.5,-75
12.1,2.69,5.66,2000-06-18,"aba102",43.5,-75
13.5,3.16,23.84,2000-06-19,"aba102",43.5,-75
16.9,3.11,27.73,2000-06-20,"aba102",43.5,-75
18.8,7.2,15.33,2000-06-21,"aba102",43.5,-75
18.8,5.41,24.44,2000-06-22,"aba102",43.5,-75
16.2,4.4,23.12,2000-06-23,"aba102",43.5,-75
16.9,3.77,26.03,2000-06-24,"aba102",43.5,-75
20.8,7.22,17.43,2000-06-25,"aba102",43.5,-75
21.1,2.69,22.49,2000-06-26,"aba102",43.5,-75
19,4.52,19.86,2000-06-27,"aba102",43.5,-75
15.9,3.81,26.43,2000-06-28,"aba102",43.5,-75
15.3,2.53,17.94,2000-06-29,"aba102",43.5,-75
14.3,4.18,19.49,2000-06-30,"aba102",43.5,-75
16.4,3.63,25.09,2000-07-01,"aba102",43.5,-75
19,4.58,25.34,2000-07-02,"aba102",43.5,-75
17.3,3.55,7.95,2000-07-03,"aba102",43.5,-75
19.2,4.43,21.35,2000-07-04,"aba102",43.5,-75
15.8,4.18,29.08,2000-07-05,"aba102",43.5,-75
13.6,3.58,22.98,2000-07-06,"aba102",43.5,-75
13,5.61,23.07,2000-07-07,"aba102",43.5,-75
14.5,4.39,22.42,2000-07-08,"aba102",43.5,-75
15,4.82,13.46,2000-07-09,"aba102",43.5,-75
18.4,5.73,18.21,2000-07-10,"aba102",43.5,-75
16,4.49,24.27,2000-07-11,"aba102",43.5,-75
16.9,3.42,26.43,2000-07-12,"aba102",43.5,-75
17.1,2.5,22.31,2000-07-13,"aba102",43.5,-75
18,3.41,23.5,2000-07-14,"aba102",43.5,-75
16,6.83,4.73,2000-07-15,"aba102",43.5,-75
17.3,5,15.98,2000-07-16,"aba102",43.5,-75
18.2,3.22,19.54,2000-07-17,"aba102",43.5,-75
16.8,6.77,14.91,2000-07-18,"aba102",43.5,-75
13.5,2.92,13.8,2000-07-19,"aba102",43.5,-75
14,2.51,26.11,2000-07-20,"aba102",43.5,-75
13.7,3,15.54,2000-07-21,"aba102",43.5,-75
14,4.11,19.14,2000-07-22,"aba102",43.5,-75
15.1,3.28,17.25,2000-07-23,"aba102",43.5,-75
16.1,1.92,19.22,2000-07-24,"aba102",43.5,-75
18,2.62,22.27,2000-07-25,"aba102",43.5,-75
17.5,4.14,18.64,2000-07-26,"aba102",43.5,-75
17.6,3.24,8.87,2000-07-27,"aba102",43.5,-75
18.8,2.69,17.94,2000-07-28,"aba102",43.5,-75
18.5,2.7,14.83,2000-07-29,"aba102",43.5,-75
18.6,3.47,12.32,2000-07-30,"aba102",43.5,-75
19,4.95,7.86,2000-07-31,"aba102",43.5,-75
18.8,4.76,9.86,2000-08-01,"aba102",43.5,-75
20.8,4.26,16.97,2000-08-02,"aba102",43.5,-75
19,4.55,12.11,2000-08-03,"aba102",43.5,-75
15.5,3.81,21.56,2000-08-04,"aba102",43.5,-75
16.1,2.69,21.68,2000-08-05,"aba102",43.5,-75
15,4.83,8.54,2000-08-06,"aba102",43.5,-75
20,4.43,11.13,2000-08-07,"aba102",43.5,-75
20.2,5.51,19.9,2000-08-08,"aba102",43.5,-75
20.2,6.91,16.76,2000-08-09,"aba102",43.5,-75
18.7,3.18,16.5,2000-08-10,"aba102",43.5,-75
16.2,3.45,12.82,2000-08-11,"aba102",43.5,-75
16.4,4.26,11.87,2000-08-12,"aba102",43.5,-75
16.8,2.15,17.82,2000-08-13,"aba102",43.5,-75
17.3,3.2,15.46,2000-08-14,"aba102",43.5,-75
18.3,3.8,22.09,2000-08-15,"aba102",43.5,-75
17.4,5.85,18,2000-08-16,"aba102",43.5,-75
11.8,4.47,13.06,2000-08-17,"aba102",43.5,-75
11.7,2.88,15.9,2000-08-18,"aba102",43.5,-75
13.5,4.9,17.45,2000-08-19,"aba102",43.5,-75
10.4,4.24,14.02,2000-08-20,"aba102",43.5,-75
12.3,3.08,21.45,2000-08-21,"aba102",43.5,-75
14.5,2.97,23.91,2000-08-22,"aba102",43.5,-75
15.1,3.96,4.98,2000-08-23,"aba102",43.5,-75
16.7,3.02,17.9,2000-08-24,"aba102",43.5,-75
16.1,2.51,19.77,2000-08-25,"aba102",43.5,-75
16.5,2.92,20.46,2000-08-26,"aba102",43.5,-75
17.5,2.62,12.63,2000-08-27,"aba102",43.5,-75
17.5,3.19,21.39,2000-08-28,"aba102",43.5,-75
18.3,3.61,13.98,2000-08-29,"aba102",43.5,-75
19.3,2.86,15.2,2000-08-30,"aba102",43.5,-75
20.8,3.49,17.31,2000-08-31,"aba102",43.5,-75
21.1,2.83,14.44,2000-09-01,"aba102",43.5,-75
19.7,2.62,12.66,2000-09-02,"aba102",43.5,-75
17.6,2.91,13.91,2000-09-03,"aba102",43.5,-75
13.4,4.93,7.27,2000-09-04,"aba102",43.5,-75
8.2,4.23,23.09,2000-09-05,"aba102",43.5,-75
9.4,3.04,22.92,2000-09-06,"aba102",43.5,-75
12.4,3.61,22.32,2000-09-07,"aba102",43.5,-75
15.5,5.58,11.99,2000-09-08,"aba102",43.5,-75
17.2,2.7,17.7,2000-09-09,"aba102",43.5,-75
17.4,3.83,20.05,2000-09-10,"aba102",43.5,-75
17.4,4.41,2.85,2000-09-11,"aba102",43.5,-75
19.3,6.04,11.34,2000-09-12,"aba102",43.5,-75
14.7,3.88,15.33,2000-09-13,"aba102",43.5,-75
13.3,3.94,17.31,2000-09-14,"aba102",43.5,-75
11.7,4.8,13.37,2000-09-15,"aba102",43.5,-75
7.8,6.46,14.34,2000-09-16,"aba102",43.5,-75
11.1,6.45,13.72,2000-09-17,"aba102",43.5,-75
13.6,3.91,17.38,2000-09-18,"aba102",43.5,-75
15,3.26,13.3,2000-09-19,"aba102",43.5,-75
17.8,4.9,19.28,2000-09-20,"aba102",43.5,-75
13.2,7.2,12.02,2000-09-21,"aba102",43.5,-75
9.1,4.54,14.35,2000-09-22,"aba102",43.5,-75
11.1,4.72,3.59,2000-09-23,"aba102",43.5,-75
10.8,4.33,4.45,2000-09-24,"aba102",43.5,-75
5.3,3,18.24,2000-09-25,"aba102",43.5,-75
6.3,3.04,12.39,2000-09-26,"aba102",43.5,-75
8.8,5.15,14.66,2000-09-27,"aba102",43.5,-75
3,4.1,17.58,2000-09-28,"aba102",43.5,-75
2.2,3,18.14,2000-09-29,"aba102",43.5,-75
8.3,3.76,17.65,2000-09-30,"aba102",43.5,-75
11.5,3.11,15.76,2000-10-01,"aba102",43.5,-75
12.8,3.6,17.15,2000-10-02,"aba102",43.5,-75
14,5.28,11.65,2000-10-03,"aba102",43.5,-75
8.1,2.28,2.76,2000-10-04,"aba102",43.5,-75
7.8,4.12,5.48,2000-10-05,"aba102",43.5,-75
7.7,4.94,4.25,2000-10-06,"aba102",43.5,-75
4.2,4.91,10.52,2000-10-07,"aba102",43.5,-75
0.7,3.3,12.47,2000-10-08,"aba102",43.5,-75
-0.5,3.61,12.18,2000-10-09,"aba102",43.5,-75
-0.3,5.24,11.02,2000-10-10,"aba102",43.5,-75
6.6,5.63,12.79,2000-10-11,"aba102",43.5,-75
7.9,4.33,14.16,2000-10-12,"aba102",43.5,-75
10.4,4.06,13.68,2000-10-13,"aba102",43.5,-75
14.9,4.3,14.27,2000-10-14,"aba102",43.5,-75
11.9,3.81,7.73,2000-10-15,"aba102",43.5,-75
6.2,3.61,4.32,2000-10-16,"aba102",43.5,-75
7.4,3.54,4.93,2000-10-17,"aba102",43.5,-75
7.9,4.52,2.22,2000-10-18,"aba102",43.5,-75
7.1,5.27,8.07,2000-10-19,"aba102",43.5,-75
7.8,3.51,13.75,2000-10-20,"aba102",43.5,-75
11.4,5.16,10.37,2000-10-21,"aba102",43.5,-75
3.5,4.14,13.93,2000-10-22,"aba102",43.5,-75
4.4,2.97,13.54,2000-10-23,"aba102",43.5,-75
9.2,2.6,7.47,2000-10-24,"aba102",43.5,-75
11.6,2.28,7.27,2000-10-25,"aba102",43.5,-75
12.6,2.88,7.9,2000-10-26,"aba102",43.5,-75
12.7,3.56,10.61,2000-10-27,"aba102",43.5,-75
2,7.06,10.34,2000-10-28,"aba102",43.5,-75
-2.6,6.52,5.01,2000-10-29,"aba102",43.5,-75
-0.3,5.73,9.09,2000-10-30,"aba102",43.5,-75
1.4,5.22,11.34,2000-10-31,"aba102",43.5,-75
2.1,4.18,11.92,2000-11-01,"aba102",43.5,-75
4.2,3.59,11.35,2000-11-02,"aba102",43.5,-75
6.9,3.08,9.84,2000-11-03,"aba102",43.5,-75
5.6,3.44,4.95,2000-11-04,"aba102",43.5,-75
1.6,6.24,5.78,2000-11-05,"aba102",43.5,-75
0.6,4.03,10.25,2000-11-06,"aba102",43.5,-75
3.5,2.64,9.91,2000-11-07,"aba102",43.5,-75
5.6,2.1,8.15,2000-11-08,"aba102",43.5,-75
7.5,5.95,4.41,2000-11-09,"aba102",43.5,-75
8.3,5.94,1.48,2000-11-10,"aba102",43.5,-75
4.5,4.88,1.18,2000-11-11,"aba102",43.5,-75
1.4,4.13,9.25,2000-11-12,"aba102",43.5,-75
2.1,4.16,6.85,2000-11-13,"aba102",43.5,-75
3.5,4.32,1.31,2000-11-14,"aba102",43.5,-75
-0.1,6.4,6.6,2000-11-15,"aba102",43.5,-75
1.4,4.68,5.72,2000-11-16,"aba102",43.5,-75
0.2,6.18,5.48,2000-11-17,"aba102",43.5,-75
-3.2,4.21,6.6,2000-11-18,"aba102",43.5,-75
-4.2,3.54,6.16,2000-11-19,"aba102",43.5,-75
-3.8,5.19,7.58,2000-11-20,"aba102",43.5,-75
-4.7,5.46,6.85,2000-11-21,"aba102",43.5,-75
-8.6,4.88,6.99,2000-11-22,"aba102",43.5,-75
-12.8,4.77,7.45,2000-11-23,"aba102",43.5,-75
-15,3.09,7.29,2000-11-24,"aba102",43.5,-75
-6.2,4.38,7.93,2000-11-25,"aba102",43.5,-75
0.3,8.02,1.81,2000-11-26,"aba102",43.5,-75
2.3,4.18,1.61,2000-11-27,"aba102",43.5,-75
1.4,3.64,3.63,2000-11-28,"aba102",43.5,-75
0.2,3.55,4.22,2000-11-29,"aba102",43.5,-75
-2,4.88,4.28,2000-11-30,"aba102",43.5,-75
-7,4.17,5,2000-12-01,"aba102",43.5,-75
-12.5,4.1,5.66,2000-12-02,"aba102",43.5,-75
-12.9,2.46,7.8,2000-12-03,"aba102",43.5,-75
-7.4,3.91,7.92,2000-12-04,"aba102",43.5,-75
-5,7.25,4.14,2000-12-05,"aba102",43.5,-75
-12.7,6.89,5.94,2000-12-06,"aba102",43.5,-75
-12.6,5.46,6.31,2000-12-07,"aba102",43.5,-75
-17.1,2.16,5.71,2000-12-08,"aba102",43.5,-75
-15.7,2.41,8.06,2000-12-09,"aba102",43.5,-75
-8.4,4.31,5.48,2000-12-10,"aba102",43.5,-75
-1.1,5.74,2.85,2000-12-11,"aba102",43.5,-75
-6.3,9.34,3.31,2000-12-12,"aba102",43.5,-75
-16.3,3.89,7.07,2000-12-13,"aba102",43.5,-75
-7.4,5.52,1.44,2000-12-14,"aba102",43.5,-75
-9.2,4.03,7.6,2000-12-15,"aba102",43.5,-75
-3.6,8.07,3.86,2000-12-16,"aba102",43.5,-75
4.1,8.37,1.64,2000-12-17,"aba102",43.5,-75
-4.6,9.27,3.79,2000-12-18,"aba102",43.5,-75
-7.6,3.66,3.45,2000-12-19,"aba102",43.5,-75
-8.6,6.12,4.64,2000-12-20,"aba102",43.5,-75
-10.6,3.9,6.23,2000-12-21,"aba102",43.5,-75
-9.5,4.88,4.87,2000-12-22,"aba102",43.5,-75
-12.4,3.98,4.69,2000-12-23,"aba102",43.5,-75
-10.1,5.06,4.56,2000-12-24,"aba102",43.5,-75
-16.6,5.95,7.27,2000-12-25,"aba102",43.5,-75
-12.9,6.21,5.88,2000-12-26,"aba102",43.5,-75
-8.3,4.34,5.01,2000-12-27,"aba102",43.5,-75
-17.3,4.46,6.13,2000-12-28,"aba102",43.5,-75
-14.4,2.9,7.15,2000-12-29,"aba102",43.5,-75
-8.7,4.63,3.27,2000-12-30,"aba102",43.5,-75
-9,5.85,3.63,2000-12-31,"aba102",43.5,-75
-11.9,4.77,5.66,2001-01-01,"aba102",43.5,-75
-14.2,3.72,6.96,2001-01-02,"aba102",43.5,-75
-6.9,4.12,4.45,2001-01-03,"aba102",43.5,-75
-7.1,5.73,4.51,2001-01-04,"aba102",43.5,-75
-7.1,5.41,3.08,2001-01-05,"aba102",43.5,-75
-4.5,4.61,3.32,2001-01-06,"aba102",43.5,-75
-5.4,2.4,4.17,2001-01-07,"aba102",43.5,-75
-3.4,2.73,3.05,2001-01-08,"aba102",43.5,-75
-9.6,7.03,5.74,2001-01-09,"aba102",43.5,-75
-13.6,6.69,8.26,2001-01-10,"aba102",43.5,-75
-3.7,6.62,3.85,2001-01-11,"aba102",43.5,-75
-8.4,3.85,9,2001-01-12,"aba102",43.5,-75
-7.6,2.46,8.43,2001-01-13,"aba102",43.5,-75
-1.3,3.35,3.46,2001-01-14,"aba102",43.5,-75
-1.7,4.46,2.64,2001-01-15,"aba102",43.5,-75
-1.5,6.7,3.12,2001-01-16,"aba102",43.5,-75
-6.2,4.23,5.09,2001-01-17,"aba102",43.5,-75
-8.6,3.93,6.22,2001-01-18,"aba102",43.5,-75
-3.7,3.34,2.25,2001-01-19,"aba102",43.5,-75
-10.7,3.81,7.78,2001-01-20,"aba102",43.5,-75
-10.3,4.85,7.7,2001-01-21,"aba102",43.5,-75
-7,3.22,7.35,2001-01-22,"aba102",43.5,-75
-6.6,3.49,8.6,2001-01-23,"aba102",43.5,-75
-3,3.1,3.99,2001-01-24,"aba102",43.5,-75
-7.7,4.02,7.6,2001-01-25,"aba102",43.5,-75
-7.9,3.16,9.25,2001-01-26,"aba102",43.5,-75
-5.3,4.74,4.68,2001-01-27,"aba102",43.5,-75
-8,4.17,6.29,2001-01-28,"aba102",43.5,-75
-6.1,3.14,10.12,2001-01-29,"aba102",43.5,-75
-1.6,5.44,1.76,2001-01-30,"aba102",43.5,-75
-0.6,4.67,3.45,2001-01-31,"aba102",43.5,-75
-3,5.1,7.29,2001-02-01,"aba102",43.5,-75
-4.7,5.8,5.27,2001-02-02,"aba102",43.5,-75
-12.4,5.97,7.93,2001-02-03,"aba102",43.5,-75
-9.9,3.81,7.05,2001-02-04,"aba102",43.5,-75
-3.8,3.62,3.26,2001-02-05,"aba102",43.5,-75
-2,6.35,7.44,2001-02-06,"aba102",43.5,-75
-3.5,6.28,6.38,2001-02-07,"aba102",43.5,-75
-4.6,3.76,4.59,2001-02-08,"aba102",43.5,-75
2.1,5.73,4.49,2001-02-09,"aba102",43.5,-75
-4.2,10.15,6.92,2001-02-10,"aba102",43.5,-75
-16.1,6.13,12.93,2001-02-11,"aba102",43.5,-75
-13.3,4.36,11.98,2001-02-12,"aba102",43.5,-75
-4,4.05,13.52,2001-02-13,"aba102",43.5,-75
-1.2,4.52,2.68,2001-02-14,"aba102",43.5,-75
-4.7,4.74,9.48,2001-02-15,"aba102",43.5,-75
-6.6,3.13,7,2001-02-16,"aba102",43.5,-75
-9,8.03,10.54,2001-02-17,"aba102",43.5,-75
-12.1,5.65,12.35,2001-02-18,"aba102",43.5,-75
-6.5,5.16,9.31,2001-02-19,"aba102",43.5,-75
2,5.81,8.34,2001-02-20,"aba102",43.5,-75
-9.5,6.36,13.73,2001-02-21,"aba102",43.5,-75
-14.7,4.27,12.3,2001-02-22,"aba102",43.5,-75
-8.7,7.12,9.02,2001-02-23,"aba102",43.5,-75
-9.9,5.01,14.53,2001-02-24,"aba102",43.5,-75
-1.3,6.9,2.89,2001-02-25,"aba102",43.5,-75
-3.4,8.03,7.47,2001-02-26,"aba102",43.5,-75
-6.6,5.79,9.55,2001-02-27,"aba102",43.5,-75
-12.6,5.97,14.41,2001-02-28,"aba102",43.5,-75
-12,6.04,12.43,2001-03-01,"aba102",43.5,-75
-8.8,2.32,10.61,2001-03-02,"aba102",43.5,-75
-6.6,2.69,12.84,2001-03-03,"aba102",43.5,-75
-7.8,4.24,14.09,2001-03-04,"aba102",43.5,-75
-6.2,4.42,5.14,2001-03-05,"aba102",43.5,-75
-4.6,5.82,4.83,2001-03-06,"aba102",43.5,-75
-4.6,4.03,16.07,2001-03-07,"aba102",43.5,-75
-3.6,3.92,12.36,2001-03-08,"aba102",43.5,-75
-1.7,4.44,5.06,2001-03-09,"aba102",43.5,-75
-2.2,6.37,12.93,2001-03-10,"aba102",43.5,-75
-3.9,7.05,7.25,2001-03-11,"aba102",43.5,-75
-6,6,19.39,2001-03-12,"aba102",43.5,-75
-1.9,6.35,6.04,2001-03-13,"aba102",43.5,-75
-1.4,9.71,10.17,2001-03-14,"aba102",43.5,-75
0.5,5.51,18.57,2001-03-15,"aba102",43.5,-75
-0.9,3.11,17.35,2001-03-16,"aba102",43.5,-75
-0.1,2.92,15.13,2001-03-17,"aba102",43.5,-75
-2.6,7.08,13.55,2001-03-18,"aba102",43.5,-75
-1.1,4.56,20.52,2001-03-19,"aba102",43.5,-75
0.3,3.49,20.21,2001-03-20,"aba102",43.5,-75
2.2,4.88,12.58,2001-03-21,"aba102",43.5,-75
0.3,6.18,4.76,2001-03-22,"aba102",43.5,-75
-0.2,7.92,10.25,2001-03-23,"aba102",43.5,-75
-1.3,5.9,15.63,2001-03-24,"aba102",43.5,-75
-5.7,5.31,16.46,2001-03-25,"aba102",43.5,-75
-8.3,4.83,15.67,2001-03-26,"aba102",43.5,-75
-7.2,6.12,15.65,2001-03-27,"aba102",43.5,-75
-3.2,4.62,12.74,2001-03-28,"aba102",43.5,-75
-1,4.54,15.24,2001-03-29,"aba102",43.5,-75
-0.4,6.12,2.59,2001-03-30,"aba102",43.5,-75
-0.3,2.75,11.15,2001-03-31,"aba102",43.5,-75
0.1,2.06,7.81,2001-04-01,"aba102",43.5,-75
0.3,4.03,12.95,2001-04-02,"aba102",43.5,-75
0.1,3.84,17.47,2001-04-03,"aba102",43.5,-75
1.9,4.04,22.27,2001-04-04,"aba102",43.5,-75
2.8,2.77,24.3,2001-04-05,"aba102",43.5,-75
3.6,3.62,6.58,2001-04-06,"aba102",43.5,-75
3.6,6.44,14.85,2001-04-07,"aba102",43.5,-75
4.3,6.55,14.46,2001-04-08,"aba102",43.5,-75
4.8,3.54,21.19,2001-04-09,"aba102",43.5,-75
4.3,3.86,24.11,2001-04-10,"aba102",43.5,-75
5.9,4.97,12.33,2001-04-11,"aba102",43.5,-75
6.1,6.17,8.06,2001-04-12,"aba102",43.5,-75
5.1,8.32,14.28,2001-04-13,"aba102",43.5,-75
3.1,5.02,26.43,2001-04-14,"aba102",43.5,-75
4,3.89,20.05,2001-04-15,"aba102",43.5,-75
3.9,3.28,22.74,2001-04-16,"aba102",43.5,-75
3.6,5.41,20.68,2001-04-17,"aba102",43.5,-75
-0.5,6.36,23.35,2001-04-18,"aba102",43.5,-75
0.1,4.28,23.18,2001-04-19,"aba102",43.5,-75
5.6,3.89,24.13,2001-04-20,"aba102",43.5,-75
10,5.2,15.16,2001-04-21,"aba102",43.5,-75
13.5,7.22,18.76,2001-04-22,"aba102",43.5,-75
15.9,5.38,19.45,2001-04-23,"aba102",43.5,-75
11.9,8.05,13.31,2001-04-24,"aba102",43.5,-75
4.4,5.74,20.59,2001-04-25,"aba102",43.5,-75
7.1,3.48,27.45,2001-04-26,"aba102",43.5,-75
9.2,4.61,17.11,2001-04-27,"aba102",43.5,-75
3.8,5,28.53,2001-04-28,"aba102",43.5,-75
5.2,2.66,28.18,2001-04-29,"aba102",43.5,-75
11.4,3.71,26.56,2001-04-30,"aba102",43.5,-75
18.5,3.13,27.37,2001-05-01,"aba102",43.5,-75
19.7,5.02,25.04,2001-05-02,"aba102",43.5,-75
21,5.4,25.61,2001-05-03,"aba102",43.5,-75
19.2,5.72,24.66,2001-05-04,"aba102",43.5,-75
11,5.6,27.66,2001-05-05,"aba102",43.5,-75
9.5,3.41,29.17,2001-05-06,"aba102",43.5,-75
12.1,3.86,29.38,2001-05-07,"aba102",43.5,-75
13.8,3.79,29.1,2001-05-08,"aba102",43.5,-75
15.5,4.14,22.99,2001-05-09,"aba102",43.5,-75
16,4.87,26.21,2001-05-10,"aba102",43.5,-75
18.7,4.75,22.81,2001-05-11,"aba102",43.5,-75
11.7,4.59,4.78,2001-05-12,"aba102",43.5,-75
7.5,5.36,29.32,2001-05-13,"aba102",43.5,-75
8,5.09,25.96,2001-05-14,"aba102",43.5,-75
9.7,5.55,29.48,2001-05-15,"aba102",43.5,-75
11.5,4.1,22.53,2001-05-16,"aba102",43.5,-75
11.2,4.03,17.7,2001-05-17,"aba102",43.5,-75
12.1,4.81,9.51,2001-05-18,"aba102",43.5,-75
13.6,3.71,17.55,2001-05-19,"aba102",43.5,-75
14.8,3.4,17.75,2001-05-20,"aba102",43.5,-75
15.4,5.11,24.17,2001-05-21,"aba102",43.5,-75
12.1,6.32,2.26,2001-05-22,"aba102",43.5,-75
11.1,6.41,2,2001-05-23,"aba102",43.5,-75
11.5,4.83,7.12,2001-05-24,"aba102",43.5,-75
13.3,6.64,22.01,2001-05-25,"aba102",43.5,-75
12.1,5.45,7.19,2001-05-26,"aba102",43.5,-75
12.9,4.49,13.55,2001-05-27,"aba102",43.5,-75
10.7,3.79,19.61,2001-05-28,"aba102",43.5,-75
9.5,4.85,15.65,2001-05-29,"aba102",43.5,-75
6.2,7.53,21.08,2001-05-30,"aba102",43.5,-75
7.2,5.1,22.98,2001-05-31,"aba102",43.5,-75
10.3,5.33,24.03,2001-06-01,"aba102",43.5,-75
11.6,5.28,6.98,2001-06-02,"aba102",43.5,-75
12.5,4.2,14.41,2001-06-03,"aba102",43.5,-75
10.5,7.5,6.3,2001-06-04,"aba102",43.5,-75
12.6,5.07,16.63,2001-06-05,"aba102",43.5,-75
14,4.97,21.53,2001-06-06,"aba102",43.5,-75
14.6,3.97,27.12,2001-06-07,"aba102",43.5,-75
14.5,4.05,30.75,2001-06-08,"aba102",43.5,-75
15.2,3.83,25.8,2001-06-09,"aba102",43.5,-75
16.1,3.88,30.34,2001-06-10,"aba102",43.5,-75
14,3.8,6.4,2001-06-11,"aba102",43.5,-75
16.1,2.68,15.48,2001-06-12,"aba102",43.5,-75
20.2,2.4,28.41,2001-06-13,"aba102",43.5,-75
22.7,3.18,29.39,2001-06-14,"aba102",43.5,-75
23.8,3.31,27.81,2001-06-15,"aba102",43.5,-75
21.6,2.98,18.8,2001-06-16,"aba102",43.5,-75
18.9,4.53,20.14,2001-06-17,"aba102",43.5,-75
18,3.83,30.39,2001-06-18,"aba102",43.5,-75
22.5,5.83,29.46,2001-06-19,"aba102",43.5,-75
19.5,3.5,23.57,2001-06-20,"aba102",43.5,-75
15.4,5.86,14.38,2001-06-21,"aba102",43.5,-75
17.4,7.57,14.21,2001-06-22,"aba102",43.5,-75
15.4,5.16,4.32,2001-06-23,"aba102",43.5,-75
15.1,2.75,14.44,2001-06-24,"aba102",43.5,-75
18.1,2.47,24.04,2001-06-25,"aba102",43.5,-75
19.9,2.86,26.49,2001-06-26,"aba102",43.5,-75
21.2,4.9,29.33,2001-06-27,"aba102",43.5,-75
19.2,4.05,20.9,2001-06-28,"aba102",43.5,-75
19.5,3.98,25.95,2001-06-29,"aba102",43.5,-75
21.1,5.12,22.36,2001-06-30,"aba102",43.5,-75
16.5,7.2,10.16,2001-07-01,"aba102",43.5,-75
11.1,6.79,23.72,2001-07-02,"aba102",43.5,-75
13,4.81,18.72,2001-07-03,"aba102",43.5,-75
17.2,4.49,20.35,2001-07-04,"aba102",43.5,-75
15.8,5.07,22.03,2001-07-05,"aba102",43.5,-75
11.8,5.34,17.09,2001-07-06,"aba102",43.5,-75
15.5,4.16,27.4,2001-07-07,"aba102",43.5,-75
16.9,3.42,11.08,2001-07-08,"aba102",43.5,-75
19.1,4.12,25.46,2001-07-09,"aba102",43.5,-75
18.1,6.2,23.92,2001-07-10,"aba102",43.5,-75
14.8,4.84,21.65,2001-07-11,"aba102",43.5,-75
13.2,5.26,20.66,2001-07-12,"aba102",43.5,-75
13.9,4.38,13.61,2001-07-13,"aba102",43.5,-75
14.4,4.44,14.32,2001-07-14,"aba102",43.5,-75
16.1,4.25,21.6,2001-07-15,"aba102",43.5,-75
16.9,2.64,23.7,2001-07-16,"aba102",43.5,-75
16.5,2.52,18.12,2001-07-17,"aba102",43.5,-75
17.7,3.21,24.25,2001-07-18,"aba102",43.5,-75
19,3.11,24.13,2001-07-19,"aba102",43.5,-75
19.1,2.97,25.41,2001-07-20,"aba102",43.5,-75
19.4,2.91,25.09,2001-07-21,"aba102",43.5,-75
21,3.47,25.74,2001-07-22,"aba102",43.5,-75
22.7,3.56,25.64,2001-07-23,"aba102",43.5,-75
23.3,5,22.53,2001-07-24,"aba102",43.5,-75
20.3,4.46,24.71,2001-07-25,"aba102",43.5,-75
15.8,4.28,25.96,2001-07-26,"aba102",43.5,-75
13.3,3.71,26.07,2001-07-27,"aba102",43.5,-75
14.5,2.78,24.87,2001-07-28,"aba102",43.5,-75
18,3.51,21.6,2001-07-29,"aba102",43.5,-75
18.2,2.61,23.9,2001-07-30,"aba102",43.5,-75
18.5,2.31,23.1,2001-07-31,"aba102",43.5,-75
19.5,2.14,26.15,2001-08-01,"aba102",43.5,-75
22,3.98,25.79,2001-08-02,"aba102",43.5,-75
22,2.78,14.97,2001-08-03,"aba102",43.5,-75
20.2,2.19,17.47,2001-08-04,"aba102",43.5,-75
21.4,2.22,23.09,2001-08-05,"aba102",43.5,-75
23,3.91,26.51,2001-08-06,"aba102",43.5,-75
24.8,5.08,22.56,2001-08-07,"aba102",43.5,-75
24.4,4.3,22.42,2001-08-08,"aba102",43.5,-75
25.6,4.44,24.72,2001-08-09,"aba102",43.5,-75
21.2,4.92,15.16,2001-08-10,"aba102",43.5,-75
18.7,2.65,23.19,2001-08-11,"aba102",43.5,-75
19.7,3.14,14.85,2001-08-12,"aba102",43.5,-75
19.5,3.32,20.84,2001-08-13,"aba102",43.5,-75
17.5,3.13,24.62,2001-08-14,"aba102",43.5,-75
17.3,2.3,26.41,2001-08-15,"aba102",43.5,-75
19.2,4.79,17.83,2001-08-16,"aba102",43.5,-75
19.3,5.07,15.34,2001-08-17,"aba102",43.5,-75
18.4,5.1,12.68,2001-08-18,"aba102",43.5,-75
19.1,3.32,19.8,2001-08-19,"aba102",43.5,-75
18.6,3.61,11.53,2001-08-20,"aba102",43.5,-75
17.7,3.54,15.8,2001-08-21,"aba102",43.5,-75
18.3,3.61,22.22,2001-08-22,"aba102",43.5,-75
17.8,3.16,17.72,2001-08-23,"aba102",43.5,-75
17.7,3.7,23.8,2001-08-24,"aba102",43.5,-75
16.3,3.3,24.63,2001-08-25,"aba102",43.5,-75
19.6,5.55,18.01,2001-08-26,"aba102",43.5,-75
18.6,4.55,17.64,2001-08-27,"aba102",43.5,-75
16.3,4.16,16.08,2001-08-28,"aba102",43.5,-75
14.1,3.44,19.19,2001-08-29,"aba102",43.5,-75
15.9,4.52,20.05,2001-08-30,"aba102",43.5,-75
20.3,4.44,16.44,2001-08-31,"aba102",43.5,-75
12.5,5.63,15.44,2001-09-01,"aba102",43.5,-75
10.2,2.22,14.67,2001-09-02,"aba102",43.5,-75
15.7,4.3,22.07,2001-09-03,"aba102",43.5,-75
16.4,4.79,12.32,2001-09-04,"aba102",43.5,-75
12.7,4.13,22.15,2001-09-05,"aba102",43.5,-75
13.6,2.12,22.12,2001-09-06,"aba102",43.5,-75
17.7,3.49,21.96,2001-09-07,"aba102",43.5,-75
21.2,3.57,19.41,2001-09-08,"aba102",43.5,-75
21.4,3.83,19.77,2001-09-09,"aba102",43.5,-75
17.2,5.63,7.96,2001-09-10,"aba102",43.5,-75
14.3,3.76,18.37,2001-09-11,"aba102",43.5,-75
13.6,3.8,19.79,2001-09-12,"aba102",43.5,-75
14.1,3.93,10.62,2001-09-13,"aba102",43.5,-75
8.9,4.57,15.14,2001-09-14,"aba102",43.5,-75
8.4,2.67,20.66,2001-09-15,"aba102",43.5,-75
9.7,3.2,16.5,2001-09-16,"aba102",43.5,-75
11.9,2.28,18.77,2001-09-17,"aba102",43.5,-75
12.4,2.02,9.97,2001-09-18,"aba102",43.5,-75
15.4,5.49,14.78,2001-09-19,"aba102",43.5,-75
15.8,6.45,5.04,2001-09-20,"aba102",43.5,-75
17.2,4.2,13.91,2001-09-21,"aba102",43.5,-75
15,4.38,12.77,2001-09-22,"aba102",43.5,-75
13.8,3.69,11.06,2001-09-23,"aba102",43.5,-75
15.7,7.22,12.66,2001-09-24,"aba102",43.5,-75
13.6,8.63,5.52,2001-09-25,"aba102",43.5,-75
7.6,4.11,11.74,2001-09-26,"aba102",43.5,-75
7.4,2.82,8.78,2001-09-27,"aba102",43.5,-75
7.5,4,11.13,2001-09-28,"aba102",43.5,-75
8.8,4.36,16.73,2001-09-29,"aba102",43.5,-75
7.7,3.41,18.16,2001-09-30,"aba102",43.5,-75
9.5,3.4,17.38,2001-10-01,"aba102",43.5,-75
12.1,3.8,12.34,2001-10-02,"aba102",43.5,-75
15.2,4.6,15.98,2001-10-03,"aba102",43.5,-75
15.8,6.72,13.97,2001-10-04,"aba102",43.5,-75
13.9,5.23,9.29,2001-10-05,"aba102",43.5,-75
8.6,7.26,8.22,2001-10-06,"aba102",43.5,-75
1.8,6.65,12.09,2001-10-07,"aba102",43.5,-75
0.1,4.96,9.8,2001-10-08,"aba102",43.5,-75
3,3.86,15.01,2001-10-09,"aba102",43.5,-75
10.6,3.86,14.94,2001-10-10,"aba102",43.5,-75
13.6,4.11,14.93,2001-10-11,"aba102",43.5,-75
14.8,3.04,8.3,2001-10-12,"aba102",43.5,-75
15.9,4.7,8.73,2001-10-13,"aba102",43.5,-75
14.7,7.16,12.84,2001-10-14,"aba102",43.5,-75
9.7,5.24,10.93,2001-10-15,"aba102",43.5,-75
9,7.57,13.65,2001-10-16,"aba102",43.5,-75
2.5,7.69,2.83,2001-10-17,"aba102",43.5,-75
1.4,6.55,14.32,2001-10-18,"aba102",43.5,-75
6.3,4.71,11.88,2001-10-19,"aba102",43.5,-75
8.6,4.61,10.61,2001-10-20,"aba102",43.5,-75
10.4,5.77,9.35,2001-10-21,"aba102",43.5,-75
7.4,3.38,12.16,2001-10-22,"aba102",43.5,-75
9.2,7.44,7.13,2001-10-23,"aba102",43.5,-75
14.3,5.44,5.15,2001-10-24,"aba102",43.5,-75
10.9,6.99,7.53,2001-10-25,"aba102",43.5,-75
3,7.75,10.36,2001-10-26,"aba102",43.5,-75
0.6,4.88,8.45,2001-10-27,"aba102",43.5,-75
-0.9,3.64,11.08,2001-10-28,"aba102",43.5,-75
1.3,3.42,10.03,2001-10-29,"aba102",43.5,-75
2.1,4.13,12.32,2001-10-30,"aba102",43.5,-75
-0.2,4.02,4.01,2001-10-31,"aba102",43.5,-75
9.3,4.74,10.5,2001-11-01,"aba102",43.5,-75
13.9,5.64,7.27,2001-11-02,"aba102",43.5,-75
8.7,4.87,7.46,2001-11-03,"aba102",43.5,-75
5.3,5.3,6.52,2001-11-04,"aba102",43.5,-75
0.9,8.14,4.83,2001-11-05,"aba102",43.5,-75
1.1,4.84,8.96,2001-11-06,"aba102",43.5,-75
4.4,5.66,2.76,2001-11-07,"aba102",43.5,-75
1.5,5.28,4.58,2001-11-08,"aba102",43.5,-75
0.2,6.29,4.3,2001-11-09,"aba102",43.5,-75
2,4.22,6.76,2001-11-10,"aba102",43.5,-75
-1.7,5.32,4.25,2001-11-11,"aba102",43.5,-75
-2.8,4.83,8.7,2001-11-12,"aba102",43.5,-75
-0.5,3.24,9.03,2001-11-13,"aba102",43.5,-75
4.4,3.58,5.18,2001-11-14,"aba102",43.5,-75
8.9,4.72,3.09,2001-11-15,"aba102",43.5,-75
8.6,5.88,3.06,2001-11-16,"aba102",43.5,-75
-0.6,3.52,9.44,2001-11-17,"aba102",43.5,-75
3.6,3.01,8.92,2001-11-18,"aba102",43.5,-75
7.5,5.61,7.86,2001-11-19,"aba102",43.5,-75
0.2,6.8,6.86,2001-11-20,"aba102",43.5,-75
-1.1,3.61,5.27,2001-11-21,"aba102",43.5,-75
1.8,3.22,6.76,2001-11-22,"aba102",43.5,-75
3.5,4.53,8.94,2001-11-23,"aba102",43.5,-75
6.2,6.3,4.2,2001-11-24,"aba102",43.5,-75
12,8.14,2.17,2001-11-25,"aba102",43.5,-75
6.9,3.42,3.7,2001-11-26,"aba102",43.5,-75
4,3.72,3.55,2001-11-27,"aba102",43.5,-75
4.1,4.46,3.48,2001-11-28,"aba102",43.5,-75
2.4,6.67,0.5,2001-11-29,"aba102",43.5,-75
9.3,5.59,1.35,2001-11-30,"aba102",43.5,-75
7.6,6.71,2.54,2001-12-01,"aba102",43.5,-75
3.8,4.63,4.24,2001-12-02,"aba102",43.5,-75
2.5,4.81,7.26,2001-12-03,"aba102",43.5,-75
5,4.03,5.51,2001-12-04,"aba102",43.5,-75
10.1,4.12,2.75,2001-12-05,"aba102",43.5,-75
10.4,6.7,2.26,2001-12-06,"aba102",43.5,-75
1.6,5.54,6.25,2001-12-07,"aba102",43.5,-75
-3.7,3.05,6.17,2001-12-08,"aba102",43.5,-75
-3.1,4.06,5.9,2001-12-09,"aba102",43.5,-75
-3,4.24,7.46,2001-12-10,"aba102",43.5,-75
-1.4,2.92,7.29,2001-12-11,"aba102",43.5,-75
-0.1,5.1,7.36,2001-12-12,"aba102",43.5,-75
4.4,4.92,1.01,2001-12-13,"aba102",43.5,-75
2.9,4.8,2.13,2001-12-14,"aba102",43.5,-75
-3.6,5.47,5.01,2001-12-15,"aba102",43.5,-75
-5.7,2.84,6.68,2001-12-16,"aba102",43.5,-75
-2.4,4.47,0.76,2001-12-17,"aba102",43.5,-75
-1.3,5.05,3.05,2001-12-18,"aba102",43.5,-75
-0.6,5.15,2.81,2001-12-19,"aba102",43.5,-75
-0.8,5.19,4.27,2001-12-20,"aba102",43.5,-75
-4.8,5.34,4.11,2001-12-21,"aba102",43.5,-75
-10.2,4.05,6.58,2001-12-22,"aba102",43.5,-75
-4.5,4.53,4.76,2001-12-23,"aba102",43.5,-75
-2.5,3.92,5.62,2001-12-24,"aba102",43.5,-75
-6.8,3.42,4.95,2001-12-25,"aba102",43.5,-75
-9.6,2.18,6.4,2001-12-26,"aba102",43.5,-75
-11.2,4.6,6.27,2001-12-27,"aba102",43.5,-75
-7.8,5.47,5.68,2001-12-28,"aba102",43.5,-75
-8.1,6.14,6.2,2001-12-29,"aba102",43.5,-75
-8.5,7.82,4.9,2001-12-30,"aba102",43.5,-75
-7.5,7.27,4.2,2001-12-31,"aba102",43.5,-75
-10.3,4.25,6.39,2002-01-01,"aba102",43.5,-75
-8.2,5.9,4.79,2002-01-02,"aba102",43.5,-75
-5.7,4.71,4.39,2002-01-03,"aba102",43.5,-75
-8.8,3.96,4.9,2002-01-04,"aba102",43.5,-75
-2.7,3.61,3.12,2002-01-05,"aba102",43.5,-75
-2.2,3.24,3.6,2002-01-06,"aba102",43.5,-75
-6.1,5.2,3.39,2002-01-07,"aba102",43.5,-75
-9.5,3.37,5.58,2002-01-08,"aba102",43.5,-75
-2.8,5.34,3.09,2002-01-09,"aba102",43.5,-75
2.2,6.2,3.64,2002-01-10,"aba102",43.5,-75
0.5,6.18,3.79,2002-01-11,"aba102",43.5,-75
-0.8,5.41,4.29,2002-01-12,"aba102",43.5,-75
-2.6,7.53,6.51,2002-01-13,"aba102",43.5,-75
-7.4,5.25,6.87,2002-01-14,"aba102",43.5,-75
-2.3,4.68,3.32,2002-01-15,"aba102",43.5,-75
-4.6,5.82,5.89,2002-01-16,"aba102",43.5,-75
-3.8,6.51,5.15,2002-01-17,"aba102",43.5,-75
-6.2,7.03,6.47,2002-01-18,"aba102",43.5,-75
-10.1,3.13,7.35,2002-01-19,"aba102",43.5,-75
-5.3,4.79,4.78,2002-01-20,"aba102",43.5,-75
-3.9,6.15,2.56,2002-01-21,"aba102",43.5,-75
-1.7,7.09,7.15,2002-01-22,"aba102",43.5,-75
1.5,4.97,6.48,2002-01-23,"aba102",43.5,-75
1.4,4.62,1.07,2002-01-24,"aba102",43.5,-75
-2.8,7.4,5.65,2002-01-25,"aba102",43.5,-75
0.5,5.44,7.51,2002-01-26,"aba102",43.5,-75
0.2,3.32,10.33,2002-01-27,"aba102",43.5,-75
2,3.01,9.42,2002-01-28,"aba102",43.5,-75
1,2.6,1.95,2002-01-29,"aba102",43.5,-75
-2.5,3.48,4.35,2002-01-30,"aba102",43.5,-75
-7.2,6.16,1.39,2002-01-31,"aba102",43.5,-75
-1.7,9.19,1.57,2002-02-01,"aba102",43.5,-75
-12.1,8.33,11.05,2002-02-02,"aba102",43.5,-75
-8.2,5.37,7.66,2002-02-03,"aba102",43.5,-75
-7.2,5.51,7.38,2002-02-04,"aba102",43.5,-75
-12.9,5.82,8.95,2002-02-05,"aba102",43.5,-75
-7.6,4.81,6.16,2002-02-06,"aba102",43.5,-75
-3.5,4.65,10.89,2002-02-07,"aba102",43.5,-75
-2.7,5,8.77,2002-02-08,"aba102",43.5,-75
-6.2,5.02,12.82,2002-02-09,"aba102",43.5,-75
-1.3,6.07,6.08,2002-02-10,"aba102",43.5,-75
-10.5,6.82,13.18,2002-02-11,"aba102",43.5,-75
-6.8,7.57,7.48,2002-02-12,"aba102",43.5,-75
-11.2,6.44,12.34,2002-02-13,"aba102",43.5,-75
-8.5,4.61,13.64,2002-02-14,"aba102",43.5,-75
0.4,5.54,11.58,2002-02-15,"aba102",43.5,-75
1.1,4.58,10.32,2002-02-16,"aba102",43.5,-75
-2.5,5.12,7.37,2002-02-17,"aba102",43.5,-75
-8.8,4.34,14.73,2002-02-18,"aba102",43.5,-75
-3.6,3,12.34,2002-02-19,"aba102",43.5,-75
4.3,5.81,6.42,2002-02-20,"aba102",43.5,-75
3.7,4.75,5.17,2002-02-21,"aba102",43.5,-75
-2.1,4.81,5.72,2002-02-22,"aba102",43.5,-75
-7.5,3.41,13.29,2002-02-23,"aba102",43.5,-75
-5.2,2.88,15.18,2002-02-24,"aba102",43.5,-75
3.3,4.4,11.62,2002-02-25,"aba102",43.5,-75
5.6,5.39,13.54,2002-02-26,"aba102",43.5,-75
-4.1,5.12,13.11,2002-02-27,"aba102",43.5,-75
-8.9,6.09,13.46,2002-02-28,"aba102",43.5,-75
-6.1,6.33,12.03,2002-03-01,"aba102",43.5,-75
-2.6,7.04,15.15,2002-03-02,"aba102",43.5,-75
3.3,7.64,5.77,2002-03-03,"aba102",43.5,-75
-10.5,6.32,15.02,2002-03-04,"aba102",43.5,-75
-11.4,5.44,13.89,2002-03-05,"aba102",43.5,-75
-3.9,3.47,5.03,2002-03-06,"aba102",43.5,-75
-1.9,2.1,6.78,2002-03-07,"aba102",43.5,-75
3.8,5.59,13.89,2002-03-08,"aba102",43.5,-75
8.6,8.64,13.1,2002-03-09,"aba102",43.5,-75
-4.4,10.1,15.02,2002-03-10,"aba102",43.5,-75
-8.5,7.68,16.87,2002-03-11,"aba102",43.5,-75
-1.4,4.24,11.8,2002-03-12,"aba102",43.5,-75
0.7,4.22,5.47,2002-03-13,"aba102",43.5,-75
2.6,3.91,17.79,2002-03-14,"aba102",43.5,-75
5,5.91,8.46,2002-03-15,"aba102",43.5,-75
-0.4,4.52,13.32,2002-03-16,"aba102",43.5,-75
-3.2,4.11,16.42,2002-03-17,"aba102",43.5,-75
-1.8,7.23,4.53,2002-03-18,"aba102",43.5,-75
-1.9,3.8,14.58,2002-03-19,"aba102",43.5,-75
-1.2,7.48,3.42,2002-03-20,"aba102",43.5,-75
-2.7,6.55,10.44,2002-03-21,"aba102",43.5,-75
-12,7.5,18.33,2002-03-22,"aba102",43.5,-75
-5.9,7.69,13.25,2002-03-23,"aba102",43.5,-75
-4.7,4.5,13.24,2002-03-24,"aba102",43.5,-75
-6.4,3.31,18.35,2002-03-25,"aba102",43.5,-75
-3.5,6.35,4.14,2002-03-26,"aba102",43.5,-75
-1.7,5.06,8.93,2002-03-27,"aba102",43.5,-75
-1.5,4.11,21.68,2002-03-28,"aba102",43.5,-75
3.1,6.42,20.9,2002-03-29,"aba102",43.5,-75
5.5,7.83,16.45,2002-03-30,"aba102",43.5,-75
4.3,3.02,20.71,2002-03-31,"aba102",43.5,-75
2,6.95,10.71,2002-04-01,"aba102",43.5,-75
0.9,5.54,16.14,2002-04-02,"aba102",43.5,-75
2.9,5.63,6.36,2002-04-03,"aba102",43.5,-75
-2.2,5.7,14.56,2002-04-04,"aba102",43.5,-75
-3.3,2.92,16.56,2002-04-05,"aba102",43.5,-75
-4,5.74,22.41,2002-04-06,"aba102",43.5,-75
-2.8,4.01,21.74,2002-04-07,"aba102",43.5,-75
5.1,4.36,8.04,2002-04-08,"aba102",43.5,-75
9.7,5.77,3.86,2002-04-09,"aba102",43.5,-75
4.6,4.75,22.6,2002-04-10,"aba102",43.5,-75
7.8,5.24,20.7,2002-04-11,"aba102",43.5,-75
10.7,6.83,22,2002-04-12,"aba102",43.5,-75
12.1,4.44,3.63,2002-04-13,"aba102",43.5,-75
12,5.69,17,2002-04-14,"aba102",43.5,-75
14.8,4.39,16.49,2002-04-15,"aba102",43.5,-75
20.1,4.14,23.64,2002-04-16,"aba102",43.5,-75
22,4.81,23.93,2002-04-17,"aba102",43.5,-75
19.2,4.27,24.72,2002-04-18,"aba102",43.5,-75
17.7,7.3,17.87,2002-04-19,"aba102",43.5,-75
8.4,4.77,22.91,2002-04-20,"aba102",43.5,-75
1.4,4.4,23.59,2002-04-21,"aba102",43.5,-75
-0.8,4.92,4.35,2002-04-22,"aba102",43.5,-75
0.2,5.22,19.09,2002-04-23,"aba102",43.5,-75
4.7,3.26,27.15,2002-04-24,"aba102",43.5,-75
3.5,6.24,8.33,2002-04-25,"aba102",43.5,-75
-0.1,6.25,20.6,2002-04-26,"aba102",43.5,-75
1.5,3.91,25.39,2002-04-27,"aba102",43.5,-75
1.5,7.56,3.1,2002-04-28,"aba102",43.5,-75
0.4,5.46,7.94,2002-04-29,"aba102",43.5,-75
2,4.18,17.45,2002-04-30,"aba102",43.5,-75
3.7,5.5,16.41,2002-05-01,"aba102",43.5,-75
5.4,7.58,4.02,2002-05-02,"aba102",43.5,-75
3.3,9.59,18.71,2002-05-03,"aba102",43.5,-75
7.1,4.16,28.79,2002-05-04,"aba102",43.5,-75
10.7,3.54,28.43,2002-05-05,"aba102",43.5,-75
15.8,6.04,24.83,2002-05-06,"aba102",43.5,-75
13.6,5.46,10.68,2002-05-07,"aba102",43.5,-75
9.9,4.7,24.45,2002-05-08,"aba102",43.5,-75
8.7,6.9,7.4,2002-05-09,"aba102",43.5,-75
10.5,9.24,27.06,2002-05-10,"aba102",43.5,-75
6.5,6.17,26.59,2002-05-11,"aba102",43.5,-75
5.2,5.24,2.59,2002-05-12,"aba102",43.5,-75
4.9,6.93,1.66,2002-05-13,"aba102",43.5,-75
3,7.03,13.16,2002-05-14,"aba102",43.5,-75
5.8,8.1,19.37,2002-05-15,"aba102",43.5,-75
11.6,6.71,20.08,2002-05-16,"aba102",43.5,-75
9.8,6.18,20.27,2002-05-17,"aba102",43.5,-75
3.2,5.2,12.6,2002-05-18,"aba102",43.5,-75
2.5,4.71,21.24,2002-05-19,"aba102",43.5,-75
2.8,4.16,26.04,2002-05-20,"aba102",43.5,-75
4.7,5.25,24.2,2002-05-21,"aba102",43.5,-75
8.2,3.96,30.28,2002-05-22,"aba102",43.5,-75
13.2,4.32,30.38,2002-05-23,"aba102",43.5,-75
13.7,5.41,12.49,2002-05-24,"aba102",43.5,-75
9.7,5.2,30.82,2002-05-25,"aba102",43.5,-75
11.1,5.38,17.04,2002-05-26,"aba102",43.5,-75
14.2,2.61,30.62,2002-05-27,"aba102",43.5,-75
18.1,3.05,26.46,2002-05-28,"aba102",43.5,-75
18.4,4.02,22.73,2002-05-29,"aba102",43.5,-75
18.3,3.4,14.65,2002-05-30,"aba102",43.5,-75
16.9,6.71,14.93,2002-05-31,"aba102",43.5,-75
16.4,7.42,29.43,2002-06-01,"aba102",43.5,-75
11.7,7.06,19.15,2002-06-02,"aba102",43.5,-75
9.2,3.78,30.26,2002-06-03,"aba102",43.5,-75
12.1,4.7,23.17,2002-06-04,"aba102",43.5,-75
17.5,5.13,10.36,2002-06-05,"aba102",43.5,-75
14.1,3.86,12.62,2002-06-06,"aba102",43.5,-75
14.5,2.64,30.35,2002-06-07,"aba102",43.5,-75
15.4,4.05,24.58,2002-06-08,"aba102",43.5,-75
18,5.12,23.57,2002-06-09,"aba102",43.5,-75
16.3,3.36,30.52,2002-06-10,"aba102",43.5,-75
19.5,5.5,23.65,2002-06-11,"aba102",43.5,-75
17,4.22,7.96,2002-06-12,"aba102",43.5,-75
16.1,2.75,17.96,2002-06-13,"aba102",43.5,-75
14.1,5.11,8.02,2002-06-14,"aba102",43.5,-75
10.3,5.92,4.46,2002-06-15,"aba102",43.5,-75
11.6,5.98,17.15,2002-06-16,"aba102",43.5,-75
12.3,5.03,21.41,2002-06-17,"aba102",43.5,-75
13.9,3.61,24.07,2002-06-18,"aba102",43.5,-75
16.3,2.2,28.48,2002-06-19,"aba102",43.5,-75
19.2,2.96,30.6,2002-06-20,"aba102",43.5,-75
21.5,3.4,28.66,2002-06-21,"aba102",43.5,-75
19.9,2.56,9.34,2002-06-22,"aba102",43.5,-75
20.7,4.59,17.34,2002-06-23,"aba102",43.5,-75
19,3.41,30.64,2002-06-24,"aba102",43.5,-75
17.4,3.3,21.36,2002-06-25,"aba102",43.5,-75
21.5,3.82,23.64,2002-06-26,"aba102",43.5,-75
20.1,5.56,15.33,2002-06-27,"aba102",43.5,-75
19.3,4.33,23.13,2002-06-28,"aba102",43.5,-75
19,2.73,26.63,2002-06-29,"aba102",43.5,-75
19.5,2.56,25.17,2002-06-30,"aba102",43.5,-75
22.7,4.13,25.28,2002-07-01,"aba102",43.5,-75
24.9,4.37,25.35,2002-07-02,"aba102",43.5,-75
24.7,3.91,27.27,2002-07-03,"aba102",43.5,-75
23,5.6,20.97,2002-07-04,"aba102",43.5,-75
15.8,6.24,13.48,2002-07-05,"aba102",43.5,-75
16.7,5.22,25.2,2002-07-06,"aba102",43.5,-75
17.4,4.96,27.6,2002-07-07,"aba102",43.5,-75
19.9,3.91,22.23,2002-07-08,"aba102",43.5,-75
19.5,2.78,12.2,2002-07-09,"aba102",43.5,-75
15,5.66,29.97,2002-07-10,"aba102",43.5,-75
13.3,5.24,29.39,2002-07-11,"aba102",43.5,-75
15.8,3.01,29.35,2002-07-12,"aba102",43.5,-75
19,3.14,28.69,2002-07-13,"aba102",43.5,-75
20.1,2.8,25.21,2002-07-14,"aba102",43.5,-75
19.8,4.92,22,2002-07-15,"aba102",43.5,-75
17.7,5.13,25.58,2002-07-16,"aba102",43.5,-75
20.9,4.81,25.59,2002-07-17,"aba102",43.5,-75
21.5,3.4,14.78,2002-07-18,"aba102",43.5,-75
19.2,2.82,10.45,2002-07-19,"aba102",43.5,-75
19.4,2.97,25.5,2002-07-20,"aba102",43.5,-75
20.3,3.76,27.59,2002-07-21,"aba102",43.5,-75
23.7,4.74,21.27,2002-07-22,"aba102",43.5,-75
20.1,3.75,5.4,2002-07-23,"aba102",43.5,-75
16.4,3.37,26,2002-07-24,"aba102",43.5,-75
17.3,3.76,18.6,2002-07-25,"aba102",43.5,-75
16.3,5.99,11.47,2002-07-26,"aba102",43.5,-75
18.7,3.77,18.74,2002-07-27,"aba102",43.5,-75
19.4,4.54,8.31,2002-07-28,"aba102",43.5,-75
23.3,4.49,22.55,2002-07-29,"aba102",43.5,-75
22.9,5.36,23.63,2002-07-30,"aba102",43.5,-75
22.1,3.72,23.85,2002-07-31,"aba102",43.5,-75
22.6,3.45,21.89,2002-08-01,"aba102",43.5,-75
21.2,4.28,15.57,2002-08-02,"aba102",43.5,-75
21.4,2.62,24.12,2002-08-03,"aba102",43.5,-75
21,2.92,26.15,2002-08-04,"aba102",43.5,-75
21,4.96,18.92,2002-08-05,"aba102",43.5,-75
14.2,6.26,10.85,2002-08-06,"aba102",43.5,-75
15.1,4.56,15.64,2002-08-07,"aba102",43.5,-75
15.4,4.26,20.87,2002-08-08,"aba102",43.5,-75
16.7,2.33,25.38,2002-08-09,"aba102",43.5,-75
19.5,3.22,26.45,2002-08-10,"aba102",43.5,-75
21.9,3.69,25.34,2002-08-11,"aba102",43.5,-75
23.4,3.03,24.52,2002-08-12,"aba102",43.5,-75
23.6,3.42,21.69,2002-08-13,"aba102",43.5,-75
25.3,5.39,22.79,2002-08-14,"aba102",43.5,-75
23.3,4.11,16.26,2002-08-15,"aba102",43.5,-75
23.7,4.48,19.53,2002-08-16,"aba102",43.5,-75
21.9,4.18,23.79,2002-08-17,"aba102",43.5,-75
22.7,5.05,16.9,2002-08-18,"aba102",43.5,-75
17.7,3.06,23.52,2002-08-19,"aba102",43.5,-75
17.7,3.53,19.51,2002-08-20,"aba102",43.5,-75
17.6,3.25,25.38,2002-08-21,"aba102",43.5,-75
18.2,5.89,9.98,2002-08-22,"aba102",43.5,-75
17.6,3.47,23.83,2002-08-23,"aba102",43.5,-75
13,4.11,4.39,2002-08-24,"aba102",43.5,-75
16.3,3.97,18.71,2002-08-25,"aba102",43.5,-75
16.9,3.18,22.49,2002-08-26,"aba102",43.5,-75
17.2,3.72,21.2,2002-08-27,"aba102",43.5,-75
15.4,3.54,19.87,2002-08-28,"aba102",43.5,-75
12.8,2.78,2.82,2002-08-29,"aba102",43.5,-75
15.7,2.92,19.55,2002-08-30,"aba102",43.5,-75
17.8,3.55,16.24,2002-08-31,"aba102",43.5,-75
15.3,3.4,19.14,2002-09-01,"aba102",43.5,-75
16.3,3.22,15.73,2002-09-02,"aba102",43.5,-75
19.7,3.94,20.75,2002-09-03,"aba102",43.5,-75
18.9,5.29,15.96,2002-09-04,"aba102",43.5,-75
14.9,4.75,16.89,2002-09-05,"aba102",43.5,-75
14.3,3.11,22.18,2002-09-06,"aba102",43.5,-75
18.2,2.14,21.26,2002-09-07,"aba102",43.5,-75
20.8,2.51,21.65,2002-09-08,"aba102",43.5,-75
22.9,2.53,20.89,2002-09-09,"aba102",43.5,-75
22.4,3.98,20.79,2002-09-10,"aba102",43.5,-75
13.2,8.49,8.46,2002-09-11,"aba102",43.5,-75
10.4,5.33,20.72,2002-09-12,"aba102",43.5,-75
15.9,6.21,16.48,2002-09-13,"aba102",43.5,-75
18,4.88,16.07,2002-09-14,"aba102",43.5,-75
18.1,4.92,4.6,2002-09-15,"aba102",43.5,-75
15.6,3.36,11.89,2002-09-16,"aba102",43.5,-75
13.4,4.34,15.13,2002-09-17,"aba102",43.5,-75
14.9,2.97,17.98,2002-09-18,"aba102",43.5,-75
17.5,4.44,17.01,2002-09-19,"aba102",43.5,-75
20.5,4.31,12.66,2002-09-20,"aba102",43.5,-75
19.3,4.4,7.7,2002-09-21,"aba102",43.5,-75
18,4.36,7.69,2002-09-22,"aba102",43.5,-75
12.6,4.7,16.48,2002-09-23,"aba102",43.5,-75
11.1,2.33,18.95,2002-09-24,"aba102",43.5,-75
11.7,1.55,16.46,2002-09-25,"aba102",43.5,-75
12.9,3.61,14.36,2002-09-26,"aba102",43.5,-75
10.6,5.41,1.44,2002-09-27,"aba102",43.5,-75
11,4.88,12.56,2002-09-28,"aba102",43.5,-75
8.4,2.73,16.83,2002-09-29,"aba102",43.5,-75
14,4.49,16.66,2002-09-30,"aba102",43.5,-75
17.3,5.19,15.55,2002-10-01,"aba102",43.5,-75
18.3,4.37,7.31,2002-10-02,"aba102",43.5,-75
12.4,4.17,6.25,2002-10-03,"aba102",43.5,-75
10.6,7.24,3.68,2002-10-04,"aba102",43.5,-75
13.8,8.37,7.38,2002-10-05,"aba102",43.5,-75
9.3,5.65,15.97,2002-10-06,"aba102",43.5,-75
10.1,6.5,10.45,2002-10-07,"aba102",43.5,-75
4.3,3.07,15.77,2002-10-08,"aba102",43.5,-75
6.7,4.64,12.36,2002-10-09,"aba102",43.5,-75
10.8,3.1,8.56,2002-10-10,"aba102",43.5,-75
10.5,4.95,4.37,2002-10-11,"aba102",43.5,-75
10.8,5.88,3.01,2002-10-12,"aba102",43.5,-75
9.6,5.61,3.49,2002-10-13,"aba102",43.5,-75
2.3,4.69,15.12,2002-10-14,"aba102",43.5,-75
2.7,4.52,13.95,2002-10-15,"aba102",43.5,-75
4.8,4.21,2.04,2002-10-16,"aba102",43.5,-75
3.5,4.04,4.23,2002-10-17,"aba102",43.5,-75
2.6,4.16,9.96,2002-10-18,"aba102",43.5,-75
5.7,6.36,1.13,2002-10-19,"aba102",43.5,-75
3.9,5.5,8.38,2002-10-20,"aba102",43.5,-75
0.9,4.12,7.48,2002-10-21,"aba102",43.5,-75
-0.8,2.39,5.51,2002-10-22,"aba102",43.5,-75
0,3.98,11.56,2002-10-23,"aba102",43.5,-75
-1.8,1.84,9.1,2002-10-24,"aba102",43.5,-75
-0.3,5.14,13.07,2002-10-25,"aba102",43.5,-75
2.8,6.16,1.61,2002-10-26,"aba102",43.5,-75
2.7,5.32,5.77,2002-10-27,"aba102",43.5,-75
0.7,3.36,5.34,2002-10-28,"aba102",43.5,-75
-1.3,3.09,9.63,2002-10-29,"aba102",43.5,-75
-1.1,2.86,10.64,2002-10-30,"aba102",43.5,-75
-1.8,3.21,11.26,2002-10-31,"aba102",43.5,-75
-1,5.76,8.16,2002-11-01,"aba102",43.5,-75
-6.5,3.62,9.1,2002-11-02,"aba102",43.5,-75
-5.3,2.64,11.38,2002-11-03,"aba102",43.5,-75
-1.6,5.02,4.82,2002-11-04,"aba102",43.5,-75
-0.6,5.64,7.87,2002-11-05,"aba102",43.5,-75
0.2,5.95,1.71,2002-11-06,"aba102",43.5,-75
-5.6,6.09,11.65,2002-11-07,"aba102",43.5,-75
2.9,4.62,10.58,2002-11-08,"aba102",43.5,-75
8.1,3.81,9.76,2002-11-09,"aba102",43.5,-75
11.7,8.6,4.49,2002-11-10,"aba102",43.5,-75
12.6,6.99,1.44,2002-11-11,"aba102",43.5,-75
5.7,1.98,2.73,2002-11-12,"aba102",43.5,-75
3.1,3.22,3.35,2002-11-13,"aba102",43.5,-75
4.3,4.02,8.63,2002-11-14,"aba102",43.5,-75
3.6,4.2,2.84,2002-11-15,"aba102",43.5,-75
-2.8,5.22,5.11,2002-11-16,"aba102",43.5,-75
-1.3,6.03,1.19,2002-11-17,"aba102",43.5,-75
-2.1,8.3,3.87,2002-11-18,"aba102",43.5,-75
-0.6,4.98,5.84,2002-11-19,"aba102",43.5,-75
2.2,3.62,8.92,2002-11-20,"aba102",43.5,-75
2.6,4.44,6.76,2002-11-21,"aba102",43.5,-75
3.3,4.34,5.36,2002-11-22,"aba102",43.5,-75
-3.7,7.74,3.96,2002-11-23,"aba102",43.5,-75
0.1,6.84,6.05,2002-11-24,"aba102",43.5,-75
-0.9,2.61,2.62,2002-11-25,"aba102",43.5,-75
-2.2,2.94,5.03,2002-11-26,"aba102",43.5,-75
-7.8,4.52,6.72,2002-11-27,"aba102",43.5,-75
-11,3.99,7.15,2002-11-28,"aba102",43.5,-75
-3.9,6.35,1.75,2002-11-29,"aba102",43.5,-75
0.3,5.35,3.96,2002-11-30,"aba102",43.5,-75
-9.2,6.71,6.73,2002-12-01,"aba102",43.5,-75
-8.6,5.8,3.49,2002-12-02,"aba102",43.5,-75
-16.4,5.05,6.85,2002-12-03,"aba102",43.5,-75
-13,3.76,7.65,2002-12-04,"aba102",43.5,-75
-8.8,2.28,4.45,2002-12-05,"aba102",43.5,-75
-5.6,5,5.18,2002-12-06,"aba102",43.5,-75
-5.8,4.48,7.37,2002-12-07,"aba102",43.5,-75
-4.6,6.44,6.04,2002-12-08,"aba102",43.5,-75
-17.3,4.75,8.04,2002-12-09,"aba102",43.5,-75
-10,3.91,7.63,2002-12-10,"aba102",43.5,-75
-4.7,3.51,4.44,2002-12-11,"aba102",43.5,-75
0.1,3.54,4.18,2002-12-12,"aba102",43.5,-75
0.2,4.03,5.62,2002-12-13,"aba102",43.5,-75
1.4,6.02,1.98,2002-12-14,"aba102",43.5,-75
-0.3,5.02,3.47,2002-12-15,"aba102",43.5,-75
-5.5,5.2,3.6,2002-12-16,"aba102",43.5,-75
-11.9,3.76,7.86,2002-12-17,"aba102",43.5,-75
-10,4.03,8.15,2002-12-18,"aba102",43.5,-75
-2.2,4.42,4.67,2002-12-19,"aba102",43.5,-75
3,6.04,1.26,2002-12-20,"aba102",43.5,-75
-1.8,7.72,5.44,2002-12-21,"aba102",43.5,-75
-0.6,6.4,6.16,2002-12-22,"aba102",43.5,-75
-2.8,6.55,3.09,2002-12-23,"aba102",43.5,-75
-7,6.17,6.76,2002-12-24,"aba102",43.5,-75
-7.7,5.25,1.53,2002-12-25,"aba102",43.5,-75
-7.2,6.22,3.94,2002-12-26,"aba102",43.5,-75
-5.8,3.88,4.35,2002-12-27,"aba102",43.5,-75
-4.6,3.18,3.14,2002-12-28,"aba102",43.5,-75
-3.2,4.98,5.09,2002-12-29,"aba102",43.5,-75
-7.6,5.31,6.12,2002-12-30,"aba102",43.5,-75
1.1,5.15,2.09,2002-12-31,"aba102",43.5,-75
-2.3,4.46,4.25,2003-01-01,"aba102",43.5,-75
-9.1,5.2,7.66,2003-01-02,"aba102",43.5,-75
-7.4,5.96,2.63,2003-01-03,"aba102",43.5,-75
-5.2,4.43,2.47,2003-01-04,"aba102",43.5,-75
-6.6,2.4,6.65,2003-01-05,"aba102",43.5,-75
-4.5,2.93,4.14,2003-01-06,"aba102",43.5,-75
-9.4,3.81,6.21,2003-01-07,"aba102",43.5,-75
-3.5,6.16,5.1,2003-01-08,"aba102",43.5,-75
-3.6,4.81,6.97,2003-01-09,"aba102",43.5,-75
-7.9,5.05,7.62,2003-01-10,"aba102",43.5,-75
-10,5.72,4.5,2003-01-11,"aba102",43.5,-75
-6.7,5.64,6.11,2003-01-12,"aba102",43.5,-75
-8.9,7.7,4.85,2003-01-13,"aba102",43.5,-75
-16.3,4.74,8.94,2003-01-14,"aba102",43.5,-75
-12.8,5.22,6.34,2003-01-15,"aba102",43.5,-75
-12.2,4.56,6.96,2003-01-16,"aba102",43.5,-75
-14.5,4.05,8.19,2003-01-17,"aba102",43.5,-75
-18.5,4.13,9.3,2003-01-18,"aba102",43.5,-75
-13.2,5.32,6.49,2003-01-19,"aba102",43.5,-75
-12,7.84,8.52,2003-01-20,"aba102",43.5,-75
-19,5.19,9.96,2003-01-21,"aba102",43.5,-75
-21.2,6.26,10.17,2003-01-22,"aba102",43.5,-75
-22,4.68,5.97,2003-01-23,"aba102",43.5,-75
-18.8,4.69,9.89,2003-01-24,"aba102",43.5,-75
-10.3,4.48,6.93,2003-01-25,"aba102",43.5,-75
-8.4,3.83,4.3,2003-01-26,"aba102",43.5,-75
-20.8,4.31,10.9,2003-01-27,"aba102",43.5,-75
-17.7,2.51,10.39,2003-01-28,"aba102",43.5,-75
-9.5,3.27,5.2,2003-01-29,"aba102",43.5,-75
-10.9,3.2,10.72,2003-01-30,"aba102",43.5,-75
-5.6,3.77,8.98,2003-01-31,"aba102",43.5,-75
-1,3.61,4.2,2003-02-01,"aba102",43.5,-75
-0.8,6.56,4.7,2003-02-02,"aba102",43.5,-75
-1.6,5.3,7.95,2003-02-03,"aba102",43.5,-75
-0.5,8.61,2.33,2003-02-04,"aba102",43.5,-75
-10.8,8.97,8.11,2003-02-05,"aba102",43.5,-75
-10,3.59,11.81,2003-02-06,"aba102",43.5,-75
-7.8,4.22,6.37,2003-02-07,"aba102",43.5,-75
-10.1,4.81,11.57,2003-02-08,"aba102",43.5,-75
-8.4,6.91,10.08,2003-02-09,"aba102",43.5,-75
-7.9,5.55,7.77,2003-02-10,"aba102",43.5,-75
-17.5,5.95,12.21,2003-02-11,"aba102",43.5,-75
-13.9,7.55,10.93,2003-02-12,"aba102",43.5,-75
-18.8,5.98,12.56,2003-02-13,"aba102",43.5,-75
-17.6,5.73,12.74,2003-02-14,"aba102",43.5,-75
-19.8,3.62,14.45,2003-02-15,"aba102",43.5,-75
-18.4,3.83,10.99,2003-02-16,"aba102",43.5,-75
-12,4.61,5.67,2003-02-17,"aba102",43.5,-75
-6.5,4.24,6.81,2003-02-18,"aba102",43.5,-75
-1.9,3.91,12.72,2003-02-19,"aba102",43.5,-75
-1.9,4.71,13.64,2003-02-20,"aba102",43.5,-75
-0.3,3.47,14,2003-02-21,"aba102",43.5,-75
-0.6,7.29,3.12,2003-02-22,"aba102",43.5,-75
-3.6,7.61,3.03,2003-02-23,"aba102",43.5,-75
-11.3,6.98,8.24,2003-02-24,"aba102",43.5,-75
-15.1,5.11,14.29,2003-02-25,"aba102",43.5,-75
-15.8,2.77,16.86,2003-02-26,"aba102",43.5,-75
-9.6,3.1,16.26,2003-02-27,"aba102",43.5,-75
-4.9,2.67,11.98,2003-02-28,"aba102",43.5,-75
-2,3.51,11.29,2003-03-01,"aba102",43.5,-75
-1.5,5.51,3.89,2003-03-02,"aba102",43.5,-75
-20,6.73,17.88,2003-03-03,"aba102",43.5,-75
-10.5,4.39,11.1,2003-03-04,"aba102",43.5,-75
-0.7,4.52,3.42,2003-03-05,"aba102",43.5,-75
-10,4.34,9.56,2003-03-06,"aba102",43.5,-75
-11.1,4.32,18.69,2003-03-07,"aba102",43.5,-75
-1.4,5.92,14.87,2003-03-08,"aba102",43.5,-75
-6.9,6.87,11.66,2003-03-09,"aba102",43.5,-75
-15.1,7.57,17.29,2003-03-10,"aba102",43.5,-75
-9.5,4.74,15.33,2003-03-11,"aba102",43.5,-75
-1.4,4.8,7.57,2003-03-12,"aba102",43.5,-75
-6.6,4.08,7.07,2003-03-13,"aba102",43.5,-75
-10,3.52,19.38,2003-03-14,"aba102",43.5,-75
-0.6,2.86,14.53,2003-03-15,"aba102",43.5,-75
4.1,3.34,19.34,2003-03-16,"aba102",43.5,-75
6.2,2.82,18.12,2003-03-17,"aba102",43.5,-75
4,4.26,19.36,2003-03-18,"aba102",43.5,-75
-0.6,4.33,20.96,2003-03-19,"aba102",43.5,-75
-0.6,5.98,2.71,2003-03-20,"aba102",43.5,-75
4.1,6.28,16.64,2003-03-21,"aba102",43.5,-75
3,4.03,8.62,2003-03-22,"aba102",43.5,-75
0.9,4.4,7.79,2003-03-23,"aba102",43.5,-75
3.2,3.68,17.88,2003-03-24,"aba102",43.5,-75
6.9,5.16,16.64,2003-03-25,"aba102",43.5,-75
3.3,3.52,8.13,2003-03-26,"aba102",43.5,-75
0.4,3.68,22.05,2003-03-27,"aba102",43.5,-75
7,6.49,20.54,2003-03-28,"aba102",43.5,-75
7.6,7,4.36,2003-03-29,"aba102",43.5,-75
-2.7,4.25,5.26,2003-03-30,"aba102",43.5,-75
-7,7.28,21.76,2003-03-31,"aba102",43.5,-75
-7.2,4.6,10.98,2003-04-01,"aba102",43.5,-75
0.2,2.64,10.11,2003-04-02,"aba102",43.5,-75
-0.3,3.09,4.04,2003-04-03,"aba102",43.5,-75
-4.8,5.87,4.47,2003-04-04,"aba102",43.5,-75
-2.9,7.15,4.7,2003-04-05,"aba102",43.5,-75
-7,7,18.93,2003-04-06,"aba102",43.5,-75
-6.2,4.74,14.3,2003-04-07,"aba102",43.5,-75
-3.7,4.2,7.1,2003-04-08,"aba102",43.5,-75
-0.2,2.18,9.76,2003-04-09,"aba102",43.5,-75
2.3,3.51,25.27,2003-04-10,"aba102",43.5,-75
3.6,4.08,17.84,2003-04-11,"aba102",43.5,-75
6,5.32,24.54,2003-04-12,"aba102",43.5,-75
1.1,4.32,25.3,2003-04-13,"aba102",43.5,-75
4.6,5.25,25.5,2003-04-14,"aba102",43.5,-75
15.4,7.16,24.68,2003-04-15,"aba102",43.5,-75
6.6,5.12,11.17,2003-04-16,"aba102",43.5,-75
-0.8,4.83,24.69,2003-04-17,"aba102",43.5,-75
4.1,5.45,16.24,2003-04-18,"aba102",43.5,-75
8.7,3.94,10.38,2003-04-19,"aba102",43.5,-75
14.2,5.11,22.91,2003-04-20,"aba102",43.5,-75
11,4.84,10.25,2003-04-21,"aba102",43.5,-75
8,4.06,6.18,2003-04-22,"aba102",43.5,-75
-0.4,5.81,9.63,2003-04-23,"aba102",43.5,-75
1.1,6.3,21.09,2003-04-24,"aba102",43.5,-75
5.7,4.73,24.38,2003-04-25,"aba102",43.5,-75
6.6,4.99,3.65,2003-04-26,"aba102",43.5,-75
8.2,3.83,17.92,2003-04-27,"aba102",43.5,-75
14.4,6.13,27.09,2003-04-28,"aba102",43.5,-75
11.2,4.96,25.03,2003-04-29,"aba102",43.5,-75
9.3,3.54,25.93,2003-04-30,"aba102",43.5,-75
14.6,6.82,16.63,2003-05-01,"aba102",43.5,-75
10,5.87,3.74,2003-05-02,"aba102",43.5,-75
7.4,4,28.85,2003-05-03,"aba102",43.5,-75
9.5,2.92,27.84,2003-05-04,"aba102",43.5,-75
10.6,5.79,17.99,2003-05-05,"aba102",43.5,-75
8.6,6.04,11.31,2003-05-06,"aba102",43.5,-75
12,3.81,11.73,2003-05-07,"aba102",43.5,-75
11.6,2.65,10.23,2003-05-08,"aba102",43.5,-75
11.2,3.58,24.16,2003-05-09,"aba102",43.5,-75
12.4,3.22,27.7,2003-05-10,"aba102",43.5,-75
14.2,6.6,11.62,2003-05-11,"aba102",43.5,-75
8.1,5.54,11.84,2003-05-12,"aba102",43.5,-75
5.6,6.95,5.37,2003-05-13,"aba102",43.5,-75
7.4,4.9,4.3,2003-05-14,"aba102",43.5,-75
11.2,4.88,17.48,2003-05-15,"aba102",43.5,-75
12.1,5.44,18.93,2003-05-16,"aba102",43.5,-75
11.2,3.69,27,2003-05-17,"aba102",43.5,-75
14.2,3.45,29.77,2003-05-18,"aba102",43.5,-75
16.2,3.61,30.24,2003-05-19,"aba102",43.5,-75
16.9,5.83,23.31,2003-05-20,"aba102",43.5,-75
9.9,4.71,19.2,2003-05-21,"aba102",43.5,-75
10.5,3.61,21.26,2003-05-22,"aba102",43.5,-75
11.1,4.37,6.93,2003-05-23,"aba102",43.5,-75
9.7,5.52,6.11,2003-05-24,"aba102",43.5,-75
12.7,3.97,16.65,2003-05-25,"aba102",43.5,-75
10.9,3.06,5.93,2003-05-26,"aba102",43.5,-75
12.2,1.92,17.53,2003-05-27,"aba102",43.5,-75
11.8,3.64,13.02,2003-05-28,"aba102",43.5,-75
12.6,4.3,17.42,2003-05-29,"aba102",43.5,-75
13.1,4.44,16.97,2003-05-30,"aba102",43.5,-75
12.6,4.11,14.35,2003-05-31,"aba102",43.5,-75
9,6.67,4.55,2003-06-01,"aba102",43.5,-75
10.2,6.41,27,2003-06-02,"aba102",43.5,-75
11.6,2.6,24.36,2003-06-03,"aba102",43.5,-75
13.7,4.21,25.33,2003-06-04,"aba102",43.5,-75
12.1,4.47,5.43,2003-06-05,"aba102",43.5,-75
14.9,4.71,24.22,2003-06-06,"aba102",43.5,-75
13.9,2.48,9.04,2003-06-07,"aba102",43.5,-75
16.1,4.66,22.82,2003-06-08,"aba102",43.5,-75
15.6,5.66,21.24,2003-06-09,"aba102",43.5,-75
14.9,5.1,27.04,2003-06-10,"aba102",43.5,-75
16.6,4.85,12.81,2003-06-11,"aba102",43.5,-75
17,3.61,17.71,2003-06-12,"aba102",43.5,-75
13.8,6.52,3.89,2003-06-13,"aba102",43.5,-75
14.6,4.61,5.46,2003-06-14,"aba102",43.5,-75
15.5,4.21,29.46,2003-06-15,"aba102",43.5,-75
14.6,3.3,29.75,2003-06-16,"aba102",43.5,-75
16.3,3.14,24.9,2003-06-17,"aba102",43.5,-75
14.8,3.32,12.78,2003-06-18,"aba102",43.5,-75
15.2,4.01,15.02,2003-06-19,"aba102",43.5,-75
15.3,4.12,20.22,2003-06-20,"aba102",43.5,-75
15.4,3.23,15.58,2003-06-21,"aba102",43.5,-75
16.8,3.32,16.07,2003-06-22,"aba102",43.5,-75
20.2,4.33,27.81,2003-06-23,"aba102",43.5,-75
21.4,3.51,30.88,2003-06-24,"aba102",43.5,-75
22.6,4.36,28.08,2003-06-25,"aba102",43.5,-75
24.2,3.09,29.66,2003-06-26,"aba102",43.5,-75
19.5,5.3,20.27,2003-06-27,"aba102",43.5,-75
18.2,3.06,26.81,2003-06-28,"aba102",43.5,-75
19.5,5.1,23.93,2003-06-29,"aba102",43.5,-75
17.6,4.79,23.33,2003-06-30,"aba102",43.5,-75
17.3,3.31,30.34,2003-07-01,"aba102",43.5,-75
19.7,3.2,24.93,2003-07-02,"aba102",43.5,-75
21,3.42,23.6,2003-07-03,"aba102",43.5,-75
22.7,4.88,26.23,2003-07-04,"aba102",43.5,-75
21.6,4.5,15.39,2003-07-05,"aba102",43.5,-75
21.2,3.85,26.67,2003-07-06,"aba102",43.5,-75
19.7,2.31,14.7,2003-07-07,"aba102",43.5,-75
21.3,6.1,21.37,2003-07-08,"aba102",43.5,-75
18.2,3.6,17.33,2003-07-09,"aba102",43.5,-75
17.3,5.03,21.83,2003-07-10,"aba102",43.5,-75
15.7,5.87,10.22,2003-07-11,"aba102",43.5,-75
16.5,6.86,19.76,2003-07-12,"aba102",43.5,-75
15.8,3.67,18.95,2003-07-13,"aba102",43.5,-75
18.4,2.97,27.4,2003-07-14,"aba102",43.5,-75
20.1,4.66,28.26,2003-07-15,"aba102",43.5,-75
18.7,5.64,17.15,2003-07-16,"aba102",43.5,-75
18.4,4.1,23.7,2003-07-17,"aba102",43.5,-75
17.5,3.67,21.69,2003-07-18,"aba102",43.5,-75
15.2,3.2,22,2003-07-19,"aba102",43.5,-75
16.7,3.31,21.86,2003-07-20,"aba102",43.5,-75
17.7,4.52,10.04,2003-07-21,"aba102",43.5,-75
18.4,4.13,14.72,2003-07-22,"aba102",43.5,-75
18,2.44,16.95,2003-07-23,"aba102",43.5,-75
16.8,3.51,14.3,2003-07-24,"aba102",43.5,-75
18.5,4.4,24.12,2003-07-25,"aba102",43.5,-75
19.4,5.85,18.25,2003-07-26,"aba102",43.5,-75
18.9,5.51,6.44,2003-07-27,"aba102",43.5,-75
15.9,4.62,17.86,2003-07-28,"aba102",43.5,-75
16.7,2.73,23.16,2003-07-29,"aba102",43.5,-75
18,2.44,21.99,2003-07-30,"aba102",43.5,-75
19.9,3.67,23.11,2003-07-31,"aba102",43.5,-75
16.2,4.49,5.36,2003-08-01,"aba102",43.5,-75
19.5,2.94,19.44,2003-08-02,"aba102",43.5,-75
21.6,3.83,19.41,2003-08-03,"aba102",43.5,-75
21.8,4.14,16.27,2003-08-04,"aba102",43.5,-75
20.7,2.56,14.45,2003-08-05,"aba102",43.5,-75
18.9,3.19,16.18,2003-08-06,"aba102",43.5,-75
19.8,2.21,19.62,2003-08-07,"aba102",43.5,-75
20.7,2.37,21.04,2003-08-08,"aba102",43.5,-75
20.7,3.04,15.87,2003-08-09,"aba102",43.5,-75
20.8,3.34,11.52,2003-08-10,"aba102",43.5,-75
20.5,2.12,14.25,2003-08-11,"aba102",43.5,-75
20.7,2.04,15.97,2003-08-12,"aba102",43.5,-75
21.4,3.11,19.92,2003-08-13,"aba102",43.5,-75
21.5,3.61,23.78,2003-08-14,"aba102",43.5,-75
21,4.43,22.83,2003-08-15,"aba102",43.5,-75
20.2,4.1,12.68,2003-08-16,"aba102",43.5,-75
17.5,3.26,18.13,2003-08-17,"aba102",43.5,-75
18,2.43,18.7,2003-08-18,"aba102",43.5,-75
18.3,3.3,22.72,2003-08-19,"aba102",43.5,-75
19.8,2.5,24.41,2003-08-20,"aba102",43.5,-75
21,3.55,21.64,2003-08-21,"aba102",43.5,-75
21.3,4.67,16.82,2003-08-22,"aba102",43.5,-75
16,5.97,25.29,2003-08-23,"aba102",43.5,-75
13.3,4.22,24.89,2003-08-24,"aba102",43.5,-75
16.7,4.12,8.51,2003-08-25,"aba102",43.5,-75
17.8,3.44,14.5,2003-08-26,"aba102",43.5,-75
18.9,7,19.76,2003-08-27,"aba102",43.5,-75
13.1,3.24,22.59,2003-08-28,"aba102",43.5,-75
17.5,5.22,17.42,2003-08-29,"aba102",43.5,-75
14.4,4.24,9.9,2003-08-30,"aba102",43.5,-75
11.8,2.02,20.29,2003-08-31,"aba102",43.5,-75
12.8,2.26,9.32,2003-09-01,"aba102",43.5,-75
14.2,2.93,11.54,2003-09-02,"aba102",43.5,-75
13.8,5.06,3.72,2003-09-03,"aba102",43.5,-75
16.6,4.94,15.53,2003-09-04,"aba102",43.5,-75
13.1,3.62,10.03,2003-09-05,"aba102",43.5,-75
12.8,3.13,15.38,2003-09-06,"aba102",43.5,-75
14.9,3.72,17.19,2003-09-07,"aba102",43.5,-75
14.6,3.09,16.62,2003-09-08,"aba102",43.5,-75
12.9,3.71,22.2,2003-09-09,"aba102",43.5,-75
13.6,2.77,21.33,2003-09-10,"aba102",43.5,-75
17.2,2.77,17.17,2003-09-11,"aba102",43.5,-75
16.9,3.61,20.38,2003-09-12,"aba102",43.5,-75
15.6,4.44,8.92,2003-09-13,"aba102",43.5,-75
20.2,4.9,9.8,2003-09-14,"aba102",43.5,-75
19.1,5.03,4.97,2003-09-15,"aba102",43.5,-75
15,4.22,16.88,2003-09-16,"aba102",43.5,-75
13.8,2.8,19.72,2003-09-17,"aba102",43.5,-75
14.9,5.81,16.84,2003-09-18,"aba102",43.5,-75
18.2,9.82,9,2003-09-19,"aba102",43.5,-75
15,3.74,9.03,2003-09-20,"aba102",43.5,-75
12.2,2.33,13.64,2003-09-21,"aba102",43.5,-75
13.3,7.1,8.78,2003-09-22,"aba102",43.5,-75
13.4,7.05,7.86,2003-09-23,"aba102",43.5,-75
12.3,4.63,16.28,2003-09-24,"aba102",43.5,-75
12.2,5.2,8.23,2003-09-25,"aba102",43.5,-75
10.3,4.53,17.52,2003-09-26,"aba102",43.5,-75
18,8.09,13.2,2003-09-27,"aba102",43.5,-75
11.7,6.75,2.73,2003-09-28,"aba102",43.5,-75
8.4,4.62,12.38,2003-09-29,"aba102",43.5,-75
6.6,4.25,15.2,2003-09-30,"aba102",43.5,-75
5.9,4.12,12.46,2003-10-01,"aba102",43.5,-75
2.6,5.1,13.88,2003-10-02,"aba102",43.5,-75
3,5.39,16.44,2003-10-03,"aba102",43.5,-75
4.2,5.97,2.08,2003-10-04,"aba102",43.5,-75
2.8,5.16,11.39,2003-10-05,"aba102",43.5,-75
2.4,3.01,9.77,2003-10-06,"aba102",43.5,-75
4.6,3.49,15.79,2003-10-07,"aba102",43.5,-75
9.5,3.54,16.07,2003-10-08,"aba102",43.5,-75
14,2.77,14.76,2003-10-09,"aba102",43.5,-75
14.8,3.11,13.5,2003-10-10,"aba102",43.5,-75
14.2,3.11,15.44,2003-10-11,"aba102",43.5,-75
12.9,4.46,14.76,2003-10-12,"aba102",43.5,-75
9.2,4.24,14.37,2003-10-13,"aba102",43.5,-75
9.7,7.45,12.93,2003-10-14,"aba102",43.5,-75
7.4,10.99,1.74,2003-10-15,"aba102",43.5,-75
4.1,6.36,9.31,2003-10-16,"aba102",43.5,-75
2.9,3.77,9.4,2003-10-17,"aba102",43.5,-75
2.2,3.11,10.16,2003-10-18,"aba102",43.5,-75
1.2,3.58,6.65,2003-10-19,"aba102",43.5,-75
1.4,5.05,10,2003-10-20,"aba102",43.5,-75
6.1,5.56,3.18,2003-10-21,"aba102",43.5,-75
0.4,4.55,6.4,2003-10-22,"aba102",43.5,-75
-1.2,6.22,7.31,2003-10-23,"aba102",43.5,-75
-0.7,4.88,8.36,2003-10-24,"aba102",43.5,-75
3.9,5.92,8.72,2003-10-25,"aba102",43.5,-75
10.5,5.98,4.07,2003-10-26,"aba102",43.5,-75
6.8,4.41,0.82,2003-10-27,"aba102",43.5,-75
4.6,5.69,7.71,2003-10-28,"aba102",43.5,-75
5.1,5.91,0.78,2003-10-29,"aba102",43.5,-75
4.7,4.75,8.43,2003-10-30,"aba102",43.5,-75
11.4,4.4,10.94,2003-10-31,"aba102",43.5,-75
12.1,3.92,3,2003-11-01,"aba102",43.5,-75
6,2.28,2.13,2003-11-02,"aba102",43.5,-75
9,3.07,1.24,2003-11-03,"aba102",43.5,-75
4.1,6.02,1.67,2003-11-04,"aba102",43.5,-75
8.1,5.52,1.63,2003-11-05,"aba102",43.5,-75
5,3.89,4.89,2003-11-06,"aba102",43.5,-75
2.4,5.81,7.17,2003-11-07,"aba102",43.5,-75
-4.2,6.8,11.16,2003-11-08,"aba102",43.5,-75
-5.6,3.83,10.11,2003-11-09,"aba102",43.5,-75
-2.2,2.13,10.65,2003-11-10,"aba102",43.5,-75
0.3,5.8,1.69,2003-11-11,"aba102",43.5,-75
6.2,6,2.83,2003-11-12,"aba102",43.5,-75
1.6,10.29,2.02,2003-11-13,"aba102",43.5,-75
-5.7,9.13,8.81,2003-11-14,"aba102",43.5,-75
-7.4,4.95,10.41,2003-11-15,"aba102",43.5,-75
-4.1,2.02,5.93,2003-11-16,"aba102",43.5,-75
1.1,3.05,3.07,2003-11-17,"aba102",43.5,-75
3.7,6.57,5.91,2003-11-18,"aba102",43.5,-75
10.4,9.31,0.78,2003-11-19,"aba102",43.5,-75
3.6,5.68,4.05,2003-11-20,"aba102",43.5,-75
3.5,3,8.95,2003-11-21,"aba102",43.5,-75
4.3,3.8,8.74,2003-11-22,"aba102",43.5,-75
6.3,4.78,8.12,2003-11-23,"aba102",43.5,-75
6.8,6.75,8.68,2003-11-24,"aba102",43.5,-75
-2.8,5.26,4.46,2003-11-25,"aba102",43.5,-75
-1,2.82,6.7,2003-11-26,"aba102",43.5,-75
1.9,4.1,7.65,2003-11-27,"aba102",43.5,-75
5.4,6.97,1.38,2003-11-28,"aba102",43.5,-75
-1.8,10.85,3.79,2003-11-29,"aba102",43.5,-75
-1,5.4,2.62,2003-11-30,"aba102",43.5,-75
-1.9,7.98,7.2,2003-12-01,"aba102",43.5,-75
-11.3,6.79,7.24,2003-12-02,"aba102",43.5,-75
-13.3,3.67,6.2,2003-12-03,"aba102",43.5,-75
-7.9,4.39,3.2,2003-12-04,"aba102",43.5,-75
-13.4,3.86,7.86,2003-12-05,"aba102",43.5,-75
-10.1,4.54,2.72,2003-12-06,"aba102",43.5,-75
-9.9,5.9,4.04,2003-12-07,"aba102",43.5,-75
-10.3,4.03,7.56,2003-12-08,"aba102",43.5,-75
-7.4,3.36,6.77,2003-12-09,"aba102",43.5,-75
-0.8,7.82,5.31,2003-12-10,"aba102",43.5,-75
3,8.06,0.68,2003-12-11,"aba102",43.5,-75
-5.8,6.87,6.42,2003-12-12,"aba102",43.5,-75
-13.8,3.76,7.89,2003-12-13,"aba102",43.5,-75
-12.3,6.45,2.34,2003-12-14,"aba102",43.5,-75
-6.5,6.36,3.82,2003-12-15,"aba102",43.5,-75
-4.8,5.38,7.37,2003-12-16,"aba102",43.5,-75
-0.6,4.61,1.83,2003-12-17,"aba102",43.5,-75
-5.5,6.77,3.23,2003-12-18,"aba102",43.5,-75
-6.7,3.52,5.57,2003-12-19,"aba102",43.5,-75
-8.2,3.67,5.29,2003-12-20,"aba102",43.5,-75
-8.1,4.77,5.07,2003-12-21,"aba102",43.5,-75
-0.7,4.1,4.38,2003-12-22,"aba102",43.5,-75
3.6,5,2.56,2003-12-23,"aba102",43.5,-75
3.6,5.31,1.04,2003-12-24,"aba102",43.5,-75
-1,4.42,3.69,2003-12-25,"aba102",43.5,-75
-3.5,6.86,3.18,2003-12-26,"aba102",43.5,-75
-4.7,3.83,8.01,2003-12-27,"aba102",43.5,-75
-3.2,3.94,7.54,2003-12-28,"aba102",43.5,-75
1.7,3.51,7.7,2003-12-29,"aba102",43.5,-75
1.7,9.01,3.23,2003-12-30,"aba102",43.5,-75
-0.1,7.4,5.28,2003-12-31,"aba102",43.5,-75
-3.1,6.56,4.15,2004-01-01,"aba102",43.5,-75
-2.7,4.02,1.82,2004-01-02,"aba102",43.5,-75
2.9,5.19,1.24,2004-01-03,"aba102",43.5,-75
-0.5,4,3.59,2004-01-04,"aba102",43.5,-75
-5.6,4.9,1.37,2004-01-05,"aba102",43.5,-75
-8.9,7.72,5.24,2004-01-06,"aba102",43.5,-75
-13.5,6.14,5.33,2004-01-07,"aba102",43.5,-75
-19,4.36,6.85,2004-01-08,"aba102",43.5,-75
-26.4,3.7,9.19,2004-01-09,"aba102",43.5,-75
-26.3,3.61,9.05,2004-01-10,"aba102",43.5,-75
-17.2,3.85,5.03,2004-01-11,"aba102",43.5,-75
-7.2,3.11,3.37,2004-01-12,"aba102",43.5,-75
-10.7,8.06,5.09,2004-01-13,"aba102",43.5,-75
-26.3,4.97,7.47,2004-01-14,"aba102",43.5,-75
-25,6.16,9.58,2004-01-15,"aba102",43.5,-75
-22.6,7.45,6.47,2004-01-16,"aba102",43.5,-75
-14.6,5.17,8.49,2004-01-17,"aba102",43.5,-75
-6.6,5.48,4.68,2004-01-18,"aba102",43.5,-75
-14.5,5.54,7.71,2004-01-19,"aba102",43.5,-75
-15.9,5.24,8.82,2004-01-20,"aba102",43.5,-75
-15.9,4.27,9.4,2004-01-21,"aba102",43.5,-75
-10.3,7.29,6.63,2004-01-22,"aba102",43.5,-75
-18.4,5.24,8.72,2004-01-23,"aba102",43.5,-75
-22.2,4.81,10.37,2004-01-24,"aba102",43.5,-75
-23,4.46,10.71,2004-01-25,"aba102",43.5,-75
-18.1,4.08,8.36,2004-01-26,"aba102",43.5,-75
-12.1,4.74,3.36,2004-01-27,"aba102",43.5,-75
-8.8,6.07,4.06,2004-01-28,"aba102",43.5,-75
-13,7.2,8.6,2004-01-29,"aba102",43.5,-75
-14.6,6.56,9.26,2004-01-30,"aba102",43.5,-75
-14,5.77,8.85,2004-01-31,"aba102",43.5,-75
-11.8,4.19,9.35,2004-02-01,"aba102",43.5,-75
-7.9,3.58,11.26,2004-02-02,"aba102",43.5,-75
-4.8,5.95,5.19,2004-02-03,"aba102",43.5,-75
-5.3,7.42,8.2,2004-02-04,"aba102",43.5,-75
-8.5,5.76,9.54,2004-02-05,"aba102",43.5,-75
-4.4,6.16,1.57,2004-02-06,"aba102",43.5,-75
-5.3,6.21,5.45,2004-02-07,"aba102",43.5,-75
-13.3,5.94,12.51,2004-02-08,"aba102",43.5,-75
-4.5,4.98,9.57,2004-02-09,"aba102",43.5,-75
-2.4,6.05,7.69,2004-02-10,"aba102",43.5,-75
-7.7,6.74,7.65,2004-02-11,"aba102",43.5,-75
-8.3,3.22,9.63,2004-02-12,"aba102",43.5,-75
-4.1,6.69,7.5,2004-02-13,"aba102",43.5,-75
-5.9,6.13,6.66,2004-02-14,"aba102",43.5,-75
-17.2,3.93,14.54,2004-02-15,"aba102",43.5,-75
-16.2,2.92,14.27,2004-02-16,"aba102",43.5,-75
-10.8,3.64,10.3,2004-02-17,"aba102",43.5,-75
-7.4,2.97,14.73,2004-02-18,"aba102",43.5,-75
-4.8,4.42,7.84,2004-02-19,"aba102",43.5,-75
-4.5,5.91,6.22,2004-02-20,"aba102",43.5,-75
-1.3,5.69,5.39,2004-02-21,"aba102",43.5,-75
-4,5.85,5.78,2004-02-22,"aba102",43.5,-75
-6.7,3.71,15.37,2004-02-23,"aba102",43.5,-75
-7.3,4.05,12.78,2004-02-24,"aba102",43.5,-75
-9.5,4.1,16.35,2004-02-25,"aba102",43.5,-75
-7,3.85,16.43,2004-02-26,"aba102",43.5,-75
-6.1,3.58,16.56,2004-02-27,"aba102",43.5,-75
-2.8,4.1,16.38,2004-02-28,"aba102",43.5,-75
-0.1,3.98,15.92,2004-02-29,"aba102",43.5,-75
3.2,4.79,15.26,2004-03-01,"aba102",43.5,-75
5.3,6.2,6.79,2004-03-02,"aba102",43.5,-75
1.4,5.82,7.19,2004-03-03,"aba102",43.5,-75
1.6,3.6,6.47,2004-03-04,"aba102",43.5,-75
3.5,6.44,3.78,2004-03-05,"aba102",43.5,-75
1.8,6.82,6.42,2004-03-06,"aba102",43.5,-75
-2.8,5.44,15.13,2004-03-07,"aba102",43.5,-75
-2.3,3.89,4.78,2004-03-08,"aba102",43.5,-75
-2.8,3.45,10.22,2004-03-09,"aba102",43.5,-75
-2,1.77,15.89,2004-03-10,"aba102",43.5,-75
-1.1,2.33,19.01,2004-03-11,"aba102",43.5,-75
-3.8,7.95,8.5,2004-03-12,"aba102",43.5,-75
-8.9,6.43,12.2,2004-03-13,"aba102",43.5,-75
-5.8,5.97,13.48,2004-03-14,"aba102",43.5,-75
-1.5,7.71,11.06,2004-03-15,"aba102",43.5,-75
-7.3,4.85,7.85,2004-03-16,"aba102",43.5,-75
-6.2,4.25,13.44,2004-03-17,"aba102",43.5,-75
-5.5,3.55,11.58,2004-03-18,"aba102",43.5,-75
-5.2,3.58,15.44,2004-03-19,"aba102",43.5,-75
-2.2,5.81,8.78,2004-03-20,"aba102",43.5,-75
-3.2,6.05,11.63,2004-03-21,"aba102",43.5,-75
-13.5,5.83,21.21,2004-03-22,"aba102",43.5,-75
-7.3,6.52,13.02,2004-03-23,"aba102",43.5,-75
-0.2,4.22,20.5,2004-03-24,"aba102",43.5,-75
4.8,4.33,4.69,2004-03-25,"aba102",43.5,-75
8.6,4.42,11.82,2004-03-26,"aba102",43.5,-75
6.6,4.08,10.97,2004-03-27,"aba102",43.5,-75
5.8,4.53,22.65,2004-03-28,"aba102",43.5,-75
6.3,4.86,22.8,2004-03-29,"aba102",43.5,-75
6.1,4.69,22.64,2004-03-30,"aba102",43.5,-75
4.7,3.58,4.48,2004-03-31,"aba102",43.5,-75
4.8,6.02,3.81,2004-04-01,"aba102",43.5,-75
4.1,5.81,5.84,2004-04-02,"aba102",43.5,-75
3.1,2.5,10.1,2004-04-03,"aba102",43.5,-75
-0.7,6.16,10.04,2004-04-04,"aba102",43.5,-75
-7.2,6.91,18.8,2004-04-05,"aba102",43.5,-75
-2.3,6.19,25.03,2004-04-06,"aba102",43.5,-75
1.8,4.59,16.7,2004-04-07,"aba102",43.5,-75
2.8,3.82,18.08,2004-04-08,"aba102",43.5,-75
3.5,6.26,23.39,2004-04-09,"aba102",43.5,-75
1.9,6.81,19.31,2004-04-10,"aba102",43.5,-75
1.9,3.04,21.69,2004-04-11,"aba102",43.5,-75
4.4,4.23,20.87,2004-04-12,"aba102",43.5,-75
3.8,6.51,6.06,2004-04-13,"aba102",43.5,-75
3.6,4.24,4.61,2004-04-14,"aba102",43.5,-75
4.1,5.53,25.91,2004-04-15,"aba102",43.5,-75
6.6,3.26,26.11,2004-04-16,"aba102",43.5,-75
11.7,4.66,16.64,2004-04-17,"aba102",43.5,-75
11.8,5.59,15.64,2004-04-18,"aba102",43.5,-75
16.9,7.94,18.97,2004-04-19,"aba102",43.5,-75
7.5,5.46,25.51,2004-04-20,"aba102",43.5,-75
11.5,8,19.93,2004-04-21,"aba102",43.5,-75
12,4.96,15,2004-04-22,"aba102",43.5,-75
8.6,3.28,17.32,2004-04-23,"aba102",43.5,-75
7.5,7.02,25.95,2004-04-24,"aba102",43.5,-75
3,6.16,11.86,2004-04-25,"aba102",43.5,-75
6.3,4.88,4.09,2004-04-26,"aba102",43.5,-75
5.5,5.71,22.79,2004-04-27,"aba102",43.5,-75
2.6,5.03,23.16,2004-04-28,"aba102",43.5,-75
14.5,5.81,24.56,2004-04-29,"aba102",43.5,-75
19.1,4.36,23.1,2004-04-30,"aba102",43.5,-75
18.2,5.91,19.07,2004-05-01,"aba102",43.5,-75
16.6,8.01,10.52,2004-05-02,"aba102",43.5,-75
4.1,4.61,11.37,2004-05-03,"aba102",43.5,-75
3.5,6.11,21.35,2004-05-04,"aba102",43.5,-75
5.3,4.98,9.6,2004-05-05,"aba102",43.5,-75
10.4,4.39,22.42,2004-05-06,"aba102",43.5,-75
12,5.64,24.8,2004-05-07,"aba102",43.5,-75
5.5,4.1,18.8,2004-05-08,"aba102",43.5,-75
9.7,3.96,9.02,2004-05-09,"aba102",43.5,-75
14.5,4.15,13.3,2004-05-10,"aba102",43.5,-75
17.9,4.1,24.49,2004-05-11,"aba102",43.5,-75
18.3,3.51,26.55,2004-05-12,"aba102",43.5,-75
20.5,4.17,24.52,2004-05-13,"aba102",43.5,-75
20.2,4.78,23.9,2004-05-14,"aba102",43.5,-75
17.4,4.21,13.28,2004-05-15,"aba102",43.5,-75
11.7,3.59,18.59,2004-05-16,"aba102",43.5,-75
14.8,4.7,29.43,2004-05-17,"aba102",43.5,-75
17,5.47,10.8,2004-05-18,"aba102",43.5,-75
14.2,3.81,27.82,2004-05-19,"aba102",43.5,-75
15,6.86,25.81,2004-05-20,"aba102",43.5,-75
16.4,4.47,19.2,2004-05-21,"aba102",43.5,-75
14.2,4,5.88,2004-05-22,"aba102",43.5,-75
16.4,4.74,12.36,2004-05-23,"aba102",43.5,-75
15.9,5.33,12.89,2004-05-24,"aba102",43.5,-75
12,4.46,8.15,2004-05-25,"aba102",43.5,-75
14.7,5.42,13.57,2004-05-26,"aba102",43.5,-75
14.8,4.14,27.71,2004-05-27,"aba102",43.5,-75
14,4.88,17.49,2004-05-28,"aba102",43.5,-75
7.5,6.59,20.98,2004-05-29,"aba102",43.5,-75
10.4,4.2,29.13,2004-05-30,"aba102",43.5,-75
11.5,4.46,25.97,2004-05-31,"aba102",43.5,-75
11.7,5.16,15.27,2004-06-01,"aba102",43.5,-75
12.4,4.14,16.65,2004-06-02,"aba102",43.5,-75
11.4,5.18,24.02,2004-06-03,"aba102",43.5,-75
11.8,2.83,30.77,2004-06-04,"aba102",43.5,-75
13.9,3.81,23.7,2004-06-05,"aba102",43.5,-75
13.3,3.61,10.65,2004-06-06,"aba102",43.5,-75
16.4,4,22.62,2004-06-07,"aba102",43.5,-75
21.2,4.34,28.81,2004-06-08,"aba102",43.5,-75
22,5.12,22.89,2004-06-09,"aba102",43.5,-75
13.9,3.59,18.08,2004-06-10,"aba102",43.5,-75
11.5,3.38,30.43,2004-06-11,"aba102",43.5,-75
12.9,3.04,31.5,2004-06-12,"aba102",43.5,-75
15.4,5.22,22.96,2004-06-13,"aba102",43.5,-75
17.8,4.61,16.34,2004-06-14,"aba102",43.5,-75
19.1,5.05,25.27,2004-06-15,"aba102",43.5,-75
18.3,2.4,29.08,2004-06-16,"aba102",43.5,-75
18.5,2.4,9.34,2004-06-17,"aba102",43.5,-75
19.2,2.86,17.58,2004-06-18,"aba102",43.5,-75
15.9,6.72,23.25,2004-06-19,"aba102",43.5,-75
11.6,5.02,22.71,2004-06-20,"aba102",43.5,-75
14.5,4.54,26.5,2004-06-21,"aba102",43.5,-75
15.8,4.97,11.5,2004-06-22,"aba102",43.5,-75
15.6,3.53,30.91,2004-06-23,"aba102",43.5,-75
17.4,5.13,26.82,2004-06-24,"aba102",43.5,-75
12.4,4.42,18.36,2004-06-25,"aba102",43.5,-75
12.4,5.81,23.9,2004-06-26,"aba102",43.5,-75
12.8,7.5,22.8,2004-06-27,"aba102",43.5,-75
12.4,4.4,16.57,2004-06-28,"aba102",43.5,-75
13.9,5.64,19.83,2004-06-29,"aba102",43.5,-75
15.5,3.31,28.04,2004-06-30,"aba102",43.5,-75
18.1,4.61,26.42,2004-07-01,"aba102",43.5,-75
16.8,4.53,20.9,2004-07-02,"aba102",43.5,-75
17.6,3.42,28.72,2004-07-03,"aba102",43.5,-75
19.3,5.24,22.64,2004-07-04,"aba102",43.5,-75
19.1,4.9,14.25,2004-07-05,"aba102",43.5,-75
16,4.17,16,2004-07-06,"aba102",43.5,-75
17.7,4.2,22.34,2004-07-07,"aba102",43.5,-75
18.8,3.89,17.43,2004-07-08,"aba102",43.5,-75
15.2,5.3,16.44,2004-07-09,"aba102",43.5,-75
17.5,4,19.5,2004-07-10,"aba102",43.5,-75
19,2.3,23.82,2004-07-11,"aba102",43.5,-75
18.1,3.86,14.49,2004-07-12,"aba102",43.5,-75
17.5,3.58,14.68,2004-07-13,"aba102",43.5,-75
17.5,5.72,13,2004-07-14,"aba102",43.5,-75
16.7,4.68,16.16,2004-07-15,"aba102",43.5,-75
16.5,4.54,7.54,2004-07-16,"aba102",43.5,-75
18.5,2.28,17.24,2004-07-17,"aba102",43.5,-75
18,2.94,18.79,2004-07-18,"aba102",43.5,-75
18.3,2.5,19.29,2004-07-19,"aba102",43.5,-75
18.4,3.35,22.04,2004-07-20,"aba102",43.5,-75
20.1,2.72,24.54,2004-07-21,"aba102",43.5,-75
21.9,4.84,23.77,2004-07-22,"aba102",43.5,-75
19.4,3.51,6.9,2004-07-23,"aba102",43.5,-75
15.3,4.11,25.87,2004-07-24,"aba102",43.5,-75
15.3,3.26,20.67,2004-07-25,"aba102",43.5,-75
16.9,1.57,15.23,2004-07-26,"aba102",43.5,-75
14.5,4.3,2.65,2004-07-27,"aba102",43.5,-75
15.8,3.41,12.63,2004-07-28,"aba102",43.5,-75
18.6,2,18,2004-07-29,"aba102",43.5,-75
20.3,4,20.87,2004-07-30,"aba102",43.5,-75
21.5,5.74,10.73,2004-07-31,"aba102",43.5,-75
20.8,3.89,17.63,2004-08-01,"aba102",43.5,-75
19.4,2.2,26.3,2004-08-02,"aba102",43.5,-75
19.4,3.45,20.12,2004-08-03,"aba102",43.5,-75
17.8,2.81,14.68,2004-08-04,"aba102",43.5,-75
14.8,4.52,23.11,2004-08-05,"aba102",43.5,-75
10.7,3.83,15.97,2004-08-06,"aba102",43.5,-75
12.1,3.69,21.83,2004-08-07,"aba102",43.5,-75
13.2,4.61,18.5,2004-08-08,"aba102",43.5,-75
16.1,3.51,20.22,2004-08-09,"aba102",43.5,-75
18.6,5.11,20.25,2004-08-10,"aba102",43.5,-75
19,4.81,19.5,2004-08-11,"aba102",43.5,-75
16.4,2.56,7.77,2004-08-12,"aba102",43.5,-75
16.1,3.61,4.27,2004-08-13,"aba102",43.5,-75
15.8,2.69,17.59,2004-08-14,"aba102",43.5,-75
16.2,2.47,11.45,2004-08-15,"aba102",43.5,-75
15.3,2.6,11.06,2004-08-16,"aba102",43.5,-75
15.5,2.81,19.82,2004-08-17,"aba102",43.5,-75
18.7,4.08,22.36,2004-08-18,"aba102",43.5,-75
18.4,5.24,11.47,2004-08-19,"aba102",43.5,-75
16.9,4.35,13.9,2004-08-20,"aba102",43.5,-75
13.8,4.52,8.01,2004-08-21,"aba102",43.5,-75
12.7,2.83,24.44,2004-08-22,"aba102",43.5,-75
15.7,4.59,16.28,2004-08-23,"aba102",43.5,-75
13.8,3.23,24.64,2004-08-24,"aba102",43.5,-75
16.3,4.3,15.47,2004-08-25,"aba102",43.5,-75
18.4,4.4,19.94,2004-08-26,"aba102",43.5,-75
21,4.1,15.9,2004-08-27,"aba102",43.5,-75
21.2,3.42,8.8,2004-08-28,"aba102",43.5,-75
20.7,4.66,14.62,2004-08-29,"aba102",43.5,-75
19.6,3.52,5.17,2004-08-30,"aba102",43.5,-75
17.2,4.64,16.4,2004-08-31,"aba102",43.5,-75
15,3.89,14.8,2004-09-01,"aba102",43.5,-75
13.3,2.56,22.71,2004-09-02,"aba102",43.5,-75
16.1,3.29,21.78,2004-09-03,"aba102",43.5,-75
18.5,2.84,15.64,2004-09-04,"aba102",43.5,-75
15.4,3.91,10.13,2004-09-05,"aba102",43.5,-75
16.4,4.53,18.32,2004-09-06,"aba102",43.5,-75
17.9,5.03,11.58,2004-09-07,"aba102",43.5,-75
16.5,5.12,5.82,2004-09-08,"aba102",43.5,-75
16.9,8.57,3.69,2004-09-09,"aba102",43.5,-75
14.5,5.3,13.55,2004-09-10,"aba102",43.5,-75
13.9,2.64,18.94,2004-09-11,"aba102",43.5,-75
15.4,3.4,16.45,2004-09-12,"aba102",43.5,-75
15.5,2.81,19.02,2004-09-13,"aba102",43.5,-75
14.3,3.38,19.92,2004-09-14,"aba102",43.5,-75
16.1,3.29,12.37,2004-09-15,"aba102",43.5,-75
17.3,4.02,13.7,2004-09-16,"aba102",43.5,-75
14.7,3,6.47,2004-09-17,"aba102",43.5,-75
9.7,5.5,12.48,2004-09-18,"aba102",43.5,-75
6.9,4.94,14.27,2004-09-19,"aba102",43.5,-75
8.9,2.82,15.8,2004-09-20,"aba102",43.5,-75
14.1,3.22,15.7,2004-09-21,"aba102",43.5,-75
16.1,4.49,18.01,2004-09-22,"aba102",43.5,-75
17.3,4.06,15.65,2004-09-23,"aba102",43.5,-75
16.3,2.91,18.11,2004-09-24,"aba102",43.5,-75
16.8,4.81,10.52,2004-09-25,"aba102",43.5,-75
13.8,3.05,17.68,2004-09-26,"aba102",43.5,-75
12.5,2.91,17.94,2004-09-27,"aba102",43.5,-75
15,4.14,7.2,2004-09-28,"aba102",43.5,-75
11.9,4.33,17.37,2004-09-29,"aba102",43.5,-75
9.8,2.73,8.3,2004-09-30,"aba102",43.5,-75
10.7,3.91,16.13,2004-10-01,"aba102",43.5,-75
11.3,6.37,6.37,2004-10-02,"aba102",43.5,-75
7.3,3,17.38,2004-10-03,"aba102",43.5,-75
8.2,6.31,12.3,2004-10-04,"aba102",43.5,-75
3,3.61,16.13,2004-10-05,"aba102",43.5,-75
6,4.65,15.79,2004-10-06,"aba102",43.5,-75
11.4,3,16.05,2004-10-07,"aba102",43.5,-75
14.7,4.4,14.98,2004-10-08,"aba102",43.5,-75
14.4,6.38,12.16,2004-10-09,"aba102",43.5,-75
6.6,4.49,3.49,2004-10-10,"aba102",43.5,-75
5.2,4.21,8.6,2004-10-11,"aba102",43.5,-75
5.5,4.81,13.51,2004-10-12,"aba102",43.5,-75
7.6,2.92,14.31,2004-10-13,"aba102",43.5,-75
10.7,3.45,11.1,2004-10-14,"aba102",43.5,-75
11,6.34,7.69,2004-10-15,"aba102",43.5,-75
6.7,4.94,7.21,2004-10-16,"aba102",43.5,-75
2.6,6.74,5.41,2004-10-17,"aba102",43.5,-75
3.5,6.14,7.48,2004-10-18,"aba102",43.5,-75
3.2,4,4.09,2004-10-19,"aba102",43.5,-75
5.8,4.15,6.71,2004-10-20,"aba102",43.5,-75
3.8,3.61,1.77,2004-10-21,"aba102",43.5,-75
5.1,3.1,12.55,2004-10-22,"aba102",43.5,-75
3.5,4.61,12.68,2004-10-23,"aba102",43.5,-75
3.7,4.63,10.6,2004-10-24,"aba102",43.5,-75
4.6,3.36,4.31,2004-10-25,"aba102",43.5,-75
6,3.26,6.7,2004-10-26,"aba102",43.5,-75
6.6,3.32,7.33,2004-10-27,"aba102",43.5,-75
2.6,2.83,12.91,2004-10-28,"aba102",43.5,-75
6.3,3.42,9.07,2004-10-29,"aba102",43.5,-75
11.1,5.66,2.85,2004-10-30,"aba102",43.5,-75
9.9,7.41,5.01,2004-10-31,"aba102",43.5,-75
3.8,5.59,5.44,2004-11-01,"aba102",43.5,-75
4.9,5.42,0.98,2004-11-02,"aba102",43.5,-75
1.9,6.05,9.67,2004-11-03,"aba102",43.5,-75
-0.8,6.4,7.05,2004-11-04,"aba102",43.5,-75
1.8,7.68,5.72,2004-11-05,"aba102",43.5,-75
5.1,7.54,9.09,2004-11-06,"aba102",43.5,-75
7.7,5.97,7.12,2004-11-07,"aba102",43.5,-75
-1.5,6.08,9.28,2004-11-08,"aba102",43.5,-75
-6.1,3.56,6.32,2004-11-09,"aba102",43.5,-75
-3.4,4.85,7.96,2004-11-10,"aba102",43.5,-75
1.7,4.41,1.89,2004-11-11,"aba102",43.5,-75
-3.1,2.44,7.66,2004-11-12,"aba102",43.5,-75
-5.5,4.52,9.81,2004-11-13,"aba102",43.5,-75
-2.9,4.88,9.24,2004-11-14,"aba102",43.5,-75
1.8,4.2,9.28,2004-11-15,"aba102",43.5,-75
1.9,2.9,8.45,2004-11-16,"aba102",43.5,-75
3.5,1.8,6.18,2004-11-17,"aba102",43.5,-75
6.1,2.33,1.17,2004-11-18,"aba102",43.5,-75
5.4,3.09,5.97,2004-11-19,"aba102",43.5,-75
1.7,4.39,2.02,2004-11-20,"aba102",43.5,-75
5,3.62,1.39,2004-11-21,"aba102",43.5,-75
2.2,4.1,5.47,2004-11-22,"aba102",43.5,-75
1.8,4.3,8.85,2004-11-23,"aba102",43.5,-75
6.5,6.97,1.09,2004-11-24,"aba102",43.5,-75
4.8,7.18,1.41,2004-11-25,"aba102",43.5,-75
-4.9,6.86,6.03,2004-11-26,"aba102",43.5,-75
-0.4,7.14,4.71,2004-11-27,"aba102",43.5,-75
4.3,9.16,0.63,2004-11-28,"aba102",43.5,-75
-0.9,5.89,5.41,2004-11-29,"aba102",43.5,-75
0.3,4.06,7.78,2004-11-30,"aba102",43.5,-75
2,9.74,1.12,2004-12-01,"aba102",43.5,-75
-0.9,5.41,4.95,2004-12-02,"aba102",43.5,-75
-3.9,6,4.69,2004-12-03,"aba102",43.5,-75
-5.7,5.6,7.58,2004-12-04,"aba102",43.5,-75
-2.8,4.96,4.88,2004-12-05,"aba102",43.5,-75
-9.6,4.9,2.24,2004-12-06,"aba102",43.5,-75
-3,9.16,1.8,2004-12-07,"aba102",43.5,-75
2.2,7.2,1.7,2004-12-08,"aba102",43.5,-75
-1.6,4.33,5.01,2004-12-09,"aba102",43.5,-75
0.2,6.26,1.06,2004-12-10,"aba102",43.5,-75
0.1,4.44,1.04,2004-12-11,"aba102",43.5,-75
-3.7,4.18,2.84,2004-12-12,"aba102",43.5,-75
-1.8,4.7,6.78,2004-12-13,"aba102",43.5,-75
-11.9,4.83,4.72,2004-12-14,"aba102",43.5,-75
-12.9,2.65,6.58,2004-12-15,"aba102",43.5,-75
-6.5,5.6,7.91,2004-12-16,"aba102",43.5,-75
-7,6.71,5.01,2004-12-17,"aba102",43.5,-75
-10.2,4.82,6.89,2004-12-18,"aba102",43.5,-75
-7.1,4.53,2.49,2004-12-19,"aba102",43.5,-75
-26.1,4.88,7.57,2004-12-20,"aba102",43.5,-75
-15.6,4.74,4.2,2004-12-21,"aba102",43.5,-75
-3.5,3.57,3.08,2004-12-22,"aba102",43.5,-75
1.8,9.31,0.81,2004-12-23,"aba102",43.5,-75
-8.7,6.66,4.46,2004-12-24,"aba102",43.5,-75
-11.6,3.76,6.31,2004-12-25,"aba102",43.5,-75
-10.3,3.31,4.24,2004-12-26,"aba102",43.5,-75
-15.7,5.24,6.81,2004-12-27,"aba102",43.5,-75
-13,4.14,4.29,2004-12-28,"aba102",43.5,-75
-3.3,4.16,2.34,2004-12-29,"aba102",43.5,-75
-3.4,4,6.45,2004-12-30,"aba102",43.5,-75
3.1,6.35,0.83,2004-12-31,"aba102",43.5,-75
1.4,6.65,2.85,2005-01-01,"aba102",43.5,-75
-2.9,5.87,2.29,2005-01-02,"aba102",43.5,-75
1.6,3.88,3.1,2005-01-03,"aba102",43.5,-75
0.3,3.21,5.72,2005-01-04,"aba102",43.5,-75
-3.9,3.26,4.04,2005-01-05,"aba102",43.5,-75
-5.7,7.14,1,2005-01-06,"aba102",43.5,-75
-5.6,6.74,7.78,2005-01-07,"aba102",43.5,-75
-4.3,3.85,1.56,2005-01-08,"aba102",43.5,-75
-4.9,3.61,7.54,2005-01-09,"aba102",43.5,-75
-1.8,6.94,4.01,2005-01-10,"aba102",43.5,-75
-7.3,5.2,5.36,2005-01-11,"aba102",43.5,-75
-2.9,5.96,0.89,2005-01-12,"aba102",43.5,-75
5.6,8.04,3.03,2005-01-13,"aba102",43.5,-75
-1.4,8.1,3.91,2005-01-14,"aba102",43.5,-75
-10,3.93,6.31,2005-01-15,"aba102",43.5,-75
-10.7,2.55,4.98,2005-01-16,"aba102",43.5,-75
-14.9,5.33,7.99,2005-01-17,"aba102",43.5,-75
-24.2,4.48,9.98,2005-01-18,"aba102",43.5,-75
-17.1,5.85,4.47,2005-01-19,"aba102",43.5,-75
-15.6,4.76,8.68,2005-01-20,"aba102",43.5,-75
-25.7,3.9,10.33,2005-01-21,"aba102",43.5,-75
-21.4,5.6,4.35,2005-01-22,"aba102",43.5,-75
-18.5,6.55,9.54,2005-01-23,"aba102",43.5,-75
-17.3,4.02,6.52,2005-01-24,"aba102",43.5,-75
-11.7,5.06,10.17,2005-01-25,"aba102",43.5,-75
-11.8,4.85,6.44,2005-01-26,"aba102",43.5,-75
-21.4,4.41,11.08,2005-01-27,"aba102",43.5,-75
-18.3,3.5,11.11,2005-01-28,"aba102",43.5,-75
-11.6,2.59,10.1,2005-01-29,"aba102",43.5,-75
-6.4,3.92,11.33,2005-01-30,"aba102",43.5,-75
-9.3,3.33,11.46,2005-01-31,"aba102",43.5,-75
-8.5,2.52,11.8,2005-02-01,"aba102",43.5,-75
-7.3,3.89,12.02,2005-02-02,"aba102",43.5,-75
-3.6,3.8,8.37,2005-02-03,"aba102",43.5,-75
-2.8,3.44,11.99,2005-02-04,"aba102",43.5,-75
-1.7,3.54,11.97,2005-02-05,"aba102",43.5,-75
0.4,3.75,12.04,2005-02-06,"aba102",43.5,-75
2.6,3.96,8.19,2005-02-07,"aba102",43.5,-75
2.3,2.97,2.74,2005-02-08,"aba102",43.5,-75
0.1,2.84,4.01,2005-02-09,"aba102",43.5,-75
-3.7,6.02,3.46,2005-02-10,"aba102",43.5,-75
-8.1,5.9,13.43,2005-02-11,"aba102",43.5,-75
-3.9,6.53,7.8,2005-02-12,"aba102",43.5,-75
-8.8,5.1,13.13,2005-02-13,"aba102",43.5,-75
-5.8,8.15,4.68,2005-02-14,"aba102",43.5,-75
1.7,6.63,8.31,2005-02-15,"aba102",43.5,-75
0.5,5.2,3.34,2005-02-16,"aba102",43.5,-75
-7.9,4.12,11.79,2005-02-17,"aba102",43.5,-75
-12.7,5.85,11.33,2005-02-18,"aba102",43.5,-75
-14.3,5.22,14.01,2005-02-19,"aba102",43.5,-75
-11.6,4.72,14.92,2005-02-20,"aba102",43.5,-75
-8.1,6.71,3.74,2005-02-21,"aba102",43.5,-75
-4.5,3.31,8.08,2005-02-22,"aba102",43.5,-75
-9.1,4.18,10.12,2005-02-23,"aba102",43.5,-75
-12.3,2.85,13.22,2005-02-24,"aba102",43.5,-75
-10.2,2.51,11.56,2005-02-25,"aba102",43.5,-75
-10,4.48,10.2,2005-02-26,"aba102",43.5,-75
-10.8,3.4,16.88,2005-02-27,"aba102",43.5,-75
-7.2,4.63,9.37,2005-02-28,"aba102",43.5,-75
-6.1,4.31,5.65,2005-03-01,"aba102",43.5,-75
-7.8,6.98,10.82,2005-03-02,"aba102",43.5,-75
-11.9,5.87,13.77,2005-03-03,"aba102",43.5,-75
-9.1,5.85,14.85,2005-03-04,"aba102",43.5,-75
-6.6,5.46,17.91,2005-03-05,"aba102",43.5,-75
-3.2,6.58,7.36,2005-03-06,"aba102",43.5,-75
1.8,6.26,10.4,2005-03-07,"aba102",43.5,-75
-8.7,7.86,9.35,2005-03-08,"aba102",43.5,-75
-15,7.29,17.15,2005-03-09,"aba102",43.5,-75
-11.8,5.8,15.93,2005-03-10,"aba102",43.5,-75
-7.7,5.57,8.71,2005-03-11,"aba102",43.5,-75
-4.7,3.34,11.94,2005-03-12,"aba102",43.5,-75
-6.6,4.57,15.7,2005-03-13,"aba102",43.5,-75
-7.3,5.91,18.31,2005-03-14,"aba102",43.5,-75
-4.7,5.82,16.66,2005-03-15,"aba102",43.5,-75
-4.9,5.98,18.73,2005-03-16,"aba102",43.5,-75
-5.1,2.94,18.56,2005-03-17,"aba102",43.5,-75
-4.9,4.27,18.09,2005-03-18,"aba102",43.5,-75
-4.7,2.91,21.29,2005-03-19,"aba102",43.5,-75
-1.6,3.18,14.85,2005-03-20,"aba102",43.5,-75
0.3,3.72,16.56,2005-03-21,"aba102",43.5,-75
-1.5,3.86,20.35,2005-03-22,"aba102",43.5,-75
-1.9,4.1,12.51,2005-03-23,"aba102",43.5,-75
0,3.61,18.34,2005-03-24,"aba102",43.5,-75
-0.7,4.28,12.7,2005-03-25,"aba102",43.5,-75
-3.3,2.77,22.81,2005-03-26,"aba102",43.5,-75
1.2,3.81,16.38,2005-03-27,"aba102",43.5,-75
2.4,4.74,2.49,2005-03-28,"aba102",43.5,-75
4.1,5.02,17.55,2005-03-29,"aba102",43.5,-75
4,4.74,20.98,2005-03-30,"aba102",43.5,-75
6.9,6.86,20.97,2005-03-31,"aba102",43.5,-75
5.4,4.81,15.16,2005-04-01,"aba102",43.5,-75
4.3,8.82,1.78,2005-04-02,"aba102",43.5,-75
4.8,8.16,9.25,2005-04-03,"aba102",43.5,-75
1,5.8,7.67,2005-04-04,"aba102",43.5,-75
5.2,5.04,22.5,2005-04-05,"aba102",43.5,-75
11.7,3.83,20.28,2005-04-06,"aba102",43.5,-75
11.5,4.14,8.25,2005-04-07,"aba102",43.5,-75
5.8,4.26,19.83,2005-04-08,"aba102",43.5,-75
7.1,3.2,24.82,2005-04-09,"aba102",43.5,-75
8.9,4.57,24.13,2005-04-10,"aba102",43.5,-75
3.3,5.1,25.59,2005-04-11,"aba102",43.5,-75
2.6,5.03,25.55,2005-04-12,"aba102",43.5,-75
4.7,4.22,24.05,2005-04-13,"aba102",43.5,-75
6.7,4.66,24.64,2005-04-14,"aba102",43.5,-75
7,4.38,26.43,2005-04-15,"aba102",43.5,-75
9.3,2.72,26.17,2005-04-16,"aba102",43.5,-75
12.4,4.59,25.13,2005-04-17,"aba102",43.5,-75
12.8,3.18,26.01,2005-04-18,"aba102",43.5,-75
13.5,4.21,25.99,2005-04-19,"aba102",43.5,-75
15.1,6.18,16.37,2005-04-20,"aba102",43.5,-75
4.5,4.52,26.87,2005-04-21,"aba102",43.5,-75
6.9,4.1,22.59,2005-04-22,"aba102",43.5,-75
6.5,6.66,3.56,2005-04-23,"aba102",43.5,-75
7.7,6.82,12.48,2005-04-24,"aba102",43.5,-75
2.4,5.3,17.49,2005-04-25,"aba102",43.5,-75
9.9,6.67,21.49,2005-04-26,"aba102",43.5,-75
8.5,6.39,4.07,2005-04-27,"aba102",43.5,-75
4.6,5.41,19.48,2005-04-28,"aba102",43.5,-75
5.6,6.1,24.11,2005-04-29,"aba102",43.5,-75
7.3,5.05,5.23,2005-04-30,"aba102",43.5,-75
5.8,6.93,20.4,2005-05-01,"aba102",43.5,-75
3.5,4.7,21.02,2005-05-02,"aba102",43.5,-75
3.3,4.91,24.55,2005-05-03,"aba102",43.5,-75
3.4,4.24,21.16,2005-05-04,"aba102",43.5,-75
6.2,2.42,27.07,2005-05-05,"aba102",43.5,-75
9.5,3.26,21.81,2005-05-06,"aba102",43.5,-75
10.3,5.36,23.88,2005-05-07,"aba102",43.5,-75
10,6.66,20.78,2005-05-08,"aba102",43.5,-75
13.7,3.2,26.37,2005-05-09,"aba102",43.5,-75
18,3.96,27.78,2005-05-10,"aba102",43.5,-75
17.8,5.8,22.9,2005-05-11,"aba102",43.5,-75
5.3,5.97,29.95,2005-05-12,"aba102",43.5,-75
6.9,3.56,29.07,2005-05-13,"aba102",43.5,-75
12.2,5.26,7.64,2005-05-14,"aba102",43.5,-75
14,5.7,15.52,2005-05-15,"aba102",43.5,-75
8.4,4.92,20.48,2005-05-16,"aba102",43.5,-75
6.7,4.11,19.49,2005-05-17,"aba102",43.5,-75
8.1,3.86,20.53,2005-05-18,"aba102",43.5,-75
9.6,2.66,22.46,2005-05-19,"aba102",43.5,-75
12,3.3,24.59,2005-05-20,"aba102",43.5,-75
9.7,4.52,21.43,2005-05-21,"aba102",43.5,-75
7.1,4.6,8.7,2005-05-22,"aba102",43.5,-75
9.2,3,16.17,2005-05-23,"aba102",43.5,-75
8.6,7.22,6.68,2005-05-24,"aba102",43.5,-75
11.8,5.47,13.35,2005-05-25,"aba102",43.5,-75
12.3,4.16,12.73,2005-05-26,"aba102",43.5,-75
12.1,3.3,12.88,2005-05-27,"aba102",43.5,-75
13.4,3.71,24.93,2005-05-28,"aba102",43.5,-75
13,4.18,26.03,2005-05-29,"aba102",43.5,-75
12.6,4,25.63,2005-05-30,"aba102",43.5,-75
14.8,2.73,23.52,2005-05-31,"aba102",43.5,-75
16.3,2.66,23.91,2005-06-01,"aba102",43.5,-75
18.3,2.59,25.95,2005-06-02,"aba102",43.5,-75
18.5,2.8,19.1,2005-06-03,"aba102",43.5,-75
19.4,3.05,23.18,2005-06-04,"aba102",43.5,-75
20.1,3.33,20.16,2005-06-05,"aba102",43.5,-75
20.8,5.09,20.45,2005-06-06,"aba102",43.5,-75
20.4,6.72,26.69,2005-06-07,"aba102",43.5,-75
20.3,4.54,27.17,2005-06-08,"aba102",43.5,-75
22.8,3.64,27.37,2005-06-09,"aba102",43.5,-75
22.3,4,18.24,2005-06-10,"aba102",43.5,-75
23.3,1.8,23.39,2005-06-11,"aba102",43.5,-75
23.2,3.69,17.25,2005-06-12,"aba102",43.5,-75
23.6,2.68,20.97,2005-06-13,"aba102",43.5,-75
20.6,7.2,10.69,2005-06-14,"aba102",43.5,-75
18,4.14,15.64,2005-06-15,"aba102",43.5,-75
14.3,4.54,5.83,2005-06-16,"aba102",43.5,-75
12,4.21,10.44,2005-06-17,"aba102",43.5,-75
12.2,4.11,11.02,2005-06-18,"aba102",43.5,-75
14.6,2.41,20.79,2005-06-19,"aba102",43.5,-75
16.2,2.69,27.15,2005-06-20,"aba102",43.5,-75
18.3,4.8,27.64,2005-06-21,"aba102",43.5,-75
16.6,5,27.31,2005-06-22,"aba102",43.5,-75
14.3,3.04,30.06,2005-06-23,"aba102",43.5,-75
19.7,4.39,30.57,2005-06-24,"aba102",43.5,-75
23.5,4.55,28.76,2005-06-25,"aba102",43.5,-75
24.4,2.52,29.66,2005-06-26,"aba102",43.5,-75
23.9,2.94,25.53,2005-06-27,"aba102",43.5,-75
23.8,3.05,24.35,2005-06-28,"aba102",43.5,-75
21.2,3.49,16.83,2005-06-29,"aba102",43.5,-75
22,2.55,24.94,2005-06-30,"aba102",43.5,-75
21.4,4.53,20.83,2005-07-01,"aba102",43.5,-75
16.5,3.95,28.01,2005-07-02,"aba102",43.5,-75
17.8,3.41,30.52,2005-07-03,"aba102",43.5,-75
20.8,3.61,24.69,2005-07-04,"aba102",43.5,-75
21.3,3.72,19.35,2005-07-05,"aba102",43.5,-75
20,3.28,17.02,2005-07-06,"aba102",43.5,-75
18.3,3.14,12.06,2005-07-07,"aba102",43.5,-75
17.3,3.24,11.27,2005-07-08,"aba102",43.5,-75
16.2,5.12,6.89,2005-07-09,"aba102",43.5,-75
21,5.25,28.56,2005-07-10,"aba102",43.5,-75
23.2,4.25,25.92,2005-07-11,"aba102",43.5,-75
23.3,2.42,23.27,2005-07-12,"aba102",43.5,-75
21.2,2.75,24.97,2005-07-13,"aba102",43.5,-75
21.6,2.72,23.47,2005-07-14,"aba102",43.5,-75
22.6,3.1,22.23,2005-07-15,"aba102",43.5,-75
22.5,3.27,18.29,2005-07-16,"aba102",43.5,-75
23.2,3.55,14.58,2005-07-17,"aba102",43.5,-75
24.1,3.39,20.1,2005-07-18,"aba102",43.5,-75
23.1,4.9,19.27,2005-07-19,"aba102",43.5,-75
20.4,3.06,22.01,2005-07-20,"aba102",43.5,-75
20,3.51,26.78,2005-07-21,"aba102",43.5,-75
20.8,5,21.28,2005-07-22,"aba102",43.5,-75
18,4.6,27.33,2005-07-23,"aba102",43.5,-75
19.1,3.54,25.02,2005-07-24,"aba102",43.5,-75
22.9,5.41,20.15,2005-07-25,"aba102",43.5,-75
21.9,4.8,21.54,2005-07-26,"aba102",43.5,-75
18.1,4.78,5.52,2005-07-27,"aba102",43.5,-75
15.4,3.04,27.13,2005-07-28,"aba102",43.5,-75
16.6,4.1,23.09,2005-07-29,"aba102",43.5,-75
17.7,2.97,21.1,2005-07-30,"aba102",43.5,-75
17.7,3.31,22,2005-07-31,"aba102",43.5,-75
20.1,4.12,20.6,2005-08-01,"aba102",43.5,-75
21.5,3.88,23.73,2005-08-02,"aba102",43.5,-75
22.2,3.5,22.5,2005-08-03,"aba102",43.5,-75
23.5,3.42,24.18,2005-08-04,"aba102",43.5,-75
21.2,5.17,20.61,2005-08-05,"aba102",43.5,-75
18.5,2.13,24.99,2005-08-06,"aba102",43.5,-75
19.7,2.79,27.13,2005-08-07,"aba102",43.5,-75
20.9,2.59,23.79,2005-08-08,"aba102",43.5,-75
21.1,3.72,19.06,2005-08-09,"aba102",43.5,-75
22.3,3.16,22.78,2005-08-10,"aba102",43.5,-75
21.2,3.18,20.47,2005-08-11,"aba102",43.5,-75
20,3.81,9.9,2005-08-12,"aba102",43.5,-75
21.4,4.2,18.71,2005-08-13,"aba102",43.5,-75
17.5,2.33,5.82,2005-08-14,"aba102",43.5,-75
18.2,2.24,18.96,2005-08-15,"aba102",43.5,-75
18.1,3.85,20.9,2005-08-16,"aba102",43.5,-75
17.1,4.39,21.93,2005-08-17,"aba102",43.5,-75
14.8,3.26,23.41,2005-08-18,"aba102",43.5,-75
17,5.95,13.39,2005-08-19,"aba102",43.5,-75
19.2,5.46,11,2005-08-20,"aba102",43.5,-75
20.6,4.95,17.36,2005-08-21,"aba102",43.5,-75
15.7,4.44,15.12,2005-08-22,"aba102",43.5,-75
13.9,3.53,16.54,2005-08-23,"aba102",43.5,-75
13.9,3.7,15.67,2005-08-24,"aba102",43.5,-75
15.8,2.38,21.07,2005-08-25,"aba102",43.5,-75
17.1,3.3,22.13,2005-08-26,"aba102",43.5,-75
19.2,5.95,21.41,2005-08-27,"aba102",43.5,-75
19.7,6.01,13.11,2005-08-28,"aba102",43.5,-75
20.1,2.7,13.04,2005-08-29,"aba102",43.5,-75
19.7,3.92,7.09,2005-08-30,"aba102",43.5,-75
19.5,7.23,3.58,2005-08-31,"aba102",43.5,-75
17.7,5.39,14.52,2005-09-01,"aba102",43.5,-75
17.6,6.32,19,2005-09-02,"aba102",43.5,-75
15.8,4.31,16.36,2005-09-03,"aba102",43.5,-75
14.7,3.71,12.46,2005-09-04,"aba102",43.5,-75
13.9,2.56,22.26,2005-09-05,"aba102",43.5,-75
15.6,1.92,22.15,2005-09-06,"aba102",43.5,-75
17,2.62,21.55,2005-09-07,"aba102",43.5,-75
15.8,3.72,13.34,2005-09-08,"aba102",43.5,-75
14.5,3.22,18.85,2005-09-09,"aba102",43.5,-75
11.1,2.5,21.94,2005-09-10,"aba102",43.5,-75
12.4,3.19,21.01,2005-09-11,"aba102",43.5,-75
18.9,4.1,19.74,2005-09-12,"aba102",43.5,-75
20.7,2.88,20.31,2005-09-13,"aba102",43.5,-75
21.1,4.22,20.57,2005-09-14,"aba102",43.5,-75
19.6,2.46,13.91,2005-09-15,"aba102",43.5,-75
17.5,5.49,5.65,2005-09-16,"aba102",43.5,-75
16.5,4.72,7.89,2005-09-17,"aba102",43.5,-75
15.1,3.31,11.53,2005-09-18,"aba102",43.5,-75
15.7,3.91,17.07,2005-09-19,"aba102",43.5,-75
17.3,7.07,9.73,2005-09-20,"aba102",43.5,-75
16.1,6.02,17.43,2005-09-21,"aba102",43.5,-75
18.3,5.36,17.51,2005-09-22,"aba102",43.5,-75
15.4,4.61,13.44,2005-09-23,"aba102",43.5,-75
10,4.17,19.53,2005-09-24,"aba102",43.5,-75
13.3,4.44,5.86,2005-09-25,"aba102",43.5,-75
16.8,5.72,2.42,2005-09-26,"aba102",43.5,-75
11.2,6.05,12.51,2005-09-27,"aba102",43.5,-75
11.7,5.85,18.06,2005-09-28,"aba102",43.5,-75
10.6,9.18,7.7,2005-09-29,"aba102",43.5,-75
6.2,3.5,16.07,2005-09-30,"aba102",43.5,-75
11.1,3.36,17.49,2005-10-01,"aba102",43.5,-75
14.1,3.04,16.91,2005-10-02,"aba102",43.5,-75
15.6,3.1,16.59,2005-10-03,"aba102",43.5,-75
16.6,2.58,16.14,2005-10-04,"aba102",43.5,-75
16.2,3.13,16.17,2005-10-05,"aba102",43.5,-75
17,4.85,15.09,2005-10-06,"aba102",43.5,-75
17.2,4.65,4.6,2005-10-07,"aba102",43.5,-75
8.5,5.1,1.62,2005-10-08,"aba102",43.5,-75
8.3,4.34,4.23,2005-10-09,"aba102",43.5,-75
10.4,2.24,2.56,2005-10-10,"aba102",43.5,-75
11.7,3.51,2.48,2005-10-11,"aba102",43.5,-75
8.2,4.69,2.12,2005-10-12,"aba102",43.5,-75
8.4,5.76,1.66,2005-10-13,"aba102",43.5,-75
11.1,3.29,1.26,2005-10-14,"aba102",43.5,-75
10.9,5.8,7.37,2005-10-15,"aba102",43.5,-75
6.4,8.75,2.4,2005-10-16,"aba102",43.5,-75
5.6,6.3,2.72,2005-10-17,"aba102",43.5,-75
7.3,6.77,5.08,2005-10-18,"aba102",43.5,-75
7.8,7.31,8.23,2005-10-19,"aba102",43.5,-75
3.3,5.06,9.86,2005-10-20,"aba102",43.5,-75
1.9,2.62,13.2,2005-10-21,"aba102",43.5,-75
1.6,4.65,4.54,2005-10-22,"aba102",43.5,-75
2.1,4.24,3.48,2005-10-23,"aba102",43.5,-75
3.3,3.98,5.34,2005-10-24,"aba102",43.5,-75
2.1,6.09,1.48,2005-10-25,"aba102",43.5,-75
0.9,5.83,5.22,2005-10-26,"aba102",43.5,-75
0,3.19,6.8,2005-10-27,"aba102",43.5,-75
-0.3,2.31,8.85,2005-10-28,"aba102",43.5,-75
1.1,4.31,11.32,2005-10-29,"aba102",43.5,-75
6.1,4.57,8.84,2005-10-30,"aba102",43.5,-75
7.6,4.05,10.92,2005-10-31,"aba102",43.5,-75
10.2,6.02,10.29,2005-11-01,"aba102",43.5,-75
3.4,5.33,8.34,2005-11-02,"aba102",43.5,-75
7.2,6.8,10.26,2005-11-03,"aba102",43.5,-75
9,4.2,7.03,2005-11-04,"aba102",43.5,-75
10.7,3.44,9.33,2005-11-05,"aba102",43.5,-75
12.1,6.89,8.9,2005-11-06,"aba102",43.5,-75
6,7.73,7.58,2005-11-07,"aba102",43.5,-75
4.4,4.22,6.87,2005-11-08,"aba102",43.5,-75
1,7.09,1.92,2005-11-09,"aba102",43.5,-75
1.4,7.84,5.47,2005-11-10,"aba102",43.5,-75
-2.5,4.94,7.24,2005-11-11,"aba102",43.5,-75
1.1,3.64,9.89,2005-11-12,"aba102",43.5,-75
8.1,5,7.79,2005-11-13,"aba102",43.5,-75
6,7.11,7,2005-11-14,"aba102",43.5,-75
2.3,6.95,0.7,2005-11-15,"aba102",43.5,-75
8.7,8.16,1.61,2005-11-16,"aba102",43.5,-75
-1.6,6.43,4.9,2005-11-17,"aba102",43.5,-75
-5.8,5.01,6.66,2005-11-18,"aba102",43.5,-75
-2.7,3.51,8.21,2005-11-19,"aba102",43.5,-75
2.3,4.16,9.01,2005-11-20,"aba102",43.5,-75
3.6,4.6,7.74,2005-11-21,"aba102",43.5,-75
-1,7.52,2.07,2005-11-22,"aba102",43.5,-75
-8.8,6.42,6.01,2005-11-23,"aba102",43.5,-75
-7.3,5.5,3.79,2005-11-24,"aba102",43.5,-75
-9.7,6.87,4.89,2005-11-25,"aba102",43.5,-75
-8.9,3.54,3.72,2005-11-26,"aba102",43.5,-75
-3,4.48,4.94,2005-11-27,"aba102",43.5,-75
4.9,6.74,2.71,2005-11-28,"aba102",43.5,-75
12.3,8.34,2.37,2005-11-29,"aba102",43.5,-75
3.4,3.25,4.3,2005-11-30,"aba102",43.5,-75
0,3.18,5.16,2005-12-01,"aba102",43.5,-75
-2.8,6.51,3.59,2005-12-02,"aba102",43.5,-75
-7.5,7.42,6.85,2005-12-03,"aba102",43.5,-75
-7.5,3.67,3.39,2005-12-04,"aba102",43.5,-75
-6.5,4.08,5.27,2005-12-05,"aba102",43.5,-75
-9,5.72,6.21,2005-12-06,"aba102",43.5,-75
-12.7,6.67,5.68,2005-12-07,"aba102",43.5,-75
-14,3.52,7.43,2005-12-08,"aba102",43.5,-75
-7.1,6.71,4.16,2005-12-09,"aba102",43.5,-75
-4.5,4.74,4.96,2005-12-10,"aba102",43.5,-75
-5.6,3.81,6.1,2005-12-11,"aba102",43.5,-75
-8.7,3.71,5.13,2005-12-12,"aba102",43.5,-75
-18,3.05,8.21,2005-12-13,"aba102",43.5,-75
-19,3.4,8.02,2005-12-14,"aba102",43.5,-75
-12.1,6.36,6.78,2005-12-15,"aba102",43.5,-75
-3.9,8.78,2.34,2005-12-16,"aba102",43.5,-75
-4,5.32,4.23,2005-12-17,"aba102",43.5,-75
-5.2,3.54,4.13,2005-12-18,"aba102",43.5,-75
-6.9,6.1,5.81,2005-12-19,"aba102",43.5,-75
-7.9,5.11,3.37,2005-12-20,"aba102",43.5,-75
-12.6,4.65,5.5,2005-12-21,"aba102",43.5,-75
-8.1,4.55,3.9,2005-12-22,"aba102",43.5,-75
-1,3.88,3.18,2005-12-23,"aba102",43.5,-75
1.1,3.98,2.23,2005-12-24,"aba102",43.5,-75
1.3,5.47,3.42,2005-12-25,"aba102",43.5,-75
-0.2,5.77,1.52,2005-12-26,"aba102",43.5,-75
-6.4,5.3,5.82,2005-12-27,"aba102",43.5,-75
-2.1,4.61,2.55,2005-12-28,"aba102",43.5,-75
1.6,5,1.97,2005-12-29,"aba102",43.5,-75
-6.2,5.07,3.85,2005-12-30,"aba102",43.5,-75
-9,3.55,2.71,2005-12-31,"aba102",43.5,-75
-4,2.97,3.97,2006-01-01,"aba102",43.5,-75
-0.9,4.27,4.04,2006-01-02,"aba102",43.5,-75
-1.2,4.61,4.81,2006-01-03,"aba102",43.5,-75
-3.2,4.19,5.77,2006-01-04,"aba102",43.5,-75
-1.2,5.44,2.4,2006-01-05,"aba102",43.5,-75
-7.5,3.38,4.41,2006-01-06,"aba102",43.5,-75
-10.9,3.5,6.78,2006-01-07,"aba102",43.5,-75
-4.4,4.66,4.73,2006-01-08,"aba102",43.5,-75
-0.6,6.1,2.29,2006-01-09,"aba102",43.5,-75
-3.2,5.06,4.11,2006-01-10,"aba102",43.5,-75
1.9,4.55,3.38,2006-01-11,"aba102",43.5,-75
2,5.6,5.57,2006-01-12,"aba102",43.5,-75
3.8,5.33,7.75,2006-01-13,"aba102",43.5,-75
2,8.1,0.76,2006-01-14,"aba102",43.5,-75
-15.7,7.56,9.15,2006-01-15,"aba102",43.5,-75
-15.9,5.37,9.09,2006-01-16,"aba102",43.5,-75
-7.5,8.53,6.78,2006-01-17,"aba102",43.5,-75
0.2,10.08,0.75,2006-01-18,"aba102",43.5,-75
-2.6,7.83,8.13,2006-01-19,"aba102",43.5,-75
4,4.27,1.14,2006-01-20,"aba102",43.5,-75
2.9,8.32,2.3,2006-01-21,"aba102",43.5,-75
-5.3,5.9,9.39,2006-01-22,"aba102",43.5,-75
-2.9,4.12,1.99,2006-01-23,"aba102",43.5,-75
-2.6,4.74,7.17,2006-01-24,"aba102",43.5,-75
-2.1,5.23,5.51,2006-01-25,"aba102",43.5,-75
-11.8,4.95,7.89,2006-01-26,"aba102",43.5,-75
-10.1,3.18,10.37,2006-01-27,"aba102",43.5,-75
-1.3,4.81,10.29,2006-01-28,"aba102",43.5,-75
-0.7,5.82,2.87,2006-01-29,"aba102",43.5,-75
3.2,4.36,5.22,2006-01-30,"aba102",43.5,-75
-0.4,4.47,2.84,2006-01-31,"aba102",43.5,-75
-3.4,4.08,6.67,2006-02-01,"aba102",43.5,-75
0.7,4.16,8.66,2006-02-02,"aba102",43.5,-75
3,7.65,1.29,2006-02-03,"aba102",43.5,-75
2.6,8.62,8.67,2006-02-04,"aba102",43.5,-75
0.9,8.45,7.81,2006-02-05,"aba102",43.5,-75
-6.2,8.35,6.97,2006-02-06,"aba102",43.5,-75
-9.9,5.31,7.95,2006-02-07,"aba102",43.5,-75
-12.1,3.32,7.93,2006-02-08,"aba102",43.5,-75
-11.9,5.14,9.53,2006-02-09,"aba102",43.5,-75
-13.8,3.22,11.33,2006-02-10,"aba102",43.5,-75
-10.4,2.93,11.94,2006-02-11,"aba102",43.5,-75
-8.8,4.47,8.02,2006-02-12,"aba102",43.5,-75
-8.7,7,8.16,2006-02-13,"aba102",43.5,-75
-3.3,5.08,6.96,2006-02-14,"aba102",43.5,-75
2.7,5.49,12.16,2006-02-15,"aba102",43.5,-75
3,5.77,6.02,2006-02-16,"aba102",43.5,-75
-1.1,11.61,4.63,2006-02-17,"aba102",43.5,-75
-14.5,8.23,12.77,2006-02-18,"aba102",43.5,-75
-14,5.92,12.61,2006-02-19,"aba102",43.5,-75
-10.2,4.73,10.24,2006-02-20,"aba102",43.5,-75
-8.2,6.14,9.42,2006-02-21,"aba102",43.5,-75
-5.7,4.47,11.48,2006-02-22,"aba102",43.5,-75
-1.7,4.73,10.81,2006-02-23,"aba102",43.5,-75
-7,7.99,13.54,2006-02-24,"aba102",43.5,-75
-10.6,6.33,4.46,2006-02-25,"aba102",43.5,-75
-16.3,7.74,13.28,2006-02-26,"aba102",43.5,-75
-17.9,6.8,16.58,2006-02-27,"aba102",43.5,-75
-15.6,7.4,14.86,2006-02-28,"aba102",43.5,-75
-12.9,5.56,15.94,2006-03-01,"aba102",43.5,-75
-8.2,4.69,10.41,2006-03-02,"aba102",43.5,-75
-12.7,7.2,14.85,2006-03-03,"aba102",43.5,-75
-7.4,6.88,8.7,2006-03-04,"aba102",43.5,-75
-6.8,5.65,15.75,2006-03-05,"aba102",43.5,-75
-8.3,3.83,17.76,2006-03-06,"aba102",43.5,-75
-10.2,3.61,17.88,2006-03-07,"aba102",43.5,-75
-7.6,3.42,16.62,2006-03-08,"aba102",43.5,-75
1.1,5.8,2.16,2006-03-09,"aba102",43.5,-75
6,7.22,5.98,2006-03-10,"aba102",43.5,-75
4.2,4.27,16.29,2006-03-11,"aba102",43.5,-75
5.8,4.34,2.94,2006-03-12,"aba102",43.5,-75
7.8,5.8,3.23,2006-03-13,"aba102",43.5,-75
2.3,7.98,11.79,2006-03-14,"aba102",43.5,-75
-4.2,9.39,13.77,2006-03-15,"aba102",43.5,-75
-4.8,5.77,11.11,2006-03-16,"aba102",43.5,-75
-6.8,6.02,18.83,2006-03-17,"aba102",43.5,-75
-8.6,6.09,12.84,2006-03-18,"aba102",43.5,-75
-7.6,6.32,13.02,2006-03-19,"aba102",43.5,-75
-8.8,5.23,13.72,2006-03-20,"aba102",43.5,-75
-6.9,3.72,18.94,2006-03-21,"aba102",43.5,-75
-5.1,4.16,9.43,2006-03-22,"aba102",43.5,-75
-1.4,3.82,14.7,2006-03-23,"aba102",43.5,-75
1.2,2.12,13.89,2006-03-24,"aba102",43.5,-75
2,3.47,14.88,2006-03-25,"aba102",43.5,-75
1.8,5.48,14.13,2006-03-26,"aba102",43.5,-75
1.7,4.7,21.86,2006-03-27,"aba102",43.5,-75
3.4,3.08,19.65,2006-03-28,"aba102",43.5,-75
5,3.93,22.51,2006-03-29,"aba102",43.5,-75
7.2,3,22.4,2006-03-30,"aba102",43.5,-75
12.4,4.61,22.06,2006-03-31,"aba102",43.5,-75
8.5,7.03,6.13,2006-04-01,"aba102",43.5,-75
4.5,5.08,23.54,2006-04-02,"aba102",43.5,-75
4.6,7.01,9.85,2006-04-03,"aba102",43.5,-75
-0.2,6.55,9.93,2006-04-04,"aba102",43.5,-75
-2.3,5.44,17.57,2006-04-05,"aba102",43.5,-75
0.9,4.01,9.11,2006-04-06,"aba102",43.5,-75
3.5,3.61,5.65,2006-04-07,"aba102",43.5,-75
-0.8,4.57,22.18,2006-04-08,"aba102",43.5,-75
1.4,3.96,24.08,2006-04-09,"aba102",43.5,-75
4.1,3.86,24.83,2006-04-10,"aba102",43.5,-75
9,3.99,22.38,2006-04-11,"aba102",43.5,-75
13.7,6.46,16.39,2006-04-12,"aba102",43.5,-75
10.7,6.71,14.03,2006-04-13,"aba102",43.5,-75
10.2,3.18,14.76,2006-04-14,"aba102",43.5,-75
10,6.02,14.55,2006-04-15,"aba102",43.5,-75
5.4,5.33,11.19,2006-04-16,"aba102",43.5,-75
6.1,5.53,15.86,2006-04-17,"aba102",43.5,-75
11,5.14,24.89,2006-04-18,"aba102",43.5,-75
12.7,5.36,26.05,2006-04-19,"aba102",43.5,-75
13.2,3.81,27.1,2006-04-20,"aba102",43.5,-75
12.5,5.3,25.04,2006-04-21,"aba102",43.5,-75
4.2,7.49,2.23,2006-04-22,"aba102",43.5,-75
3.6,6.36,4.63,2006-04-23,"aba102",43.5,-75
5.3,5.21,7.77,2006-04-24,"aba102",43.5,-75
4.4,6.14,6.78,2006-04-25,"aba102",43.5,-75
4,6.17,27.7,2006-04-26,"aba102",43.5,-75
5.4,3.98,20.07,2006-04-27,"aba102",43.5,-75
4.7,3.57,28.05,2006-04-28,"aba102",43.5,-75
7.6,3.57,28.29,2006-04-29,"aba102",43.5,-75
11.6,3.91,28.29,2006-04-30,"aba102",43.5,-75
14.3,3.96,28.33,2006-05-01,"aba102",43.5,-75
11.2,3.81,22.19,2006-05-02,"aba102",43.5,-75
11.2,2.97,13.73,2006-05-03,"aba102",43.5,-75
14.7,4.43,25.14,2006-05-04,"aba102",43.5,-75
12.4,5.32,26.99,2006-05-05,"aba102",43.5,-75
6.5,5.66,12.16,2006-05-06,"aba102",43.5,-75
6.5,2.33,28.92,2006-05-07,"aba102",43.5,-75
12,2.73,25.19,2006-05-08,"aba102",43.5,-75
14.3,3.27,23.02,2006-05-09,"aba102",43.5,-75
14.5,4.08,13.74,2006-05-10,"aba102",43.5,-75
13.9,8.18,12.52,2006-05-11,"aba102",43.5,-75
11.5,8.64,4.32,2006-05-12,"aba102",43.5,-75
10.2,5.44,10.16,2006-05-13,"aba102",43.5,-75
8.6,5.66,5.53,2006-05-14,"aba102",43.5,-75
9.9,5.55,15.14,2006-05-15,"aba102",43.5,-75
10.6,4.02,11.74,2006-05-16,"aba102",43.5,-75
10,5.2,11.9,2006-05-17,"aba102",43.5,-75
12.9,4.27,21.66,2006-05-18,"aba102",43.5,-75
9,4.97,18.09,2006-05-19,"aba102",43.5,-75
7.1,7.12,7.46,2006-05-20,"aba102",43.5,-75
4.4,6.76,15.94,2006-05-21,"aba102",43.5,-75
3.7,6.6,11.17,2006-05-22,"aba102",43.5,-75
6.8,5.77,12.02,2006-05-23,"aba102",43.5,-75
11.7,4.56,27.58,2006-05-24,"aba102",43.5,-75
15,4.61,27.53,2006-05-25,"aba102",43.5,-75
16.8,3.13,16.55,2006-05-26,"aba102",43.5,-75
16.5,4.1,14.22,2006-05-27,"aba102",43.5,-75
17.5,2.87,27.4,2006-05-28,"aba102",43.5,-75
20.8,4.17,23.45,2006-05-29,"aba102",43.5,-75
21.3,3.3,24.04,2006-05-30,"aba102",43.5,-75
20.8,3.44,25.46,2006-05-31,"aba102",43.5,-75
19,3.6,12.45,2006-06-01,"aba102",43.5,-75
17.4,2.22,21.13,2006-06-02,"aba102",43.5,-75
13.1,5.19,2.65,2006-06-03,"aba102",43.5,-75
11.7,5.1,3.97,2006-06-04,"aba102",43.5,-75
15.2,2.92,26.23,2006-06-05,"aba102",43.5,-75
16,3.42,25.64,2006-06-06,"aba102",43.5,-75
15.2,3.7,12.51,2006-06-07,"aba102",43.5,-75
12.8,3.01,4.3,2006-06-08,"aba102",43.5,-75
12.5,3.14,9.85,2006-06-09,"aba102",43.5,-75
7.7,6.83,3.84,2006-06-10,"aba102",43.5,-75
7.7,5.34,7.08,2006-06-11,"aba102",43.5,-75
12.9,3.75,14.59,2006-06-12,"aba102",43.5,-75
15.4,3.57,22.29,2006-06-13,"aba102",43.5,-75
15.9,3.26,23.86,2006-06-14,"aba102",43.5,-75
16.3,5.26,26.87,2006-06-15,"aba102",43.5,-75
17.5,4.13,29.83,2006-06-16,"aba102",43.5,-75
18.5,3.9,21.05,2006-06-17,"aba102",43.5,-75
24,4.04,29.29,2006-06-18,"aba102",43.5,-75
20.5,4.51,15.05,2006-06-19,"aba102",43.5,-75
16.6,5.77,20.28,2006-06-20,"aba102",43.5,-75
16.4,3.32,28.29,2006-06-21,"aba102",43.5,-75
20,4.57,15.61,2006-06-22,"aba102",43.5,-75
19.7,3,19.09,2006-06-23,"aba102",43.5,-75
18.9,2.28,24.36,2006-06-24,"aba102",43.5,-75
19.1,3.96,21.13,2006-06-25,"aba102",43.5,-75
18.5,4.43,2.47,2006-06-26,"aba102",43.5,-75
20.6,6.14,9.95,2006-06-27,"aba102",43.5,-75
20,5.73,12.65,2006-06-28,"aba102",43.5,-75
18.4,3.49,20.06,2006-06-29,"aba102",43.5,-75
15.6,4.54,17.21,2006-06-30,"aba102",43.5,-75
17.7,5.26,24.14,2006-07-01,"aba102",43.5,-75
20.9,7.13,17.72,2006-07-02,"aba102",43.5,-75
20,3.34,25.87,2006-07-03,"aba102",43.5,-75
19.7,4.16,17.95,2006-07-04,"aba102",43.5,-75
17.1,4.43,24.47,2006-07-05,"aba102",43.5,-75
15.1,4.2,21.34,2006-07-06,"aba102",43.5,-75
17.5,3.28,25.03,2006-07-07,"aba102",43.5,-75
18.3,2.1,27.69,2006-07-08,"aba102",43.5,-75
19.2,3.52,22.14,2006-07-09,"aba102",43.5,-75
20.4,4.05,23.35,2006-07-10,"aba102",43.5,-75
19.2,4.31,19.63,2006-07-11,"aba102",43.5,-75
17.8,3.75,2.87,2006-07-12,"aba102",43.5,-75
20.7,4.14,18.25,2006-07-13,"aba102",43.5,-75
21.4,2.94,26.51,2006-07-14,"aba102",43.5,-75
20.4,3.24,12.63,2006-07-15,"aba102",43.5,-75
22.9,3.72,28.01,2006-07-16,"aba102",43.5,-75
24.5,4.3,26.96,2006-07-17,"aba102",43.5,-75
22.2,4.01,18.7,2006-07-18,"aba102",43.5,-75
20.5,3.55,28.67,2006-07-19,"aba102",43.5,-75
21.5,3.91,26.19,2006-07-20,"aba102",43.5,-75
20.8,3.45,15.3,2006-07-21,"aba102",43.5,-75
17.4,5.66,4.78,2006-07-22,"aba102",43.5,-75
16.5,3.64,20.42,2006-07-23,"aba102",43.5,-75
17.7,3.61,23.6,2006-07-24,"aba102",43.5,-75
20.5,4.67,20.24,2006-07-25,"aba102",43.5,-75
21.5,3.13,23.7,2006-07-26,"aba102",43.5,-75
22,4.62,15.24,2006-07-27,"aba102",43.5,-75
20.1,3.72,4.42,2006-07-28,"aba102",43.5,-75
20.2,4.85,16.57,2006-07-29,"aba102",43.5,-75
19.4,4.48,26.63,2006-07-30,"aba102",43.5,-75
20.3,3.52,22.81,2006-07-31,"aba102",43.5,-75
25,5.1,19.12,2006-08-01,"aba102",43.5,-75
24.4,5.22,19.66,2006-08-02,"aba102",43.5,-75
21.3,4.96,8.19,2006-08-03,"aba102",43.5,-75
20.3,4.33,21.41,2006-08-04,"aba102",43.5,-75
17.6,3.56,24.37,2006-08-05,"aba102",43.5,-75
17.3,4.3,26.34,2006-08-06,"aba102",43.5,-75
21,5.14,20.74,2006-08-07,"aba102",43.5,-75
17.1,4.39,23.76,2006-08-08,"aba102",43.5,-75
15.7,2.78,26.68,2006-08-09,"aba102",43.5,-75
16,4.49,19.19,2006-08-10,"aba102",43.5,-75
13.1,3.79,19.65,2006-08-11,"aba102",43.5,-75
12.2,4.75,25.62,2006-08-12,"aba102",43.5,-75
13.6,3.85,25.54,2006-08-13,"aba102",43.5,-75
16.5,4.52,22.57,2006-08-14,"aba102",43.5,-75
17.7,6.41,20.06,2006-08-15,"aba102",43.5,-75
16.7,3.16,14.79,2006-08-16,"aba102",43.5,-75
16.8,2.31,23.68,2006-08-17,"aba102",43.5,-75
19.4,3.11,19.84,2006-08-18,"aba102",43.5,-75
18,3.61,6.37,2006-08-19,"aba102",43.5,-75
17.6,4.03,15.28,2006-08-20,"aba102",43.5,-75
16.1,4.63,23,2006-08-21,"aba102",43.5,-75
16.6,5.1,20.65,2006-08-22,"aba102",43.5,-75
15.3,3.77,18.83,2006-08-23,"aba102",43.5,-75
14.6,2.47,17.49,2006-08-24,"aba102",43.5,-75
14.1,3.01,11.91,2006-08-25,"aba102",43.5,-75
14.8,4.1,12.98,2006-08-26,"aba102",43.5,-75
14,6.14,3.69,2006-08-27,"aba102",43.5,-75
17.5,2.48,11.07,2006-08-28,"aba102",43.5,-75
15.9,3.03,2.77,2006-08-29,"aba102",43.5,-75
15.2,3.81,16.07,2006-08-30,"aba102",43.5,-75
12.7,3.22,23.16,2006-08-31,"aba102",43.5,-75
14.5,3.92,19.48,2006-09-01,"aba102",43.5,-75
13.1,7.62,5.11,2006-09-02,"aba102",43.5,-75
13,7.65,4.14,2006-09-03,"aba102",43.5,-75
13.3,4.95,6.27,2006-09-04,"aba102",43.5,-75
13.7,1.98,7,2006-09-05,"aba102",43.5,-75
14.3,2.75,12.21,2006-09-06,"aba102",43.5,-75
14.7,2.48,13.6,2006-09-07,"aba102",43.5,-75
15.9,3.23,19.62,2006-09-08,"aba102",43.5,-75
14.7,4.02,12.68,2006-09-09,"aba102",43.5,-75
10.2,3.14,10.78,2006-09-10,"aba102",43.5,-75
9.3,3.04,20.46,2006-09-11,"aba102",43.5,-75
10.4,3.34,20.59,2006-09-12,"aba102",43.5,-75
10.3,4.4,2.55,2006-09-13,"aba102",43.5,-75
13.7,3.5,2.71,2006-09-14,"aba102",43.5,-75
16.5,3.06,11.14,2006-09-15,"aba102",43.5,-75
15.5,2.62,11.92,2006-09-16,"aba102",43.5,-75
15.3,2.83,15.42,2006-09-17,"aba102",43.5,-75
17.7,4.27,19.41,2006-09-18,"aba102",43.5,-75
15.3,4.52,3.74,2006-09-19,"aba102",43.5,-75
9.2,4.8,11.28,2006-09-20,"aba102",43.5,-75
7,4.47,13.46,2006-09-21,"aba102",43.5,-75
9.7,3.64,15.84,2006-09-22,"aba102",43.5,-75
13.9,4.12,2.91,2006-09-23,"aba102",43.5,-75
16,8.8,10.26,2006-09-24,"aba102",43.5,-75
9.3,4.58,9.7,2006-09-25,"aba102",43.5,-75
9.2,5.15,16.16,2006-09-26,"aba102",43.5,-75
11.1,5.07,15.33,2006-09-27,"aba102",43.5,-75
13.9,6.81,12.48,2006-09-28,"aba102",43.5,-75
7,6.51,10.05,2006-09-29,"aba102",43.5,-75
6.1,4.96,13.77,2006-09-30,"aba102",43.5,-75
9.8,5.73,8.23,2006-10-01,"aba102",43.5,-75
9.5,4.12,8.25,2006-10-02,"aba102",43.5,-75
11.7,4.12,9.57,2006-10-03,"aba102",43.5,-75
13.4,5.87,5.57,2006-10-04,"aba102",43.5,-75
6.4,5.85,15.89,2006-10-05,"aba102",43.5,-75
5.7,3,15.8,2006-10-06,"aba102",43.5,-75
6.9,2.71,16.96,2006-10-07,"aba102",43.5,-75
9.1,2.25,16.47,2006-10-08,"aba102",43.5,-75
12.6,3.51,14.68,2006-10-09,"aba102",43.5,-75
10.5,3.35,4.1,2006-10-10,"aba102",43.5,-75
10.7,7.26,7.35,2006-10-11,"aba102",43.5,-75
8.5,6.59,8.58,2006-10-12,"aba102",43.5,-75
1.6,5.65,12.18,2006-10-13,"aba102",43.5,-75
2.4,5.52,11.97,2006-10-14,"aba102",43.5,-75
1.2,5.22,10,2006-10-15,"aba102",43.5,-75
3.6,3.2,14.78,2006-10-16,"aba102",43.5,-75
5.6,7.5,1.28,2006-10-17,"aba102",43.5,-75
10.2,5.28,4.01,2006-10-18,"aba102",43.5,-75
11.8,4.53,6.85,2006-10-19,"aba102",43.5,-75
4,5.37,1.17,2006-10-20,"aba102",43.5,-75
1.6,6.41,11.82,2006-10-21,"aba102",43.5,-75
1.7,4.83,6.24,2006-10-22,"aba102",43.5,-75
2.9,6.81,3.17,2006-10-23,"aba102",43.5,-75
1.2,4.74,5.32,2006-10-24,"aba102",43.5,-75
2,6.65,5.3,2006-10-25,"aba102",43.5,-75
0.5,4.22,3.98,2006-10-26,"aba102",43.5,-75
1.4,5.37,12.16,2006-10-27,"aba102",43.5,-75
4.1,7.27,1.38,2006-10-28,"aba102",43.5,-75
1.4,9.35,7.63,2006-10-29,"aba102",43.5,-75
3.6,7.43,10.61,2006-10-30,"aba102",43.5,-75
7.7,4.61,9.84,2006-10-31,"aba102",43.5,-75
5.4,4.16,10.23,2006-11-01,"aba102",43.5,-75
0.4,5.22,8.73,2006-11-02,"aba102",43.5,-75
-2.3,4.6,9.58,2006-11-03,"aba102",43.5,-75
-2.9,4.24,9,2006-11-04,"aba102",43.5,-75
-0.4,3.26,9.4,2006-11-05,"aba102",43.5,-75
4.1,3.02,10.69,2006-11-06,"aba102",43.5,-75
5.1,3.7,5.03,2006-11-07,"aba102",43.5,-75
8.1,4.24,1.45,2006-11-08,"aba102",43.5,-75
9.3,5.55,4.45,2006-11-09,"aba102",43.5,-75
5,5.48,6.04,2006-11-10,"aba102",43.5,-75
7.8,4.88,6.2,2006-11-11,"aba102",43.5,-75
4.8,3.42,1.18,2006-11-12,"aba102",43.5,-75
7.5,4.88,3.42,2006-11-13,"aba102",43.5,-75
7.9,4.57,1.06,2006-11-14,"aba102",43.5,-75
6.7,4.1,1.46,2006-11-15,"aba102",43.5,-75
12.6,9.55,1.28,2006-11-16,"aba102",43.5,-75
8,5.98,3.37,2006-11-17,"aba102",43.5,-75
1.1,4.32,4.48,2006-11-18,"aba102",43.5,-75
-0.3,3.42,3.62,2006-11-19,"aba102",43.5,-75
-2.6,3.52,4.35,2006-11-20,"aba102",43.5,-75
-2.6,2.69,8.78,2006-11-21,"aba102",43.5,-75
-0.4,3.81,9.18,2006-11-22,"aba102",43.5,-75
2,4.42,6.6,2006-11-23,"aba102",43.5,-75
1.9,4.7,9.09,2006-11-24,"aba102",43.5,-75
2.2,3.72,8.77,2006-11-25,"aba102",43.5,-75
5.6,3.49,7.79,2006-11-26,"aba102",43.5,-75
7.8,3.2,6.01,2006-11-27,"aba102",43.5,-75
7.6,4.55,3.31,2006-11-28,"aba102",43.5,-75
8,4.53,5.87,2006-11-29,"aba102",43.5,-75
12.2,6.07,3.5,2006-11-30,"aba102",43.5,-75
7.9,8.67,0.65,2006-12-01,"aba102",43.5,-75
-0.7,8.75,4.01,2006-12-02,"aba102",43.5,-75
-1.6,4.53,7.56,2006-12-03,"aba102",43.5,-75
-6,5.35,6.92,2006-12-04,"aba102",43.5,-75
-8.8,4.93,5.93,2006-12-05,"aba102",43.5,-75
-3.8,5.79,3.75,2006-12-06,"aba102",43.5,-75
-2.7,4.79,3.15,2006-12-07,"aba102",43.5,-75
-14.4,5.25,6.35,2006-12-08,"aba102",43.5,-75
-5.2,4.88,3.82,2006-12-09,"aba102",43.5,-75
-1.1,4.77,7.59,2006-12-10,"aba102",43.5,-75
-0.2,3.01,3,2006-12-11,"aba102",43.5,-75
1.2,5.59,5.82,2006-12-12,"aba102",43.5,-75
4.2,5.86,1.88,2006-12-13,"aba102",43.5,-75
5.1,4.5,5.93,2006-12-14,"aba102",43.5,-75
5.7,4.7,4.85,2006-12-15,"aba102",43.5,-75
1,5.12,2.07,2006-12-16,"aba102",43.5,-75
3.5,4.02,1.08,2006-12-17,"aba102",43.5,-75
1.9,5.47,4.31,2006-12-18,"aba102",43.5,-75
-2.3,5.95,5.53,2006-12-19,"aba102",43.5,-75
-2.1,4.38,7.18,2006-12-20,"aba102",43.5,-75
1.3,5.13,7.3,2006-12-21,"aba102",43.5,-75
-2.1,6.12,2.62,2006-12-22,"aba102",43.5,-75
2.2,6.16,1.35,2006-12-23,"aba102",43.5,-75
1.4,7.43,4.53,2006-12-24,"aba102",43.5,-75
-0.4,4.86,3.67,2006-12-25,"aba102",43.5,-75
0,5.14,1.4,2006-12-26,"aba102",43.5,-75
-4.4,5.89,3.66,2006-12-27,"aba102",43.5,-75
-2.3,5.02,4.28,2006-12-28,"aba102",43.5,-75
-5,3.02,7.73,2006-12-29,"aba102",43.5,-75
-4.3,4.12,1.67,2006-12-30,"aba102",43.5,-75
-4.4,5.87,6.56,2006-12-31,"aba102",43.5,-75
2,6.51,1.67,2007-01-01,"aba102",43.5,-75
-0.7,6.66,5.96,2007-01-02,"aba102",43.5,-75
0.2,4.55,7.85,2007-01-03,"aba102",43.5,-75
3.7,4.16,7.33,2007-01-04,"aba102",43.5,-75
8.8,5.53,0.99,2007-01-05,"aba102",43.5,-75
9.4,7.75,1.93,2007-01-06,"aba102",43.5,-75
1.5,5.46,5.46,2007-01-07,"aba102",43.5,-75
1.2,7.38,1.9,2007-01-08,"aba102",43.5,-75
-3.2,5.39,5.34,2007-01-09,"aba102",43.5,-75
-9.4,7.19,7.5,2007-01-10,"aba102",43.5,-75
-9.8,4.88,4.93,2007-01-11,"aba102",43.5,-75
0.9,4.5,2.02,2007-01-12,"aba102",43.5,-75
-0.4,4.06,3.9,2007-01-13,"aba102",43.5,-75
-3.6,2.33,0.99,2007-01-14,"aba102",43.5,-75
-2.3,6.13,0.6,2007-01-15,"aba102",43.5,-75
-11.8,4.96,5.54,2007-01-16,"aba102",43.5,-75
-19,4.78,9.21,2007-01-17,"aba102",43.5,-75
-8.6,4.72,7.44,2007-01-18,"aba102",43.5,-75
-4.2,6.77,5.91,2007-01-19,"aba102",43.5,-75
-12.5,6.56,7.3,2007-01-20,"aba102",43.5,-75
-16.8,4.44,9.17,2007-01-21,"aba102",43.5,-75
-10.4,3.22,4.74,2007-01-22,"aba102",43.5,-75
-8.7,3.83,6.8,2007-01-23,"aba102",43.5,-75
-7.9,3.86,6.71,2007-01-24,"aba102",43.5,-75
-19.6,4.03,9.43,2007-01-25,"aba102",43.5,-75
-22.7,4.48,9.81,2007-01-26,"aba102",43.5,-75
-12.7,4.24,2.75,2007-01-27,"aba102",43.5,-75
-8.4,3.2,7.59,2007-01-28,"aba102",43.5,-75
-16.3,5.68,10.7,2007-01-29,"aba102",43.5,-75
-14.4,2.92,7.73,2007-01-30,"aba102",43.5,-75
-11.8,7.03,7.17,2007-01-31,"aba102",43.5,-75
-7.7,4.83,9.95,2007-02-01,"aba102",43.5,-75
-4.2,4.53,6.5,2007-02-02,"aba102",43.5,-75
-11,6.04,9.56,2007-02-03,"aba102",43.5,-75
-15.8,6.94,9.59,2007-02-04,"aba102",43.5,-75
-18,6.82,9.52,2007-02-05,"aba102",43.5,-75
-14.6,6.65,10.3,2007-02-06,"aba102",43.5,-75
-15.3,7.16,10.07,2007-02-07,"aba102",43.5,-75
-12.1,6.89,10.81,2007-02-08,"aba102",43.5,-75
-13.9,6.14,11.22,2007-02-09,"aba102",43.5,-75
-11,6.79,9.14,2007-02-10,"aba102",43.5,-75
-11.2,4.46,10.36,2007-02-11,"aba102",43.5,-75
-10,5.14,10.59,2007-02-12,"aba102",43.5,-75
-18.1,3.73,9.65,2007-02-13,"aba102",43.5,-75
-14.3,7.16,1.14,2007-02-14,"aba102",43.5,-75
-17.5,8.26,12.51,2007-02-15,"aba102",43.5,-75
-12.1,8.85,9.4,2007-02-16,"aba102",43.5,-75
-8.9,5.3,10.34,2007-02-17,"aba102",43.5,-75
-9.9,5.2,12.68,2007-02-18,"aba102",43.5,-75
-17.5,5.28,15.05,2007-02-19,"aba102",43.5,-75
-4,4.27,4.4,2007-02-20,"aba102",43.5,-75
-2.8,4.4,12.88,2007-02-21,"aba102",43.5,-75
-3.3,3.61,7.11,2007-02-22,"aba102",43.5,-75
-9.6,7.1,13.03,2007-02-23,"aba102",43.5,-75
-12.7,5.91,14.14,2007-02-24,"aba102",43.5,-75
-8.1,3.88,14.03,2007-02-25,"aba102",43.5,-75
-4.3,3.89,4.65,2007-02-26,"aba102",43.5,-75
-3.4,2.43,7.07,2007-02-27,"aba102",43.5,-75
-5.7,3.49,15.74,2007-02-28,"aba102",43.5,-75
-7.1,5.63,13.69,2007-03-01,"aba102",43.5,-75
-2,8.41,3.56,2007-03-02,"aba102",43.5,-75
-1.4,6.14,15.36,2007-03-03,"aba102",43.5,-75
-4.7,6.61,11.52,2007-03-04,"aba102",43.5,-75
-8,8.13,13.5,2007-03-05,"aba102",43.5,-75
-21.6,7.4,18.38,2007-03-06,"aba102",43.5,-75
-17.1,4.18,17.63,2007-03-07,"aba102",43.5,-75
-14.8,6.39,16.35,2007-03-08,"aba102",43.5,-75
-13.3,4.25,17.69,2007-03-09,"aba102",43.5,-75
-1.8,5.51,9.32,2007-03-10,"aba102",43.5,-75
-0.3,4.61,8.54,2007-03-11,"aba102",43.5,-75
-0.1,3.44,16.2,2007-03-12,"aba102",43.5,-75
5.3,4.33,11.3,2007-03-13,"aba102",43.5,-75
7.5,4.53,7.07,2007-03-14,"aba102",43.5,-75
0.4,5.03,8.05,2007-03-15,"aba102",43.5,-75
-9.2,5.22,8.84,2007-03-16,"aba102",43.5,-75
-8.2,5.6,11.86,2007-03-17,"aba102",43.5,-75
-6.5,8.36,16.59,2007-03-18,"aba102",43.5,-75
-4.9,5.4,9.93,2007-03-19,"aba102",43.5,-75
-5.8,7.11,19.26,2007-03-20,"aba102",43.5,-75
-5.7,5,21.36,2007-03-21,"aba102",43.5,-75
5.3,6.16,12,2007-03-22,"aba102",43.5,-75
2.1,4.37,21.15,2007-03-23,"aba102",43.5,-75
0.3,4.14,13.27,2007-03-24,"aba102",43.5,-75
1.1,3.42,17.97,2007-03-25,"aba102",43.5,-75
3.2,4.41,10.33,2007-03-26,"aba102",43.5,-75
4.9,3,5.33,2007-03-27,"aba102",43.5,-75
2.1,5.41,22.8,2007-03-28,"aba102",43.5,-75
-1.6,5.3,23.48,2007-03-29,"aba102",43.5,-75
0.3,4.55,22.35,2007-03-30,"aba102",43.5,-75
-0.5,3.96,23,2007-03-31,"aba102",43.5,-75
2,5.16,11.59,2007-04-01,"aba102",43.5,-75
4.5,3.96,10.74,2007-04-02,"aba102",43.5,-75
5.5,6.4,14.31,2007-04-03,"aba102",43.5,-75
1.2,7.07,2.35,2007-04-04,"aba102",43.5,-75
-4.2,6.51,19.22,2007-04-05,"aba102",43.5,-75
-7.5,6,14.62,2007-04-06,"aba102",43.5,-75
-6.7,4.81,18.3,2007-04-07,"aba102",43.5,-75
-6.1,7.52,15.65,2007-04-08,"aba102",43.5,-75
-3.8,5.26,10.76,2007-04-09,"aba102",43.5,-75
-3.1,4.34,11.82,2007-04-10,"aba102",43.5,-75
-1,4.72,22.31,2007-04-11,"aba102",43.5,-75
1,7.63,8.95,2007-04-12,"aba102",43.5,-75
-0.3,7.47,10.81,2007-04-13,"aba102",43.5,-75
0.2,5,9.62,2007-04-14,"aba102",43.5,-75
0.6,6.39,4.62,2007-04-15,"aba102",43.5,-75
2.2,8.72,9.49,2007-04-16,"aba102",43.5,-75
2.7,5.25,11.41,2007-04-17,"aba102",43.5,-75
4.8,4.57,16.41,2007-04-18,"aba102",43.5,-75
7.9,4.34,24.08,2007-04-19,"aba102",43.5,-75
9.7,3.61,26.9,2007-04-20,"aba102",43.5,-75
11.4,3.56,26.01,2007-04-21,"aba102",43.5,-75
14.4,3.64,25.59,2007-04-22,"aba102",43.5,-75
17.1,6.8,23.28,2007-04-23,"aba102",43.5,-75
8.8,6.18,24.41,2007-04-24,"aba102",43.5,-75
5.1,2.26,8.14,2007-04-25,"aba102",43.5,-75
7.2,4.46,17.84,2007-04-26,"aba102",43.5,-75
9.2,4.6,7.11,2007-04-27,"aba102",43.5,-75
8.5,3.86,2.33,2007-04-28,"aba102",43.5,-75
7.6,3.83,4.91,2007-04-29,"aba102",43.5,-75
9.8,7.89,20.41,2007-04-30,"aba102",43.5,-75
7.5,4.05,21.13,2007-05-01,"aba102",43.5,-75
9,5.73,26.87,2007-05-02,"aba102",43.5,-75
8.5,4.86,28.93,2007-05-03,"aba102",43.5,-75
8.8,5.11,28.23,2007-05-04,"aba102",43.5,-75
8.9,5.46,26.99,2007-05-05,"aba102",43.5,-75
8.3,4.03,28.33,2007-05-06,"aba102",43.5,-75
10.9,3.19,29.01,2007-05-07,"aba102",43.5,-75
16.3,3.76,28.72,2007-05-08,"aba102",43.5,-75
19.5,3.45,22.35,2007-05-09,"aba102",43.5,-75
18.9,3.09,18.44,2007-05-10,"aba102",43.5,-75
16.7,4.53,20.17,2007-05-11,"aba102",43.5,-75
10.6,4.52,24.57,2007-05-12,"aba102",43.5,-75
7.8,4.84,30.38,2007-05-13,"aba102",43.5,-75
10.4,4.1,29.39,2007-05-14,"aba102",43.5,-75
15,5.34,17.6,2007-05-15,"aba102",43.5,-75
12.7,5.38,6.03,2007-05-16,"aba102",43.5,-75
5.7,3.16,13.63,2007-05-17,"aba102",43.5,-75
7.2,3.13,11.55,2007-05-18,"aba102",43.5,-75
9.6,4.37,18.04,2007-05-19,"aba102",43.5,-75
10.9,5.77,16.44,2007-05-20,"aba102",43.5,-75
8.9,4.72,28.71,2007-05-21,"aba102",43.5,-75
11.8,1.81,29.87,2007-05-22,"aba102",43.5,-75
17.2,3,29.21,2007-05-23,"aba102",43.5,-75
20.8,3.71,28.61,2007-05-24,"aba102",43.5,-75
22.3,4.85,26.03,2007-05-25,"aba102",43.5,-75
17.2,3.98,27.79,2007-05-26,"aba102",43.5,-75
14.4,4.3,13.44,2007-05-27,"aba102",43.5,-75
15.2,6.96,24.47,2007-05-28,"aba102",43.5,-75
14.1,3.16,29.47,2007-05-29,"aba102",43.5,-75
16.8,3.76,28.35,2007-05-30,"aba102",43.5,-75
21,3.67,26.9,2007-05-31,"aba102",43.5,-75
21.1,5.41,26.51,2007-06-01,"aba102",43.5,-75
21.8,2.8,25.51,2007-06-02,"aba102",43.5,-75
18.7,4.61,17.72,2007-06-03,"aba102",43.5,-75
15.3,6.86,9.71,2007-06-04,"aba102",43.5,-75
13.6,6.12,15.48,2007-06-05,"aba102",43.5,-75
7.1,5.12,18.18,2007-06-06,"aba102",43.5,-75
12.3,4.05,28.72,2007-06-07,"aba102",43.5,-75
21.8,4.97,27.54,2007-06-08,"aba102",43.5,-75
18,4.53,22.64,2007-06-09,"aba102",43.5,-75
18.1,2.86,27.85,2007-06-10,"aba102",43.5,-75
19.7,3.21,23.05,2007-06-11,"aba102",43.5,-75
21.9,4.42,27.17,2007-06-12,"aba102",43.5,-75
19.7,4.07,27.18,2007-06-13,"aba102",43.5,-75
16.7,3.55,28.13,2007-06-14,"aba102",43.5,-75
18.8,2.69,25.11,2007-06-15,"aba102",43.5,-75
19.8,3.08,21.05,2007-06-16,"aba102",43.5,-75
20.2,5.07,22.16,2007-06-17,"aba102",43.5,-75
20.6,2.84,29.29,2007-06-18,"aba102",43.5,-75
23.2,6.08,25.13,2007-06-19,"aba102",43.5,-75
16.9,6.32,22.02,2007-06-20,"aba102",43.5,-75
15.2,5.44,23.64,2007-06-21,"aba102",43.5,-75
12.5,6.72,16.84,2007-06-22,"aba102",43.5,-75
11.8,4.74,30.59,2007-06-23,"aba102",43.5,-75
15.2,4.77,22.11,2007-06-24,"aba102",43.5,-75
21.3,4.03,26.51,2007-06-25,"aba102",43.5,-75
24.5,4.44,30.09,2007-06-26,"aba102",43.5,-75
25.2,4.88,24.78,2007-06-27,"aba102",43.5,-75
20.7,5.41,20.4,2007-06-28,"aba102",43.5,-75
16,3.7,31.19,2007-06-29,"aba102",43.5,-75
14.5,4.39,24.95,2007-06-30,"aba102",43.5,-75
11.6,5.38,20.96,2007-07-01,"aba102",43.5,-75
12.7,4.89,22.48,2007-07-02,"aba102",43.5,-75
15.7,2.96,23.26,2007-07-03,"aba102",43.5,-75
15.1,4.33,12.32,2007-07-04,"aba102",43.5,-75
17.9,3.54,17.13,2007-07-05,"aba102",43.5,-75
17.3,4.35,21.12,2007-07-06,"aba102",43.5,-75
16.7,6.04,17.03,2007-07-07,"aba102",43.5,-75
19.5,5.5,19.35,2007-07-08,"aba102",43.5,-75
21.6,4.96,24.58,2007-07-09,"aba102",43.5,-75
23.4,3.4,23.39,2007-07-10,"aba102",43.5,-75
20.5,5.57,10.85,2007-07-11,"aba102",43.5,-75
16,4.33,25.17,2007-07-12,"aba102",43.5,-75
15,5.51,23.62,2007-07-13,"aba102",43.5,-75
16.2,4.33,22.08,2007-07-14,"aba102",43.5,-75
17.3,5.1,18.66,2007-07-15,"aba102",43.5,-75
16.5,3.92,23.81,2007-07-16,"aba102",43.5,-75
18,3.62,21.48,2007-07-17,"aba102",43.5,-75
17.6,3.12,15.67,2007-07-18,"aba102",43.5,-75
16.7,3.48,6.44,2007-07-19,"aba102",43.5,-75
15.2,6.91,9.13,2007-07-20,"aba102",43.5,-75
16.2,3.9,26.55,2007-07-21,"aba102",43.5,-75
17.3,3.11,27.42,2007-07-22,"aba102",43.5,-75
16.5,4.4,15.23,2007-07-23,"aba102",43.5,-75
16.8,3.73,8.95,2007-07-24,"aba102",43.5,-75
19.2,3.2,22.24,2007-07-25,"aba102",43.5,-75
21.5,3.28,24.53,2007-07-26,"aba102",43.5,-75
21,3.73,21.75,2007-07-27,"aba102",43.5,-75
19.1,2.67,17.99,2007-07-28,"aba102",43.5,-75
20.5,2.5,20.97,2007-07-29,"aba102",43.5,-75
20,2.76,24.83,2007-07-30,"aba102",43.5,-75
20.5,2.77,22.2,2007-07-31,"aba102",43.5,-75
22.1,2.6,26.5,2007-08-01,"aba102",43.5,-75
24.5,3.21,26.71,2007-08-02,"aba102",43.5,-75
23.6,4.25,23.48,2007-08-03,"aba102",43.5,-75
19.5,4.19,26.92,2007-08-04,"aba102",43.5,-75
17.8,4.11,27.93,2007-08-05,"aba102",43.5,-75
19.3,4.52,8.73,2007-08-06,"aba102",43.5,-75
21.1,3.04,19.8,2007-08-07,"aba102",43.5,-75
21.7,6.4,17.21,2007-08-08,"aba102",43.5,-75
18.7,3.81,24.74,2007-08-09,"aba102",43.5,-75
17.2,4.38,18.56,2007-08-10,"aba102",43.5,-75
18.8,3.99,21.83,2007-08-11,"aba102",43.5,-75
20.5,4.3,22.01,2007-08-12,"aba102",43.5,-75
19.6,5.02,19.71,2007-08-13,"aba102",43.5,-75
15.6,3.3,26.08,2007-08-14,"aba102",43.5,-75
17.5,5.91,17.87,2007-08-15,"aba102",43.5,-75
18.8,4.38,18.85,2007-08-16,"aba102",43.5,-75
15.4,5.42,25.47,2007-08-17,"aba102",43.5,-75
11,6.31,16.32,2007-08-18,"aba102",43.5,-75
12.4,3.14,17.71,2007-08-19,"aba102",43.5,-75
12.2,2.88,11.24,2007-08-20,"aba102",43.5,-75
13.3,4.1,21.49,2007-08-21,"aba102",43.5,-75
13.8,4,4.61,2007-08-22,"aba102",43.5,-75
17.9,4.87,9.38,2007-08-23,"aba102",43.5,-75
22.1,4.83,16.44,2007-08-24,"aba102",43.5,-75
23.1,5.4,18.42,2007-08-25,"aba102",43.5,-75
17.7,4.96,11.01,2007-08-26,"aba102",43.5,-75
17.4,2.51,17.81,2007-08-27,"aba102",43.5,-75
18.2,2.44,23.43,2007-08-28,"aba102",43.5,-75
21.1,3,22.94,2007-08-29,"aba102",43.5,-75
19.7,3.51,12.8,2007-08-30,"aba102",43.5,-75
16.8,3.79,19.46,2007-08-31,"aba102",43.5,-75
13.5,3.81,22.29,2007-09-01,"aba102",43.5,-75
13.1,3.11,23.57,2007-09-02,"aba102",43.5,-75
17.5,6,19.36,2007-09-03,"aba102",43.5,-75
14.8,3.61,21.36,2007-09-04,"aba102",43.5,-75
14,2.91,22.9,2007-09-05,"aba102",43.5,-75
19.8,4.24,18.58,2007-09-06,"aba102",43.5,-75
23.9,5.09,19.66,2007-09-07,"aba102",43.5,-75
21.6,4.88,11.35,2007-09-08,"aba102",43.5,-75
15.2,2.56,2.56,2007-09-09,"aba102",43.5,-75
15.9,2.94,8.69,2007-09-10,"aba102",43.5,-75
14.4,5.74,4.49,2007-09-11,"aba102",43.5,-75
11.7,6.84,13.7,2007-09-12,"aba102",43.5,-75
11.6,3.26,13.66,2007-09-13,"aba102",43.5,-75
15,7.2,11.62,2007-09-14,"aba102",43.5,-75
9.6,5.42,13.15,2007-09-15,"aba102",43.5,-75
6.8,2.26,14.49,2007-09-16,"aba102",43.5,-75
8.2,2.59,20.33,2007-09-17,"aba102",43.5,-75
11.2,2.91,20.09,2007-09-18,"aba102",43.5,-75
13.6,3.13,20,2007-09-19,"aba102",43.5,-75
16.7,2.77,17.57,2007-09-20,"aba102",43.5,-75
17.5,3.58,16.03,2007-09-21,"aba102",43.5,-75
18.8,5.64,14.99,2007-09-22,"aba102",43.5,-75
13.4,4.4,19.22,2007-09-23,"aba102",43.5,-75
14.5,2.79,18.89,2007-09-24,"aba102",43.5,-75
18.7,4.02,18.09,2007-09-25,"aba102",43.5,-75
20.1,4.46,8.72,2007-09-26,"aba102",43.5,-75
16.8,3.01,10.47,2007-09-27,"aba102",43.5,-75
12.9,5.38,12.17,2007-09-28,"aba102",43.5,-75
10.7,4.55,11.35,2007-09-29,"aba102",43.5,-75
10.1,3.89,16.81,2007-09-30,"aba102",43.5,-75
13.3,4.55,15.52,2007-10-01,"aba102",43.5,-75
13.6,4.94,14.44,2007-10-02,"aba102",43.5,-75
17.8,5.89,10.53,2007-10-03,"aba102",43.5,-75
16.9,2.01,15.44,2007-10-04,"aba102",43.5,-75
16.9,2.77,16.07,2007-10-05,"aba102",43.5,-75
17.3,3.67,12.36,2007-10-06,"aba102",43.5,-75
15.1,3.45,13.18,2007-10-07,"aba102",43.5,-75
15.4,4.37,2.54,2007-10-08,"aba102",43.5,-75
12.9,3.58,8.77,2007-10-09,"aba102",43.5,-75
13.2,3.2,11.39,2007-10-10,"aba102",43.5,-75
12.1,4.02,5.68,2007-10-11,"aba102",43.5,-75
5.2,5.9,5.36,2007-10-12,"aba102",43.5,-75
3.8,5.91,8.52,2007-10-13,"aba102",43.5,-75
4.7,4.2,9.04,2007-10-14,"aba102",43.5,-75
7,4.39,6.58,2007-10-15,"aba102",43.5,-75
6.1,2.6,14.46,2007-10-16,"aba102",43.5,-75
10.3,2.66,10.51,2007-10-17,"aba102",43.5,-75
15,3.91,9.79,2007-10-18,"aba102",43.5,-75
17.8,6.99,4.68,2007-10-19,"aba102",43.5,-75
11.7,6.69,7.93,2007-10-20,"aba102",43.5,-75
13.3,4.8,13.44,2007-10-21,"aba102",43.5,-75
16,4.43,13.53,2007-10-22,"aba102",43.5,-75
13.6,6.09,0.78,2007-10-23,"aba102",43.5,-75
6.7,2.83,6.92,2007-10-24,"aba102",43.5,-75
6.8,3.72,13.22,2007-10-25,"aba102",43.5,-75
7.5,4.76,9.8,2007-10-26,"aba102",43.5,-75
10.2,6.33,1.21,2007-10-27,"aba102",43.5,-75
3,7.3,10.04,2007-10-28,"aba102",43.5,-75
-0.2,3.79,9.46,2007-10-29,"aba102",43.5,-75
5.9,3.35,6.18,2007-10-30,"aba102",43.5,-75
8.5,5.59,11.43,2007-10-31,"aba102",43.5,-75
6.3,6.32,6.44,2007-11-01,"aba102",43.5,-75
1.9,3.64,12.25,2007-11-02,"aba102",43.5,-75
2.2,4.37,7.29,2007-11-03,"aba102",43.5,-75
2.2,3.83,8.35,2007-11-04,"aba102",43.5,-75
3.6,6.52,7.95,2007-11-05,"aba102",43.5,-75
3.1,6.8,9.89,2007-11-06,"aba102",43.5,-75
-0.5,6.04,6.93,2007-11-07,"aba102",43.5,-75
-1.9,2.09,5.9,2007-11-08,"aba102",43.5,-75
-1.2,3.32,9.63,2007-11-09,"aba102",43.5,-75
-0.9,3.55,9.99,2007-11-10,"aba102",43.5,-75
-2.9,2.53,10.63,2007-11-11,"aba102",43.5,-75
0.8,3.94,5.59,2007-11-12,"aba102",43.5,-75
4.9,3.98,5.55,2007-11-13,"aba102",43.5,-75
5.9,6.01,4.4,2007-11-14,"aba102",43.5,-75
3.3,3.89,1.21,2007-11-15,"aba102",43.5,-75
-1.6,6.62,6.54,2007-11-16,"aba102",43.5,-75
-3.9,5.12,7.59,2007-11-17,"aba102",43.5,-75
-4.3,3.11,9.75,2007-11-18,"aba102",43.5,-75
-2.1,4.74,9.13,2007-11-19,"aba102",43.5,-75
1,5.56,1.19,2007-11-20,"aba102",43.5,-75
3.4,4.34,1.1,2007-11-21,"aba102",43.5,-75
2.3,5.05,1.23,2007-11-22,"aba102",43.5,-75
-7.7,5.19,3.56,2007-11-23,"aba102",43.5,-75
-7.7,3.96,7.18,2007-11-24,"aba102",43.5,-75
-1.3,4.49,7.4,2007-11-25,"aba102",43.5,-75
2,4,2.94,2007-11-26,"aba102",43.5,-75
0.8,7.3,4.42,2007-11-27,"aba102",43.5,-75
-3.9,5.76,5.27,2007-11-28,"aba102",43.5,-75
-0.7,7.11,3.15,2007-11-29,"aba102",43.5,-75
-3.3,7.68,6.51,2007-11-30,"aba102",43.5,-75
-12.3,5.87,8.48,2007-12-01,"aba102",43.5,-75
-11.9,5.97,1.91,2007-12-02,"aba102",43.5,-75
-5.3,6.83,2.62,2007-12-03,"aba102",43.5,-75
-10.1,5.27,4.47,2007-12-04,"aba102",43.5,-75
-10.4,3.6,4.04,2007-12-05,"aba102",43.5,-75
-11.9,3.54,5.08,2007-12-06,"aba102",43.5,-75
-7.8,4.12,3.65,2007-12-07,"aba102",43.5,-75
-3.7,6.02,4.72,2007-12-08,"aba102",43.5,-75
-8.2,2.31,2.45,2007-12-09,"aba102",43.5,-75
-4.8,2.62,5.05,2007-12-10,"aba102",43.5,-75
-3.8,3.94,3.16,2007-12-11,"aba102",43.5,-75
-2.5,6.8,4.57,2007-12-12,"aba102",43.5,-75
-11.8,4.62,2.33,2007-12-13,"aba102",43.5,-75
-3.9,6.91,4.58,2007-12-14,"aba102",43.5,-75
-13.8,5.35,6.13,2007-12-15,"aba102",43.5,-75
-10.7,10.21,1.26,2007-12-16,"aba102",43.5,-75
-12.5,6.48,5.08,2007-12-17,"aba102",43.5,-75
-9.6,3.75,3.32,2007-12-18,"aba102",43.5,-75
-5.3,4.11,4.56,2007-12-19,"aba102",43.5,-75
-3.7,2.36,3.43,2007-12-20,"aba102",43.5,-75
-4,4.46,5.09,2007-12-21,"aba102",43.5,-75
-2.3,4.78,5.08,2007-12-22,"aba102",43.5,-75
2.8,7.96,1.28,2007-12-23,"aba102",43.5,-75
-4,7.38,3.51,2007-12-24,"aba102",43.5,-75
-2.4,5.18,3.21,2007-12-25,"aba102",43.5,-75
-3.6,3.81,6.94,2007-12-26,"aba102",43.5,-75
-1.1,4.56,1.79,2007-12-27,"aba102",43.5,-75
-0.3,7,3.39,2007-12-28,"aba102",43.5,-75
0.6,7.78,4.04,2007-12-29,"aba102",43.5,-75
-2.8,4,3.99,2007-12-30,"aba102",43.5,-75
-3.4,5.36,4.57,2007-12-31,"aba102",43.5,-75
-4.5,6.44,4.45,2008-01-01,"aba102",43.5,-75
-13.6,5.72,7.61,2008-01-02,"aba102",43.5,-75
-21.2,4.16,8.27,2008-01-03,"aba102",43.5,-75
-10.9,3.62,4.64,2008-01-04,"aba102",43.5,-75
-5.1,3.23,4.99,2008-01-05,"aba102",43.5,-75
1.9,3.23,1.99,2008-01-06,"aba102",43.5,-75
6.2,4.14,1.88,2008-01-07,"aba102",43.5,-75
9.3,5.01,5.18,2008-01-08,"aba102",43.5,-75
6.1,9.52,4.76,2008-01-09,"aba102",43.5,-75
-0.2,6.17,6.31,2008-01-10,"aba102",43.5,-75
1.1,6.69,1.07,2008-01-11,"aba102",43.5,-75
-0.2,4.98,4.57,2008-01-12,"aba102",43.5,-75
-1.9,4.89,6.97,2008-01-13,"aba102",43.5,-75
-2.7,4.96,2.62,2008-01-14,"aba102",43.5,-75
-4.1,3.76,5.81,2008-01-15,"aba102",43.5,-75
-8.1,3.91,8.85,2008-01-16,"aba102",43.5,-75
-7.5,5.16,4.08,2008-01-17,"aba102",43.5,-75
-3.6,6.82,4.53,2008-01-18,"aba102",43.5,-75
-8,6.26,6.92,2008-01-19,"aba102",43.5,-75
-14.1,5.23,7.16,2008-01-20,"aba102",43.5,-75
-16.1,5.02,7.67,2008-01-21,"aba102",43.5,-75
-8.6,7.4,4.05,2008-01-22,"aba102",43.5,-75
-8.8,7.01,6.66,2008-01-23,"aba102",43.5,-75
-12,3.76,7.22,2008-01-24,"aba102",43.5,-75
-11.3,6.41,5.15,2008-01-25,"aba102",43.5,-75
-7.5,4.04,6.44,2008-01-26,"aba102",43.5,-75
-6.7,3.28,8.62,2008-01-27,"aba102",43.5,-75
-7.8,3.31,10.47,2008-01-28,"aba102",43.5,-75
-3.4,4.8,4.82,2008-01-29,"aba102",43.5,-75
-3.9,7.89,5.63,2008-01-30,"aba102",43.5,-75
-10,5.47,9.63,2008-01-31,"aba102",43.5,-75
-5.1,8.62,1.13,2008-02-01,"aba102",43.5,-75
-3.1,6.7,4.65,2008-02-02,"aba102",43.5,-75
-2,3.61,5.6,2008-02-03,"aba102",43.5,-75
-2.9,4.64,6.39,2008-02-04,"aba102",43.5,-75
1.1,5.17,1.85,2008-02-05,"aba102",43.5,-75
0.2,5.98,2.2,2008-02-06,"aba102",43.5,-75
-5.5,5.97,4.67,2008-02-07,"aba102",43.5,-75
-7.3,2.62,8.24,2008-02-08,"aba102",43.5,-75
-3.7,4.8,5.8,2008-02-09,"aba102",43.5,-75
-6.8,7.71,8.49,2008-02-10,"aba102",43.5,-75
-16.5,6.58,12.02,2008-02-11,"aba102",43.5,-75
-15,6.02,10.11,2008-02-12,"aba102",43.5,-75
-5.6,6.64,2.46,2008-02-13,"aba102",43.5,-75
-8,4.65,12.48,2008-02-14,"aba102",43.5,-75
-5.9,6.3,6.83,2008-02-15,"aba102",43.5,-75
-12.3,3.89,13.62,2008-02-16,"aba102",43.5,-75
-5,7.28,6.52,2008-02-17,"aba102",43.5,-75
3.6,7.31,3.62,2008-02-18,"aba102",43.5,-75
-6.5,7.11,10.57,2008-02-19,"aba102",43.5,-75
-12,5.81,11.96,2008-02-20,"aba102",43.5,-75
-14.6,4.77,13.65,2008-02-21,"aba102",43.5,-75
-9.3,4.68,4.75,2008-02-22,"aba102",43.5,-75
-8.1,3,13.27,2008-02-23,"aba102",43.5,-75
-7.4,3.59,15.26,2008-02-24,"aba102",43.5,-75
-4.6,3.61,11.62,2008-02-25,"aba102",43.5,-75
-3.4,3.92,3.9,2008-02-26,"aba102",43.5,-75
-8.9,4.7,8.92,2008-02-27,"aba102",43.5,-75
-16.8,4.49,15.74,2008-02-28,"aba102",43.5,-75
-14.3,6.33,15.59,2008-02-29,"aba102",43.5,-75
-5.6,6.33,12.48,2008-03-01,"aba102",43.5,-75
-7.4,5.23,15.34,2008-03-02,"aba102",43.5,-75
1.4,5.89,12.8,2008-03-03,"aba102",43.5,-75
0.6,5.94,5.5,2008-03-04,"aba102",43.5,-75
-2.4,9.34,4.45,2008-03-05,"aba102",43.5,-75
-2.8,4.21,16.37,2008-03-06,"aba102",43.5,-75
-0.2,3.75,13.21,2008-03-07,"aba102",43.5,-75
-0.5,7.33,2.34,2008-03-08,"aba102",43.5,-75
-9.4,8.82,9.46,2008-03-09,"aba102",43.5,-75
-10.7,4.22,18.56,2008-03-10,"aba102",43.5,-75
-7.4,3.28,18.47,2008-03-11,"aba102",43.5,-75
-3.5,6.09,11.15,2008-03-12,"aba102",43.5,-75
-6.6,4.88,14.92,2008-03-13,"aba102",43.5,-75
1.3,3.93,15.17,2008-03-14,"aba102",43.5,-75
1,3.22,10.8,2008-03-15,"aba102",43.5,-75
-1.4,5.33,16.13,2008-03-16,"aba102",43.5,-75
-7.1,4.83,20,2008-03-17,"aba102",43.5,-75
-2.9,5.69,12.15,2008-03-18,"aba102",43.5,-75
0.7,5.61,1.7,2008-03-19,"aba102",43.5,-75
-1.1,8.29,11.94,2008-03-20,"aba102",43.5,-75
-8.2,7.56,18.06,2008-03-21,"aba102",43.5,-75
-8.2,5.02,21.92,2008-03-22,"aba102",43.5,-75
-9.3,3.98,21.94,2008-03-23,"aba102",43.5,-75
-8.5,4.5,18.4,2008-03-24,"aba102",43.5,-75
-5.5,6.38,20.62,2008-03-25,"aba102",43.5,-75
0.4,6.24,18.15,2008-03-26,"aba102",43.5,-75
-0.7,4.66,17.37,2008-03-27,"aba102",43.5,-75
-1.3,3.67,5.84,2008-03-28,"aba102",43.5,-75
-8.2,4.61,22.29,2008-03-29,"aba102",43.5,-75
-5.1,5.08,23.84,2008-03-30,"aba102",43.5,-75
0.9,5.19,3.18,2008-03-31,"aba102",43.5,-75
8.2,7.89,6.11,2008-04-01,"aba102",43.5,-75
-3.8,7.72,23.62,2008-04-02,"aba102",43.5,-75
-0.3,4.26,24.42,2008-04-03,"aba102",43.5,-75
1.5,4.85,2.1,2008-04-04,"aba102",43.5,-75
2.7,3.94,13.81,2008-04-05,"aba102",43.5,-75
4.6,5.23,23.45,2008-04-06,"aba102",43.5,-75
5.6,5.45,21.8,2008-04-07,"aba102",43.5,-75
7.6,5.73,21.5,2008-04-08,"aba102",43.5,-75
11.1,6.01,19.87,2008-04-09,"aba102",43.5,-75
6.6,4.6,22.83,2008-04-10,"aba102",43.5,-75
3.3,5.31,3.97,2008-04-11,"aba102",43.5,-75
7.9,6.14,14.89,2008-04-12,"aba102",43.5,-75
1.4,5.84,14.51,2008-04-13,"aba102",43.5,-75
2.8,5.46,21.08,2008-04-14,"aba102",43.5,-75
3.6,3.09,25.56,2008-04-15,"aba102",43.5,-75
7.9,2.92,25.64,2008-04-16,"aba102",43.5,-75
13.1,3.12,26.05,2008-04-17,"aba102",43.5,-75
14.8,2.82,25.39,2008-04-18,"aba102",43.5,-75
18,4.95,25.59,2008-04-19,"aba102",43.5,-75
15.7,5.02,24.18,2008-04-20,"aba102",43.5,-75
15.5,3.56,24.66,2008-04-21,"aba102",43.5,-75
16.7,3.3,25.73,2008-04-22,"aba102",43.5,-75
15.9,4.28,22,2008-04-23,"aba102",43.5,-75
13.3,4.3,26.58,2008-04-24,"aba102",43.5,-75
14.2,3.04,24.5,2008-04-25,"aba102",43.5,-75
16.2,5.82,24.63,2008-04-26,"aba102",43.5,-75
13.2,3.97,23.88,2008-04-27,"aba102",43.5,-75
7.2,5.75,2.02,2008-04-28,"aba102",43.5,-75
3.1,6.69,16.82,2008-04-29,"aba102",43.5,-75
1.5,5.1,24.67,2008-04-30,"aba102",43.5,-75
5.9,2.82,24.48,2008-05-01,"aba102",43.5,-75
6,5.08,5.73,2008-05-02,"aba102",43.5,-75
8.1,6.16,12.16,2008-05-03,"aba102",43.5,-75
7.3,5.87,9.09,2008-05-04,"aba102",43.5,-75
8.8,3.13,28.64,2008-05-05,"aba102",43.5,-75
11.3,5.39,27.4,2008-05-06,"aba102",43.5,-75
12,3.96,21.67,2008-05-07,"aba102",43.5,-75
11.3,5.61,15.01,2008-05-08,"aba102",43.5,-75
9.9,2.73,23.06,2008-05-09,"aba102",43.5,-75
10.9,4.39,18.68,2008-05-10,"aba102",43.5,-75
12,5.25,24.75,2008-05-11,"aba102",43.5,-75
11.1,4.6,19.62,2008-05-12,"aba102",43.5,-75
13.4,3.47,29.02,2008-05-13,"aba102",43.5,-75
15.3,4.72,27.36,2008-05-14,"aba102",43.5,-75
13.4,4.41,18.24,2008-05-15,"aba102",43.5,-75
9.9,2.98,12.45,2008-05-16,"aba102",43.5,-75
10,5.1,22.14,2008-05-17,"aba102",43.5,-75
7.5,4.96,16.03,2008-05-18,"aba102",43.5,-75
4.1,8.32,15.23,2008-05-19,"aba102",43.5,-75
7.5,4.53,23,2008-05-20,"aba102",43.5,-75
6.1,5.45,23.05,2008-05-21,"aba102",43.5,-75
5.7,5.77,15.54,2008-05-22,"aba102",43.5,-75
8.9,6.66,13.55,2008-05-23,"aba102",43.5,-75
10.8,5.28,21.22,2008-05-24,"aba102",43.5,-75
12.8,3.61,30.61,2008-05-25,"aba102",43.5,-75
16.1,5.42,22.04,2008-05-26,"aba102",43.5,-75
13.3,4.95,13.79,2008-05-27,"aba102",43.5,-75
7.6,4.27,31.26,2008-05-28,"aba102",43.5,-75
11.4,6.43,30.83,2008-05-29,"aba102",43.5,-75
14.4,3.7,24.31,2008-05-30,"aba102",43.5,-75
16.5,4.9,12.58,2008-05-31,"aba102",43.5,-75
12.3,5.9,10.87,2008-06-01,"aba102",43.5,-75
14.7,5.81,25.48,2008-06-02,"aba102",43.5,-75
15.2,3.64,18.03,2008-06-03,"aba102",43.5,-75
15.8,3.67,14.36,2008-06-04,"aba102",43.5,-75
17.3,4.82,19.5,2008-06-05,"aba102",43.5,-75
19.8,5.12,13.77,2008-06-06,"aba102",43.5,-75
23.1,4.93,21.6,2008-06-07,"aba102",43.5,-75
22,5.61,15.89,2008-06-08,"aba102",43.5,-75
24,5.22,23.57,2008-06-09,"aba102",43.5,-75
22.7,5.04,25.43,2008-06-10,"aba102",43.5,-75
18,6.46,26.49,2008-06-11,"aba102",43.5,-75
16,3.2,31.06,2008-06-12,"aba102",43.5,-75
18.9,3.42,29.2,2008-06-13,"aba102",43.5,-75
20.1,3.14,16.31,2008-06-14,"aba102",43.5,-75
18.9,3.09,27.37,2008-06-15,"aba102",43.5,-75
16.3,4.71,17.63,2008-06-16,"aba102",43.5,-75
12.8,5.51,22.16,2008-06-17,"aba102",43.5,-75
11,3.54,23.25,2008-06-18,"aba102",43.5,-75
12.1,4.53,19.41,2008-06-19,"aba102",43.5,-75
12.9,3.22,17.22,2008-06-20,"aba102",43.5,-75
15.6,3.37,26.04,2008-06-21,"aba102",43.5,-75
17.1,3.72,21.15,2008-06-22,"aba102",43.5,-75
16.6,3.62,20.76,2008-06-23,"aba102",43.5,-75
15.1,4.1,17.36,2008-06-24,"aba102",43.5,-75
17.3,4.2,26.52,2008-06-25,"aba102",43.5,-75
17.6,4.7,13.9,2008-06-26,"aba102",43.5,-75
19.6,3.1,16.77,2008-06-27,"aba102",43.5,-75
19.2,4.84,13.46,2008-06-28,"aba102",43.5,-75
20.3,5,20.14,2008-06-29,"aba102",43.5,-75
17.7,3.4,23.85,2008-06-30,"aba102",43.5,-75
17.2,2.75,21.31,2008-07-01,"aba102",43.5,-75
18,3.8,28.65,2008-07-02,"aba102",43.5,-75
16.5,5.06,9.23,2008-07-03,"aba102",43.5,-75
15.7,2.21,28.83,2008-07-04,"aba102",43.5,-75
17.2,2.39,27.11,2008-07-05,"aba102",43.5,-75
18.9,2.9,30.82,2008-07-06,"aba102",43.5,-75
22.1,3.36,23.26,2008-07-07,"aba102",43.5,-75
23.3,4.05,24.3,2008-07-08,"aba102",43.5,-75
21.3,4.44,11.75,2008-07-09,"aba102",43.5,-75
16.3,5.47,16.01,2008-07-10,"aba102",43.5,-75
16.7,2.92,18.46,2008-07-11,"aba102",43.5,-75
20.7,4.32,26.18,2008-07-12,"aba102",43.5,-75
19.8,5.5,8.64,2008-07-13,"aba102",43.5,-75
17.9,5.22,21.61,2008-07-14,"aba102",43.5,-75
17,3.86,20.4,2008-07-15,"aba102",43.5,-75
19.4,3.81,27.14,2008-07-16,"aba102",43.5,-75
20.7,3.01,22.34,2008-07-17,"aba102",43.5,-75
21.3,3.88,21.65,2008-07-18,"aba102",43.5,-75
21.7,4.26,23.04,2008-07-19,"aba102",43.5,-75
18.9,3.04,7.56,2008-07-20,"aba102",43.5,-75
19.1,2.06,17.64,2008-07-21,"aba102",43.5,-75
18.1,2.83,20.85,2008-07-22,"aba102",43.5,-75
17.7,4.47,8.03,2008-07-23,"aba102",43.5,-75
17.5,4.21,12.3,2008-07-24,"aba102",43.5,-75
18.5,3.61,25.69,2008-07-25,"aba102",43.5,-75
19.8,4.38,22.8,2008-07-26,"aba102",43.5,-75
18.8,3.69,22.54,2008-07-27,"aba102",43.5,-75
18.7,4.64,20.85,2008-07-28,"aba102",43.5,-75
18.8,4.4,19.09,2008-07-29,"aba102",43.5,-75
18.6,3.01,21.72,2008-07-30,"aba102",43.5,-75
19.4,4.8,17.79,2008-07-31,"aba102",43.5,-75
18.9,3.88,18.42,2008-08-01,"aba102",43.5,-75
16.9,2.21,14.78,2008-08-02,"aba102",43.5,-75
16.6,3.58,13.26,2008-08-03,"aba102",43.5,-75
18.3,3.86,18.76,2008-08-04,"aba102",43.5,-75
19.1,3.61,21.65,2008-08-05,"aba102",43.5,-75
19.3,5.68,17.47,2008-08-06,"aba102",43.5,-75
16.2,3,14.12,2008-08-07,"aba102",43.5,-75
14.5,3.63,12.11,2008-08-08,"aba102",43.5,-75
15.8,3.97,19.45,2008-08-09,"aba102",43.5,-75
15.1,3.75,13.72,2008-08-10,"aba102",43.5,-75
15,3.32,14.66,2008-08-11,"aba102",43.5,-75
15.4,3.72,15.07,2008-08-12,"aba102",43.5,-75
14.7,3.02,19.06,2008-08-13,"aba102",43.5,-75
15.8,2.69,23.09,2008-08-14,"aba102",43.5,-75
15.5,2.25,21.34,2008-08-15,"aba102",43.5,-75
15.4,3.6,18.18,2008-08-16,"aba102",43.5,-75
17.6,4.33,19.9,2008-08-17,"aba102",43.5,-75
19,4.65,19.46,2008-08-18,"aba102",43.5,-75
13.5,5.04,17.08,2008-08-19,"aba102",43.5,-75
12,2.95,24.33,2008-08-20,"aba102",43.5,-75
15.6,1.94,24.59,2008-08-21,"aba102",43.5,-75
18.9,3.24,24.62,2008-08-22,"aba102",43.5,-75
19.3,3.2,22.29,2008-08-23,"aba102",43.5,-75
20.6,3.35,22.9,2008-08-24,"aba102",43.5,-75
15.7,4.19,11.68,2008-08-25,"aba102",43.5,-75
12.5,3.3,24.28,2008-08-26,"aba102",43.5,-75
15.3,3.11,23.51,2008-08-27,"aba102",43.5,-75
17.7,3.18,18.61,2008-08-28,"aba102",43.5,-75
15.6,3.47,5.31,2008-08-29,"aba102",43.5,-75
17.6,3.85,13.72,2008-08-30,"aba102",43.5,-75
16.4,3.89,22.77,2008-08-31,"aba102",43.5,-75
16.9,3.24,22.85,2008-09-01,"aba102",43.5,-75
19.2,2.94,21.88,2008-09-02,"aba102",43.5,-75
19.9,3.05,20.59,2008-09-03,"aba102",43.5,-75
19.5,3.42,15.52,2008-09-04,"aba102",43.5,-75
23.5,6.36,21.36,2008-09-05,"aba102",43.5,-75
19.8,5.14,6.41,2008-09-06,"aba102",43.5,-75
14.3,5.22,16.07,2008-09-07,"aba102",43.5,-75
14.8,4.72,14.55,2008-09-08,"aba102",43.5,-75
14.1,6.08,7.42,2008-09-09,"aba102",43.5,-75
10.7,3.76,18.59,2008-09-10,"aba102",43.5,-75
11.6,3.77,17.47,2008-09-11,"aba102",43.5,-75
15,4.83,5.22,2008-09-12,"aba102",43.5,-75
19.2,2.77,11.93,2008-09-13,"aba102",43.5,-75
22.6,7.01,12.9,2008-09-14,"aba102",43.5,-75
15.8,9.02,6.89,2008-09-15,"aba102",43.5,-75
10,3.44,14.52,2008-09-16,"aba102",43.5,-75
12,3.26,19.9,2008-09-17,"aba102",43.5,-75
10.6,4.2,18.1,2008-09-18,"aba102",43.5,-75
8.4,3.61,20.25,2008-09-19,"aba102",43.5,-75
11.8,3.49,18.06,2008-09-20,"aba102",43.5,-75
12.8,2.58,7.62,2008-09-21,"aba102",43.5,-75
10.7,2.63,18.39,2008-09-22,"aba102",43.5,-75
10.3,2.27,19.06,2008-09-23,"aba102",43.5,-75
13.6,2.5,16.77,2008-09-24,"aba102",43.5,-75
14.5,3.48,16.81,2008-09-25,"aba102",43.5,-75
12.3,4.83,4.97,2008-09-26,"aba102",43.5,-75
15.7,3.35,7.61,2008-09-27,"aba102",43.5,-75
16.6,4.44,5.53,2008-09-28,"aba102",43.5,-75
12,4.46,7.86,2008-09-29,"aba102",43.5,-75
12.9,4.2,10.47,2008-09-30,"aba102",43.5,-75
11.2,3.26,9.53,2008-10-01,"aba102",43.5,-75
6.5,4.87,11.3,2008-10-02,"aba102",43.5,-75
5.7,5.42,11.71,2008-10-03,"aba102",43.5,-75
5.5,4.23,9.93,2008-10-04,"aba102",43.5,-75
5.4,4.11,10.18,2008-10-05,"aba102",43.5,-75
5,4.08,13.44,2008-10-06,"aba102",43.5,-75
4.2,2.71,16.47,2008-10-07,"aba102",43.5,-75
7.8,4.54,11.89,2008-10-08,"aba102",43.5,-75
13.7,5.6,11.19,2008-10-09,"aba102",43.5,-75
10,4.3,15.65,2008-10-10,"aba102",43.5,-75
9.4,2.89,15.17,2008-10-11,"aba102",43.5,-75
11.3,2.73,15.02,2008-10-12,"aba102",43.5,-75
14,2.56,10.16,2008-10-13,"aba102",43.5,-75
13.5,4.84,9.87,2008-10-14,"aba102",43.5,-75
9.1,2.19,13.65,2008-10-15,"aba102",43.5,-75
10.6,4.53,4.21,2008-10-16,"aba102",43.5,-75
4.1,4.11,13.47,2008-10-17,"aba102",43.5,-75
1.4,3.61,13.31,2008-10-18,"aba102",43.5,-75
1.5,2.48,14.58,2008-10-19,"aba102",43.5,-75
3.2,1.94,11.17,2008-10-20,"aba102",43.5,-75
3.8,6.64,6.13,2008-10-21,"aba102",43.5,-75
0.7,5.52,6.66,2008-10-22,"aba102",43.5,-75
1.4,2.42,13.79,2008-10-23,"aba102",43.5,-75
3.5,4.48,12.86,2008-10-24,"aba102",43.5,-75
8.1,8.3,1.63,2008-10-25,"aba102",43.5,-75
7.4,4.92,12.45,2008-10-26,"aba102",43.5,-75
5.4,3.81,6.08,2008-10-27,"aba102",43.5,-75
0.6,8.02,1.89,2008-10-28,"aba102",43.5,-75
-2.7,7.71,5.68,2008-10-29,"aba102",43.5,-75
-3.7,4.48,10.13,2008-10-30,"aba102",43.5,-75
3,4.14,12.05,2008-10-31,"aba102",43.5,-75
3.1,3.41,11.2,2008-11-01,"aba102",43.5,-75
-1.9,4.53,12.15,2008-11-02,"aba102",43.5,-75
3.3,4.55,6.04,2008-11-03,"aba102",43.5,-75
8.8,3.26,10.19,2008-11-04,"aba102",43.5,-75
10.2,2.91,8.41,2008-11-05,"aba102",43.5,-75
11.8,3.36,8.08,2008-11-06,"aba102",43.5,-75
12.1,3.08,5.6,2008-11-07,"aba102",43.5,-75
9.2,4.3,1.23,2008-11-08,"aba102",43.5,-75
4,5.52,6.89,2008-11-09,"aba102",43.5,-75
0.7,4.75,7.44,2008-11-10,"aba102",43.5,-75
-0.6,4.83,4.24,2008-11-11,"aba102",43.5,-75
-1.5,3.19,5.93,2008-11-12,"aba102",43.5,-75
1.9,5.99,2.19,2008-11-13,"aba102",43.5,-75
9.2,4.64,5.25,2008-11-14,"aba102",43.5,-75
10,5.87,1.13,2008-11-15,"aba102",43.5,-75
1.5,8.63,3.95,2008-11-16,"aba102",43.5,-75
-3.2,5.49,8.18,2008-11-17,"aba102",43.5,-75
-7.3,4.57,6.58,2008-11-18,"aba102",43.5,-75
-8.4,3.93,7.92,2008-11-19,"aba102",43.5,-75
-7.5,4.84,6.99,2008-11-20,"aba102",43.5,-75
-10.5,4.52,7.33,2008-11-21,"aba102",43.5,-75
-12.5,6.33,6.34,2008-11-22,"aba102",43.5,-75
-10.8,4.16,4.46,2008-11-23,"aba102",43.5,-75
-3.8,6.79,5.67,2008-11-24,"aba102",43.5,-75
0.5,6.65,2.43,2008-11-25,"aba102",43.5,-75
-1.7,5.34,3.88,2008-11-26,"aba102",43.5,-75
-1.5,4.89,4.39,2008-11-27,"aba102",43.5,-75
-0.9,6.11,5.19,2008-11-28,"aba102",43.5,-75
-3.7,4.18,5.99,2008-11-29,"aba102",43.5,-75
-5.1,7.4,4.34,2008-11-30,"aba102",43.5,-75
2,8.59,6.66,2008-12-01,"aba102",43.5,-75
-1.8,7.4,5.15,2008-12-02,"aba102",43.5,-75
-4.7,4.49,8.1,2008-12-03,"aba102",43.5,-75
-0.3,5.45,2.71,2008-12-04,"aba102",43.5,-75
-8.7,4.53,6.71,2008-12-05,"aba102",43.5,-75
-10.2,4.8,6.62,2008-12-06,"aba102",43.5,-75
-8.5,6.46,5.11,2008-12-07,"aba102",43.5,-75
-19.8,5,8.09,2008-12-08,"aba102",43.5,-75
-5,6.81,4.16,2008-12-09,"aba102",43.5,-75
0.8,7.25,1.02,2008-12-10,"aba102",43.5,-75
-6.1,3.3,4.37,2008-12-11,"aba102",43.5,-75
-5.5,4.78,3.65,2008-12-12,"aba102",43.5,-75
-15,3.69,7.99,2008-12-13,"aba102",43.5,-75
-4,5.43,5.86,2008-12-14,"aba102",43.5,-75
4.8,7.56,2.1,2008-12-15,"aba102",43.5,-75
-6,5.73,4.72,2008-12-16,"aba102",43.5,-75
-5,5.8,1.61,2008-12-17,"aba102",43.5,-75
-4.1,4.08,3.73,2008-12-18,"aba102",43.5,-75
-10.6,5.38,1.84,2008-12-19,"aba102",43.5,-75
-12.4,4.13,5.89,2008-12-20,"aba102",43.5,-75
-10.5,7.52,1.94,2008-12-21,"aba102",43.5,-75
-14.3,6.61,4.9,2008-12-22,"aba102",43.5,-75
-11.6,4.65,5.21,2008-12-23,"aba102",43.5,-75
-1.7,8.73,1.86,2008-12-24,"aba102",43.5,-75
-2.1,9.34,5.49,2008-12-25,"aba102",43.5,-75
-7,4.66,4.34,2008-12-26,"aba102",43.5,-75
0.5,4.2,0.8,2008-12-27,"aba102",43.5,-75
4.7,7.72,2.95,2008-12-28,"aba102",43.5,-75
-2.2,5.59,3.44,2008-12-29,"aba102",43.5,-75
-6.2,7.84,6.76,2008-12-30,"aba102",43.5,-75
-14,5.74,3.87,2008-12-31,"aba102",43.5,-75
-18.7,5.17,8.16,2009-01-01,"aba102",43.5,-75
-9.7,4.46,3.65,2009-01-02,"aba102",43.5,-75
-8.6,5.5,5.1,2009-01-03,"aba102",43.5,-75
-11.8,4.4,7.85,2009-01-04,"aba102",43.5,-75
-3.9,5.76,4.33,2009-01-05,"aba102",43.5,-75
-8.1,3.85,7.59,2009-01-06,"aba102",43.5,-75
-4,7.05,0.78,2009-01-07,"aba102",43.5,-75
-7.2,7,5.33,2009-01-08,"aba102",43.5,-75
-14.4,4.65,7.39,2009-01-09,"aba102",43.5,-75
-15.4,4.3,6.82,2009-01-10,"aba102",43.5,-75
-10.2,4.16,5.89,2009-01-11,"aba102",43.5,-75
-9.4,3.21,7.01,2009-01-12,"aba102",43.5,-75
-5.8,6.77,4.09,2009-01-13,"aba102",43.5,-75
-18.3,6.28,9.08,2009-01-14,"aba102",43.5,-75
-19,3.76,9.19,2009-01-15,"aba102",43.5,-75
-18.7,5.02,7.01,2009-01-16,"aba102",43.5,-75
-16.6,4.81,7.56,2009-01-17,"aba102",43.5,-75
-11,5.38,5.39,2009-01-18,"aba102",43.5,-75
-8.2,2.7,4.85,2009-01-19,"aba102",43.5,-75
-12.3,3.4,7.37,2009-01-20,"aba102",43.5,-75
-13.3,4.3,6.19,2009-01-21,"aba102",43.5,-75
-6,5.4,3.76,2009-01-22,"aba102",43.5,-75
-2,6.11,5.47,2009-01-23,"aba102",43.5,-75
-13.1,6.45,9.46,2009-01-24,"aba102",43.5,-75
-14.6,4.93,6.67,2009-01-25,"aba102",43.5,-75
-13.9,3.27,9.06,2009-01-26,"aba102",43.5,-75
-10.3,2.87,10.44,2009-01-27,"aba102",43.5,-75
-8.3,7.47,1.6,2009-01-28,"aba102",43.5,-75
-8.2,6.97,5.54,2009-01-29,"aba102",43.5,-75
-6,4.9,7.08,2009-01-30,"aba102",43.5,-75
-12.9,5.07,8.42,2009-01-31,"aba102",43.5,-75
-4.5,4.72,4.2,2009-02-01,"aba102",43.5,-75
-3.3,3.08,8.15,2009-02-02,"aba102",43.5,-75
-8,4.26,10.29,2009-02-03,"aba102",43.5,-75
-15.7,3.91,10.24,2009-02-04,"aba102",43.5,-75
-18.3,4.7,10.96,2009-02-05,"aba102",43.5,-75
-11.6,2.47,11.17,2009-02-06,"aba102",43.5,-75
-3.2,5.77,7.94,2009-02-07,"aba102",43.5,-75
0.8,6.93,7.74,2009-02-08,"aba102",43.5,-75
-4.4,4.56,9.58,2009-02-09,"aba102",43.5,-75
-2.3,4.62,4.08,2009-02-10,"aba102",43.5,-75
4.2,4.25,5.03,2009-02-11,"aba102",43.5,-75
1.8,7.38,2.63,2009-02-12,"aba102",43.5,-75
-8.7,6.01,12.66,2009-02-13,"aba102",43.5,-75
-10.4,3.47,13.21,2009-02-14,"aba102",43.5,-75
-10.1,3.49,13.6,2009-02-15,"aba102",43.5,-75
-10,3.34,11.78,2009-02-16,"aba102",43.5,-75
-9,2.78,14.53,2009-02-17,"aba102",43.5,-75
-5.1,7.07,6.08,2009-02-18,"aba102",43.5,-75
-4,5.81,9.57,2009-02-19,"aba102",43.5,-75
-11.8,8.16,11.07,2009-02-20,"aba102",43.5,-75
-7.4,5.7,12.05,2009-02-21,"aba102",43.5,-75
-4.4,5.34,5.41,2009-02-22,"aba102",43.5,-75
-9.7,6.93,10.38,2009-02-23,"aba102",43.5,-75
-12.5,5.6,14.34,2009-02-24,"aba102",43.5,-75
-7.9,4.38,16,2009-02-25,"aba102",43.5,-75
0.6,4.21,9.1,2009-02-26,"aba102",43.5,-75
3.6,7.4,4.09,2009-02-27,"aba102",43.5,-75
-12.6,4.94,17,2009-02-28,"aba102",43.5,-75
-11,3.94,16.42,2009-03-01,"aba102",43.5,-75
-13.2,5.72,8.08,2009-03-02,"aba102",43.5,-75
-15.8,5.11,17.44,2009-03-03,"aba102",43.5,-75
-11.8,5.04,17.75,2009-03-04,"aba102",43.5,-75
-6.1,4.65,15.26,2009-03-05,"aba102",43.5,-75
4.3,4.88,3.53,2009-03-06,"aba102",43.5,-75
2.5,4.62,10.61,2009-03-07,"aba102",43.5,-75
2.3,4.13,12.84,2009-03-08,"aba102",43.5,-75
-0.3,6.24,3.59,2009-03-09,"aba102",43.5,-75
-0.8,5.37,9.09,2009-03-10,"aba102",43.5,-75
1.7,7.82,7.08,2009-03-11,"aba102",43.5,-75
-8.6,6.96,18.35,2009-03-12,"aba102",43.5,-75
-8.5,2.66,18.48,2009-03-13,"aba102",43.5,-75
-2.6,3.76,19.9,2009-03-14,"aba102",43.5,-75
-0.2,3.06,19.88,2009-03-15,"aba102",43.5,-75
2.1,3.85,19.64,2009-03-16,"aba102",43.5,-75
4.5,3.58,17.78,2009-03-17,"aba102",43.5,-75
5.7,5.32,6.7,2009-03-18,"aba102",43.5,-75
2.6,5.79,19.04,2009-03-19,"aba102",43.5,-75
-2.8,3.31,21.24,2009-03-20,"aba102",43.5,-75
-2.5,2.91,21.29,2009-03-21,"aba102",43.5,-75
-1.6,5.56,15.26,2009-03-22,"aba102",43.5,-75
-7.4,6.43,21.79,2009-03-23,"aba102",43.5,-75
-3.9,3.82,22.21,2009-03-24,"aba102",43.5,-75
2.4,4.49,21.38,2009-03-25,"aba102",43.5,-75
3.9,4.33,4.75,2009-03-26,"aba102",43.5,-75
5.3,3.26,18.39,2009-03-27,"aba102",43.5,-75
9.2,4.49,19,2009-03-28,"aba102",43.5,-75
6.8,6.32,4.92,2009-03-29,"aba102",43.5,-75
0.1,6.85,6.87,2009-03-30,"aba102",43.5,-75
3.2,5.26,21.98,2009-03-31,"aba102",43.5,-75
3.4,6.91,9.1,2009-04-01,"aba102",43.5,-75
8.9,4.55,20.98,2009-04-02,"aba102",43.5,-75
9.7,8.43,4.23,2009-04-03,"aba102",43.5,-75
0.4,8.9,6.93,2009-04-04,"aba102",43.5,-75
1.2,5.87,15.33,2009-04-05,"aba102",43.5,-75
2.3,6.86,6.98,2009-04-06,"aba102",43.5,-75
-2.7,6.25,9.81,2009-04-07,"aba102",43.5,-75
-2,6.17,14.05,2009-04-08,"aba102",43.5,-75
2.5,6.83,23.79,2009-04-09,"aba102",43.5,-75
4.9,4.49,22.42,2009-04-10,"aba102",43.5,-75
3,5.6,22.69,2009-04-11,"aba102",43.5,-75
-2.1,7.6,16.43,2009-04-12,"aba102",43.5,-75
0.7,4.48,25.6,2009-04-13,"aba102",43.5,-75
6,4.7,25.46,2009-04-14,"aba102",43.5,-75
8.3,4.65,25.71,2009-04-15,"aba102",43.5,-75
7.7,4.03,26.07,2009-04-16,"aba102",43.5,-75
8.5,6.33,25.69,2009-04-17,"aba102",43.5,-75
8.5,4.09,10.77,2009-04-18,"aba102",43.5,-75
7.6,4.4,25.91,2009-04-19,"aba102",43.5,-75
4.9,8.95,10.89,2009-04-20,"aba102",43.5,-75
5.7,8.3,4.8,2009-04-21,"aba102",43.5,-75
6,3.83,17.24,2009-04-22,"aba102",43.5,-75
3,6.49,13.76,2009-04-23,"aba102",43.5,-75
10.6,5.01,26.81,2009-04-24,"aba102",43.5,-75
19.7,5.15,25.83,2009-04-25,"aba102",43.5,-75
16.6,3.72,9.81,2009-04-26,"aba102",43.5,-75
20.5,5.9,23.19,2009-04-27,"aba102",43.5,-75
16.4,6.99,18.68,2009-04-28,"aba102",43.5,-75
8.3,4.6,26.72,2009-04-29,"aba102",43.5,-75
9.8,5.76,17.81,2009-04-30,"aba102",43.5,-75
13.2,6.69,10.15,2009-05-01,"aba102",43.5,-75
7.6,4.93,20.97,2009-05-02,"aba102",43.5,-75
10.1,4.02,20.89,2009-05-03,"aba102",43.5,-75
12.5,3.66,21.71,2009-05-04,"aba102",43.5,-75
10.3,4.53,8.47,2009-05-05,"aba102",43.5,-75
10.6,3.55,5.82,2009-05-06,"aba102",43.5,-75
11.1,5.69,5.4,2009-05-07,"aba102",43.5,-75
13.9,4.4,21.33,2009-05-08,"aba102",43.5,-75
14.1,6.64,15.43,2009-05-09,"aba102",43.5,-75
6,6.48,12.99,2009-05-10,"aba102",43.5,-75
7,3.76,27.25,2009-05-11,"aba102",43.5,-75
8.7,3.31,24.97,2009-05-12,"aba102",43.5,-75
11.3,5.61,29.73,2009-05-13,"aba102",43.5,-75
12.2,8.15,7.08,2009-05-14,"aba102",43.5,-75
13,3.28,27.05,2009-05-15,"aba102",43.5,-75
15.3,5.86,15.84,2009-05-16,"aba102",43.5,-75
5.5,5.7,18.21,2009-05-17,"aba102",43.5,-75
5,3.55,18.35,2009-05-18,"aba102",43.5,-75
9.4,4.56,30.13,2009-05-19,"aba102",43.5,-75
15.5,4.32,27.52,2009-05-20,"aba102",43.5,-75
20.1,4.94,30.14,2009-05-21,"aba102",43.5,-75
17.3,3.67,22.6,2009-05-22,"aba102",43.5,-75
14,3.58,14.12,2009-05-23,"aba102",43.5,-75
15.6,5,21.55,2009-05-24,"aba102",43.5,-75
12.3,4.61,30.6,2009-05-25,"aba102",43.5,-75
10,3.85,25.88,2009-05-26,"aba102",43.5,-75
10.8,4.1,4.66,2009-05-27,"aba102",43.5,-75
14.6,5.39,5.97,2009-05-28,"aba102",43.5,-75
13.4,5.35,6.47,2009-05-29,"aba102",43.5,-75
12,5.41,20.79,2009-05-30,"aba102",43.5,-75
8.2,8.53,22.4,2009-05-31,"aba102",43.5,-75
8,4.4,22.17,2009-06-01,"aba102",43.5,-75
12.6,3.48,20.91,2009-06-02,"aba102",43.5,-75
12,3.71,25.4,2009-06-03,"aba102",43.5,-75
12.2,2.98,28.63,2009-06-04,"aba102",43.5,-75
13.7,2.98,24.75,2009-06-05,"aba102",43.5,-75
16.2,5.7,27.96,2009-06-06,"aba102",43.5,-75
13.2,2.44,16.57,2009-06-07,"aba102",43.5,-75
15,3.76,24.07,2009-06-08,"aba102",43.5,-75
14.8,5.63,14.62,2009-06-09,"aba102",43.5,-75
14.2,2.6,21.63,2009-06-10,"aba102",43.5,-75
16,3.18,11.91,2009-06-11,"aba102",43.5,-75
17.7,4.31,20.3,2009-06-12,"aba102",43.5,-75
16.1,2.62,18.57,2009-06-13,"aba102",43.5,-75
15.8,2.87,24.08,2009-06-14,"aba102",43.5,-75
14.1,3.08,24.3,2009-06-15,"aba102",43.5,-75
15.1,3.75,21.14,2009-06-16,"aba102",43.5,-75
16,4.51,21.37,2009-06-17,"aba102",43.5,-75
12.5,5.55,2.61,2009-06-18,"aba102",43.5,-75
15.6,3.38,10.74,2009-06-19,"aba102",43.5,-75
15.2,3.28,6.16,2009-06-20,"aba102",43.5,-75
17.7,4.3,12.89,2009-06-21,"aba102",43.5,-75
18.1,5.68,20.16,2009-06-22,"aba102",43.5,-75
19.4,5.39,23.42,2009-06-23,"aba102",43.5,-75
20.6,3.83,20.66,2009-06-24,"aba102",43.5,-75
21.3,4.21,25.08,2009-06-25,"aba102",43.5,-75
18.4,3.83,21.19,2009-06-26,"aba102",43.5,-75
16.6,4.29,15.71,2009-06-27,"aba102",43.5,-75
18.7,2.08,24.04,2009-06-28,"aba102",43.5,-75
17.4,3.91,18.4,2009-06-29,"aba102",43.5,-75
15.8,3.91,17.58,2009-06-30,"aba102",43.5,-75
16.9,3.71,24.48,2009-07-01,"aba102",43.5,-75
16.7,3.98,14.12,2009-07-02,"aba102",43.5,-75
15.5,4.83,14.27,2009-07-03,"aba102",43.5,-75
14.5,6.63,17.07,2009-07-04,"aba102",43.5,-75
15,3.9,23.58,2009-07-05,"aba102",43.5,-75
15.4,3.31,24.53,2009-07-06,"aba102",43.5,-75
14.2,3.77,19.37,2009-07-07,"aba102",43.5,-75
13.4,2.98,19.61,2009-07-08,"aba102",43.5,-75
15,2.13,18.46,2009-07-09,"aba102",43.5,-75
17.5,3.54,26.18,2009-07-10,"aba102",43.5,-75
18.1,5.15,14.97,2009-07-11,"aba102",43.5,-75
14.7,5.22,18.51,2009-07-12,"aba102",43.5,-75
13.3,6.84,25.82,2009-07-13,"aba102",43.5,-75
13.2,5.49,14.44,2009-07-14,"aba102",43.5,-75
16.1,3.22,29.47,2009-07-15,"aba102",43.5,-75
18.2,4.85,19.79,2009-07-16,"aba102",43.5,-75
16.9,3.75,15.02,2009-07-17,"aba102",43.5,-75
16.2,4.44,19.57,2009-07-18,"aba102",43.5,-75
15.2,4.77,19.58,2009-07-19,"aba102",43.5,-75
16.8,1.7,22.46,2009-07-20,"aba102",43.5,-75
16.7,3.62,14.41,2009-07-21,"aba102",43.5,-75
17.4,3.05,17.81,2009-07-22,"aba102",43.5,-75
19.4,5.52,13.31,2009-07-23,"aba102",43.5,-75
17.2,4.05,11.34,2009-07-24,"aba102",43.5,-75
18.9,5.1,21.51,2009-07-25,"aba102",43.5,-75
19.7,4.38,18.86,2009-07-26,"aba102",43.5,-75
19.1,4.11,20.44,2009-07-27,"aba102",43.5,-75
20.4,4.17,25.5,2009-07-28,"aba102",43.5,-75
20.7,4.05,15.32,2009-07-29,"aba102",43.5,-75
18.8,4.41,25.28,2009-07-30,"aba102",43.5,-75
16.8,3.55,7.19,2009-07-31,"aba102",43.5,-75
18.7,3.73,21.63,2009-08-01,"aba102",43.5,-75
18.2,4.78,6.35,2009-08-02,"aba102",43.5,-75
17.2,2.91,24.84,2009-08-03,"aba102",43.5,-75
19.9,5.48,24.36,2009-08-04,"aba102",43.5,-75
18.3,4.08,22.45,2009-08-05,"aba102",43.5,-75
15.2,4.2,18.97,2009-08-06,"aba102",43.5,-75
14.2,4.77,22.59,2009-08-07,"aba102",43.5,-75
13.7,2.7,20.22,2009-08-08,"aba102",43.5,-75
16.8,4.16,10.57,2009-08-09,"aba102",43.5,-75
20.7,4.31,10.21,2009-08-10,"aba102",43.5,-75
20.6,4.11,17.6,2009-08-11,"aba102",43.5,-75
19.1,2.32,19.35,2009-08-12,"aba102",43.5,-75
19.3,2.33,18.22,2009-08-13,"aba102",43.5,-75
19.6,1.73,19.97,2009-08-14,"aba102",43.5,-75
20.7,2.11,20.94,2009-08-15,"aba102",43.5,-75
21.5,2.5,20.58,2009-08-16,"aba102",43.5,-75
22.6,3.14,22.79,2009-08-17,"aba102",43.5,-75
22.3,4.76,21.14,2009-08-18,"aba102",43.5,-75
19.9,4.12,17.55,2009-08-19,"aba102",43.5,-75
19.4,4.8,17.5,2009-08-20,"aba102",43.5,-75
20.8,4.27,7.35,2009-08-21,"aba102",43.5,-75
20.6,3,15.38,2009-08-22,"aba102",43.5,-75
19,2.34,13.27,2009-08-23,"aba102",43.5,-75
18.1,3.47,16.93,2009-08-24,"aba102",43.5,-75
17.3,3,18.19,2009-08-25,"aba102",43.5,-75
16.5,4.39,8.99,2009-08-26,"aba102",43.5,-75
12.3,3.21,24.34,2009-08-27,"aba102",43.5,-75
13.4,4.98,17.84,2009-08-28,"aba102",43.5,-75
13.9,6.06,5.54,2009-08-29,"aba102",43.5,-75
14.2,4.79,16.08,2009-08-30,"aba102",43.5,-75
11.2,3.48,14.5,2009-08-31,"aba102",43.5,-75
11.9,2.33,22.87,2009-09-01,"aba102",43.5,-75
14,1.8,21.99,2009-09-02,"aba102",43.5,-75
15.3,2.26,21.91,2009-09-03,"aba102",43.5,-75
15.7,2.55,19.81,2009-09-04,"aba102",43.5,-75
15.3,3.48,18.75,2009-09-05,"aba102",43.5,-75
13.4,3.41,22.29,2009-09-06,"aba102",43.5,-75
14.7,3.32,14.9,2009-09-07,"aba102",43.5,-75
16.2,3.19,19.56,2009-09-08,"aba102",43.5,-75
16.5,3.21,20.03,2009-09-09,"aba102",43.5,-75
13.7,3.58,21.01,2009-09-10,"aba102",43.5,-75
12.3,3.54,17.7,2009-09-11,"aba102",43.5,-75
15,3.71,4.48,2009-09-12,"aba102",43.5,-75
15.3,4.68,12.93,2009-09-13,"aba102",43.5,-75
13.2,5.08,16.18,2009-09-14,"aba102",43.5,-75
13.7,3.71,18.29,2009-09-15,"aba102",43.5,-75
11.6,3.01,10.31,2009-09-16,"aba102",43.5,-75
11.1,2.78,12.56,2009-09-17,"aba102",43.5,-75
10.7,5.1,8.11,2009-09-18,"aba102",43.5,-75
7.9,4.34,20.25,2009-09-19,"aba102",43.5,-75
8.9,2.16,20.51,2009-09-20,"aba102",43.5,-75
13.8,3.58,19.33,2009-09-21,"aba102",43.5,-75
16.2,4.03,6.71,2009-09-22,"aba102",43.5,-75
19,4.86,7.11,2009-09-23,"aba102",43.5,-75
14.7,3.83,17.14,2009-09-24,"aba102",43.5,-75
8.9,3.91,17.71,2009-09-25,"aba102",43.5,-75
8.8,4.83,17.09,2009-09-26,"aba102",43.5,-75
11.7,4.57,1.56,2009-09-27,"aba102",43.5,-75
12.7,6.84,10.27,2009-09-28,"aba102",43.5,-75
9.2,6.64,4.63,2009-09-29,"aba102",43.5,-75
4.2,4.88,4.76,2009-09-30,"aba102",43.5,-75
3,3.7,6.5,2009-10-01,"aba102",43.5,-75
5.8,6.29,9.73,2009-10-02,"aba102",43.5,-75
11.8,6.01,8.81,2009-10-03,"aba102",43.5,-75
9.9,3.26,10.44,2009-10-04,"aba102",43.5,-75
8,5.02,9.07,2009-10-05,"aba102",43.5,-75
8.2,5.41,7.45,2009-10-06,"aba102",43.5,-75
8.6,8.25,6.35,2009-10-07,"aba102",43.5,-75
7.6,6.75,11.94,2009-10-08,"aba102",43.5,-75
9.4,3.82,2.68,2009-10-09,"aba102",43.5,-75
7,5.39,9.77,2009-10-10,"aba102",43.5,-75
3.1,6.51,12.55,2009-10-11,"aba102",43.5,-75
0.8,2.52,12.3,2009-10-12,"aba102",43.5,-75
2.5,5.34,8.14,2009-10-13,"aba102",43.5,-75
-0.2,4.04,8.52,2009-10-14,"aba102",43.5,-75
-1,3.58,8.41,2009-10-15,"aba102",43.5,-75
1.1,3.61,12.37,2009-10-16,"aba102",43.5,-75
1.6,2.94,12.38,2009-10-17,"aba102",43.5,-75
2.1,3.57,12.84,2009-10-18,"aba102",43.5,-75
1.9,2.84,14.13,2009-10-19,"aba102",43.5,-75
7.2,3.8,5.27,2009-10-20,"aba102",43.5,-75
8.9,2.8,4.75,2009-10-21,"aba102",43.5,-75
9.5,6.22,10.59,2009-10-22,"aba102",43.5,-75
2.4,7.7,5.08,2009-10-23,"aba102",43.5,-75
7.9,7.57,1.64,2009-10-24,"aba102",43.5,-75
5.6,5.47,5.58,2009-10-25,"aba102",43.5,-75
4.8,4.44,12.51,2009-10-26,"aba102",43.5,-75
6.5,4.53,8.98,2009-10-27,"aba102",43.5,-75
6.8,5,0.95,2009-10-28,"aba102",43.5,-75
7.2,2.12,3.18,2009-10-29,"aba102",43.5,-75
9.4,5.54,7.37,2009-10-30,"aba102",43.5,-75
10.1,7.14,2.47,2009-10-31,"aba102",43.5,-75
4.8,5.1,5.34,2009-11-01,"aba102",43.5,-75
2.9,3.47,11.06,2009-11-02,"aba102",43.5,-75
3.5,5.6,5.23,2009-11-03,"aba102",43.5,-75
-0.3,3.33,8.15,2009-11-04,"aba102",43.5,-75
0.4,4.43,7.12,2009-11-05,"aba102",43.5,-75
-0.8,5.38,5.27,2009-11-06,"aba102",43.5,-75
0.9,5,7.52,2009-11-07,"aba102",43.5,-75
7.8,3.95,10.22,2009-11-08,"aba102",43.5,-75
9.8,4.48,8.14,2009-11-09,"aba102",43.5,-75
8.3,3.8,6.28,2009-11-10,"aba102",43.5,-75
2.5,3.72,10.23,2009-11-11,"aba102",43.5,-75
1.6,4.41,9.74,2009-11-12,"aba102",43.5,-75
4.8,5.51,10.37,2009-11-13,"aba102",43.5,-75
8.3,5.58,1.57,2009-11-14,"aba102",43.5,-75
10.4,4.33,5.61,2009-11-15,"aba102",43.5,-75
3.1,4.34,9.42,2009-11-16,"aba102",43.5,-75
0,3.04,9.8,2009-11-17,"aba102",43.5,-75
1.3,3.67,9.72,2009-11-18,"aba102",43.5,-75
5,5.02,8.25,2009-11-19,"aba102",43.5,-75
6.2,6.8,4.75,2009-11-20,"aba102",43.5,-75
5,5.12,2.46,2009-11-21,"aba102",43.5,-75
3.8,3.09,5.02,2009-11-22,"aba102",43.5,-75
1.7,4.47,7.63,2009-11-23,"aba102",43.5,-75
5.5,3.76,4.2,2009-11-24,"aba102",43.5,-75
6.1,5.24,2.07,2009-11-25,"aba102",43.5,-75
5.9,3.83,4.66,2009-11-26,"aba102",43.5,-75
1.2,6.62,1.44,2009-11-27,"aba102",43.5,-75
1.7,9.16,4.14,2009-11-28,"aba102",43.5,-75
2.7,4.78,5.77,2009-11-29,"aba102",43.5,-75
2.2,6,3.3,2009-11-30,"aba102",43.5,-75
-2.2,4.68,3.75,2009-12-01,"aba102",43.5,-75
1.9,6.04,6.93,2009-12-02,"aba102",43.5,-75
6.3,8.31,1.22,2009-12-03,"aba102",43.5,-75
0.2,4.7,5.29,2009-12-04,"aba102",43.5,-75
-2.9,2.52,3.24,2009-12-05,"aba102",43.5,-75
-4.1,5.53,5.77,2009-12-06,"aba102",43.5,-75
-4.1,3.26,3.74,2009-12-07,"aba102",43.5,-75
-4.6,3.08,5.15,2009-12-08,"aba102",43.5,-75
-3,9.44,1.79,2009-12-09,"aba102",43.5,-75
-4.1,7.79,5.56,2009-12-10,"aba102",43.5,-75
-10.2,7,5.33,2009-12-11,"aba102",43.5,-75
-9.4,5.47,6.03,2009-12-12,"aba102",43.5,-75
-5.1,5.35,3.47,2009-12-13,"aba102",43.5,-75
-0.5,3.97,4.44,2009-12-14,"aba102",43.5,-75
0.2,5.02,2.17,2009-12-15,"aba102",43.5,-75
-9.8,5.89,4.36,2009-12-16,"aba102",43.5,-75
-17.4,5.47,6.83,2009-12-17,"aba102",43.5,-75
-18.6,3.2,8.12,2009-12-18,"aba102",43.5,-75
-13.7,4.27,5,2009-12-19,"aba102",43.5,-75
-11.3,5.24,5.08,2009-12-20,"aba102",43.5,-75
-11.1,5.54,7.91,2009-12-21,"aba102",43.5,-75
-14.3,4.37,6.24,2009-12-22,"aba102",43.5,-75
-13.6,4.79,4.69,2009-12-23,"aba102",43.5,-75
-5.9,3.33,6.13,2009-12-24,"aba102",43.5,-75
-2.1,5.95,6.09,2009-12-25,"aba102",43.5,-75
-1.1,8.99,2.38,2009-12-26,"aba102",43.5,-75
0.1,7.25,6.68,2009-12-27,"aba102",43.5,-75
-4.2,5.3,3.25,2009-12-28,"aba102",43.5,-75
-16.6,7.48,7.41,2009-12-29,"aba102",43.5,-75
-13.1,4.4,5.84,2009-12-30,"aba102",43.5,-75
-5.4,3.61,3.64,2009-12-31,"aba102",43.5,-75
-2.8,3.31,4.41,2010-01-01,"aba102",43.5,-75
-12.2,5.42,5.25,2010-01-02,"aba102",43.5,-75
-16.5,6.59,2.66,2010-01-03,"aba102",43.5,-75
-13.1,3.7,5.75,2010-01-04,"aba102",43.5,-75
-11.6,3.26,4.28,2010-01-05,"aba102",43.5,-75
-10.1,4.86,3.42,2010-01-06,"aba102",43.5,-75
-8.6,4.52,4.38,2010-01-07,"aba102",43.5,-75
-10.9,4.38,4.58,2010-01-08,"aba102",43.5,-75
-15.9,4.25,8.25,2010-01-09,"aba102",43.5,-75
-15.1,3.61,7.77,2010-01-10,"aba102",43.5,-75
-7.2,4,3.98,2010-01-11,"aba102",43.5,-75
-10.3,4.46,5.93,2010-01-12,"aba102",43.5,-75
-11.1,3.4,4.24,2010-01-13,"aba102",43.5,-75
-2.9,3.54,7.47,2010-01-14,"aba102",43.5,-75
-0.3,5.32,2.98,2010-01-15,"aba102",43.5,-75
-1.2,4.26,4.09,2010-01-16,"aba102",43.5,-75
-2.5,4.68,7.74,2010-01-17,"aba102",43.5,-75
-0.6,3.61,3.28,2010-01-18,"aba102",43.5,-75
-2,2.61,3.61,2010-01-19,"aba102",43.5,-75
-3.4,3.7,5.75,2010-01-20,"aba102",43.5,-75
-6.8,2.91,9.62,2010-01-21,"aba102",43.5,-75
-6.5,3.62,10.14,2010-01-22,"aba102",43.5,-75
-8.4,4.07,10.48,2010-01-23,"aba102",43.5,-75
-2.3,5.95,6.99,2010-01-24,"aba102",43.5,-75
5,9.62,1.05,2010-01-25,"aba102",43.5,-75
-2.9,5.97,7.52,2010-01-26,"aba102",43.5,-75
-4.8,5.28,5.61,2010-01-27,"aba102",43.5,-75
-8.7,7.16,5.45,2010-01-28,"aba102",43.5,-75
-19.3,6.71,11.13,2010-01-29,"aba102",43.5,-75
-21.9,4.65,10.67,2010-01-30,"aba102",43.5,-75
-15.1,4.81,9.31,2010-01-31,"aba102",43.5,-75
-9.6,5.85,8.18,2010-02-01,"aba102",43.5,-75
-9.8,3.23,8.94,2010-02-02,"aba102",43.5,-75
-6.6,4.37,6.38,2010-02-03,"aba102",43.5,-75
-9.7,5.3,12.15,2010-02-04,"aba102",43.5,-75
-8.2,3.33,8.53,2010-02-05,"aba102",43.5,-75
-12.3,5,11.3,2010-02-06,"aba102",43.5,-75
-13.4,4.92,9,2010-02-07,"aba102",43.5,-75
-11.1,5.46,8.69,2010-02-08,"aba102",43.5,-75
-8.8,3.96,10.72,2010-02-09,"aba102",43.5,-75
-3.6,5.4,6.26,2010-02-10,"aba102",43.5,-75
-8.9,4.83,9.87,2010-02-11,"aba102",43.5,-75
-11.1,4.77,11.87,2010-02-12,"aba102",43.5,-75
-11.9,4.54,10.27,2010-02-13,"aba102",43.5,-75
-6.4,6.23,5.5,2010-02-14,"aba102",43.5,-75
-5.6,5.25,5.62,2010-02-15,"aba102",43.5,-75
-4.9,4.24,6.15,2010-02-16,"aba102",43.5,-75
-5.2,4.21,6.72,2010-02-17,"aba102",43.5,-75
-3.5,5.85,4.91,2010-02-18,"aba102",43.5,-75
-3.8,6.5,6.77,2010-02-19,"aba102",43.5,-75
-2.8,4.67,6.17,2010-02-20,"aba102",43.5,-75
-5.8,4.74,6.52,2010-02-21,"aba102",43.5,-75
-4.6,5.03,13.77,2010-02-22,"aba102",43.5,-75
-1,5.69,4.04,2010-02-23,"aba102",43.5,-75
-0.7,3.52,3.34,2010-02-24,"aba102",43.5,-75
-0.2,4.15,2.79,2010-02-25,"aba102",43.5,-75
0.5,6.88,12.66,2010-02-26,"aba102",43.5,-75
-1.4,3.45,6.44,2010-02-27,"aba102",43.5,-75
0.1,4.55,11.16,2010-02-28,"aba102",43.5,-75
-0.3,5.5,7.36,2010-03-01,"aba102",43.5,-75
1.1,3.26,11.43,2010-03-02,"aba102",43.5,-75
0.5,4.73,12.11,2010-03-03,"aba102",43.5,-75
-1.2,5.39,14.51,2010-03-04,"aba102",43.5,-75
-2.2,4.43,17.43,2010-03-05,"aba102",43.5,-75
-2.4,4.25,17.79,2010-03-06,"aba102",43.5,-75
0,4.93,16.92,2010-03-07,"aba102",43.5,-75
1.5,5.38,16.88,2010-03-08,"aba102",43.5,-75
1,3.55,18.14,2010-03-09,"aba102",43.5,-75
1.5,3.49,18.45,2010-03-10,"aba102",43.5,-75
4.4,4.57,13.11,2010-03-11,"aba102",43.5,-75
4.5,5.92,12.29,2010-03-12,"aba102",43.5,-75
2.6,9.4,6.51,2010-03-13,"aba102",43.5,-75
3.4,9.28,10.74,2010-03-14,"aba102",43.5,-75
4.9,6,11.6,2010-03-15,"aba102",43.5,-75
4.6,3.69,19.95,2010-03-16,"aba102",43.5,-75
5.4,4.06,19.81,2010-03-17,"aba102",43.5,-75
6.5,5.12,19.09,2010-03-18,"aba102",43.5,-75
7.7,4.14,19.75,2010-03-19,"aba102",43.5,-75
7.1,4.2,14.25,2010-03-20,"aba102",43.5,-75
4.9,2.4,14.84,2010-03-21,"aba102",43.5,-75
6,5.93,10.89,2010-03-22,"aba102",43.5,-75
4.7,6.95,2.97,2010-03-23,"aba102",43.5,-75
1.9,6.37,15.29,2010-03-24,"aba102",43.5,-75
3.1,5.01,11.47,2010-03-25,"aba102",43.5,-75
-4.5,5.63,22.49,2010-03-26,"aba102",43.5,-75
-3.7,4.2,20.21,2010-03-27,"aba102",43.5,-75
1.4,6.8,12.35,2010-03-28,"aba102",43.5,-75
4.4,5.59,3.93,2010-03-29,"aba102",43.5,-75
1.9,7.18,4.52,2010-03-30,"aba102",43.5,-75
5.8,5.77,7.74,2010-03-31,"aba102",43.5,-75
10.5,3.8,21.41,2010-04-01,"aba102",43.5,-75
17.1,4.06,22.05,2010-04-02,"aba102",43.5,-75
18.9,5.2,21.73,2010-04-03,"aba102",43.5,-75
12,5.02,20.84,2010-04-04,"aba102",43.5,-75
11.8,5.59,13.69,2010-04-05,"aba102",43.5,-75
10.7,4.39,6.04,2010-04-06,"aba102",43.5,-75
14.8,6.5,15.17,2010-04-07,"aba102",43.5,-75
15.5,6.14,18.52,2010-04-08,"aba102",43.5,-75
2.6,6.16,10.77,2010-04-09,"aba102",43.5,-75
2.8,7.38,21.47,2010-04-10,"aba102",43.5,-75
7.8,5.63,21.96,2010-04-11,"aba102",43.5,-75
5.3,4.82,21.06,2010-04-12,"aba102",43.5,-75
6.1,3.6,20.25,2010-04-13,"aba102",43.5,-75
7.5,4.9,25.7,2010-04-14,"aba102",43.5,-75
9.4,3.98,21.8,2010-04-15,"aba102",43.5,-75
8.3,5.16,14.37,2010-04-16,"aba102",43.5,-75
2.9,5.76,12.1,2010-04-17,"aba102",43.5,-75
4.3,6.01,13.61,2010-04-18,"aba102",43.5,-75
7,4.79,15.15,2010-04-19,"aba102",43.5,-75
9.7,3.41,21.64,2010-04-20,"aba102",43.5,-75
10.5,3.58,24.15,2010-04-21,"aba102",43.5,-75
7.2,4.67,20.1,2010-04-22,"aba102",43.5,-75
5.4,4.84,27.1,2010-04-23,"aba102",43.5,-75
9.2,2.69,26.28,2010-04-24,"aba102",43.5,-75
10.8,3.23,13.85,2010-04-25,"aba102",43.5,-75
9.5,2.66,11.08,2010-04-26,"aba102",43.5,-75
2.7,6.75,14.56,2010-04-27,"aba102",43.5,-75
3.6,8.41,14.4,2010-04-28,"aba102",43.5,-75
6.6,7.38,27.94,2010-04-29,"aba102",43.5,-75
11.4,3.5,23.72,2010-04-30,"aba102",43.5,-75
17.3,3.67,20.8,2010-05-01,"aba102",43.5,-75
20.8,5.11,16.84,2010-05-02,"aba102",43.5,-75
18.2,6.72,13.27,2010-05-03,"aba102",43.5,-75
12.2,6.24,19.81,2010-05-04,"aba102",43.5,-75
14.5,5.51,25.7,2010-05-05,"aba102",43.5,-75
12.3,8.41,23.19,2010-05-06,"aba102",43.5,-75
8.7,4.48,25.37,2010-05-07,"aba102",43.5,-75
6,8.15,12.25,2010-05-08,"aba102",43.5,-75
-0.2,7.66,12.79,2010-05-09,"aba102",43.5,-75
3.2,7.07,26.31,2010-05-10,"aba102",43.5,-75
5,3.26,22.51,2010-05-11,"aba102",43.5,-75
6.2,4.14,8.36,2010-05-12,"aba102",43.5,-75
8.5,3.83,24.92,2010-05-13,"aba102",43.5,-75
12,5.57,11.68,2010-05-14,"aba102",43.5,-75
9.9,5.72,14.38,2010-05-15,"aba102",43.5,-75
12.2,4.13,28.32,2010-05-16,"aba102",43.5,-75
13.5,2.86,26.47,2010-05-17,"aba102",43.5,-75
13.2,3.13,14.01,2010-05-18,"aba102",43.5,-75
12.5,4,6.86,2010-05-19,"aba102",43.5,-75
16,4.2,28.19,2010-05-20,"aba102",43.5,-75
18.9,3.03,27.36,2010-05-21,"aba102",43.5,-75
19.6,5.37,24.46,2010-05-22,"aba102",43.5,-75
18.2,3.98,19.14,2010-05-23,"aba102",43.5,-75
20.7,3.14,27.81,2010-05-24,"aba102",43.5,-75
22.3,3.58,29.01,2010-05-25,"aba102",43.5,-75
23.9,4.19,27.48,2010-05-26,"aba102",43.5,-75
22.2,4.14,27.35,2010-05-27,"aba102",43.5,-75
18.9,3.31,28.93,2010-05-28,"aba102",43.5,-75
18.5,4.66,19.01,2010-05-29,"aba102",43.5,-75
17.9,6.22,23.28,2010-05-30,"aba102",43.5,-75
20.4,3.67,25.83,2010-05-31,"aba102",43.5,-75
18,4.52,8.15,2010-06-01,"aba102",43.5,-75
19.3,3.72,29.6,2010-06-02,"aba102",43.5,-75
17.8,4.7,16.16,2010-06-03,"aba102",43.5,-75
18.7,3.44,26.26,2010-06-04,"aba102",43.5,-75
18.7,6.02,16.53,2010-06-05,"aba102",43.5,-75
12,6.47,5.21,2010-06-06,"aba102",43.5,-75
11.4,5.87,24.37,2010-06-07,"aba102",43.5,-75
11,5.26,25.06,2010-06-08,"aba102",43.5,-75
9.7,6.01,9.33,2010-06-09,"aba102",43.5,-75
12.5,4.31,15.57,2010-06-10,"aba102",43.5,-75
14.4,2.82,20.79,2010-06-11,"aba102",43.5,-75
14,4,6.13,2010-06-12,"aba102",43.5,-75
15.9,2.51,7.05,2010-06-13,"aba102",43.5,-75
15.5,4.11,13.31,2010-06-14,"aba102",43.5,-75
15.6,3.22,30.4,2010-06-15,"aba102",43.5,-75
14.2,5.46,10.85,2010-06-16,"aba102",43.5,-75
14.2,5.53,9.4,2010-06-17,"aba102",43.5,-75
17.7,3.06,30.52,2010-06-18,"aba102",43.5,-75
20.3,4.43,26.93,2010-06-19,"aba102",43.5,-75
20.7,4.65,20.57,2010-06-20,"aba102",43.5,-75
18.8,4.2,26.49,2010-06-21,"aba102",43.5,-75
17.2,4.33,19.31,2010-06-22,"aba102",43.5,-75
19.7,5.14,15.42,2010-06-23,"aba102",43.5,-75
19.7,6.16,14.71,2010-06-24,"aba102",43.5,-75
16.9,4.43,26.52,2010-06-25,"aba102",43.5,-75
15.2,3.38,14.83,2010-06-26,"aba102",43.5,-75
18.2,3.44,15.16,2010-06-27,"aba102",43.5,-75
20.1,6.6,14.25,2010-06-28,"aba102",43.5,-75
16,5.4,21.76,2010-06-29,"aba102",43.5,-75
11.5,5.98,19.38,2010-06-30,"aba102",43.5,-75
12.3,5.69,16.66,2010-07-01,"aba102",43.5,-75
14.7,3.24,29.21,2010-07-02,"aba102",43.5,-75
18,3.55,30.22,2010-07-03,"aba102",43.5,-75
20.5,3.91,30.03,2010-07-04,"aba102",43.5,-75
23,3.75,28.21,2010-07-05,"aba102",43.5,-75
25.5,3.11,27.04,2010-07-06,"aba102",43.5,-75
24.7,2.67,26.09,2010-07-07,"aba102",43.5,-75
25.2,2.76,27.05,2010-07-08,"aba102",43.5,-75
22.9,4.4,22.8,2010-07-09,"aba102",43.5,-75
21,3,17.18,2010-07-10,"aba102",43.5,-75
20.7,2.5,23.37,2010-07-11,"aba102",43.5,-75
21.1,4.16,25.72,2010-07-12,"aba102",43.5,-75
21,4.5,15.78,2010-07-13,"aba102",43.5,-75
22.2,3.42,18.66,2010-07-14,"aba102",43.5,-75
22.4,2.62,23.3,2010-07-15,"aba102",43.5,-75
21.6,4.47,12.81,2010-07-16,"aba102",43.5,-75
21.8,5.7,23.86,2010-07-17,"aba102",43.5,-75
19.6,4.7,22.23,2010-07-18,"aba102",43.5,-75
18.9,3.56,11.91,2010-07-19,"aba102",43.5,-75
18.9,2.24,18.99,2010-07-20,"aba102",43.5,-75
18.8,4.75,22.48,2010-07-21,"aba102",43.5,-75
18.3,5.34,18.58,2010-07-22,"aba102",43.5,-75
17.5,4.84,3.1,2010-07-23,"aba102",43.5,-75
22.5,3.81,18.29,2010-07-24,"aba102",43.5,-75
19.7,5.11,16.41,2010-07-25,"aba102",43.5,-75
17.9,5.76,22.76,2010-07-26,"aba102",43.5,-75
20,3.3,26.85,2010-07-27,"aba102",43.5,-75
20.7,5.6,22.91,2010-07-28,"aba102",43.5,-75
18.9,4.81,24.46,2010-07-29,"aba102",43.5,-75
15.1,4.03,24.38,2010-07-30,"aba102",43.5,-75
14,2.62,25.03,2010-07-31,"aba102",43.5,-75
17.5,3.05,23.14,2010-08-01,"aba102",43.5,-75
19.7,3.47,21.65,2010-08-02,"aba102",43.5,-75
20.9,3.64,20.6,2010-08-03,"aba102",43.5,-75
22.7,3.61,19.31,2010-08-04,"aba102",43.5,-75
21.8,4.4,15.32,2010-08-05,"aba102",43.5,-75
17.2,5.95,22.36,2010-08-06,"aba102",43.5,-75
14.7,3.67,23.25,2010-08-07,"aba102",43.5,-75
17,3.71,17.5,2010-08-08,"aba102",43.5,-75
21,3.55,18.22,2010-08-09,"aba102",43.5,-75
20.6,2.95,18.15,2010-08-10,"aba102",43.5,-75
20.3,2.83,22.57,2010-08-11,"aba102",43.5,-75
19.2,2.91,15.65,2010-08-12,"aba102",43.5,-75
18.8,2.62,15.36,2010-08-13,"aba102",43.5,-75
18.9,4.16,19.82,2010-08-14,"aba102",43.5,-75
18,4.63,10.87,2010-08-15,"aba102",43.5,-75
19.4,4.53,13.46,2010-08-16,"aba102",43.5,-75
18,4.4,22.26,2010-08-17,"aba102",43.5,-75
17,2.69,14.48,2010-08-18,"aba102",43.5,-75
17.9,3.98,21.83,2010-08-19,"aba102",43.5,-75
15.7,3.83,25.52,2010-08-20,"aba102",43.5,-75
15,3.98,16.44,2010-08-21,"aba102",43.5,-75
16.2,7.45,3.96,2010-08-22,"aba102",43.5,-75
15.2,7.31,14.16,2010-08-23,"aba102",43.5,-75
16.7,3.82,16.82,2010-08-24,"aba102",43.5,-75
16.9,3.3,8.17,2010-08-25,"aba102",43.5,-75
15.7,5.33,15.72,2010-08-26,"aba102",43.5,-75
13,3.35,18.01,2010-08-27,"aba102",43.5,-75
16,3.38,22.56,2010-08-28,"aba102",43.5,-75
19,3.03,23.91,2010-08-29,"aba102",43.5,-75
20.3,3.66,22.27,2010-08-30,"aba102",43.5,-75
22.9,3.16,21.01,2010-08-31,"aba102",43.5,-75
22.8,3.04,21.38,2010-09-01,"aba102",43.5,-75
22.5,3.96,19.48,2010-09-02,"aba102",43.5,-75
22.2,4.1,20.14,2010-09-03,"aba102",43.5,-75
14.2,6.9,16.49,2010-09-04,"aba102",43.5,-75
10.1,5.8,13.02,2010-09-05,"aba102",43.5,-75
12.7,4.74,17.32,2010-09-06,"aba102",43.5,-75
19.5,5.4,19.84,2010-09-07,"aba102",43.5,-75
14.2,6.4,9.2,2010-09-08,"aba102",43.5,-75
10.3,4.83,2.31,2010-09-09,"aba102",43.5,-75
11.6,5.46,9.51,2010-09-10,"aba102",43.5,-75
12.8,3.69,20.75,2010-09-11,"aba102",43.5,-75
12.2,5.68,5.33,2010-09-12,"aba102",43.5,-75
12.9,3.47,15.54,2010-09-13,"aba102",43.5,-75
11,5.12,14.67,2010-09-14,"aba102",43.5,-75
8.4,5.03,10.74,2010-09-15,"aba102",43.5,-75
9.6,5.54,8.84,2010-09-16,"aba102",43.5,-75
10.2,4.11,9.49,2010-09-17,"aba102",43.5,-75
11.2,3.35,18.75,2010-09-18,"aba102",43.5,-75
13.2,2.75,8.7,2010-09-19,"aba102",43.5,-75
9.1,4.5,18.07,2010-09-20,"aba102",43.5,-75
9.8,4.83,18.55,2010-09-21,"aba102",43.5,-75
16.3,4.55,10.36,2010-09-22,"aba102",43.5,-75
14.1,4.03,16.78,2010-09-23,"aba102",43.5,-75
20.6,5.29,15.22,2010-09-24,"aba102",43.5,-75
15.1,6.31,7.85,2010-09-25,"aba102",43.5,-75
10.6,3.1,8.41,2010-09-26,"aba102",43.5,-75
11.7,5.34,3.61,2010-09-27,"aba102",43.5,-75
17.5,6.4,5.67,2010-09-28,"aba102",43.5,-75
13.6,4.53,6.42,2010-09-29,"aba102",43.5,-75
14.4,7.08,1.3,2010-09-30,"aba102",43.5,-75
11.6,5.02,4.89,2010-10-01,"aba102",43.5,-75
6.7,4.2,13.32,2010-10-02,"aba102",43.5,-75
6.3,3.96,16.85,2010-10-03,"aba102",43.5,-75
7.9,3.71,7.73,2010-10-04,"aba102",43.5,-75
10.1,3.55,5.02,2010-10-05,"aba102",43.5,-75
9.7,4.01,2.51,2010-10-06,"aba102",43.5,-75
9.8,7.58,8.19,2010-10-07,"aba102",43.5,-75
11.4,7,15.69,2010-10-08,"aba102",43.5,-75
8.4,4.53,16.55,2010-10-09,"aba102",43.5,-75
6.5,4.5,16.07,2010-10-10,"aba102",43.5,-75
7.8,3.79,13.24,2010-10-11,"aba102",43.5,-75
5.6,3.52,11.43,2010-10-12,"aba102",43.5,-75
5.1,2.22,14.99,2010-10-13,"aba102",43.5,-75
7.1,4.22,8.57,2010-10-14,"aba102",43.5,-75
5.5,9.93,2.43,2010-10-15,"aba102",43.5,-75
5.1,8.1,6.8,2010-10-16,"aba102",43.5,-75
6,6.62,10.19,2010-10-17,"aba102",43.5,-75
4,5.81,10.22,2010-10-18,"aba102",43.5,-75
2.7,3.82,10.01,2010-10-19,"aba102",43.5,-75
6.1,5.47,11.67,2010-10-20,"aba102",43.5,-75
4.3,5.3,5.81,2010-10-21,"aba102",43.5,-75
0.2,6.83,9.25,2010-10-22,"aba102",43.5,-75
3,3.47,6.12,2010-10-23,"aba102",43.5,-75
5.5,3.33,3.83,2010-10-24,"aba102",43.5,-75
9.9,3.55,4.11,2010-10-25,"aba102",43.5,-75
14.4,6.01,8.83,2010-10-26,"aba102",43.5,-75
14.6,5.78,12.55,2010-10-27,"aba102",43.5,-75
9.9,7.93,9.32,2010-10-28,"aba102",43.5,-75
3.5,5.88,5.13,2010-10-29,"aba102",43.5,-75
3.2,5.92,5.98,2010-10-30,"aba102",43.5,-75
1,5.34,8.19,2010-10-31,"aba102",43.5,-75
-1.1,4.03,5.21,2010-11-01,"aba102",43.5,-75
0,2.6,11.84,2010-11-02,"aba102",43.5,-75
0.6,4.17,11.66,2010-11-03,"aba102",43.5,-75
2.1,4.1,1.52,2010-11-04,"aba102",43.5,-75
2,4.06,3.4,2010-11-05,"aba102",43.5,-75
-0.3,3.18,5.62,2010-11-06,"aba102",43.5,-75
-1.2,4.03,10.22,2010-11-07,"aba102",43.5,-75
-1.2,6.45,2.3,2010-11-08,"aba102",43.5,-75
2.4,4.67,4.23,2010-11-09,"aba102",43.5,-75
3.8,4.75,10.22,2010-11-10,"aba102",43.5,-75
3.7,3.58,10.7,2010-11-11,"aba102",43.5,-75
4,2.61,10.64,2010-11-12,"aba102",43.5,-75
4.9,3.79,10.38,2010-11-13,"aba102",43.5,-75
7.2,4.9,9.01,2010-11-14,"aba102",43.5,-75
5.7,4.41,3.04,2010-11-15,"aba102",43.5,-75
5.9,8.06,7.21,2010-11-16,"aba102",43.5,-75
5.6,8.8,2.66,2010-11-17,"aba102",43.5,-75
1.7,6.91,6.57,2010-11-18,"aba102",43.5,-75
-2.1,3.51,5.17,2010-11-19,"aba102",43.5,-75
1,7.44,4.94,2010-11-20,"aba102",43.5,-75
-2.7,4.83,8.9,2010-11-21,"aba102",43.5,-75
4.4,5.13,1.37,2010-11-22,"aba102",43.5,-75
8.1,6.53,2.92,2010-11-23,"aba102",43.5,-75
-1.5,7.37,8.77,2010-11-24,"aba102",43.5,-75
-3.8,4.9,3.76,2010-11-25,"aba102",43.5,-75
-1.6,6.8,3.5,2010-11-26,"aba102",43.5,-75
-3.9,7.62,4.78,2010-11-27,"aba102",43.5,-75
-4.3,3.88,4.06,2010-11-28,"aba102",43.5,-75
-1.2,4.33,7.85,2010-11-29,"aba102",43.5,-75
2.6,8.28,2.28,2010-11-30,"aba102",43.5,-75
5.5,10.89,0.85,2010-12-01,"aba102",43.5,-75
-2.7,4.3,3.9,2010-12-02,"aba102",43.5,-75
-2.9,3.28,5.54,2010-12-03,"aba102",43.5,-75
-6.2,4.75,4.94,2010-12-04,"aba102",43.5,-75
-8,5.2,3.25,2010-12-05,"aba102",43.5,-75
-8.8,6.01,4.02,2010-12-06,"aba102",43.5,-75
-8.8,6.36,3.7,2010-12-07,"aba102",43.5,-75
-11.1,5.53,4.91,2010-12-08,"aba102",43.5,-75
-16,3.76,5.73,2010-12-09,"aba102",43.5,-75
-13.1,4.81,4.01,2010-12-10,"aba102",43.5,-75
-2.6,4.05,3.78,2010-12-11,"aba102",43.5,-75
1.2,8.25,1,2010-12-12,"aba102",43.5,-75
-4.5,5.1,2.43,2010-12-13,"aba102",43.5,-75
-14.4,4.78,6.39,2010-12-14,"aba102",43.5,-75
-13.8,5.1,4.86,2010-12-15,"aba102",43.5,-75
-10.4,5.28,4.46,2010-12-16,"aba102",43.5,-75
-7.9,3.67,4.58,2010-12-17,"aba102",43.5,-75
-7,3.12,6.09,2010-12-18,"aba102",43.5,-75
-11,2.82,7.93,2010-12-19,"aba102",43.5,-75
-8.8,4.65,6.62,2010-12-20,"aba102",43.5,-75
-8.2,4.75,4.45,2010-12-21,"aba102",43.5,-75
-7.2,4.67,3.82,2010-12-22,"aba102",43.5,-75
-6.8,5.36,3.48,2010-12-23,"aba102",43.5,-75
-8.6,4.22,5.1,2010-12-24,"aba102",43.5,-75
-10.3,2.75,4.42,2010-12-25,"aba102",43.5,-75
-11.6,6.24,6.08,2010-12-26,"aba102",43.5,-75
-13.3,7.7,6.05,2010-12-27,"aba102",43.5,-75
-7.1,5.83,3.14,2010-12-28,"aba102",43.5,-75
-2.7,4.21,3.11,2010-12-29,"aba102",43.5,-75
-3.3,2.68,7.96,2010-12-30,"aba102",43.5,-75
2.5,3.14,6.85,2010-12-31,"aba102",43.5,-75
6.6,4.92,4.67,2011-01-01,"aba102",43.5,-75
-0.7,5.51,6.44,2011-01-02,"aba102",43.5,-75
-6.7,5.52,5.65,2011-01-03,"aba102",43.5,-75
-6.5,4.96,3.83,2011-01-04,"aba102",43.5,-75
-8.4,6.09,6.7,2011-01-05,"aba102",43.5,-75
-11.1,4.14,5.42,2011-01-06,"aba102",43.5,-75
-8.1,5.2,3.14,2011-01-07,"aba102",43.5,-75
-8.9,3.58,5.63,2011-01-08,"aba102",43.5,-75
-9.4,6.13,3.98,2011-01-09,"aba102",43.5,-75
-11.4,5.68,6.38,2011-01-10,"aba102",43.5,-75
-9.9,3.59,6.01,2011-01-11,"aba102",43.5,-75
-9.1,5.03,3.07,2011-01-12,"aba102",43.5,-75
-11.9,4.4,6.95,2011-01-13,"aba102",43.5,-75
-13.3,2.79,7.61,2011-01-14,"aba102",43.5,-75
-11.3,5.59,3.43,2011-01-15,"aba102",43.5,-75
-10.7,5.45,6.85,2011-01-16,"aba102",43.5,-75
-17.1,4.97,9.72,2011-01-17,"aba102",43.5,-75
-7.1,5.09,1.88,2011-01-18,"aba102",43.5,-75
-4.6,3.41,4.4,2011-01-19,"aba102",43.5,-75
-9.7,3.81,5.97,2011-01-20,"aba102",43.5,-75
-9.7,5.41,6.67,2011-01-21,"aba102",43.5,-75
-12.9,5.72,8.56,2011-01-22,"aba102",43.5,-75
-18.4,4.16,10.17,2011-01-23,"aba102",43.5,-75
-22.1,3.91,10.27,2011-01-24,"aba102",43.5,-75
-10.7,3.83,3.83,2011-01-25,"aba102",43.5,-75
-4.5,2.91,6.42,2011-01-26,"aba102",43.5,-75
-5.8,4.22,7.26,2011-01-27,"aba102",43.5,-75
-5,2.97,6.46,2011-01-28,"aba102",43.5,-75
-6.5,3.45,6.07,2011-01-29,"aba102",43.5,-75
-9.9,4.22,9.02,2011-01-30,"aba102",43.5,-75
-14.9,3.47,11.46,2011-01-31,"aba102",43.5,-75
-11,3.34,2.46,2011-02-01,"aba102",43.5,-75
-8.2,7.61,2.24,2011-02-02,"aba102",43.5,-75
-11.2,4.22,10.58,2011-02-03,"aba102",43.5,-75
-9,5.69,10.53,2011-02-04,"aba102",43.5,-75
-4.7,4.34,8.6,2011-02-05,"aba102",43.5,-75
-2.8,6.16,5.05,2011-02-06,"aba102",43.5,-75
-1.3,3.97,7.4,2011-02-07,"aba102",43.5,-75
-9.6,6.99,7.8,2011-02-08,"aba102",43.5,-75
-11.8,5.29,11.37,2011-02-09,"aba102",43.5,-75
-12.4,4.71,10.01,2011-02-10,"aba102",43.5,-75
-12.5,4.29,12.99,2011-02-11,"aba102",43.5,-75
-6.5,6.59,9.09,2011-02-12,"aba102",43.5,-75
-5.2,5.03,6.38,2011-02-13,"aba102",43.5,-75
0.4,7.49,3.27,2011-02-14,"aba102",43.5,-75
-13.1,7.16,14.16,2011-02-15,"aba102",43.5,-75
-5.4,3.86,9,2011-02-16,"aba102",43.5,-75
3,3.59,9.36,2011-02-17,"aba102",43.5,-75
6.1,8.4,6.53,2011-02-18,"aba102",43.5,-75
-8.5,9.55,11.71,2011-02-19,"aba102",43.5,-75
-11.4,5.94,14.44,2011-02-20,"aba102",43.5,-75
-11.9,4.51,13.72,2011-02-21,"aba102",43.5,-75
-13.1,3.42,15.68,2011-02-22,"aba102",43.5,-75
-9.1,3.23,16.03,2011-02-23,"aba102",43.5,-75
-4.6,3.92,8.55,2011-02-24,"aba102",43.5,-75
-2.8,7.01,2.9,2011-02-25,"aba102",43.5,-75
-7.7,4.26,11.44,2011-02-26,"aba102",43.5,-75
-3.9,4.16,10.32,2011-02-27,"aba102",43.5,-75
-0.2,6.37,2.15,2011-02-28,"aba102",43.5,-75
-6,6.34,16.64,2011-03-01,"aba102",43.5,-75
-5.4,8.01,11.73,2011-03-02,"aba102",43.5,-75
-13.6,4.46,17.78,2011-03-03,"aba102",43.5,-75
-5.7,5.61,14.73,2011-03-04,"aba102",43.5,-75
3.2,6.95,4.13,2011-03-05,"aba102",43.5,-75
1.4,7,2.01,2011-03-06,"aba102",43.5,-75
-7.1,7,11.44,2011-03-07,"aba102",43.5,-75
-6.6,3.67,17.48,2011-03-08,"aba102",43.5,-75
-3.2,8.13,9.35,2011-03-09,"aba102",43.5,-75
-0.2,8.51,2.62,2011-03-10,"aba102",43.5,-75
3.3,8.99,8.86,2011-03-11,"aba102",43.5,-75
-0.9,5.41,6.57,2011-03-12,"aba102",43.5,-75
-0.1,4.81,7.89,2011-03-13,"aba102",43.5,-75
-2.9,2.92,9.36,2011-03-14,"aba102",43.5,-75
-2.6,4.47,19.44,2011-03-15,"aba102",43.5,-75
1.7,4.44,5.49,2011-03-16,"aba102",43.5,-75
3.6,4.61,18.95,2011-03-17,"aba102",43.5,-75
6.3,6.77,17.56,2011-03-18,"aba102",43.5,-75
-2.2,4.58,17.91,2011-03-19,"aba102",43.5,-75
-4.6,4.41,20.11,2011-03-20,"aba102",43.5,-75
0.3,6,4.01,2011-03-21,"aba102",43.5,-75
-1,5,7.56,2011-03-22,"aba102",43.5,-75
-6.2,3.06,9.33,2011-03-23,"aba102",43.5,-75
-5.5,4.86,18.7,2011-03-24,"aba102",43.5,-75
-8,5.72,18.49,2011-03-25,"aba102",43.5,-75
-9.2,5.95,18.42,2011-03-26,"aba102",43.5,-75
-8.8,5.82,23.43,2011-03-27,"aba102",43.5,-75
-6.3,5.95,23.04,2011-03-28,"aba102",43.5,-75
-3.7,5.26,10.8,2011-03-29,"aba102",43.5,-75
0,3.05,22.13,2011-03-30,"aba102",43.5,-75
1.6,4.08,7.77,2011-03-31,"aba102",43.5,-75
1.1,5,13.91,2011-04-01,"aba102",43.5,-75
2.1,6.32,20.91,2011-04-02,"aba102",43.5,-75
1.8,6.02,24.04,2011-04-03,"aba102",43.5,-75
4,6.44,5.08,2011-04-04,"aba102",43.5,-75
1.9,7.24,9.36,2011-04-05,"aba102",43.5,-75
-1.2,6.93,16.79,2011-04-06,"aba102",43.5,-75
-0.4,3.32,24.42,2011-04-07,"aba102",43.5,-75
1.6,2.33,19.76,2011-04-08,"aba102",43.5,-75
5.6,2.32,21.67,2011-04-09,"aba102",43.5,-75
8.5,4.8,14.44,2011-04-10,"aba102",43.5,-75
14,7.66,9.59,2011-04-11,"aba102",43.5,-75
9.2,6.04,19.81,2011-04-12,"aba102",43.5,-75
5.7,5.99,3.69,2011-04-13,"aba102",43.5,-75
5.8,4.46,16.1,2011-04-14,"aba102",43.5,-75
3,4.68,26.43,2011-04-15,"aba102",43.5,-75
1.5,10.14,4.77,2011-04-16,"aba102",43.5,-75
3.2,8.85,13.84,2011-04-17,"aba102",43.5,-75
1,6.3,16.16,2011-04-18,"aba102",43.5,-75
3.8,4.81,16.71,2011-04-19,"aba102",43.5,-75
5.4,7.07,7.25,2011-04-20,"aba102",43.5,-75
0.6,8.86,18.64,2011-04-21,"aba102",43.5,-75
3,4.57,21.99,2011-04-22,"aba102",43.5,-75
5.8,7.02,4.36,2011-04-23,"aba102",43.5,-75
9.2,3.7,18.67,2011-04-24,"aba102",43.5,-75
8.9,3.52,14.54,2011-04-25,"aba102",43.5,-75
15.3,4.46,15.71,2011-04-26,"aba102",43.5,-75
18.1,6.39,17.67,2011-04-27,"aba102",43.5,-75
16,7.73,13.67,2011-04-28,"aba102",43.5,-75
6.4,5.12,13.18,2011-04-29,"aba102",43.5,-75
9,3.83,28.13,2011-04-30,"aba102",43.5,-75
12.2,3.81,24.96,2011-05-01,"aba102",43.5,-75
11.9,5,6.59,2011-05-02,"aba102",43.5,-75
10.7,3,3.3,2011-05-03,"aba102",43.5,-75
4.6,5.52,6.02,2011-05-04,"aba102",43.5,-75
6.3,7.81,20.99,2011-05-05,"aba102",43.5,-75
8.9,6.24,23.06,2011-05-06,"aba102",43.5,-75
10.1,4.16,22.8,2011-05-07,"aba102",43.5,-75
10.8,3.91,16.53,2011-05-08,"aba102",43.5,-75
11.3,5.2,25.37,2011-05-09,"aba102",43.5,-75
12.4,3.94,28.81,2011-05-10,"aba102",43.5,-75
14.8,3.9,25.86,2011-05-11,"aba102",43.5,-75
16.5,3.55,28.57,2011-05-12,"aba102",43.5,-75
15,3.8,11.42,2011-05-13,"aba102",43.5,-75
13.9,3.16,3.79,2011-05-14,"aba102",43.5,-75
11.2,5.43,2.73,2011-05-15,"aba102",43.5,-75
9.8,5.46,6.49,2011-05-16,"aba102",43.5,-75
11.8,5.32,8.73,2011-05-17,"aba102",43.5,-75
13.8,6.19,10.34,2011-05-18,"aba102",43.5,-75
15.4,5.71,15.61,2011-05-19,"aba102",43.5,-75
15.2,2.61,14.84,2011-05-20,"aba102",43.5,-75
16.3,3.31,16.79,2011-05-21,"aba102",43.5,-75
15.5,4.73,15.53,2011-05-22,"aba102",43.5,-75
15,7.01,13.58,2011-05-23,"aba102",43.5,-75
17.2,5.74,18.13,2011-05-24,"aba102",43.5,-75
15.2,4.33,19.37,2011-05-25,"aba102",43.5,-75
19.4,5.52,21.69,2011-05-26,"aba102",43.5,-75
18.2,3.26,12.07,2011-05-27,"aba102",43.5,-75
17.9,5.28,15.28,2011-05-28,"aba102",43.5,-75
20.5,4.49,16.59,2011-05-29,"aba102",43.5,-75
21.2,3.72,27.56,2011-05-30,"aba102",43.5,-75
22.3,3.24,28.84,2011-05-31,"aba102",43.5,-75
21.9,7.18,19.46,2011-06-01,"aba102",43.5,-75
11.8,7.96,11.64,2011-06-02,"aba102",43.5,-75
12.1,5.52,31.38,2011-06-03,"aba102",43.5,-75
13.3,3.13,24.34,2011-06-04,"aba102",43.5,-75
14.2,3.55,12.06,2011-06-05,"aba102",43.5,-75
17.5,2.4,23.01,2011-06-06,"aba102",43.5,-75
19.7,3.04,27.94,2011-06-07,"aba102",43.5,-75
22.5,4.96,26.96,2011-06-08,"aba102",43.5,-75
21,4.8,22.59,2011-06-09,"aba102",43.5,-75
17,3.22,17.72,2011-06-10,"aba102",43.5,-75
14.2,5.9,6.81,2011-06-11,"aba102",43.5,-75
14,4.49,9.07,2011-06-12,"aba102",43.5,-75
12.8,3.31,13.93,2011-06-13,"aba102",43.5,-75
13,4.7,13.71,2011-06-14,"aba102",43.5,-75
16.8,3.47,27.54,2011-06-15,"aba102",43.5,-75
18.9,2.96,26.73,2011-06-16,"aba102",43.5,-75
16.5,2.83,14.06,2011-06-17,"aba102",43.5,-75
18.4,4.12,22.62,2011-06-18,"aba102",43.5,-75
15.7,3.44,30.77,2011-06-19,"aba102",43.5,-75
16.7,2.9,28.53,2011-06-20,"aba102",43.5,-75
19.7,2.82,28.46,2011-06-21,"aba102",43.5,-75
17.3,4.65,9.08,2011-06-22,"aba102",43.5,-75
17.5,5.33,9.48,2011-06-23,"aba102",43.5,-75
17.5,5.92,11.41,2011-06-24,"aba102",43.5,-75
16.1,3.64,12.15,2011-06-25,"aba102",43.5,-75
16.3,3.3,12.27,2011-06-26,"aba102",43.5,-75
18.3,2.19,23.37,2011-06-27,"aba102",43.5,-75
20.1,4.67,19.76,2011-06-28,"aba102",43.5,-75
14.8,6.51,11.73,2011-06-29,"aba102",43.5,-75
16.1,5.46,23.64,2011-06-30,"aba102",43.5,-75
17.3,3.72,17.3,2011-07-01,"aba102",43.5,-75
19.1,3.32,28.92,2011-07-02,"aba102",43.5,-75
20,3.54,11.06,2011-07-03,"aba102",43.5,-75
19.9,3.92,26.55,2011-07-04,"aba102",43.5,-75
19.8,3.51,26.78,2011-07-05,"aba102",43.5,-75
20.3,5.15,25.33,2011-07-06,"aba102",43.5,-75
18.7,2.94,29.19,2011-07-07,"aba102",43.5,-75
18.1,2.5,22.07,2011-07-08,"aba102",43.5,-75
17.9,4.28,27.64,2011-07-09,"aba102",43.5,-75
19.3,3.22,26.47,2011-07-10,"aba102",43.5,-75
23.2,4.84,26.1,2011-07-11,"aba102",43.5,-75
23.2,5.41,22.75,2011-07-12,"aba102",43.5,-75
18.1,5.76,21.58,2011-07-13,"aba102",43.5,-75
17.8,3.75,24.2,2011-07-14,"aba102",43.5,-75
18.8,2.84,25.97,2011-07-15,"aba102",43.5,-75
20.1,3.05,29.17,2011-07-16,"aba102",43.5,-75
22.2,5.1,27.76,2011-07-17,"aba102",43.5,-75
19.7,4.55,11.96,2011-07-18,"aba102",43.5,-75
20.9,2.57,28.39,2011-07-19,"aba102",43.5,-75
21.8,4.21,27.83,2011-07-20,"aba102",43.5,-75
26.3,6.79,24.34,2011-07-21,"aba102",43.5,-75
24.9,4.41,27.59,2011-07-22,"aba102",43.5,-75
24,4.83,25.96,2011-07-23,"aba102",43.5,-75
21.2,3.35,27.33,2011-07-24,"aba102",43.5,-75
18.8,4.22,14.88,2011-07-25,"aba102",43.5,-75
18.5,5.71,21.93,2011-07-26,"aba102",43.5,-75
17.7,4.39,15.41,2011-07-27,"aba102",43.5,-75
19.7,3.35,25.84,2011-07-28,"aba102",43.5,-75
20.3,4.33,6.96,2011-07-29,"aba102",43.5,-75
19.9,4.5,22.94,2011-07-30,"aba102",43.5,-75
19.7,3,23.81,2011-07-31,"aba102",43.5,-75
21.2,5.49,24.82,2011-08-01,"aba102",43.5,-75
19.1,5.88,23.48,2011-08-02,"aba102",43.5,-75
17.4,2.61,21.11,2011-08-03,"aba102",43.5,-75
19.5,2.83,20.31,2011-08-04,"aba102",43.5,-75
20.3,2.47,19.15,2011-08-05,"aba102",43.5,-75
19.8,3.81,10.38,2011-08-06,"aba102",43.5,-75
21.6,2.64,17.42,2011-08-07,"aba102",43.5,-75
20.7,3.7,17.07,2011-08-08,"aba102",43.5,-75
18.3,6.14,10.82,2011-08-09,"aba102",43.5,-75
17.7,4.62,16.2,2011-08-10,"aba102",43.5,-75
15.3,5.53,15.68,2011-08-11,"aba102",43.5,-75
17.1,4.48,22.5,2011-08-12,"aba102",43.5,-75
18.6,3.57,20.38,2011-08-13,"aba102",43.5,-75
18.1,3.76,9.15,2011-08-14,"aba102",43.5,-75
16.4,4.4,5.28,2011-08-15,"aba102",43.5,-75
18,4.32,17.55,2011-08-16,"aba102",43.5,-75
18.5,2.73,25.08,2011-08-17,"aba102",43.5,-75
19.7,3.79,21.02,2011-08-18,"aba102",43.5,-75
19.2,3.18,19.22,2011-08-19,"aba102",43.5,-75
19.2,2.66,23.04,2011-08-20,"aba102",43.5,-75
18.6,5.14,12.49,2011-08-21,"aba102",43.5,-75
14.3,5.17,16.87,2011-08-22,"aba102",43.5,-75
14.5,4.4,19.01,2011-08-23,"aba102",43.5,-75
18,7.06,21.11,2011-08-24,"aba102",43.5,-75
18.4,5.61,7.11,2011-08-25,"aba102",43.5,-75
17.6,2.79,15.57,2011-08-26,"aba102",43.5,-75
18.6,2.95,16.92,2011-08-27,"aba102",43.5,-75
15,10.83,1.13,2011-08-28,"aba102",43.5,-75
13,4.6,19.47,2011-08-29,"aba102",43.5,-75
15.2,3.71,19.43,2011-08-30,"aba102",43.5,-75
17.9,2.69,15.96,2011-08-31,"aba102",43.5,-75
18.6,3.42,15.55,2011-09-01,"aba102",43.5,-75
19.5,3.63,17.27,2011-09-02,"aba102",43.5,-75
21,3.37,14.03,2011-09-03,"aba102",43.5,-75
21.3,4.2,18.09,2011-09-04,"aba102",43.5,-75
16.7,4.47,2.46,2011-09-05,"aba102",43.5,-75
14.2,3.71,9.7,2011-09-06,"aba102",43.5,-75
13.1,5.59,3.67,2011-09-07,"aba102",43.5,-75
17,3,10.91,2011-09-08,"aba102",43.5,-75
17.1,3.05,19.94,2011-09-09,"aba102",43.5,-75
15.5,2.94,21.61,2011-09-10,"aba102",43.5,-75
14.2,2.97,17.66,2011-09-11,"aba102",43.5,-75
17.3,2.92,14.54,2011-09-12,"aba102",43.5,-75
18.8,5.66,17.33,2011-09-13,"aba102",43.5,-75
14.9,3.61,13.41,2011-09-14,"aba102",43.5,-75
8.9,4.34,4.21,2011-09-15,"aba102",43.5,-75
6,4.52,16.85,2011-09-16,"aba102",43.5,-75
7.1,2.18,12.66,2011-09-17,"aba102",43.5,-75
9.2,3.18,19.7,2011-09-18,"aba102",43.5,-75
10.5,4.59,19.55,2011-09-19,"aba102",43.5,-75
12.8,4.36,6.44,2011-09-20,"aba102",43.5,-75
14.1,4.22,13.82,2011-09-21,"aba102",43.5,-75
16.9,3.89,7.07,2011-09-22,"aba102",43.5,-75
16.2,4.88,11.26,2011-09-23,"aba102",43.5,-75
16.6,3.26,4.78,2011-09-24,"aba102",43.5,-75
16.5,2.92,17.46,2011-09-25,"aba102",43.5,-75
18.5,2.89,16.54,2011-09-26,"aba102",43.5,-75
19.2,3.64,12.32,2011-09-27,"aba102",43.5,-75
17,5.39,5.42,2011-09-28,"aba102",43.5,-75
14.6,5.02,4.23,2011-09-29,"aba102",43.5,-75
12.5,5.34,12.18,2011-09-30,"aba102",43.5,-75
7.3,6.24,5.52,2011-10-01,"aba102",43.5,-75
8.4,5.01,5.53,2011-10-02,"aba102",43.5,-75
11.1,2.83,11.47,2011-10-03,"aba102",43.5,-75
10.1,4.53,6.1,2011-10-04,"aba102",43.5,-75
9.3,5.57,13.87,2011-10-05,"aba102",43.5,-75
5.1,3.61,17.23,2011-10-06,"aba102",43.5,-75
8.6,2.46,16.14,2011-10-07,"aba102",43.5,-75
14.6,2.32,16.12,2011-10-08,"aba102",43.5,-75
16.4,3.4,15.8,2011-10-09,"aba102",43.5,-75
15.6,3.64,15.01,2011-10-10,"aba102",43.5,-75
14.8,3.07,14.91,2011-10-11,"aba102",43.5,-75
12.4,4.58,7,2011-10-12,"aba102",43.5,-75
12,5.13,3.3,2011-10-13,"aba102",43.5,-75
14.4,7.01,5.13,2011-10-14,"aba102",43.5,-75
7.2,7.52,7.8,2011-10-15,"aba102",43.5,-75
7.4,7.32,7.9,2011-10-16,"aba102",43.5,-75
6.9,7.11,8.77,2011-10-17,"aba102",43.5,-75
7.9,4.88,9.19,2011-10-18,"aba102",43.5,-75
10,8.34,8.83,2011-10-19,"aba102",43.5,-75
10.4,8.53,6.99,2011-10-20,"aba102",43.5,-75
6,4.97,2.53,2011-10-21,"aba102",43.5,-75
4.9,3.7,3.96,2011-10-22,"aba102",43.5,-75
4.9,2.28,6.19,2011-10-23,"aba102",43.5,-75
6.7,6.18,10.95,2011-10-24,"aba102",43.5,-75
5.2,6.74,7.52,2011-10-25,"aba102",43.5,-75
3.2,2.95,1.31,2011-10-26,"aba102",43.5,-75
0.7,3.77,2.3,2011-10-27,"aba102",43.5,-75
-1.4,4.42,10.86,2011-10-28,"aba102",43.5,-75
-1.3,3.18,5.54,2011-10-29,"aba102",43.5,-75
0.4,4.68,11.94,2011-10-30,"aba102",43.5,-75
2.3,3.85,9.86,2011-10-31,"aba102",43.5,-75
3.7,3.05,8.57,2011-11-01,"aba102",43.5,-75
5.3,3.45,11.42,2011-11-02,"aba102",43.5,-75
6.5,3.92,8.08,2011-11-03,"aba102",43.5,-75
1,5.35,9.24,2011-11-04,"aba102",43.5,-75
-1,3.11,11.66,2011-11-05,"aba102",43.5,-75
2.1,3.52,11.56,2011-11-06,"aba102",43.5,-75
5.6,3.32,8.55,2011-11-07,"aba102",43.5,-75
10.2,3.44,7.62,2011-11-08,"aba102",43.5,-75
10.9,5.59,10.52,2011-11-09,"aba102",43.5,-75
6.1,5.64,1.21,2011-11-10,"aba102",43.5,-75
-0.1,5.91,7.04,2011-11-11,"aba102",43.5,-75
2.3,5.38,9.48,2011-11-12,"aba102",43.5,-75
7.9,5.73,9.25,2011-11-13,"aba102",43.5,-75
11.4,4.91,5.97,2011-11-14,"aba102",43.5,-75
8.8,5.55,4.04,2011-11-15,"aba102",43.5,-75
6.9,4.31,3.04,2011-11-16,"aba102",43.5,-75
-0.3,4.9,4.98,2011-11-17,"aba102",43.5,-75
-3,5.22,7.41,2011-11-18,"aba102",43.5,-75
2.4,4.54,9.55,2011-11-19,"aba102",43.5,-75
7,5.73,3.13,2011-11-20,"aba102",43.5,-75
-1.2,3.2,9.42,2011-11-21,"aba102",43.5,-75
-2.8,6.04,7.61,2011-11-22,"aba102",43.5,-75
-0.2,7.25,2.19,2011-11-23,"aba102",43.5,-75
-0.5,3.7,4.38,2011-11-24,"aba102",43.5,-75
4.2,3.64,8.31,2011-11-25,"aba102",43.5,-75
6.7,3.56,6.68,2011-11-26,"aba102",43.5,-75
7.1,5.5,4.86,2011-11-27,"aba102",43.5,-75
8.8,5.53,1.13,2011-11-28,"aba102",43.5,-75
10.5,7.29,2.38,2011-11-29,"aba102",43.5,-75
3.8,6.89,4.96,2011-11-30,"aba102",43.5,-75
-2.4,5.23,8.25,2011-12-01,"aba102",43.5,-75
-1.9,3.86,4.22,2011-12-02,"aba102",43.5,-75
-2.3,4.05,8.29,2011-12-03,"aba102",43.5,-75
2.7,5.14,7.65,2011-12-04,"aba102",43.5,-75
6.7,4.01,3.14,2011-12-05,"aba102",43.5,-75
5.5,3.41,0.76,2011-12-06,"aba102",43.5,-75
0.4,3.64,1.81,2011-12-07,"aba102",43.5,-75
-1.5,6.61,6.03,2011-12-08,"aba102",43.5,-75
-1.1,4.78,4.69,2011-12-09,"aba102",43.5,-75
-3.8,5.3,5.43,2011-12-10,"aba102",43.5,-75
-4.7,3.47,7.09,2011-12-11,"aba102",43.5,-75
-2.3,3,8,2011-12-12,"aba102",43.5,-75
-1.7,2.92,5.96,2011-12-13,"aba102",43.5,-75
1.4,5.09,4.97,2011-12-14,"aba102",43.5,-75
5.2,6.14,0.86,2011-12-15,"aba102",43.5,-75
1.5,7.81,4.14,2011-12-16,"aba102",43.5,-75
-7.1,3.96,5.93,2011-12-17,"aba102",43.5,-75
-14.7,2.68,8.28,2011-12-18,"aba102",43.5,-75
-2.4,5.08,3.96,2011-12-19,"aba102",43.5,-75
-4.7,4.61,7.55,2011-12-20,"aba102",43.5,-75
1.1,4.82,0.78,2011-12-21,"aba102",43.5,-75
2.7,5.95,2.18,2011-12-22,"aba102",43.5,-75
-2.6,4.74,3.18,2011-12-23,"aba102",43.5,-75
-12.2,2.64,8.13,2011-12-24,"aba102",43.5,-75
-5.1,5.19,5.48,2011-12-25,"aba102",43.5,-75
-2,4.55,3.63,2011-12-26,"aba102",43.5,-75
-0.6,8.32,2.75,2011-12-27,"aba102",43.5,-75
-5.2,6.96,3.84,2011-12-28,"aba102",43.5,-75
-14,5.1,6.6,2011-12-29,"aba102",43.5,-75
-4.3,4.5,3.22,2011-12-30,"aba102",43.5,-75
0.9,5.17,4.47,2011-12-31,"aba102",43.5,-75
3,6.8,4.69,2012-01-01,"aba102",43.5,-75
-2.6,6.61,5.21,2012-01-02,"aba102",43.5,-75
-16.1,4.53,7.21,2012-01-03,"aba102",43.5,-75
-16.4,2.98,5.52,2012-01-04,"aba102",43.5,-75
-6.9,5.57,3.42,2012-01-05,"aba102",43.5,-75
-1.1,3.82,5.33,2012-01-06,"aba102",43.5,-75
0.4,4.54,2.48,2012-01-07,"aba102",43.5,-75
-4.2,4.78,4.11,2012-01-08,"aba102",43.5,-75
-4.5,4.36,7.58,2012-01-09,"aba102",43.5,-75
-1.1,6.04,4.88,2012-01-10,"aba102",43.5,-75
-2.2,5.33,6.47,2012-01-11,"aba102",43.5,-75
-1.1,8.43,1.48,2012-01-12,"aba102",43.5,-75
-3.9,7.58,2.79,2012-01-13,"aba102",43.5,-75
-14.3,5.94,6.88,2012-01-14,"aba102",43.5,-75
-21.5,3.61,9.42,2012-01-15,"aba102",43.5,-75
-14.7,5.15,6.84,2012-01-16,"aba102",43.5,-75
-0.3,7.22,1.37,2012-01-17,"aba102",43.5,-75
-9.5,9.03,7.11,2012-01-18,"aba102",43.5,-75
-13.1,6.2,8.85,2012-01-19,"aba102",43.5,-75
-13.5,4.83,9.54,2012-01-20,"aba102",43.5,-75
-13.1,3.52,5.51,2012-01-21,"aba102",43.5,-75
-11.7,5.26,8.24,2012-01-22,"aba102",43.5,-75
-0.6,6.51,3.88,2012-01-23,"aba102",43.5,-75
0.6,6.18,4.8,2012-01-24,"aba102",43.5,-75
-4,5.19,6.44,2012-01-25,"aba102",43.5,-75
-3.8,5.16,8.05,2012-01-26,"aba102",43.5,-75
0,6.91,1.57,2012-01-27,"aba102",43.5,-75
-1,7.43,6.66,2012-01-28,"aba102",43.5,-75
-3.6,7.01,6.13,2012-01-29,"aba102",43.5,-75
-7.1,5.37,8.47,2012-01-30,"aba102",43.5,-75
-0.4,4.11,6.52,2012-01-31,"aba102",43.5,-75
3.4,5.81,2.94,2012-02-01,"aba102",43.5,-75
-3.6,4.37,5.69,2012-02-02,"aba102",43.5,-75
-6.3,3.77,8.2,2012-02-03,"aba102",43.5,-75
-4.6,4.07,10.8,2012-02-04,"aba102",43.5,-75
-11.1,3.45,11.98,2012-02-05,"aba102",43.5,-75
-0.8,5.61,10.35,2012-02-06,"aba102",43.5,-75
-2.4,4.25,7.15,2012-02-07,"aba102",43.5,-75
-7.7,3.18,11.07,2012-02-08,"aba102",43.5,-75
-3.2,4.11,12.23,2012-02-09,"aba102",43.5,-75
-4,3.58,10.85,2012-02-10,"aba102",43.5,-75
-6.9,4.85,8.79,2012-02-11,"aba102",43.5,-75
-14.4,5.69,11.84,2012-02-12,"aba102",43.5,-75
-4.9,7.16,8.21,2012-02-13,"aba102",43.5,-75
-3,3.89,8.28,2012-02-14,"aba102",43.5,-75
-0.4,3.82,6.56,2012-02-15,"aba102",43.5,-75
-1.6,4.19,5.01,2012-02-16,"aba102",43.5,-75
0,6.61,9.88,2012-02-17,"aba102",43.5,-75
-3.4,4.51,8.61,2012-02-18,"aba102",43.5,-75
-5.7,3.5,12.44,2012-02-19,"aba102",43.5,-75
-8.3,3.81,15.17,2012-02-20,"aba102",43.5,-75
-5.6,5.63,11.16,2012-02-21,"aba102",43.5,-75
1.9,5.99,11.13,2012-02-22,"aba102",43.5,-75
-0.3,6.2,12.82,2012-02-23,"aba102",43.5,-75
-3,6.86,2.98,2012-02-24,"aba102",43.5,-75
-4.8,8.52,10.62,2012-02-25,"aba102",43.5,-75
-10.8,5.63,16.28,2012-02-26,"aba102",43.5,-75
-3.3,5.77,8.33,2012-02-27,"aba102",43.5,-75
-4.4,6,13.68,2012-02-28,"aba102",43.5,-75
-5,6.4,5.42,2012-02-29,"aba102",43.5,-75
-2.3,6.96,3.43,2012-03-01,"aba102",43.5,-75
-0.8,6.87,10.79,2012-03-02,"aba102",43.5,-75
1.8,7.93,13.28,2012-03-03,"aba102",43.5,-75
-4.6,5.61,14.67,2012-03-04,"aba102",43.5,-75
-13.9,4.61,14.2,2012-03-05,"aba102",43.5,-75
-9,4.42,17.54,2012-03-06,"aba102",43.5,-75
4.2,5.95,17.68,2012-03-07,"aba102",43.5,-75
8.6,7.49,6.93,2012-03-08,"aba102",43.5,-75
-3.3,6.71,14.54,2012-03-09,"aba102",43.5,-75
-6.2,4.7,12.97,2012-03-10,"aba102",43.5,-75
1,4.39,18.61,2012-03-11,"aba102",43.5,-75
8.7,3.75,15.88,2012-03-12,"aba102",43.5,-75
9.8,5.3,9.28,2012-03-13,"aba102",43.5,-75
4.2,4.1,11.36,2012-03-14,"aba102",43.5,-75
5.4,4.53,13.77,2012-03-15,"aba102",43.5,-75
6.2,4.48,3.28,2012-03-16,"aba102",43.5,-75
8.5,3.14,17.73,2012-03-17,"aba102",43.5,-75
12.8,3.2,18.06,2012-03-18,"aba102",43.5,-75
15.1,2.53,15.25,2012-03-19,"aba102",43.5,-75
16,2.44,17.08,2012-03-20,"aba102",43.5,-75
16.5,2.47,19.79,2012-03-21,"aba102",43.5,-75
16.5,3.22,19.27,2012-03-22,"aba102",43.5,-75
14.8,3.98,19.28,2012-03-23,"aba102",43.5,-75
8.1,3.82,5.76,2012-03-24,"aba102",43.5,-75
5.7,3.89,3.54,2012-03-25,"aba102",43.5,-75
-0.7,8.19,21.94,2012-03-26,"aba102",43.5,-75
-2.5,6.56,22.28,2012-03-27,"aba102",43.5,-75
5.2,5.84,9.36,2012-03-28,"aba102",43.5,-75
1.8,5.59,7.72,2012-03-29,"aba102",43.5,-75
0.7,4.55,21.36,2012-03-30,"aba102",43.5,-75
2.2,3.79,8.88,2012-03-31,"aba102",43.5,-75
1,3.64,6.9,2012-04-01,"aba102",43.5,-75
2.6,6.73,23.37,2012-04-02,"aba102",43.5,-75
3.1,4.32,22.79,2012-04-03,"aba102",43.5,-75
4,7.14,18.05,2012-04-04,"aba102",43.5,-75
0.2,4.85,14.32,2012-04-05,"aba102",43.5,-75
1.3,5.59,23.63,2012-04-06,"aba102",43.5,-75
3.3,6.24,23.62,2012-04-07,"aba102",43.5,-75
5.1,6.53,22.36,2012-04-08,"aba102",43.5,-75
2.6,8.5,7.31,2012-04-09,"aba102",43.5,-75
2.1,5.41,12.96,2012-04-10,"aba102",43.5,-75
2.7,4.18,18.25,2012-04-11,"aba102",43.5,-75
4.3,5.02,20.26,2012-04-12,"aba102",43.5,-75
5.7,4.69,25.48,2012-04-13,"aba102",43.5,-75
8.5,4.05,21.59,2012-04-14,"aba102",43.5,-75
12.9,4.25,8.11,2012-04-15,"aba102",43.5,-75
20.1,6.36,21.69,2012-04-16,"aba102",43.5,-75
9,6.13,25.52,2012-04-17,"aba102",43.5,-75
4.4,2.94,25.53,2012-04-18,"aba102",43.5,-75
10.2,4.88,24.06,2012-04-19,"aba102",43.5,-75
14.9,5.41,22.67,2012-04-20,"aba102",43.5,-75
9.2,5.04,7.59,2012-04-21,"aba102",43.5,-75
3.2,5.38,9.99,2012-04-22,"aba102",43.5,-75
4,6.46,5.63,2012-04-23,"aba102",43.5,-75
2.4,5.33,17.16,2012-04-24,"aba102",43.5,-75
2.6,5.38,20.17,2012-04-25,"aba102",43.5,-75
5,6.09,14.95,2012-04-26,"aba102",43.5,-75
0.1,7.02,9.33,2012-04-27,"aba102",43.5,-75
1,4.89,25.82,2012-04-28,"aba102",43.5,-75
3.2,7,28.3,2012-04-29,"aba102",43.5,-75
6.8,4.68,24.42,2012-04-30,"aba102",43.5,-75
8.4,4.83,5.32,2012-05-01,"aba102",43.5,-75
11.1,4.48,16.42,2012-05-02,"aba102",43.5,-75
13.6,4.33,11.61,2012-05-03,"aba102",43.5,-75
15.6,4.37,12.03,2012-05-04,"aba102",43.5,-75
12.8,3.54,20.08,2012-05-05,"aba102",43.5,-75
11.8,3.7,28.7,2012-05-06,"aba102",43.5,-75
13.3,4.3,24.67,2012-05-07,"aba102",43.5,-75
11.2,4.88,2.17,2012-05-08,"aba102",43.5,-75
13.4,3.83,14.26,2012-05-09,"aba102",43.5,-75
6.3,5.87,9.35,2012-05-10,"aba102",43.5,-75
8.6,5.92,26.19,2012-05-11,"aba102",43.5,-75
13.4,5.2,28.95,2012-05-12,"aba102",43.5,-75
15.4,3.62,22.54,2012-05-13,"aba102",43.5,-75
14.1,3.64,12.41,2012-05-14,"aba102",43.5,-75
14.1,4,6.23,2012-05-15,"aba102",43.5,-75
15,5.66,23.83,2012-05-16,"aba102",43.5,-75
9.1,4.76,28.45,2012-05-17,"aba102",43.5,-75
11.8,2.33,29.8,2012-05-18,"aba102",43.5,-75
16.8,2.84,29.27,2012-05-19,"aba102",43.5,-75
20.4,3.62,28.81,2012-05-20,"aba102",43.5,-75
18.3,4.97,21.22,2012-05-21,"aba102",43.5,-75
16.7,3.52,10.34,2012-05-22,"aba102",43.5,-75
17.7,3.04,17.55,2012-05-23,"aba102",43.5,-75
18.9,5.04,21.01,2012-05-24,"aba102",43.5,-75
19.9,5.73,17.88,2012-05-25,"aba102",43.5,-75
20,3.89,27.37,2012-05-26,"aba102",43.5,-75
18.7,2.76,28.86,2012-05-27,"aba102",43.5,-75
21,3.89,26.55,2012-05-28,"aba102",43.5,-75
20.1,4.49,15.08,2012-05-29,"aba102",43.5,-75
17.1,4.42,23.75,2012-05-30,"aba102",43.5,-75
13.3,4.27,21.3,2012-05-31,"aba102",43.5,-75
12.9,8.1,15.6,2012-06-01,"aba102",43.5,-75
11.6,8.32,8.99,2012-06-02,"aba102",43.5,-75
11.9,4.06,18.64,2012-06-03,"aba102",43.5,-75
10.7,3.74,14.13,2012-06-04,"aba102",43.5,-75
11.6,3.98,18.17,2012-06-05,"aba102",43.5,-75
11,2.21,16.8,2012-06-06,"aba102",43.5,-75
12.2,2.44,21.84,2012-06-07,"aba102",43.5,-75
14.7,5.42,24.7,2012-06-08,"aba102",43.5,-75
14.5,2.71,14.95,2012-06-09,"aba102",43.5,-75
18.6,2.97,22.03,2012-06-10,"aba102",43.5,-75
21,4.14,26.57,2012-06-11,"aba102",43.5,-75
16.8,6.3,7.55,2012-06-12,"aba102",43.5,-75
14.8,4.34,20.82,2012-06-13,"aba102",43.5,-75
15.6,3.4,30.8,2012-06-14,"aba102",43.5,-75
17.4,3.61,30.24,2012-06-15,"aba102",43.5,-75
18.5,2.76,26.07,2012-06-16,"aba102",43.5,-75
18.9,4.7,28.1,2012-06-17,"aba102",43.5,-75
17,4.6,16.07,2012-06-18,"aba102",43.5,-75
19.1,3.72,19.47,2012-06-19,"aba102",43.5,-75
24.8,4.24,26.99,2012-06-20,"aba102",43.5,-75
24.4,4.5,28.66,2012-06-21,"aba102",43.5,-75
20.5,3.58,21.45,2012-06-22,"aba102",43.5,-75
17.3,4.05,23.71,2012-06-23,"aba102",43.5,-75
16.9,2.79,22.83,2012-06-24,"aba102",43.5,-75
13.8,5.41,17.74,2012-06-25,"aba102",43.5,-75
12.3,5.96,9.78,2012-06-26,"aba102",43.5,-75
15.8,6.86,23.04,2012-06-27,"aba102",43.5,-75
18.8,3.76,28.29,2012-06-28,"aba102",43.5,-75
21.6,6.71,28.68,2012-06-29,"aba102",43.5,-75
21,5.77,27.84,2012-06-30,"aba102",43.5,-75
20.3,4.96,25.29,2012-07-01,"aba102",43.5,-75
19.2,4.6,23.67,2012-07-02,"aba102",43.5,-75
19.6,2.94,27.69,2012-07-03,"aba102",43.5,-75
21.4,4.67,21.06,2012-07-04,"aba102",43.5,-75
19.4,3.73,27.64,2012-07-05,"aba102",43.5,-75
20.5,4.3,24.65,2012-07-06,"aba102",43.5,-75
20,3.72,13.76,2012-07-07,"aba102",43.5,-75
19.2,4.92,26.54,2012-07-08,"aba102",43.5,-75
17.1,4.03,28.42,2012-07-09,"aba102",43.5,-75
16.9,2.41,23.08,2012-07-10,"aba102",43.5,-75
19,2.38,28.1,2012-07-11,"aba102",43.5,-75
21,3.11,29.53,2012-07-12,"aba102",43.5,-75
23,2.72,28.72,2012-07-13,"aba102",43.5,-75
22.5,2.66,23.1,2012-07-14,"aba102",43.5,-75
20.4,3.4,12.32,2012-07-15,"aba102",43.5,-75
21.3,4.16,21.26,2012-07-16,"aba102",43.5,-75
23.4,6.64,24.71,2012-07-17,"aba102",43.5,-75
20.9,4.3,18.03,2012-07-18,"aba102",43.5,-75
17.5,3.54,23.77,2012-07-19,"aba102",43.5,-75
17.3,3.67,17.8,2012-07-20,"aba102",43.5,-75
18.4,2.78,21.35,2012-07-21,"aba102",43.5,-75
20.6,3.31,22.47,2012-07-22,"aba102",43.5,-75
21.8,4.47,23.57,2012-07-23,"aba102",43.5,-75
19.8,5.67,16.15,2012-07-24,"aba102",43.5,-75
17.3,3.61,27.41,2012-07-25,"aba102",43.5,-75
16.7,4.39,5.08,2012-07-26,"aba102",43.5,-75
19.5,2.88,17.9,2012-07-27,"aba102",43.5,-75
18.5,2.62,16.24,2012-07-28,"aba102",43.5,-75
19.2,2.48,23.81,2012-07-29,"aba102",43.5,-75
19.9,3.35,24.02,2012-07-30,"aba102",43.5,-75
19.8,3.86,22.16,2012-07-31,"aba102",43.5,-75
19.4,2.85,16.4,2012-08-01,"aba102",43.5,-75
21.1,3.79,24.48,2012-08-02,"aba102",43.5,-75
22.7,3.42,22.38,2012-08-03,"aba102",43.5,-75
23.9,4.79,25.64,2012-08-04,"aba102",43.5,-75
22.6,5.89,15.35,2012-08-05,"aba102",43.5,-75
16.9,4.34,15.52,2012-08-06,"aba102",43.5,-75
17.3,2.64,27.54,2012-08-07,"aba102",43.5,-75
19.8,2.83,23.05,2012-08-08,"aba102",43.5,-75
20.5,2.56,18.32,2012-08-09,"aba102",43.5,-75
19.6,4.04,9.6,2012-08-10,"aba102",43.5,-75
20.4,4.01,16.59,2012-08-11,"aba102",43.5,-75
18.2,3.94,17.63,2012-08-12,"aba102",43.5,-75
18.1,3.58,18.95,2012-08-13,"aba102",43.5,-75
18.2,3.01,15.99,2012-08-14,"aba102",43.5,-75
18.7,2.8,18.69,2012-08-15,"aba102",43.5,-75
17.8,3.3,21.13,2012-08-16,"aba102",43.5,-75
17.4,5.55,12.78,2012-08-17,"aba102",43.5,-75
14.3,3.44,18.64,2012-08-18,"aba102",43.5,-75
13.9,1.94,22.81,2012-08-19,"aba102",43.5,-75
15.2,2.73,21.01,2012-08-20,"aba102",43.5,-75
15.5,3.58,22.95,2012-08-21,"aba102",43.5,-75
16.7,3.18,22.91,2012-08-22,"aba102",43.5,-75
18.3,2.92,22.57,2012-08-23,"aba102",43.5,-75
19,1.12,22.84,2012-08-24,"aba102",43.5,-75
20.8,3.09,21.62,2012-08-25,"aba102",43.5,-75
21.2,3.48,22.73,2012-08-26,"aba102",43.5,-75
19.7,4.66,15.76,2012-08-27,"aba102",43.5,-75
19,5.33,15.79,2012-08-28,"aba102",43.5,-75
13.9,3.45,24.33,2012-08-29,"aba102",43.5,-75
15.8,4.61,23.06,2012-08-30,"aba102",43.5,-75
20.6,5.41,22.08,2012-08-31,"aba102",43.5,-75
20,3.42,19.79,2012-09-01,"aba102",43.5,-75
17.6,3.4,19.95,2012-09-02,"aba102",43.5,-75
17.9,4.5,14.86,2012-09-03,"aba102",43.5,-75
19.4,5.22,6.75,2012-09-04,"aba102",43.5,-75
19.5,5.29,14.3,2012-09-05,"aba102",43.5,-75
18.8,3.96,17.72,2012-09-06,"aba102",43.5,-75
19.2,3.67,19.95,2012-09-07,"aba102",43.5,-75
18.4,8.32,9.91,2012-09-08,"aba102",43.5,-75
12.7,3.74,14.55,2012-09-09,"aba102",43.5,-75
10.1,5.45,13.77,2012-09-10,"aba102",43.5,-75
10.8,2.89,20.99,2012-09-11,"aba102",43.5,-75
15.3,3.16,21.24,2012-09-12,"aba102",43.5,-75
17.4,2.9,20.81,2012-09-13,"aba102",43.5,-75
17.6,5.12,17.7,2012-09-14,"aba102",43.5,-75
11.1,5.41,12.27,2012-09-15,"aba102",43.5,-75
9.7,3.44,20.03,2012-09-16,"aba102",43.5,-75
13.6,4.12,18.18,2012-09-17,"aba102",43.5,-75
15.4,8.43,1.89,2012-09-18,"aba102",43.5,-75
8.7,4.9,16.38,2012-09-19,"aba102",43.5,-75
10,4.96,19.86,2012-09-20,"aba102",43.5,-75
14.5,5.23,13.34,2012-09-21,"aba102",43.5,-75
14.1,6.69,10.61,2012-09-22,"aba102",43.5,-75
8.1,4.83,13.76,2012-09-23,"aba102",43.5,-75
6.4,4.38,14.64,2012-09-24,"aba102",43.5,-75
11,4.7,18.55,2012-09-25,"aba102",43.5,-75
13,4.1,5.25,2012-09-26,"aba102",43.5,-75
10.6,3.01,17.43,2012-09-27,"aba102",43.5,-75
7.9,3.71,1.83,2012-09-28,"aba102",43.5,-75
9.3,3.71,3.02,2012-09-29,"aba102",43.5,-75
8.7,4.32,4.11,2012-09-30,"aba102",43.5,-75
10.5,6.21,4.55,2012-10-01,"aba102",43.5,-75
11.7,2.77,3.21,2012-10-02,"aba102",43.5,-75
15.4,2.53,2.7,2012-10-03,"aba102",43.5,-75
15.3,2.72,4.54,2012-10-04,"aba102",43.5,-75
14.1,4.55,12.16,2012-10-05,"aba102",43.5,-75
9.1,5.81,3.3,2012-10-06,"aba102",43.5,-75
5,3.71,7.18,2012-10-07,"aba102",43.5,-75
4.5,2.7,10.68,2012-10-08,"aba102",43.5,-75
6.1,3.83,12.34,2012-10-09,"aba102",43.5,-75
7.3,6.45,4.37,2012-10-10,"aba102",43.5,-75
3.8,5.69,10.64,2012-10-11,"aba102",43.5,-75
2.4,5.85,12.77,2012-10-12,"aba102",43.5,-75
0.5,4.83,14.99,2012-10-13,"aba102",43.5,-75
8.4,5.1,3.97,2012-10-14,"aba102",43.5,-75
11.8,5.61,6.23,2012-10-15,"aba102",43.5,-75
3.9,5.36,6,2012-10-16,"aba102",43.5,-75
5.4,3.83,13.82,2012-10-17,"aba102",43.5,-75
10.5,6.1,13.88,2012-10-18,"aba102",43.5,-75
11.5,6.69,1.63,2012-10-19,"aba102",43.5,-75
10.9,5.02,11.21,2012-10-20,"aba102",43.5,-75
7.6,6.6,8.85,2012-10-21,"aba102",43.5,-75
8.4,6.23,8.58,2012-10-22,"aba102",43.5,-75
7.4,2.5,5.75,2012-10-23,"aba102",43.5,-75
8.5,3.52,3,2012-10-24,"aba102",43.5,-75
11.7,3.92,9.06,2012-10-25,"aba102",43.5,-75
12.9,3.75,10.32,2012-10-26,"aba102",43.5,-75
12.4,2.45,6.13,2012-10-27,"aba102",43.5,-75
11,3.45,3.97,2012-10-28,"aba102",43.5,-75
10.4,10.25,2.46,2012-10-29,"aba102",43.5,-75
11.9,8.43,7.23,2012-10-30,"aba102",43.5,-75
5.7,5.02,4.54,2012-10-31,"aba102",43.5,-75
3.6,4.67,1.48,2012-11-01,"aba102",43.5,-75
1.5,4.44,3.86,2012-11-02,"aba102",43.5,-75
0.7,5.09,4.38,2012-11-03,"aba102",43.5,-75
-0.7,4.33,3.71,2012-11-04,"aba102",43.5,-75
-2.5,3.77,5.87,2012-11-05,"aba102",43.5,-75
-3.9,2.83,11.49,2012-11-06,"aba102",43.5,-75
-2.2,3.38,8.13,2012-11-07,"aba102",43.5,-75
-1.1,5.57,9.49,2012-11-08,"aba102",43.5,-75
0.1,4.61,9.27,2012-11-09,"aba102",43.5,-75
4.1,4.03,6.58,2012-11-10,"aba102",43.5,-75
9.5,4.48,9.5,2012-11-11,"aba102",43.5,-75
12.9,7.52,9.34,2012-11-12,"aba102",43.5,-75
1.3,6.41,4.72,2012-11-13,"aba102",43.5,-75
-1.7,2.53,10.26,2012-11-14,"aba102",43.5,-75
-2,2.47,7.47,2012-11-15,"aba102",43.5,-75
-2.2,3.3,8.73,2012-11-16,"aba102",43.5,-75
-0.7,2.55,6.99,2012-11-17,"aba102",43.5,-75
-1.1,3.23,9.22,2012-11-18,"aba102",43.5,-75
-0.4,3.31,9.46,2012-11-19,"aba102",43.5,-75
0.9,2.01,7.19,2012-11-20,"aba102",43.5,-75
1.9,2.13,8.96,2012-11-21,"aba102",43.5,-75
2.9,3.31,9,2012-11-22,"aba102",43.5,-75
5.2,5.14,6.44,2012-11-23,"aba102",43.5,-75
-1.9,6.26,6.98,2012-11-24,"aba102",43.5,-75
-4.9,5.94,4.41,2012-11-25,"aba102",43.5,-75
-3.6,4.4,7.02,2012-11-26,"aba102",43.5,-75
-4.5,2.58,5.75,2012-11-27,"aba102",43.5,-75
-6,4.47,4.99,2012-11-28,"aba102",43.5,-75
-3.3,6.41,5.42,2012-11-29,"aba102",43.5,-75
-7.8,3.5,6.81,2012-11-30,"aba102",43.5,-75
-5.2,4.39,5.19,2012-12-01,"aba102",43.5,-75
3.3,4.79,2.43,2012-12-02,"aba102",43.5,-75
4.2,4.04,2.95,2012-12-03,"aba102",43.5,-75
8.1,5.32,5.9,2012-12-04,"aba102",43.5,-75
0.6,6.28,3.02,2012-12-05,"aba102",43.5,-75
-4.9,4.74,6.97,2012-12-06,"aba102",43.5,-75
-0.8,4.33,3.56,2012-12-07,"aba102",43.5,-75
2.7,4.96,1.4,2012-12-08,"aba102",43.5,-75
-0.1,6.66,5.37,2012-12-09,"aba102",43.5,-75
2.8,6.87,1.14,2012-12-10,"aba102",43.5,-75
-3.6,4.33,2.6,2012-12-11,"aba102",43.5,-75
-4.6,4.36,4.95,2012-12-12,"aba102",43.5,-75
-2.7,2.51,6.43,2012-12-13,"aba102",43.5,-75
-0.6,4.73,6.32,2012-12-14,"aba102",43.5,-75
-1.6,4.39,7.55,2012-12-15,"aba102",43.5,-75
-3.1,6.2,1.38,2012-12-16,"aba102",43.5,-75
-0.5,5.86,1.11,2012-12-17,"aba102",43.5,-75
1.6,5.85,1.25,2012-12-18,"aba102",43.5,-75
-0.4,5.38,2.47,2012-12-19,"aba102",43.5,-75
-2.2,7.67,6.92,2012-12-20,"aba102",43.5,-75
0.4,9.83,0.96,2012-12-21,"aba102",43.5,-75
-5.9,7.96,3.68,2012-12-22,"aba102",43.5,-75
-5.6,5.75,3.2,2012-12-23,"aba102",43.5,-75
-6.8,4.4,6.07,2012-12-24,"aba102",43.5,-75
-7.1,3.59,5.34,2012-12-25,"aba102",43.5,-75
-9.9,6.76,5.84,2012-12-26,"aba102",43.5,-75
-6.4,7.57,1.8,2012-12-27,"aba102",43.5,-75
-7.4,4.69,3.59,2012-12-28,"aba102",43.5,-75
-5.7,3.64,2.17,2012-12-29,"aba102",43.5,-75
-10.7,5.95,5.03,2012-12-30,"aba102",43.5,-75
-5.5,4.81,3.4,2012-12-31,"aba102",43.5,-75
-8.4,5.56,6.98,2013-01-01,"aba102",43.5,-75
-13.4,4.89,5.04,2013-01-02,"aba102",43.5,-75
-17.1,3.41,7.54,2013-01-03,"aba102",43.5,-75
-4.4,7.16,3.64,2013-01-04,"aba102",43.5,-75
-4.1,6.4,5.6,2013-01-05,"aba102",43.5,-75
-2.7,4.48,3.35,2013-01-06,"aba102",43.5,-75
-5.3,3.98,5.62,2013-01-07,"aba102",43.5,-75
-5.1,3.85,7.78,2013-01-08,"aba102",43.5,-75
-1.9,7.52,4.83,2013-01-09,"aba102",43.5,-75
-1.2,8.25,6.32,2013-01-10,"aba102",43.5,-75
-1.6,5.5,2.66,2013-01-11,"aba102",43.5,-75
2.9,3.72,5.64,2013-01-12,"aba102",43.5,-75
5.2,5.34,3.63,2013-01-13,"aba102",43.5,-75
1.9,6,3.78,2013-01-14,"aba102",43.5,-75
-3,3.51,6.24,2013-01-15,"aba102",43.5,-75
-3.2,4.25,1.72,2013-01-16,"aba102",43.5,-75
-5.4,6.31,6.03,2013-01-17,"aba102",43.5,-75
-11.7,5.07,8.67,2013-01-18,"aba102",43.5,-75
-1,5.33,3.68,2013-01-19,"aba102",43.5,-75
-1.9,9.71,5.55,2013-01-20,"aba102",43.5,-75
-11.9,4.92,5.77,2013-01-21,"aba102",43.5,-75
-14.6,6.39,7.56,2013-01-22,"aba102",43.5,-75
-23.1,4.47,10.3,2013-01-23,"aba102",43.5,-75
-22.1,5.35,10.58,2013-01-24,"aba102",43.5,-75
-17.7,4.53,7.06,2013-01-25,"aba102",43.5,-75
-16.9,4.18,10.16,2013-01-26,"aba102",43.5,-75
-14.4,3.91,11.06,2013-01-27,"aba102",43.5,-75
-7.7,4.24,1.94,2013-01-28,"aba102",43.5,-75
-0.4,4.64,3.93,2013-01-29,"aba102",43.5,-75
7.9,7.3,1.76,2013-01-30,"aba102",43.5,-75
-0.5,8.51,6.25,2013-01-31,"aba102",43.5,-75
-11.2,6.62,9.37,2013-02-01,"aba102",43.5,-75
-13.8,4.25,8.42,2013-02-02,"aba102",43.5,-75
-12.8,2.95,9.35,2013-02-03,"aba102",43.5,-75
-13.5,6.89,9.83,2013-02-04,"aba102",43.5,-75
-15.1,2.55,11.93,2013-02-05,"aba102",43.5,-75
-9.4,5.69,8.44,2013-02-06,"aba102",43.5,-75
-13.5,4.92,10.02,2013-02-07,"aba102",43.5,-75
-8.4,6.66,3.3,2013-02-08,"aba102",43.5,-75
-11.5,5.89,11.86,2013-02-09,"aba102",43.5,-75
-10.9,4.86,12.87,2013-02-10,"aba102",43.5,-75
-1.9,5.38,4.01,2013-02-11,"aba102",43.5,-75
-2,7.99,6.02,2013-02-12,"aba102",43.5,-75
-3.4,4.37,6,2013-02-13,"aba102",43.5,-75
-4.6,3.89,12.2,2013-02-14,"aba102",43.5,-75
-0.8,6.5,10.28,2013-02-15,"aba102",43.5,-75
-9.8,3.42,10.89,2013-02-16,"aba102",43.5,-75
-14.4,6.58,12.43,2013-02-17,"aba102",43.5,-75
-14.1,5.72,14.74,2013-02-18,"aba102",43.5,-75
-3.5,6.02,5.15,2013-02-19,"aba102",43.5,-75
-8.3,8.09,11,2013-02-20,"aba102",43.5,-75
-13,7.08,12.7,2013-02-21,"aba102",43.5,-75
-5,4.96,11.3,2013-02-22,"aba102",43.5,-75
-0.8,5.25,5.85,2013-02-23,"aba102",43.5,-75
-1.8,4.05,7.53,2013-02-24,"aba102",43.5,-75
-2.2,3,6.99,2013-02-25,"aba102",43.5,-75
-2.1,6.24,14.41,2013-02-26,"aba102",43.5,-75
0.2,8.51,6.49,2013-02-27,"aba102",43.5,-75
0.1,4.24,8.76,2013-02-28,"aba102",43.5,-75
-2.1,4.75,7.2,2013-03-01,"aba102",43.5,-75
-6.6,3.91,9.1,2013-03-02,"aba102",43.5,-75
-9.1,3.94,11.72,2013-03-03,"aba102",43.5,-75
-7.9,5.44,9.36,2013-03-04,"aba102",43.5,-75
-4.2,3.6,12.95,2013-03-05,"aba102",43.5,-75
-0.7,6.6,11.18,2013-03-06,"aba102",43.5,-75
-2,3.5,13.45,2013-03-07,"aba102",43.5,-75
-2.1,5.8,13.64,2013-03-08,"aba102",43.5,-75
-0.8,3.55,18.73,2013-03-09,"aba102",43.5,-75
3.4,5.06,14.9,2013-03-10,"aba102",43.5,-75
5.5,6.41,10.53,2013-03-11,"aba102",43.5,-75
3.9,6.54,2.06,2013-03-12,"aba102",43.5,-75
-1.4,4.81,15.06,2013-03-13,"aba102",43.5,-75
-9.1,6.96,11.87,2013-03-14,"aba102",43.5,-75
-7,6.91,9.41,2013-03-15,"aba102",43.5,-75
-9,4.22,14.23,2013-03-16,"aba102",43.5,-75
-11.2,4.8,19.45,2013-03-17,"aba102",43.5,-75
-9.3,6.64,16.65,2013-03-18,"aba102",43.5,-75
-3.7,7.72,5.27,2013-03-19,"aba102",43.5,-75
-6,7.11,14.98,2013-03-20,"aba102",43.5,-75
-7.3,4.33,17.18,2013-03-21,"aba102",43.5,-75
-5.4,5.64,13.68,2013-03-22,"aba102",43.5,-75
-2.7,7.48,13.63,2013-03-23,"aba102",43.5,-75
-1.6,4.24,12.92,2013-03-24,"aba102",43.5,-75
-0.3,3.74,13.92,2013-03-25,"aba102",43.5,-75
0,4.05,16.73,2013-03-26,"aba102",43.5,-75
-1,4.98,18.14,2013-03-27,"aba102",43.5,-75
0.5,4.36,12.21,2013-03-28,"aba102",43.5,-75
1.8,4.52,16.19,2013-03-29,"aba102",43.5,-75
0.2,4.17,21.82,2013-03-30,"aba102",43.5,-75
2.3,6.11,13.06,2013-03-31,"aba102",43.5,-75
-0.2,8.33,16.14,2013-04-01,"aba102",43.5,-75
-6.2,9.43,21.36,2013-04-02,"aba102",43.5,-75
-5.5,7.67,20.12,2013-04-03,"aba102",43.5,-75
-1.1,4.43,24.2,2013-04-04,"aba102",43.5,-75
1.1,6.16,19.92,2013-04-05,"aba102",43.5,-75
-1.5,5.2,24.73,2013-04-06,"aba102",43.5,-75
6.2,7.07,16.79,2013-04-07,"aba102",43.5,-75
6.3,6,21.88,2013-04-08,"aba102",43.5,-75
7.3,5.53,11.8,2013-04-09,"aba102",43.5,-75
6.5,3.08,9.36,2013-04-10,"aba102",43.5,-75
0.9,3.92,4.64,2013-04-11,"aba102",43.5,-75
-0.8,9.18,2.15,2013-04-12,"aba102",43.5,-75
2.2,5,9.62,2013-04-13,"aba102",43.5,-75
1.5,5.69,17.76,2013-04-14,"aba102",43.5,-75
6.2,5.02,21.1,2013-04-15,"aba102",43.5,-75
9.6,7.75,6.66,2013-04-16,"aba102",43.5,-75
6.6,3.8,25.97,2013-04-17,"aba102",43.5,-75
9.4,7.53,14.82,2013-04-18,"aba102",43.5,-75
13.6,8.74,9.34,2013-04-19,"aba102",43.5,-75
1.4,7.83,22.91,2013-04-20,"aba102",43.5,-75
0.3,4.85,26.67,2013-04-21,"aba102",43.5,-75
4.6,4.69,24.07,2013-04-22,"aba102",43.5,-75
5.8,5,26.88,2013-04-23,"aba102",43.5,-75
10.6,7.24,18.08,2013-04-24,"aba102",43.5,-75
4.2,6.84,22.98,2013-04-25,"aba102",43.5,-75
4.8,4.1,20.38,2013-04-26,"aba102",43.5,-75
6.9,2.47,23.55,2013-04-27,"aba102",43.5,-75
12.5,3.84,23.01,2013-04-28,"aba102",43.5,-75
11,5.82,7.87,2013-04-29,"aba102",43.5,-75
13.2,3.96,14.65,2013-04-30,"aba102",43.5,-75
15.9,3,26.78,2013-05-01,"aba102",43.5,-75
16.9,3.92,26.86,2013-05-02,"aba102",43.5,-75
14.8,5.83,26.3,2013-05-03,"aba102",43.5,-75
15.1,3.05,27.57,2013-05-04,"aba102",43.5,-75
15.6,3.14,26.9,2013-05-05,"aba102",43.5,-75
15.6,3.5,29.13,2013-05-06,"aba102",43.5,-75
17.3,3.13,26.81,2013-05-07,"aba102",43.5,-75
16.1,4.46,18.77,2013-05-08,"aba102",43.5,-75
15.3,3.66,18.07,2013-05-09,"aba102",43.5,-75
15.1,5.01,16.21,2013-05-10,"aba102",43.5,-75
12,5.4,8.41,2013-05-11,"aba102",43.5,-75
6.1,7.12,22.94,2013-05-12,"aba102",43.5,-75
2.2,6.51,23.7,2013-05-13,"aba102",43.5,-75
4,3.23,20.69,2013-05-14,"aba102",43.5,-75
8.7,6.32,18.62,2013-05-15,"aba102",43.5,-75
13.3,8.2,28.57,2013-05-16,"aba102",43.5,-75
10.2,4.37,22.26,2013-05-17,"aba102",43.5,-75
12.3,2.62,27.64,2013-05-18,"aba102",43.5,-75
11.9,5.33,9.17,2013-05-19,"aba102",43.5,-75
17.3,3.61,17.09,2013-05-20,"aba102",43.5,-75
19.6,3.25,21.41,2013-05-21,"aba102",43.5,-75
19.6,5.53,21.47,2013-05-22,"aba102",43.5,-75
17.5,5.57,13.46,2013-05-23,"aba102",43.5,-75
5.9,6.67,4.08,2013-05-24,"aba102",43.5,-75
4.3,6.86,7.25,2013-05-25,"aba102",43.5,-75
7.4,7.75,14.43,2013-05-26,"aba102",43.5,-75
10.1,4.29,31.19,2013-05-27,"aba102",43.5,-75
12,4.08,19.94,2013-05-28,"aba102",43.5,-75
16.7,5.04,14.48,2013-05-29,"aba102",43.5,-75
21.1,4.1,26.51,2013-05-30,"aba102",43.5,-75
23.6,3.83,26.52,2013-05-31,"aba102",43.5,-75
23.2,4.39,25.97,2013-06-01,"aba102",43.5,-75
19.8,6.1,19.88,2013-06-02,"aba102",43.5,-75
12,4.5,24,2013-06-03,"aba102",43.5,-75
11.2,5.69,29,2013-06-04,"aba102",43.5,-75
13.2,3.3,29.83,2013-06-05,"aba102",43.5,-75
13,5.42,11.15,2013-06-06,"aba102",43.5,-75
11.3,5.82,2.46,2013-06-07,"aba102",43.5,-75
12.8,4.08,5.57,2013-06-08,"aba102",43.5,-75
15.6,4.14,22.26,2013-06-09,"aba102",43.5,-75
15,6.22,9.93,2013-06-10,"aba102",43.5,-75
13.7,6.56,3.82,2013-06-11,"aba102",43.5,-75
14.4,5.38,19.3,2013-06-12,"aba102",43.5,-75
11.8,4.74,3.68,2013-06-13,"aba102",43.5,-75
14.7,4.81,23.48,2013-06-14,"aba102",43.5,-75
14.6,4.55,30.39,2013-06-15,"aba102",43.5,-75
14.5,4.43,12.66,2013-06-16,"aba102",43.5,-75
16.2,4.54,19.65,2013-06-17,"aba102",43.5,-75
13.6,3.55,18.95,2013-06-18,"aba102",43.5,-75
12.8,3.61,30.06,2013-06-19,"aba102",43.5,-75
13.9,2.47,31.22,2013-06-20,"aba102",43.5,-75
17.7,2.18,29.35,2013-06-21,"aba102",43.5,-75
19.8,3.68,22.82,2013-06-22,"aba102",43.5,-75
22.2,4.47,26,2013-06-23,"aba102",43.5,-75
21.6,3.69,22.86,2013-06-24,"aba102",43.5,-75
20.3,4.38,19.83,2013-06-25,"aba102",43.5,-75
19.7,3.45,15.86,2013-06-26,"aba102",43.5,-75
20.5,4.43,20.38,2013-06-27,"aba102",43.5,-75
16.7,7.07,9.85,2013-06-28,"aba102",43.5,-75
17.5,3.42,16.53,2013-06-29,"aba102",43.5,-75
19.5,2.59,22.76,2013-06-30,"aba102",43.5,-75
18.6,3.65,5.52,2013-07-01,"aba102",43.5,-75
20.4,3.24,13.63,2013-07-02,"aba102",43.5,-75
22.5,2.73,17.62,2013-07-03,"aba102",43.5,-75
23,3.4,18.3,2013-07-04,"aba102",43.5,-75
23.6,3.64,21.99,2013-07-05,"aba102",43.5,-75
22.1,3.96,21.59,2013-07-06,"aba102",43.5,-75
21.4,3.57,14.12,2013-07-07,"aba102",43.5,-75
20.9,3.45,18.99,2013-07-08,"aba102",43.5,-75
21.8,3.09,24.19,2013-07-09,"aba102",43.5,-75
21.2,4.53,13.68,2013-07-10,"aba102",43.5,-75
19.7,4.21,19.6,2013-07-11,"aba102",43.5,-75
18.9,3.02,24.12,2013-07-12,"aba102",43.5,-75
19.5,3.54,19.62,2013-07-13,"aba102",43.5,-75
22.6,2.93,21.01,2013-07-14,"aba102",43.5,-75
23.8,4.16,27.91,2013-07-15,"aba102",43.5,-75
23.7,3.36,24.43,2013-07-16,"aba102",43.5,-75
24.3,4.26,26.42,2013-07-17,"aba102",43.5,-75
24.2,4.13,22.89,2013-07-18,"aba102",43.5,-75
24.6,6.66,25.03,2013-07-19,"aba102",43.5,-75
20.4,4.73,11.24,2013-07-20,"aba102",43.5,-75
18.4,2.73,27.31,2013-07-21,"aba102",43.5,-75
18.3,2.94,22.35,2013-07-22,"aba102",43.5,-75
20.3,2.94,12.59,2013-07-23,"aba102",43.5,-75
14.7,4.19,13.91,2013-07-24,"aba102",43.5,-75
13.6,2.83,29.34,2013-07-25,"aba102",43.5,-75
15.7,2.59,28.87,2013-07-26,"aba102",43.5,-75
18,3.85,25.15,2013-07-27,"aba102",43.5,-75
18.6,3.92,12.1,2013-07-28,"aba102",43.5,-75
16,3.81,20.31,2013-07-29,"aba102",43.5,-75
15.8,3.81,18.64,2013-07-30,"aba102",43.5,-75
17.1,2.69,21.88,2013-07-31,"aba102",43.5,-75
17.2,4.55,9.15,2013-08-01,"aba102",43.5,-75
17,3.99,23.14,2013-08-02,"aba102",43.5,-75
16.5,5.02,21.18,2013-08-03,"aba102",43.5,-75
14.2,4.32,18.14,2013-08-04,"aba102",43.5,-75
13.4,3.41,26.22,2013-08-05,"aba102",43.5,-75
14.6,3.19,21.1,2013-08-06,"aba102",43.5,-75
17.7,5.5,17.05,2013-08-07,"aba102",43.5,-75
20.7,4.72,13.37,2013-08-08,"aba102",43.5,-75
20,3.9,6.99,2013-08-09,"aba102",43.5,-75
16.3,4.53,23.63,2013-08-10,"aba102",43.5,-75
14.3,3.21,18.87,2013-08-11,"aba102",43.5,-75
16.7,3.61,20.33,2013-08-12,"aba102",43.5,-75
16.1,4.33,7.66,2013-08-13,"aba102",43.5,-75
12.4,5.55,14.93,2013-08-14,"aba102",43.5,-75
12.7,5.16,16.94,2013-08-15,"aba102",43.5,-75
14.6,2.69,21.03,2013-08-16,"aba102",43.5,-75
15.1,1.88,22.34,2013-08-17,"aba102",43.5,-75
15.3,2.26,17.55,2013-08-18,"aba102",43.5,-75
17,3.63,23.38,2013-08-19,"aba102",43.5,-75
18,3.92,21.5,2013-08-20,"aba102",43.5,-75
19.7,3.32,23.03,2013-08-21,"aba102",43.5,-75
18.7,4.34,21.03,2013-08-22,"aba102",43.5,-75
15.4,3.61,16.77,2013-08-23,"aba102",43.5,-75
13.6,2.75,25.3,2013-08-24,"aba102",43.5,-75
15.3,3.53,22.84,2013-08-25,"aba102",43.5,-75
17.8,5.35,7.08,2013-08-26,"aba102",43.5,-75
19.9,2.51,13.65,2013-08-27,"aba102",43.5,-75
20.1,2.66,19.04,2013-08-28,"aba102",43.5,-75
19.6,2.69,19.53,2013-08-29,"aba102",43.5,-75
19.5,3.45,19.08,2013-08-30,"aba102",43.5,-75
19.7,3.33,7.75,2013-08-31,"aba102",43.5,-75
21,3.38,15.68,2013-09-01,"aba102",43.5,-75
19.7,4.22,11.07,2013-09-02,"aba102",43.5,-75
15.2,5.42,11.8,2013-09-03,"aba102",43.5,-75
16,5.48,18.99,2013-09-04,"aba102",43.5,-75
11.8,4.39,18.63,2013-09-05,"aba102",43.5,-75
9.2,2.79,22.42,2013-09-06,"aba102",43.5,-75
12.4,3.55,11.36,2013-09-07,"aba102",43.5,-75
12.2,5.72,18.5,2013-09-08,"aba102",43.5,-75
10.1,4.05,19.6,2013-09-09,"aba102",43.5,-75
18.7,4.62,8.45,2013-09-10,"aba102",43.5,-75
23.5,4.66,18.49,2013-09-11,"aba102",43.5,-75
18.4,4,5.79,2013-09-12,"aba102",43.5,-75
11.6,4.59,7,2013-09-13,"aba102",43.5,-75
8.1,3.64,8.63,2013-09-14,"aba102",43.5,-75
9.1,3.3,12.51,2013-09-15,"aba102",43.5,-75
8.4,4.1,6.65,2013-09-16,"aba102",43.5,-75
6.4,3.11,20.6,2013-09-17,"aba102",43.5,-75
9.6,2.15,20.35,2013-09-18,"aba102",43.5,-75
12.4,2.02,20.06,2013-09-19,"aba102",43.5,-75
15.5,4.43,19.58,2013-09-20,"aba102",43.5,-75
16,6.95,15.82,2013-09-21,"aba102",43.5,-75
9.2,5.53,5.99,2013-09-22,"aba102",43.5,-75
5.7,4.16,12.19,2013-09-23,"aba102",43.5,-75
7.1,3.97,19.15,2013-09-24,"aba102",43.5,-75
9.3,3.32,18.93,2013-09-25,"aba102",43.5,-75
10.3,2.91,17.5,2013-09-26,"aba102",43.5,-75
10.4,2.69,11.51,2013-09-27,"aba102",43.5,-75
11,3.12,18,2013-09-28,"aba102",43.5,-75
12.2,3.11,18.08,2013-09-29,"aba102",43.5,-75
12.9,2.72,17.28,2013-09-30,"aba102",43.5,-75
13.2,3.77,12.28,2013-10-01,"aba102",43.5,-75
14.6,5.81,8.97,2013-10-02,"aba102",43.5,-75
11.7,2.91,16.16,2013-10-03,"aba102",43.5,-75
12.1,2.82,4.46,2013-10-04,"aba102",43.5,-75
14.8,2.82,5.59,2013-10-05,"aba102",43.5,-75
12.9,6.88,3.08,2013-10-06,"aba102",43.5,-75
14.4,9.3,5.51,2013-10-07,"aba102",43.5,-75
7.9,5.63,16.23,2013-10-08,"aba102",43.5,-75
7.5,3.01,16.31,2013-10-09,"aba102",43.5,-75
8.5,2.86,10.58,2013-10-10,"aba102",43.5,-75
11,3.31,12.12,2013-10-11,"aba102",43.5,-75
12.4,4.62,15.44,2013-10-12,"aba102",43.5,-75
12.8,4.39,14.42,2013-10-13,"aba102",43.5,-75
11.6,3.18,1.9,2013-10-14,"aba102",43.5,-75
11.1,4.17,5.17,2013-10-15,"aba102",43.5,-75
13.3,4.41,7.87,2013-10-16,"aba102",43.5,-75
11.9,4.2,6.35,2013-10-17,"aba102",43.5,-75
8.8,6.18,7.32,2013-10-18,"aba102",43.5,-75
8.2,5.53,9.54,2013-10-19,"aba102",43.5,-75
5.8,5.88,9.52,2013-10-20,"aba102",43.5,-75
8.7,5.01,11.26,2013-10-21,"aba102",43.5,-75
6.5,5.23,6.62,2013-10-22,"aba102",43.5,-75
1.7,3.2,7.96,2013-10-23,"aba102",43.5,-75
0.3,5.63,9.02,2013-10-24,"aba102",43.5,-75
0.8,5.63,8.75,2013-10-25,"aba102",43.5,-75
2.2,6.3,6.46,2013-10-26,"aba102",43.5,-75
2.7,4.81,8.5,2013-10-27,"aba102",43.5,-75
1.5,5.82,7.63,2013-10-28,"aba102",43.5,-75
-2.7,1.86,13,2013-10-29,"aba102",43.5,-75
1.2,2.96,9.15,2013-10-30,"aba102",43.5,-75
6.9,6.14,1.89,2013-10-31,"aba102",43.5,-75
13.5,8.35,7.31,2013-11-01,"aba102",43.5,-75
5.4,4.31,4.91,2013-11-02,"aba102",43.5,-75
-1.6,4.53,10.45,2013-11-03,"aba102",43.5,-75
-3.3,3.91,10.99,2013-11-04,"aba102",43.5,-75
2.4,4.26,11,2013-11-05,"aba102",43.5,-75
8.5,6.07,8.91,2013-11-06,"aba102",43.5,-75
6.2,6.08,3.12,2013-11-07,"aba102",43.5,-75
-0.5,6.13,7.65,2013-11-08,"aba102",43.5,-75
-0.3,4.12,5.3,2013-11-09,"aba102",43.5,-75
2.5,7.02,6.35,2013-11-10,"aba102",43.5,-75
0.7,6.4,6.69,2013-11-11,"aba102",43.5,-75
-5,5.66,7.5,2013-11-12,"aba102",43.5,-75
-6.2,4.44,9.09,2013-11-13,"aba102",43.5,-75
0.1,5.19,9.54,2013-11-14,"aba102",43.5,-75
2.8,3.33,9.61,2013-11-15,"aba102",43.5,-75
4.6,4.38,9.62,2013-11-16,"aba102",43.5,-75
8.1,7.11,1.99,2013-11-17,"aba102",43.5,-75
7.7,8.1,5.32,2013-11-18,"aba102",43.5,-75
-2.4,6.88,6.35,2013-11-19,"aba102",43.5,-75
-4.9,3.92,9.55,2013-11-20,"aba102",43.5,-75
-1.5,4,7.67,2013-11-21,"aba102",43.5,-75
3,6.12,1.52,2013-11-22,"aba102",43.5,-75
-3.4,6.52,5.97,2013-11-23,"aba102",43.5,-75
-12.2,7.92,8.01,2013-11-24,"aba102",43.5,-75
-10.4,4.64,7.77,2013-11-25,"aba102",43.5,-75
-2.5,5.02,4.06,2013-11-26,"aba102",43.5,-75
-1,5.8,2.15,2013-11-27,"aba102",43.5,-75
-10.1,5.68,6.3,2013-11-28,"aba102",43.5,-75
-13.6,2.97,8.13,2013-11-29,"aba102",43.5,-75
-12.9,5.11,6.88,2013-11-30,"aba102",43.5,-75
-2.8,4.18,3.87,2013-12-01,"aba102",43.5,-75
-1,2.6,2.49,2013-12-02,"aba102",43.5,-75
-0.9,2.77,4.9,2013-12-03,"aba102",43.5,-75
-2.1,4.17,4.36,2013-12-04,"aba102",43.5,-75
5.8,5.75,1.49,2013-12-05,"aba102",43.5,-75
0.5,4.34,4.36,2013-12-06,"aba102",43.5,-75
-3.7,5.46,5.36,2013-12-07,"aba102",43.5,-75
-6.7,3.64,3.87,2013-12-08,"aba102",43.5,-75
-2.9,6.38,1.41,2013-12-09,"aba102",43.5,-75
-6.1,5.36,3.93,2013-12-10,"aba102",43.5,-75
-8.5,7.04,5.14,2013-12-11,"aba102",43.5,-75
-13.9,5.24,6.62,2013-12-12,"aba102",43.5,-75
-11.3,5.19,5.29,2013-12-13,"aba102",43.5,-75
-17.7,7.21,4.14,2013-12-14,"aba102",43.5,-75
-8.6,8.5,3.03,2013-12-15,"aba102",43.5,-75
-13.3,5.04,6.93,2013-12-16,"aba102",43.5,-75
-16.3,4.56,2.39,2013-12-17,"aba102",43.5,-75
-7,4.71,4,2013-12-18,"aba102",43.5,-75
-2.1,4.39,3.71,2013-12-19,"aba102",43.5,-75
1.9,4.01,1.49,2013-12-20,"aba102",43.5,-75
4.7,5.47,1.01,2013-12-21,"aba102",43.5,-75
6,6.09,2.01,2013-12-22,"aba102",43.5,-75
-0.2,4.08,1.38,2013-12-23,"aba102",43.5,-75
-9.4,4.48,6.69,2013-12-24,"aba102",43.5,-75
-15.2,4.24,7,2013-12-25,"aba102",43.5,-75
-7.7,4.47,2.75,2013-12-26,"aba102",43.5,-75
-5.9,3.91,3.92,2013-12-27,"aba102",43.5,-75
-1.8,5.2,2.93,2013-12-28,"aba102",43.5,-75
-1.2,3.51,2.42,2013-12-29,"aba102",43.5,-75
-9.9,5.9,5.22,2013-12-30,"aba102",43.5,-75
-14.4,7.43,4.53,2013-12-31,"aba102",43.5,-75
-14.4,3.82,5.54,2014-01-01,"aba102",43.5,-75
-15.7,4.02,2.32,2014-01-02,"aba102",43.5,-75
-21.9,4.24,8.3,2014-01-03,"aba102",43.5,-75
-14.3,4.72,8.25,2014-01-04,"aba102",43.5,-75
-5.5,6.79,5.25,2014-01-05,"aba102",43.5,-75
-1.1,8.07,2.91,2014-01-06,"aba102",43.5,-75
-18.1,7.16,6.33,2014-01-07,"aba102",43.5,-75
-15,5.73,6.85,2014-01-08,"aba102",43.5,-75
-10.4,3.92,6.94,2014-01-09,"aba102",43.5,-75
-5.5,3.94,4.23,2014-01-10,"aba102",43.5,-75
5.1,6.45,1.29,2014-01-11,"aba102",43.5,-75
-0.1,8.45,4.84,2014-01-12,"aba102",43.5,-75
1.2,5.01,6.93,2014-01-13,"aba102",43.5,-75
3.1,4.4,1.32,2014-01-14,"aba102",43.5,-75
-1.4,4.55,4.26,2014-01-15,"aba102",43.5,-75
-4.8,2.91,5.99,2014-01-16,"aba102",43.5,-75
-4.5,5.02,7.1,2014-01-17,"aba102",43.5,-75
-6,4.36,5.16,2014-01-18,"aba102",43.5,-75
-7.6,6.37,7.01,2014-01-19,"aba102",43.5,-75
-8.8,5.47,5.49,2014-01-20,"aba102",43.5,-75
-22.2,3.35,8.48,2014-01-21,"aba102",43.5,-75
-24.2,3.77,10.58,2014-01-22,"aba102",43.5,-75
-20.8,4.92,8.23,2014-01-23,"aba102",43.5,-75
-18.9,5.4,9.79,2014-01-24,"aba102",43.5,-75
-10.2,6.17,4.47,2014-01-25,"aba102",43.5,-75
-16.2,6.17,7.14,2014-01-26,"aba102",43.5,-75
-9.5,8.92,7.54,2014-01-27,"aba102",43.5,-75
-17.6,4.37,9.36,2014-01-28,"aba102",43.5,-75
-18.7,5.11,10.02,2014-01-29,"aba102",43.5,-75
-11.3,5.44,11.41,2014-01-30,"aba102",43.5,-75
-5,5.39,6.33,2014-01-31,"aba102",43.5,-75
-2.3,5.66,5.81,2014-02-01,"aba102",43.5,-75
-0.9,4.84,3.7,2014-02-02,"aba102",43.5,-75
-6.2,3,6.58,2014-02-03,"aba102",43.5,-75
-9.5,1.75,9.68,2014-02-04,"aba102",43.5,-75
-7.6,4.53,2.35,2014-02-05,"aba102",43.5,-75
-14.5,4.24,11.08,2014-02-06,"aba102",43.5,-75
-11.8,4.97,8.87,2014-02-07,"aba102",43.5,-75
-13,4.34,8.88,2014-02-08,"aba102",43.5,-75
-11.1,1.82,8.83,2014-02-09,"aba102",43.5,-75
-12.3,4.71,10.34,2014-02-10,"aba102",43.5,-75
-15.7,4.25,12.59,2014-02-11,"aba102",43.5,-75
-16.3,4.95,14.08,2014-02-12,"aba102",43.5,-75
-8.1,5.64,6.15,2014-02-13,"aba102",43.5,-75
-6.3,6.62,5.92,2014-02-14,"aba102",43.5,-75
-4.9,4.28,7.27,2014-02-15,"aba102",43.5,-75
-12.7,4.74,11.62,2014-02-16,"aba102",43.5,-75
-15.3,4.61,14.97,2014-02-17,"aba102",43.5,-75
-7.8,6.68,6.12,2014-02-18,"aba102",43.5,-75
-3.5,5.46,5.41,2014-02-19,"aba102",43.5,-75
-0.9,5.58,10.92,2014-02-20,"aba102",43.5,-75
0.8,6.64,2.2,2014-02-21,"aba102",43.5,-75
1.4,9.47,13.52,2014-02-22,"aba102",43.5,-75
-0.2,5.57,14.44,2014-02-23,"aba102",43.5,-75
-8,6.73,12.9,2014-02-24,"aba102",43.5,-75
-12.2,5.72,12.6,2014-02-25,"aba102",43.5,-75
-13.4,6.51,14.35,2014-02-26,"aba102",43.5,-75
-14,7.14,12.08,2014-02-27,"aba102",43.5,-75
-17.1,5.17,16.65,2014-02-28,"aba102",43.5,-75
-8.9,4.87,11.94,2014-03-01,"aba102",43.5,-75
-8.9,3.73,10.61,2014-03-02,"aba102",43.5,-75
-16,3.74,16.29,2014-03-03,"aba102",43.5,-75
-15.1,2.52,12.69,2014-03-04,"aba102",43.5,-75
-10.9,4.34,15.77,2014-03-05,"aba102",43.5,-75
-13.3,4.38,18.89,2014-03-06,"aba102",43.5,-75
-6.7,4.33,18.04,2014-03-07,"aba102",43.5,-75
-2.2,3.42,9.52,2014-03-08,"aba102",43.5,-75
-7.4,4.62,17.61,2014-03-09,"aba102",43.5,-75
-2.2,4.47,8.17,2014-03-10,"aba102",43.5,-75
3,5.17,15.45,2014-03-11,"aba102",43.5,-75
-3.3,6.83,1.97,2014-03-12,"aba102",43.5,-75
-14.6,7.08,15.56,2014-03-13,"aba102",43.5,-75
-6.1,6.35,15.03,2014-03-14,"aba102",43.5,-75
0.7,6.61,11.41,2014-03-15,"aba102",43.5,-75
-11.6,5.57,19.83,2014-03-16,"aba102",43.5,-75
-13,2.85,19.88,2014-03-17,"aba102",43.5,-75
-6.6,4.38,20.78,2014-03-18,"aba102",43.5,-75
-2,6.18,7.33,2014-03-19,"aba102",43.5,-75
-0.5,7.42,11.38,2014-03-20,"aba102",43.5,-75
-3.4,6.91,10.16,2014-03-21,"aba102",43.5,-75
-2.4,7.14,10.76,2014-03-22,"aba102",43.5,-75
-8.2,4.97,16.86,2014-03-23,"aba102",43.5,-75
-12.9,4.75,20.56,2014-03-24,"aba102",43.5,-75
-9.2,4.64,19.88,2014-03-25,"aba102",43.5,-75
-9,7.99,20.61,2014-03-26,"aba102",43.5,-75
-7.4,4.41,17.91,2014-03-27,"aba102",43.5,-75
2.4,5.69,5.82,2014-03-28,"aba102",43.5,-75
2.8,5.87,19.37,2014-03-29,"aba102",43.5,-75
0.8,6.39,4.76,2014-03-30,"aba102",43.5,-75
-0.4,5.7,22.1,2014-03-31,"aba102",43.5,-75
1.7,5.62,19.4,2014-04-01,"aba102",43.5,-75
2.2,4.56,22.28,2014-04-02,"aba102",43.5,-75
-0.6,3.29,21.53,2014-04-03,"aba102",43.5,-75
1.6,8.01,7.03,2014-04-04,"aba102",43.5,-75
-0.2,8.2,10.5,2014-04-05,"aba102",43.5,-75
-0.6,5.02,24.69,2014-04-06,"aba102",43.5,-75
3.2,8.65,16.46,2014-04-07,"aba102",43.5,-75
3.8,8.27,5.41,2014-04-08,"aba102",43.5,-75
1.4,6.68,22.52,2014-04-09,"aba102",43.5,-75
6.3,6.74,24.37,2014-04-10,"aba102",43.5,-75
8.1,5.97,19.93,2014-04-11,"aba102",43.5,-75
7.1,4.51,24.57,2014-04-12,"aba102",43.5,-75
13.8,6.48,16.75,2014-04-13,"aba102",43.5,-75
17.3,7.28,19.07,2014-04-14,"aba102",43.5,-75
6.7,6.17,2.57,2014-04-15,"aba102",43.5,-75
-4.1,6.49,25.52,2014-04-16,"aba102",43.5,-75
1,4.82,25.08,2014-04-17,"aba102",43.5,-75
5.1,4.28,20.72,2014-04-18,"aba102",43.5,-75
4,4.63,18.34,2014-04-19,"aba102",43.5,-75
6.9,3.78,26.04,2014-04-20,"aba102",43.5,-75
12.8,3.61,23.97,2014-04-21,"aba102",43.5,-75
11.4,5.81,8.76,2014-04-22,"aba102",43.5,-75
3.7,6.37,10.2,2014-04-23,"aba102",43.5,-75
3.6,6.62,27.97,2014-04-24,"aba102",43.5,-75
7.2,4.81,23.34,2014-04-25,"aba102",43.5,-75
5.7,4.81,14.75,2014-04-26,"aba102",43.5,-75
4.3,4.97,9.12,2014-04-27,"aba102",43.5,-75
8.3,4.81,24.52,2014-04-28,"aba102",43.5,-75
6.8,8.16,7.57,2014-04-29,"aba102",43.5,-75
4.4,7.55,3.96,2014-04-30,"aba102",43.5,-75
9.5,6.7,13.86,2014-05-01,"aba102",43.5,-75
7.6,5,18.13,2014-05-02,"aba102",43.5,-75
8.9,4.25,18.37,2014-05-03,"aba102",43.5,-75
4.9,7.54,7.89,2014-05-04,"aba102",43.5,-75
6.7,5.97,17.27,2014-05-05,"aba102",43.5,-75
7.3,5.8,22.83,2014-05-06,"aba102",43.5,-75
8.4,2.71,27.43,2014-05-07,"aba102",43.5,-75
14.2,4.2,28.4,2014-05-08,"aba102",43.5,-75
16.2,5.61,16.83,2014-05-09,"aba102",43.5,-75
17,5.74,16.42,2014-05-10,"aba102",43.5,-75
13.5,4.71,29.19,2014-05-11,"aba102",43.5,-75
17.8,3.86,28.42,2014-05-12,"aba102",43.5,-75
16.6,4.94,16.11,2014-05-13,"aba102",43.5,-75
18.6,4.53,19.73,2014-05-14,"aba102",43.5,-75
20.5,8.3,22.55,2014-05-15,"aba102",43.5,-75
14.8,9.16,2.78,2014-05-16,"aba102",43.5,-75
6.9,4.83,23.2,2014-05-17,"aba102",43.5,-75
7.4,4.11,27.24,2014-05-18,"aba102",43.5,-75
9.9,4.96,28.02,2014-05-19,"aba102",43.5,-75
13.2,3.32,27.65,2014-05-20,"aba102",43.5,-75
15.2,3.72,23.88,2014-05-21,"aba102",43.5,-75
15.3,4.1,17.56,2014-05-22,"aba102",43.5,-75
11.8,3.9,11.83,2014-05-23,"aba102",43.5,-75
13.5,3.44,20.13,2014-05-24,"aba102",43.5,-75
15.1,4.59,26.71,2014-05-25,"aba102",43.5,-75
17.9,6.31,27.87,2014-05-26,"aba102",43.5,-75
18.3,5.21,23.16,2014-05-27,"aba102",43.5,-75
14.5,3.19,10.14,2014-05-28,"aba102",43.5,-75
12.7,3.26,20.16,2014-05-29,"aba102",43.5,-75
13.8,5.32,25.03,2014-05-30,"aba102",43.5,-75
13.9,4.63,27.52,2014-05-31,"aba102",43.5,-75
15.6,3.24,30.27,2014-06-01,"aba102",43.5,-75
20.1,3.54,29.39,2014-06-02,"aba102",43.5,-75
20.3,5.01,15.69,2014-06-03,"aba102",43.5,-75
15.3,5.36,21.85,2014-06-04,"aba102",43.5,-75
13.6,4.46,20.58,2014-06-05,"aba102",43.5,-75
13.5,4.94,12.65,2014-06-06,"aba102",43.5,-75
16.9,3.41,28.27,2014-06-07,"aba102",43.5,-75
17.9,2.82,25.61,2014-06-08,"aba102",43.5,-75
18.5,2.48,12.3,2014-06-09,"aba102",43.5,-75
18.8,3.71,18.74,2014-06-10,"aba102",43.5,-75
14.9,5.82,7.59,2014-06-11,"aba102",43.5,-75
15.4,5.56,5.39,2014-06-12,"aba102",43.5,-75
17.9,5.38,5.21,2014-06-13,"aba102",43.5,-75
12.1,4.81,9.43,2014-06-14,"aba102",43.5,-75
14.6,3.61,25.16,2014-06-15,"aba102",43.5,-75
17.1,2.9,28.08,2014-06-16,"aba102",43.5,-75
21.1,5.86,29.14,2014-06-17,"aba102",43.5,-75
18.7,6.93,20.21,2014-06-18,"aba102",43.5,-75
17.8,4.25,29.25,2014-06-19,"aba102",43.5,-75
13.8,3.76,29.93,2014-06-20,"aba102",43.5,-75
14.1,3.36,22.8,2014-06-21,"aba102",43.5,-75
15.3,2.76,19.49,2014-06-22,"aba102",43.5,-75
18.4,3.93,25.3,2014-06-23,"aba102",43.5,-75
19.8,5.26,10.89,2014-06-24,"aba102",43.5,-75
19.3,3.78,2.07,2014-06-25,"aba102",43.5,-75
19.6,4.34,21.11,2014-06-26,"aba102",43.5,-75
19.1,2.58,25.67,2014-06-27,"aba102",43.5,-75
19.8,3.54,27.63,2014-06-28,"aba102",43.5,-75
21.8,3.64,26.5,2014-06-29,"aba102",43.5,-75
22.3,3.4,21.91,2014-06-30,"aba102",43.5,-75
24.1,6.22,26.14,2014-07-01,"aba102",43.5,-75
22.7,3.22,21.31,2014-07-02,"aba102",43.5,-75
19.9,3.5,17.46,2014-07-03,"aba102",43.5,-75
16.4,5.46,20.04,2014-07-04,"aba102",43.5,-75
17.2,6.17,28.37,2014-07-05,"aba102",43.5,-75
18.7,5.33,29.22,2014-07-06,"aba102",43.5,-75
18.3,4.46,11.28,2014-07-07,"aba102",43.5,-75
21.1,6.96,19.35,2014-07-08,"aba102",43.5,-75
17.3,6.66,21.45,2014-07-09,"aba102",43.5,-75
15.6,3.13,28.99,2014-07-10,"aba102",43.5,-75
16.1,2.51,27.57,2014-07-11,"aba102",43.5,-75
19,3.69,24.16,2014-07-12,"aba102",43.5,-75
20.2,6.13,13.11,2014-07-13,"aba102",43.5,-75
20.2,3.14,19.54,2014-07-14,"aba102",43.5,-75
18.9,4.52,10.65,2014-07-15,"aba102",43.5,-75
16.9,4.18,22.58,2014-07-16,"aba102",43.5,-75
14.5,3.73,22.8,2014-07-17,"aba102",43.5,-75
15.7,2.81,25,2014-07-18,"aba102",43.5,-75
16.7,3.32,19.06,2014-07-19,"aba102",43.5,-75
19.1,2.92,24.32,2014-07-20,"aba102",43.5,-75
20.2,2.83,22.3,2014-07-21,"aba102",43.5,-75
21.9,3.13,24.62,2014-07-22,"aba102",43.5,-75
20.9,4.49,8.99,2014-07-23,"aba102",43.5,-75
15.8,3.85,24.98,2014-07-24,"aba102",43.5,-75
15.7,3.91,27.24,2014-07-25,"aba102",43.5,-75
17.3,3.59,21.03,2014-07-26,"aba102",43.5,-75
18.9,4.21,12.53,2014-07-27,"aba102",43.5,-75
15.5,7.07,5.64,2014-07-28,"aba102",43.5,-75
13.3,3.89,15.4,2014-07-29,"aba102",43.5,-75
14.5,3.2,21.88,2014-07-30,"aba102",43.5,-75
14.9,3.7,19.11,2014-07-31,"aba102",43.5,-75
17.9,3.36,23.81,2014-08-01,"aba102",43.5,-75
18.7,3.05,23.64,2014-08-02,"aba102",43.5,-75
17.8,2.14,18.27,2014-08-03,"aba102",43.5,-75
18.8,2.6,23.3,2014-08-04,"aba102",43.5,-75
17.8,3.42,21.11,2014-08-05,"aba102",43.5,-75
17.2,3.66,24.5,2014-08-06,"aba102",43.5,-75
15.3,4.6,21.36,2014-08-07,"aba102",43.5,-75
15.6,3.73,22.02,2014-08-08,"aba102",43.5,-75
16.9,2.52,21.49,2014-08-09,"aba102",43.5,-75
17.6,2.48,21.5,2014-08-10,"aba102",43.5,-75
19,3.61,22.02,2014-08-11,"aba102",43.5,-75
17.3,6.63,7.01,2014-08-12,"aba102",43.5,-75
17.1,6.18,7.06,2014-08-13,"aba102",43.5,-75
12.5,5.24,17.22,2014-08-14,"aba102",43.5,-75
10.7,4.07,3.19,2014-08-15,"aba102",43.5,-75
13.4,4.31,13.94,2014-08-16,"aba102",43.5,-75
14.9,4.64,14.23,2014-08-17,"aba102",43.5,-75
14.1,2.92,19.95,2014-08-18,"aba102",43.5,-75
14.2,3.49,25.58,2014-08-19,"aba102",43.5,-75
18.4,3.58,18.64,2014-08-20,"aba102",43.5,-75
18.3,3.31,9.95,2014-08-21,"aba102",43.5,-75
17.2,4.29,9.02,2014-08-22,"aba102",43.5,-75
17.1,3.58,14.41,2014-08-23,"aba102",43.5,-75
16.8,2.16,18.3,2014-08-24,"aba102",43.5,-75
17.4,1.91,22.23,2014-08-25,"aba102",43.5,-75
18.6,3.47,23.9,2014-08-26,"aba102",43.5,-75
19.4,4.37,15.97,2014-08-27,"aba102",43.5,-75
15.3,5.02,14.52,2014-08-28,"aba102",43.5,-75
14,3.33,19.74,2014-08-29,"aba102",43.5,-75
17.4,4.64,22.01,2014-08-30,"aba102",43.5,-75
19.7,5.22,4.95,2014-08-31,"aba102",43.5,-75
21.1,3.1,16.56,2014-09-01,"aba102",43.5,-75
20.6,4.05,13.9,2014-09-02,"aba102",43.5,-75
17.8,5.31,18.65,2014-09-03,"aba102",43.5,-75
18.4,3.4,18.24,2014-09-04,"aba102",43.5,-75
21.5,4.34,20.5,2014-09-05,"aba102",43.5,-75
18.3,5.32,8.31,2014-09-06,"aba102",43.5,-75
14,3.31,19.59,2014-09-07,"aba102",43.5,-75
14.2,3.91,18.93,2014-09-08,"aba102",43.5,-75
14.9,4.33,19.12,2014-09-09,"aba102",43.5,-75
16.4,5.1,11.73,2014-09-10,"aba102",43.5,-75
16.1,6.83,3.9,2014-09-11,"aba102",43.5,-75
8.6,4.16,14.81,2014-09-12,"aba102",43.5,-75
7.1,5.5,2.78,2014-09-13,"aba102",43.5,-75
7,3.72,17.53,2014-09-14,"aba102",43.5,-75
8.5,2.42,15.96,2014-09-15,"aba102",43.5,-75
10.8,3.95,14.16,2014-09-16,"aba102",43.5,-75
9.1,2.9,14.17,2014-09-17,"aba102",43.5,-75
8,3.14,10.5,2014-09-18,"aba102",43.5,-75
5.1,4.88,20.64,2014-09-19,"aba102",43.5,-75
13.5,6.22,11.29,2014-09-20,"aba102",43.5,-75
17.8,6.45,12.33,2014-09-21,"aba102",43.5,-75
8.7,5.56,4.51,2014-09-22,"aba102",43.5,-75
9.5,4.12,11.97,2014-09-23,"aba102",43.5,-75
12.7,3.14,14.6,2014-09-24,"aba102",43.5,-75
12.2,2.61,15.29,2014-09-25,"aba102",43.5,-75
13.4,3,17.28,2014-09-26,"aba102",43.5,-75
15.1,2.45,17.81,2014-09-27,"aba102",43.5,-75
14.9,2.35,15.9,2014-09-28,"aba102",43.5,-75
14.4,2.1,15.13,2014-09-29,"aba102",43.5,-75
13.8,3.58,13.44,2014-09-30,"aba102",43.5,-75
14.6,2.94,11.12,2014-10-01,"aba102",43.5,-75
13.8,2.7,8.31,2014-10-02,"aba102",43.5,-75
14.7,6.05,15.42,2014-10-03,"aba102",43.5,-75
10.7,5.73,1.19,2014-10-04,"aba102",43.5,-75
5.3,4.49,13.09,2014-10-05,"aba102",43.5,-75
8.6,6.04,13.54,2014-10-06,"aba102",43.5,-75
12.9,6.08,8.77,2014-10-07,"aba102",43.5,-75
10.9,7.7,8.89,2014-10-08,"aba102",43.5,-75
6.5,6.87,11.93,2014-10-09,"aba102",43.5,-75
5.1,5,8.52,2014-10-10,"aba102",43.5,-75
4.8,3.67,9.81,2014-10-11,"aba102",43.5,-75
4.2,3.62,15.3,2014-10-12,"aba102",43.5,-75
8.2,4.12,6.77,2014-10-13,"aba102",43.5,-75
17.7,7.22,8.27,2014-10-14,"aba102",43.5,-75
18.9,6.75,5.55,2014-10-15,"aba102",43.5,-75
17.2,5.78,3.25,2014-10-16,"aba102",43.5,-75
12.8,5.6,7.3,2014-10-17,"aba102",43.5,-75
9.7,5.24,4.29,2014-10-18,"aba102",43.5,-75
1.9,5.56,5.25,2014-10-19,"aba102",43.5,-75
3.3,3.61,10.26,2014-10-20,"aba102",43.5,-75
7,3.72,3.17,2014-10-21,"aba102",43.5,-75
7.4,5.98,2.58,2014-10-22,"aba102",43.5,-75
5.9,5.66,3.21,2014-10-23,"aba102",43.5,-75
6.5,5.08,4.65,2014-10-24,"aba102",43.5,-75
7.8,4.94,7.36,2014-10-25,"aba102",43.5,-75
5.6,5.96,5.46,2014-10-26,"aba102",43.5,-75
5.9,4.79,9.12,2014-10-27,"aba102",43.5,-75
11.7,4.21,9.97,2014-10-28,"aba102",43.5,-75
9.7,5.36,4.62,2014-10-29,"aba102",43.5,-75
3.8,3.42,4.71,2014-10-30,"aba102",43.5,-75
2.7,2.88,7.12,2014-10-31,"aba102",43.5,-75
2.4,5.3,5.92,2014-11-01,"aba102",43.5,-75
0.5,7.43,11.11,2014-11-02,"aba102",43.5,-75
3.3,5.8,10.15,2014-11-03,"aba102",43.5,-75
9,4.73,7.95,2014-11-04,"aba102",43.5,-75
7.9,7.3,8.2,2014-11-05,"aba102",43.5,-75
3.5,3.32,4.24,2014-11-06,"aba102",43.5,-75
0.6,5.69,5.36,2014-11-07,"aba102",43.5,-75
-0.2,4.24,6.94,2014-11-08,"aba102",43.5,-75
2.3,4.68,6.28,2014-11-09,"aba102",43.5,-75
4.4,4.6,8.68,2014-11-10,"aba102",43.5,-75
8.8,4.92,10.4,2014-11-11,"aba102",43.5,-75
5.5,5.61,3.76,2014-11-12,"aba102",43.5,-75
-1.1,3.45,4.54,2014-11-13,"aba102",43.5,-75
-3.7,4.75,8.4,2014-11-14,"aba102",43.5,-75
-5.2,4.79,8.23,2014-11-15,"aba102",43.5,-75
-2,4.88,7.53,2014-11-16,"aba102",43.5,-75
-0.7,5.11,1.08,2014-11-17,"aba102",43.5,-75
-7.7,8.51,8.65,2014-11-18,"aba102",43.5,-75
-9.1,6.71,8.81,2014-11-19,"aba102",43.5,-75
-5.7,6.36,7.44,2014-11-20,"aba102",43.5,-75
-10.6,5.24,8.24,2014-11-21,"aba102",43.5,-75
-5,4.21,5.26,2014-11-22,"aba102",43.5,-75
4.8,5.16,4.02,2014-11-23,"aba102",43.5,-75
11.6,8.35,3.69,2014-11-24,"aba102",43.5,-75
4.2,5.42,6.16,2014-11-25,"aba102",43.5,-75
-1.5,4.44,1.95,2014-11-26,"aba102",43.5,-75
-4.4,3.24,4.78,2014-11-27,"aba102",43.5,-75
-7.5,5.48,6.55,2014-11-28,"aba102",43.5,-75
-7.2,5.24,7.59,2014-11-29,"aba102",43.5,-75
2.6,5.22,2.74,2014-11-30,"aba102",43.5,-75
2,5.79,2.34,2014-12-01,"aba102",43.5,-75
-6.8,6.44,7.11,2014-12-02,"aba102",43.5,-75
0.3,7.01,1.94,2014-12-03,"aba102",43.5,-75
-6.1,5.63,5.93,2014-12-04,"aba102",43.5,-75
-8.4,5.02,4.83,2014-12-05,"aba102",43.5,-75
-0.7,5.56,1.23,2014-12-06,"aba102",43.5,-75
-9.3,5.01,8.37,2014-12-07,"aba102",43.5,-75
-10.8,5.69,5.97,2014-12-08,"aba102",43.5,-75
-1.7,5.91,2.26,2014-12-09,"aba102",43.5,-75
-2.8,6.49,2.51,2014-12-10,"aba102",43.5,-75
-5.3,4.12,2.21,2014-12-11,"aba102",43.5,-75
-5.9,3.56,2.82,2014-12-12,"aba102",43.5,-75
-4.9,3.34,4.16,2014-12-13,"aba102",43.5,-75
-0.5,3.28,3.33,2014-12-14,"aba102",43.5,-75
-1.2,2.78,6.52,2014-12-15,"aba102",43.5,-75
0.2,4.74,5.15,2014-12-16,"aba102",43.5,-75
0.9,5.17,1.81,2014-12-17,"aba102",43.5,-75
-2.6,5.55,2.84,2014-12-18,"aba102",43.5,-75
-7.5,3.76,3.61,2014-12-19,"aba102",43.5,-75
-9.5,2.81,6.84,2014-12-20,"aba102",43.5,-75
-6.4,1.8,5.54,2014-12-21,"aba102",43.5,-75
-3.1,4.55,3.53,2014-12-22,"aba102",43.5,-75
1,5.41,1.22,2014-12-23,"aba102",43.5,-75
4.2,6.51,0.69,2014-12-24,"aba102",43.5,-75
4,7.9,4.51,2014-12-25,"aba102",43.5,-75
0.5,5.43,4.58,2014-12-26,"aba102",43.5,-75
1.6,4.78,4.25,2014-12-27,"aba102",43.5,-75
1.6,5.17,2.83,2014-12-28,"aba102",43.5,-75
-5.1,4.33,4.8,2014-12-29,"aba102",43.5,-75
-12.4,4.84,7.8,2014-12-30,"aba102",43.5,-75
-11.5,5.31,5.55,2014-12-31,"aba102",43.5,-75
-8,5.52,4.79,2015-01-01,"aba102",43.5,-75
-6.8,5.71,4.98,2015-01-02,"aba102",43.5,-75
-10.7,6.79,3.51,2015-01-03,"aba102",43.5,-75
1.7,7.02,1.85,2015-01-04,"aba102",43.5,-75
-10.7,7.26,6.01,2015-01-05,"aba102",43.5,-75
-16.5,3.83,4.49,2015-01-06,"aba102",43.5,-75
-17.6,5.44,7.02,2015-01-07,"aba102",43.5,-75
-19.9,5.2,6.51,2015-01-08,"aba102",43.5,-75
-11.1,7.92,6.05,2015-01-09,"aba102",43.5,-75
-13.9,5.44,7.09,2015-01-10,"aba102",43.5,-75
-10.2,4.27,6.3,2015-01-11,"aba102",43.5,-75
-3.7,5.22,2.15,2015-01-12,"aba102",43.5,-75
-18.4,5.22,9.4,2015-01-13,"aba102",43.5,-75
-16.4,3.58,9.23,2015-01-14,"aba102",43.5,-75
-12.1,3.53,7.44,2015-01-15,"aba102",43.5,-75
-9.8,6.6,7.95,2015-01-16,"aba102",43.5,-75
-17.1,5.75,9.34,2015-01-17,"aba102",43.5,-75
-2.7,6.24,4.65,2015-01-18,"aba102",43.5,-75
-2.8,5.98,3.41,2015-01-19,"aba102",43.5,-75
-12.8,4.37,8.66,2015-01-20,"aba102",43.5,-75
-13.9,3.29,8.95,2015-01-21,"aba102",43.5,-75
-9.3,3.61,7.7,2015-01-22,"aba102",43.5,-75
-8.4,3.62,6.45,2015-01-23,"aba102",43.5,-75
-5.5,4.24,8.21,2015-01-24,"aba102",43.5,-75
-10.6,5.95,9.87,2015-01-25,"aba102",43.5,-75
-14.9,4.52,6.3,2015-01-26,"aba102",43.5,-75
-12.6,5.79,6.2,2015-01-27,"aba102",43.5,-75
-14.5,5.34,11.17,2015-01-28,"aba102",43.5,-75
-10.1,6.74,6.11,2015-01-29,"aba102",43.5,-75
-9.3,5.8,6.11,2015-01-30,"aba102",43.5,-75
-19.5,5.69,11.5,2015-01-31,"aba102",43.5,-75
-12.1,3.54,10.17,2015-02-01,"aba102",43.5,-75
-14.9,6.82,2.41,2015-02-02,"aba102",43.5,-75
-16.7,4.56,9.42,2015-02-03,"aba102",43.5,-75
-7.7,4.7,4.93,2015-02-04,"aba102",43.5,-75
-13.2,5.19,12.04,2015-02-05,"aba102",43.5,-75
-14.9,5.04,9.12,2015-02-06,"aba102",43.5,-75
-7.1,4.54,5.21,2015-02-07,"aba102",43.5,-75
-7.2,4.75,2.69,2015-02-08,"aba102",43.5,-75
-9.5,4.62,3.23,2015-02-09,"aba102",43.5,-75
-7.9,3.42,11.86,2015-02-10,"aba102",43.5,-75
-9.7,3.54,10.65,2015-02-11,"aba102",43.5,-75
-8.5,5.61,11.11,2015-02-12,"aba102",43.5,-75
-21.7,5.6,13.81,2015-02-13,"aba102",43.5,-75
-14,5.28,6.66,2015-02-14,"aba102",43.5,-75
-19.1,6.62,12.71,2015-02-15,"aba102",43.5,-75
-23.1,6.04,14.76,2015-02-16,"aba102",43.5,-75
-17.8,2.7,13.36,2015-02-17,"aba102",43.5,-75
-13,3.85,12.92,2015-02-18,"aba102",43.5,-75
-14.8,6.96,11.86,2015-02-19,"aba102",43.5,-75
-20.9,5.78,14.49,2015-02-20,"aba102",43.5,-75
-14,5.53,6.41,2015-02-21,"aba102",43.5,-75
-7.7,4.12,10.9,2015-02-22,"aba102",43.5,-75
-17.4,5.81,14.21,2015-02-23,"aba102",43.5,-75
-17.1,5.51,14.05,2015-02-24,"aba102",43.5,-75
-11.2,6.7,11.29,2015-02-25,"aba102",43.5,-75
-14,2.83,10.25,2015-02-26,"aba102",43.5,-75
-15.3,4.1,16.14,2015-02-27,"aba102",43.5,-75
-13.7,3.32,16.41,2015-02-28,"aba102",43.5,-75
-10.5,4.1,8.15,2015-03-01,"aba102",43.5,-75
-7.4,8.78,12.21,2015-03-02,"aba102",43.5,-75
-10.4,7.02,9.88,2015-03-03,"aba102",43.5,-75
-2.9,6.14,8.36,2015-03-04,"aba102",43.5,-75
-11.5,4.9,9.06,2015-03-05,"aba102",43.5,-75
-15.4,3.14,18.27,2015-03-06,"aba102",43.5,-75
-8.5,3.86,10.52,2015-03-07,"aba102",43.5,-75
-4.6,7.31,11.18,2015-03-08,"aba102",43.5,-75
-2.2,5.7,15.17,2015-03-09,"aba102",43.5,-75
1.4,4.61,12.57,2015-03-10,"aba102",43.5,-75
3,6.58,11.24,2015-03-11,"aba102",43.5,-75
-3.7,7.29,17.95,2015-03-12,"aba102",43.5,-75
-3.7,4.24,15.85,2015-03-13,"aba102",43.5,-75
0.9,5.3,5.7,2015-03-14,"aba102",43.5,-75
-1.7,6.88,8.42,2015-03-15,"aba102",43.5,-75
-0.8,3.26,13.78,2015-03-16,"aba102",43.5,-75
-1,8.73,9.38,2015-03-17,"aba102",43.5,-75
-9.1,7.57,17.13,2015-03-18,"aba102",43.5,-75
-9.4,4.92,21.52,2015-03-19,"aba102",43.5,-75
-5.4,3.96,12.17,2015-03-20,"aba102",43.5,-75
-2.9,5.5,7.01,2015-03-21,"aba102",43.5,-75
-11.1,5.77,20.79,2015-03-22,"aba102",43.5,-75
-13.3,4.56,22.09,2015-03-23,"aba102",43.5,-75
-9.2,2.82,21.8,2015-03-24,"aba102",43.5,-75
-2.3,6.46,17.71,2015-03-25,"aba102",43.5,-75
1.1,4.79,5.53,2015-03-26,"aba102",43.5,-75
-1.1,3.64,11.68,2015-03-27,"aba102",43.5,-75
-8.5,4.66,18.11,2015-03-28,"aba102",43.5,-75
-7.1,4.66,23.54,2015-03-29,"aba102",43.5,-75
-0.4,8.41,15.43,2015-03-30,"aba102",43.5,-75
-2.1,4.4,17.77,2015-03-31,"aba102",43.5,-75
-5.3,3.8,24.24,2015-04-01,"aba102",43.5,-75
3.4,5.63,19.44,2015-04-02,"aba102",43.5,-75
6.8,4.42,19.06,2015-04-03,"aba102",43.5,-75
-0.4,7.3,20.42,2015-04-04,"aba102",43.5,-75
-3.7,5.52,18.66,2015-04-05,"aba102",43.5,-75
0.2,2.6,13.92,2015-04-06,"aba102",43.5,-75
2.4,3.34,13.35,2015-04-07,"aba102",43.5,-75
-0.7,5.59,4.5,2015-04-08,"aba102",43.5,-75
0.4,7.07,6.96,2015-04-09,"aba102",43.5,-75
4.6,7.07,6.87,2015-04-10,"aba102",43.5,-75
1.4,7.53,11.97,2015-04-11,"aba102",43.5,-75
4.4,3.45,25.59,2015-04-12,"aba102",43.5,-75
12.3,6.66,23.43,2015-04-13,"aba102",43.5,-75
8.4,6.05,23.91,2015-04-14,"aba102",43.5,-75
6.5,4.89,25.95,2015-04-15,"aba102",43.5,-75
9.1,4.23,25.61,2015-04-16,"aba102",43.5,-75
10,4.62,8.02,2015-04-17,"aba102",43.5,-75
10.3,7.69,22.81,2015-04-18,"aba102",43.5,-75
8,5.42,25.98,2015-04-19,"aba102",43.5,-75
6.7,9.93,4.78,2015-04-20,"aba102",43.5,-75
7.5,5.85,19.13,2015-04-21,"aba102",43.5,-75
3.8,5.59,12.58,2015-04-22,"aba102",43.5,-75
-0.5,7.14,20.84,2015-04-23,"aba102",43.5,-75
-0.5,5.99,15.38,2015-04-24,"aba102",43.5,-75
2.4,4.1,21.06,2015-04-25,"aba102",43.5,-75
4.7,4.11,16.35,2015-04-26,"aba102",43.5,-75
5.6,5.19,10.86,2015-04-27,"aba102",43.5,-75
9.7,5.98,18.84,2015-04-28,"aba102",43.5,-75
11.7,3.7,26.72,2015-04-29,"aba102",43.5,-75
11.6,3.11,18.76,2015-04-30,"aba102",43.5,-75
11.9,3.26,17.81,2015-05-01,"aba102",43.5,-75
13.2,3.7,24.8,2015-05-02,"aba102",43.5,-75
15.5,3.71,26.88,2015-05-03,"aba102",43.5,-75
18.5,6.27,20.24,2015-05-04,"aba102",43.5,-75
15.9,3.74,20.66,2015-05-05,"aba102",43.5,-75
15.4,3.32,29.04,2015-05-06,"aba102",43.5,-75
17.5,2.91,28.57,2015-05-07,"aba102",43.5,-75
21.2,2.68,28.09,2015-05-08,"aba102",43.5,-75
22,4.57,24.08,2015-05-09,"aba102",43.5,-75
21,4.03,23.43,2015-05-10,"aba102",43.5,-75
20.8,4.03,21.33,2015-05-11,"aba102",43.5,-75
15,8.05,18.13,2015-05-12,"aba102",43.5,-75
7.9,6.01,14.05,2015-05-13,"aba102",43.5,-75
8.7,3.31,30.18,2015-05-14,"aba102",43.5,-75
12.4,3.93,21.93,2015-05-15,"aba102",43.5,-75
16.3,4.08,14.34,2015-05-16,"aba102",43.5,-75
18.5,2.52,29.01,2015-05-17,"aba102",43.5,-75
19.6,4.01,23.32,2015-05-18,"aba102",43.5,-75
17.1,5.94,20.49,2015-05-19,"aba102",43.5,-75
6.2,6.41,13.44,2015-05-20,"aba102",43.5,-75
8.8,3.85,25.73,2015-05-21,"aba102",43.5,-75
8.8,6.85,25.86,2015-05-22,"aba102",43.5,-75
6.3,5,30.93,2015-05-23,"aba102",43.5,-75
14.9,5.2,29.3,2015-05-24,"aba102",43.5,-75
18.5,5.74,13.79,2015-05-25,"aba102",43.5,-75
22,5.14,23.14,2015-05-26,"aba102",43.5,-75
20.8,4.92,15.9,2015-05-27,"aba102",43.5,-75
16.8,5,15.14,2015-05-28,"aba102",43.5,-75
17.6,3.67,29.29,2015-05-29,"aba102",43.5,-75
21,5.24,20.91,2015-05-30,"aba102",43.5,-75
10.8,4.95,4.1,2015-05-31,"aba102",43.5,-75
8.2,4.94,2.3,2015-06-01,"aba102",43.5,-75
9.4,3.32,6.22,2015-06-02,"aba102",43.5,-75
12.2,3.26,31.11,2015-06-03,"aba102",43.5,-75
15.5,3.26,31.19,2015-06-04,"aba102",43.5,-75
17,2.82,15.39,2015-06-05,"aba102",43.5,-75
14.9,4.66,30.25,2015-06-06,"aba102",43.5,-75
14.2,5.2,30.46,2015-06-07,"aba102",43.5,-75
17.3,6.51,7.16,2015-06-08,"aba102",43.5,-75
16.1,5.5,9.75,2015-06-09,"aba102",43.5,-75
17.1,5.36,24.62,2015-06-10,"aba102",43.5,-75
17.6,4.76,29.35,2015-06-11,"aba102",43.5,-75
18.2,4.1,21.99,2015-06-12,"aba102",43.5,-75
17.8,3.75,27.33,2015-06-13,"aba102",43.5,-75
18.4,4.4,25.88,2015-06-14,"aba102",43.5,-75
18.5,5.07,10.54,2015-06-15,"aba102",43.5,-75
19.1,5.33,10.8,2015-06-16,"aba102",43.5,-75
16.4,3.6,29.61,2015-06-17,"aba102",43.5,-75
17.4,4.43,18.5,2015-06-18,"aba102",43.5,-75
16.8,4.25,23.46,2015-06-19,"aba102",43.5,-75
15.8,4.1,25.75,2015-06-20,"aba102",43.5,-75
19.5,4.64,16.23,2015-06-21,"aba102",43.5,-75
19.2,4.81,25.1,2015-06-22,"aba102",43.5,-75
19.6,6.68,13.68,2015-06-23,"aba102",43.5,-75
16.6,4.24,26.92,2015-06-24,"aba102",43.5,-75
16.4,3.2,24.45,2015-06-25,"aba102",43.5,-75
17,2.72,26.79,2015-06-26,"aba102",43.5,-75
14.6,6.07,17.14,2015-06-27,"aba102",43.5,-75
11.9,7.02,5.27,2015-06-28,"aba102",43.5,-75
13.9,4.51,12.28,2015-06-29,"aba102",43.5,-75
14.6,4.69,14,2015-06-30,"aba102",43.5,-75
16.8,5.48,14.35,2015-07-01,"aba102",43.5,-75
14.9,4.03,26.05,2015-07-02,"aba102",43.5,-75
14.7,2.11,30.51,2015-07-03,"aba102",43.5,-75
15.3,3.09,15.41,2015-07-04,"aba102",43.5,-75
17.4,3.14,26.39,2015-07-05,"aba102",43.5,-75
19,3.28,29.36,2015-07-06,"aba102",43.5,-75
21.3,4.34,16.96,2015-07-07,"aba102",43.5,-75
17.9,4.22,24.02,2015-07-08,"aba102",43.5,-75
15.8,3.01,10.56,2015-07-09,"aba102",43.5,-75
17.7,3.74,22.24,2015-07-10,"aba102",43.5,-75
19.1,3.8,29.58,2015-07-11,"aba102",43.5,-75
20,2.88,28.38,2015-07-12,"aba102",43.5,-75
21.2,3.8,26.05,2015-07-13,"aba102",43.5,-75
20.4,4.75,21.92,2015-07-14,"aba102",43.5,-75
15.9,4.8,20.88,2015-07-15,"aba102",43.5,-75
14.6,3.4,30.22,2015-07-16,"aba102",43.5,-75
15.9,4.61,17.55,2015-07-17,"aba102",43.5,-75
20.6,4.47,15.38,2015-07-18,"aba102",43.5,-75
21.4,4.02,19.8,2015-07-19,"aba102",43.5,-75
20.7,4.47,26.38,2015-07-20,"aba102",43.5,-75
18.1,4.94,19.16,2015-07-21,"aba102",43.5,-75
16,5.22,21.18,2015-07-22,"aba102",43.5,-75
15.9,4.81,20.34,2015-07-23,"aba102",43.5,-75
16.4,3.99,24.57,2015-07-24,"aba102",43.5,-75
17.1,3.06,20.23,2015-07-25,"aba102",43.5,-75
19.5,3.6,21.58,2015-07-26,"aba102",43.5,-75
19.9,1.96,24.79,2015-07-27,"aba102",43.5,-75
21.9,2.37,23.89,2015-07-28,"aba102",43.5,-75
22.7,2.55,26.32,2015-07-29,"aba102",43.5,-75
20.9,4.64,14.58,2015-07-30,"aba102",43.5,-75
18.9,4.63,24.87,2015-07-31,"aba102",43.5,-75
17.9,4.61,23.61,2015-08-01,"aba102",43.5,-75
18,4.52,23.24,2015-08-02,"aba102",43.5,-75
19.8,4.52,22.3,2015-08-03,"aba102",43.5,-75
17.2,4.2,20.5,2015-08-04,"aba102",43.5,-75
15.9,5.3,18.64,2015-08-05,"aba102",43.5,-75
15.2,4.38,18.08,2015-08-06,"aba102",43.5,-75
15.7,3.05,20.41,2015-08-07,"aba102",43.5,-75
15.7,2.97,18.66,2015-08-08,"aba102",43.5,-75
17.7,2.82,21.64,2015-08-09,"aba102",43.5,-75
18,4.46,19.34,2015-08-10,"aba102",43.5,-75
18.1,5.02,9.7,2015-08-11,"aba102",43.5,-75
17,4.3,15.71,2015-08-12,"aba102",43.5,-75
15.8,3.6,20.54,2015-08-13,"aba102",43.5,-75
18.3,4.39,20.28,2015-08-14,"aba102",43.5,-75
19.7,2.6,13.99,2015-08-15,"aba102",43.5,-75
20.2,2.42,20.81,2015-08-16,"aba102",43.5,-75
21.5,3.1,24.13,2015-08-17,"aba102",43.5,-75
22.1,2.69,21.18,2015-08-18,"aba102",43.5,-75
22.7,4.72,19.99,2015-08-19,"aba102",43.5,-75
22.3,6.8,12.96,2015-08-20,"aba102",43.5,-75
16.8,3.7,18.8,2015-08-21,"aba102",43.5,-75
15.9,2.67,17.23,2015-08-22,"aba102",43.5,-75
17.9,2.94,18.23,2015-08-23,"aba102",43.5,-75
18.3,3.89,16.21,2015-08-24,"aba102",43.5,-75
17.1,3.5,19.04,2015-08-25,"aba102",43.5,-75
14.3,3.54,15.04,2015-08-26,"aba102",43.5,-75
13.9,4.08,14.49,2015-08-27,"aba102",43.5,-75
13.6,2.84,14.43,2015-08-28,"aba102",43.5,-75
15.2,3.2,18.45,2015-08-29,"aba102",43.5,-75
18.3,2.26,16.49,2015-08-30,"aba102",43.5,-75
19.1,5.16,17.05,2015-08-31,"aba102",43.5,-75
19.1,2.21,20.76,2015-09-01,"aba102",43.5,-75
19.2,2.64,14.98,2015-09-02,"aba102",43.5,-75
20.6,3.16,16.12,2015-09-03,"aba102",43.5,-75
19.6,3.36,22.75,2015-09-04,"aba102",43.5,-75
19.6,3.36,20,2015-09-05,"aba102",43.5,-75
20.3,2.8,20.53,2015-09-06,"aba102",43.5,-75
22.4,4.5,20.08,2015-09-07,"aba102",43.5,-75
22.6,3.22,16.36,2015-09-08,"aba102",43.5,-75
21.2,5.17,15.94,2015-09-09,"aba102",43.5,-75
17.2,2.3,11.54,2015-09-10,"aba102",43.5,-75
16.7,3.19,19.32,2015-09-11,"aba102",43.5,-75
15.5,3.81,9.99,2015-09-12,"aba102",43.5,-75
13.9,4.69,8.29,2015-09-13,"aba102",43.5,-75
12.7,6.89,7.93,2015-09-14,"aba102",43.5,-75
15.6,3.38,20.76,2015-09-15,"aba102",43.5,-75
17.6,1.88,20.15,2015-09-16,"aba102",43.5,-75
18,2.24,19.25,2015-09-17,"aba102",43.5,-75
18.4,3.18,20.02,2015-09-18,"aba102",43.5,-75
19.5,5.39,14.31,2015-09-19,"aba102",43.5,-75
11.6,5.35,19.17,2015-09-20,"aba102",43.5,-75
10.2,2.94,17.79,2015-09-21,"aba102",43.5,-75
12.7,3.22,17.31,2015-09-22,"aba102",43.5,-75
12.8,3,19.34,2015-09-23,"aba102",43.5,-75
15,3.32,17.15,2015-09-24,"aba102",43.5,-75
13.3,3.28,16.08,2015-09-25,"aba102",43.5,-75
11.7,3.42,18.5,2015-09-26,"aba102",43.5,-75
12.6,3.8,18.39,2015-09-27,"aba102",43.5,-75
15.4,3.54,11.97,2015-09-28,"aba102",43.5,-75
17.8,3.76,3.31,2015-09-29,"aba102",43.5,-75
10.9,5.81,2.47,2015-09-30,"aba102",43.5,-75
7.7,4.79,15.89,2015-10-01,"aba102",43.5,-75
5.9,5.44,10.84,2015-10-02,"aba102",43.5,-75
6.8,5.66,12.43,2015-10-03,"aba102",43.5,-75
9.3,4.81,11.14,2015-10-04,"aba102",43.5,-75
8.8,3.51,14.59,2015-10-05,"aba102",43.5,-75
11.2,3.31,12.43,2015-10-06,"aba102",43.5,-75
11.3,4.02,8.67,2015-10-07,"aba102",43.5,-75
8.7,3.05,15.17,2015-10-08,"aba102",43.5,-75
9.8,5.83,1.44,2015-10-09,"aba102",43.5,-75
5.1,4,13.91,2015-10-10,"aba102",43.5,-75
9.2,4.13,15.35,2015-10-11,"aba102",43.5,-75
14,4.11,14.94,2015-10-12,"aba102",43.5,-75
11.6,4.52,5.94,2015-10-13,"aba102",43.5,-75
7.7,6.02,3.65,2015-10-14,"aba102",43.5,-75
6.1,5.17,13.09,2015-10-15,"aba102",43.5,-75
6.2,6,9.23,2015-10-16,"aba102",43.5,-75
0.5,5.32,10.58,2015-10-17,"aba102",43.5,-75
-3.1,4.38,12.68,2015-10-18,"aba102",43.5,-75
-0.4,5.36,13.04,2015-10-19,"aba102",43.5,-75
9,4.46,7.75,2015-10-20,"aba102",43.5,-75
11,3.84,5.42,2015-10-21,"aba102",43.5,-75
10.7,6.05,4.34,2015-10-22,"aba102",43.5,-75
1.9,5,11.43,2015-10-23,"aba102",43.5,-75
2.1,6.05,7.29,2015-10-24,"aba102",43.5,-75
6.9,6.04,2.31,2015-10-25,"aba102",43.5,-75
1.3,3.54,13.22,2015-10-26,"aba102",43.5,-75
1.3,3.94,11.44,2015-10-27,"aba102",43.5,-75
5,9.21,1.35,2015-10-28,"aba102",43.5,-75
9.7,6.57,5.93,2015-10-29,"aba102",43.5,-75
3.3,6.17,5.39,2015-10-30,"aba102",43.5,-75
0.8,3.25,8.51,2015-10-31,"aba102",43.5,-75
7.6,6.42,4.49,2015-11-01,"aba102",43.5,-75
7.1,3.71,7.44,2015-11-02,"aba102",43.5,-75
8.6,4.18,11.19,2015-11-03,"aba102",43.5,-75
10.4,3.69,10.67,2015-11-04,"aba102",43.5,-75
14,3.71,8.64,2015-11-05,"aba102",43.5,-75
15.1,7.92,3.41,2015-11-06,"aba102",43.5,-75
6.5,5.34,6.56,2015-11-07,"aba102",43.5,-75
2.2,4.21,6.57,2015-11-08,"aba102",43.5,-75
2.2,2.8,10.87,2015-11-09,"aba102",43.5,-75
5.9,3.6,6.67,2015-11-10,"aba102",43.5,-75
8.2,3.54,8.06,2015-11-11,"aba102",43.5,-75
8.1,7.28,3.45,2015-11-12,"aba102",43.5,-75
4.6,7.59,3.59,2015-11-13,"aba102",43.5,-75
-1,6.53,4.72,2015-11-14,"aba102",43.5,-75
2.9,5.7,8.81,2015-11-15,"aba102",43.5,-75
4,3.75,8.39,2015-11-16,"aba102",43.5,-75
0,4.12,10.14,2015-11-17,"aba102",43.5,-75
3.3,6.49,8.77,2015-11-18,"aba102",43.5,-75
11,7.34,1.58,2015-11-19,"aba102",43.5,-75
3.5,5,6.86,2015-11-20,"aba102",43.5,-75
0.1,6.55,8.35,2015-11-21,"aba102",43.5,-75
1.5,6.8,7.8,2015-11-22,"aba102",43.5,-75
-4.4,4.9,8.65,2015-11-23,"aba102",43.5,-75
-3.7,3.55,7.34,2015-11-24,"aba102",43.5,-75
-0.9,5,7.88,2015-11-25,"aba102",43.5,-75
4.9,5.13,7,2015-11-26,"aba102",43.5,-75
9.8,4.81,4.02,2015-11-27,"aba102",43.5,-75
0.5,3.04,3.41,2015-11-28,"aba102",43.5,-75
-3.3,3.45,7.53,2015-11-29,"aba102",43.5,-75
-3.7,2.97,8.57,2015-11-30,"aba102",43.5,-75
-0.6,5.69,0.57,2015-12-01,"aba102",43.5,-75
4.3,4.39,0.7,2015-12-02,"aba102",43.5,-75
0.8,5.29,5.29,2015-12-03,"aba102",43.5,-75
1,4.75,3.27,2015-12-04,"aba102",43.5,-75
1.7,3.13,4.32,2015-12-05,"aba102",43.5,-75
-0.5,2.24,6.86,2015-12-06,"aba102",43.5,-75
-0.5,2.6,3.88,2015-12-07,"aba102",43.5,-75
-0.6,2.58,6.95,2015-12-08,"aba102",43.5,-75
2,5.41,7.14,2015-12-09,"aba102",43.5,-75
5.8,4.81,3.78,2015-12-10,"aba102",43.5,-75
7.4,5.97,4.99,2015-12-11,"aba102",43.5,-75
5.6,4.1,6.65,2015-12-12,"aba102",43.5,-75
6.3,4.03,1.97,2015-12-13,"aba102",43.5,-75
9.2,5.37,2.12,2015-12-14,"aba102",43.5,-75
5,7.53,0.77,2015-12-15,"aba102",43.5,-75
1.6,5.73,6.43,2015-12-16,"aba102",43.5,-75
5.4,5.52,1.4,2015-12-17,"aba102",43.5,-75
0.3,4.31,3.94,2015-12-18,"aba102",43.5,-75
-4.1,7,4.55,2015-12-19,"aba102",43.5,-75
-4,5.98,4.15,2015-12-20,"aba102",43.5,-75
1.1,4.75,4.12,2015-12-21,"aba102",43.5,-75
5.7,3.88,0.44,2015-12-22,"aba102",43.5,-75
7.4,7.52,3.29,2015-12-23,"aba102",43.5,-75
11.3,7.63,3.87,2015-12-24,"aba102",43.5,-75
3.9,3.02,2.62,2015-12-25,"aba102",43.5,-75
1.8,4.7,6.87,2015-12-26,"aba102",43.5,-75
2.4,5.53,0.46,2015-12-27,"aba102",43.5,-75
-5.7,5.77,5.58,2015-12-28,"aba102",43.5,-75
-4.5,8.02,0.8,2015-12-29,"aba102",43.5,-75
0.3,3.31,3.81,2015-12-30,"aba102",43.5,-75
-0.5,5.4,2.93,2015-12-31,"aba102",43.5,-75
-3.3,6.45,5.21,2016-01-01,"aba102",43.5,-75
-4.7,4.46,3.39,2016-01-02,"aba102",43.5,-75
-3.7,6.11,4.05,2016-01-03,"aba102",43.5,-75
-19,4.66,7.89,2016-01-04,"aba102",43.5,-75
-19.4,3.41,8.37,2016-01-05,"aba102",43.5,-75
-10.9,3.47,8.56,2016-01-06,"aba102",43.5,-75
-7.3,2.79,8.22,2016-01-07,"aba102",43.5,-75
-4.7,5.52,7.01,2016-01-08,"aba102",43.5,-75
1.5,5.61,2.97,2016-01-09,"aba102",43.5,-75
3.1,10.33,1.08,2016-01-10,"aba102",43.5,-75
-8.6,8.3,6.42,2016-01-11,"aba102",43.5,-75
-10,5.51,3.42,2016-01-12,"aba102",43.5,-75
-12,6.69,7.49,2016-01-13,"aba102",43.5,-75
-10.4,4.1,5.03,2016-01-14,"aba102",43.5,-75
-3.2,5.16,6.23,2016-01-15,"aba102",43.5,-75
-1.4,5.5,2.11,2016-01-16,"aba102",43.5,-75
-6.1,4.3,5.04,2016-01-17,"aba102",43.5,-75
-12,7.31,8.8,2016-01-18,"aba102",43.5,-75
-15.2,7.08,6.97,2016-01-19,"aba102",43.5,-75
-11,5.47,7.44,2016-01-20,"aba102",43.5,-75
-11.5,3.81,7.54,2016-01-21,"aba102",43.5,-75
-11.9,3.59,8.74,2016-01-22,"aba102",43.5,-75
-10.3,4.22,7.37,2016-01-23,"aba102",43.5,-75
-11.8,3.13,8.91,2016-01-24,"aba102",43.5,-75
-4.1,4.58,8.02,2016-01-25,"aba102",43.5,-75
0.2,6.44,4.69,2016-01-26,"aba102",43.5,-75
-3.4,6.14,7.12,2016-01-27,"aba102",43.5,-75
-5.5,5.26,7.26,2016-01-28,"aba102",43.5,-75
-4.6,5.48,5.4,2016-01-29,"aba102",43.5,-75
-5.2,4.8,7.15,2016-01-30,"aba102",43.5,-75
3,5.15,5.04,2016-01-31,"aba102",43.5,-75
3.5,6.4,4.77,2016-02-01,"aba102",43.5,-75
-2.4,5.39,7.21,2016-02-02,"aba102",43.5,-75
3.5,7.53,1.22,2016-02-03,"aba102",43.5,-75
1.5,6.02,6.14,2016-02-04,"aba102",43.5,-75
-4,5.69,10.21,2016-02-05,"aba102",43.5,-75
-4.2,6.26,7.23,2016-02-06,"aba102",43.5,-75
-1.9,4.1,9.06,2016-02-07,"aba102",43.5,-75
-3.1,4.49,9.3,2016-02-08,"aba102",43.5,-75
-4.7,3.62,5.4,2016-02-09,"aba102",43.5,-75
-4.8,5.64,7.82,2016-02-10,"aba102",43.5,-75
-14.1,6.36,10.31,2016-02-11,"aba102",43.5,-75
-15.6,5.45,9.95,2016-02-12,"aba102",43.5,-75
-21.8,5.87,12.65,2016-02-13,"aba102",43.5,-75
-27.5,4.56,14.43,2016-02-14,"aba102",43.5,-75
-16.9,5.7,9.92,2016-02-15,"aba102",43.5,-75
-0.6,8.78,1.27,2016-02-16,"aba102",43.5,-75
-4.7,4.81,9.14,2016-02-17,"aba102",43.5,-75
-13.9,3.68,14.68,2016-02-18,"aba102",43.5,-75
-8.3,7.24,7.5,2016-02-19,"aba102",43.5,-75
3.3,6.99,8.43,2016-02-20,"aba102",43.5,-75
0.9,4.46,5.96,2016-02-21,"aba102",43.5,-75
-8.9,3.21,15.51,2016-02-22,"aba102",43.5,-75
-6.5,4.75,11.82,2016-02-23,"aba102",43.5,-75
0.1,8.25,1.4,2016-02-24,"aba102",43.5,-75
2.8,7.52,5.11,2016-02-25,"aba102",43.5,-75
-9.6,6.76,14.27,2016-02-26,"aba102",43.5,-75
-6.9,5.91,13.31,2016-02-27,"aba102",43.5,-75
3.2,5.78,14.91,2016-02-28,"aba102",43.5,-75
2.9,7.82,7.08,2016-02-29,"aba102",43.5,-75
-5.4,7.34,12.61,2016-03-01,"aba102",43.5,-75
-6.2,8.5,9.55,2016-03-02,"aba102",43.5,-75
-11.9,4.39,17.43,2016-03-03,"aba102",43.5,-75
-7.2,3.71,15.45,2016-03-04,"aba102",43.5,-75
-7,3.07,11.41,2016-03-05,"aba102",43.5,-75
-4,3.03,16.53,2016-03-06,"aba102",43.5,-75
1.2,4.8,7.78,2016-03-07,"aba102",43.5,-75
6.8,3.64,11.87,2016-03-08,"aba102",43.5,-75
13,5.77,13.1,2016-03-09,"aba102",43.5,-75
10.7,3.91,1.7,2016-03-10,"aba102",43.5,-75
2.9,4.65,15,2016-03-11,"aba102",43.5,-75
3.6,4.84,18.78,2016-03-12,"aba102",43.5,-75
7,4.68,16.52,2016-03-13,"aba102",43.5,-75
2.8,7.58,2.88,2016-03-14,"aba102",43.5,-75
5.5,6.08,5.99,2016-03-15,"aba102",43.5,-75
7.8,5.33,11.8,2016-03-16,"aba102",43.5,-75
5,6.18,15.3,2016-03-17,"aba102",43.5,-75
0,5.74,14.31,2016-03-18,"aba102",43.5,-75
-4.3,3.67,21.3,2016-03-19,"aba102",43.5,-75
-3.5,2.75,20.48,2016-03-20,"aba102",43.5,-75
-1.9,6.49,18.42,2016-03-21,"aba102",43.5,-75
0,5.46,16.4,2016-03-22,"aba102",43.5,-75
3.2,5.09,5.13,2016-03-23,"aba102",43.5,-75
2.8,7.17,10.05,2016-03-24,"aba102",43.5,-75
1.7,6.76,5,2016-03-25,"aba102",43.5,-75
1.6,3.94,22.35,2016-03-26,"aba102",43.5,-75
6.3,4.88,21.25,2016-03-27,"aba102",43.5,-75
5.5,7.02,2.8,2016-03-28,"aba102",43.5,-75
-0.4,7.55,17.01,2016-03-29,"aba102",43.5,-75
4,5.46,22.13,2016-03-30,"aba102",43.5,-75
11,7,6.83,2016-03-31,"aba102",43.5,-75
10.7,6.33,5.58,2016-04-01,"aba102",43.5,-75
1.8,6.32,17.68,2016-04-02,"aba102",43.5,-75
-5.6,9.22,21.01,2016-04-03,"aba102",43.5,-75
-7,4.21,6.66,2016-04-04,"aba102",43.5,-75
-6.5,4.25,25.14,2016-04-05,"aba102",43.5,-75
-3.2,5.78,9.8,2016-04-06,"aba102",43.5,-75
4.1,5.85,3.25,2016-04-07,"aba102",43.5,-75
-2,7.13,13.39,2016-04-08,"aba102",43.5,-75
-3.1,4.52,21.74,2016-04-09,"aba102",43.5,-75
-3.5,4.08,23.21,2016-04-10,"aba102",43.5,-75
3.5,5.3,2.99,2016-04-11,"aba102",43.5,-75
2.7,6.56,17.32,2016-04-12,"aba102",43.5,-75
1.5,3.42,24.62,2016-04-13,"aba102",43.5,-75
4,3.69,25.85,2016-04-14,"aba102",43.5,-75
7.5,3.69,25.67,2016-04-15,"aba102",43.5,-75
10.4,3.75,25.54,2016-04-16,"aba102",43.5,-75
12.6,3.58,25.8,2016-04-17,"aba102",43.5,-75
13.2,4.08,25.48,2016-04-18,"aba102",43.5,-75
8.7,6.8,23.7,2016-04-19,"aba102",43.5,-75
8.3,4.44,26.87,2016-04-20,"aba102",43.5,-75
12.8,3.74,26.23,2016-04-21,"aba102",43.5,-75
14.5,5.11,16.66,2016-04-22,"aba102",43.5,-75
7.4,4.98,24.88,2016-04-23,"aba102",43.5,-75
4.8,3.53,26.55,2016-04-24,"aba102",43.5,-75
6.3,3.05,15.2,2016-04-25,"aba102",43.5,-75
2.6,4.63,4.29,2016-04-26,"aba102",43.5,-75
2.8,4.9,28.19,2016-04-27,"aba102",43.5,-75
4.7,3.34,26.46,2016-04-28,"aba102",43.5,-75
7.3,3.63,21.29,2016-04-29,"aba102",43.5,-75
9.9,2.86,21.4,2016-04-30,"aba102",43.5,-75
6.6,5.52,3.54,2016-05-01,"aba102",43.5,-75
6.2,3.61,3.45,2016-05-02,"aba102",43.5,-75
8.3,2.78,17.92,2016-05-03,"aba102",43.5,-75
8.2,4.06,5.72,2016-05-04,"aba102",43.5,-75
9.8,3.96,10.23,2016-05-05,"aba102",43.5,-75
11.6,5.15,15.43,2016-05-06,"aba102",43.5,-75
12.5,4.24,15.25,2016-05-07,"aba102",43.5,-75
7.4,8.14,18.06,2016-05-08,"aba102",43.5,-75
4.8,5.98,21.23,2016-05-09,"aba102",43.5,-75
8.3,3.01,29.04,2016-05-10,"aba102",43.5,-75
12.9,3.69,29.52,2016-05-11,"aba102",43.5,-75
17.3,4.47,28.8,2016-05-12,"aba102",43.5,-75
15.1,5.45,6.6,2016-05-13,"aba102",43.5,-75
11,6.14,15.04,2016-05-14,"aba102",43.5,-75
2.7,8.02,18.56,2016-05-15,"aba102",43.5,-75
4.5,8.54,19.1,2016-05-16,"aba102",43.5,-75
8.8,5.45,25.21,2016-05-17,"aba102",43.5,-75
9.3,3.36,20.01,2016-05-18,"aba102",43.5,-75
10.8,3.68,24.02,2016-05-19,"aba102",43.5,-75
12.7,2.92,25.79,2016-05-20,"aba102",43.5,-75
13.4,2.32,14.69,2016-05-21,"aba102",43.5,-75
14.6,2.73,19.23,2016-05-22,"aba102",43.5,-75
17.2,4.03,27.17,2016-05-23,"aba102",43.5,-75
17.6,3.18,26.7,2016-05-24,"aba102",43.5,-75
18.2,6.1,27.78,2016-05-25,"aba102",43.5,-75
20.1,3.41,20.23,2016-05-26,"aba102",43.5,-75
22.1,4.2,25.32,2016-05-27,"aba102",43.5,-75
24.1,2.62,24.5,2016-05-28,"aba102",43.5,-75
22.2,3.58,18.82,2016-05-29,"aba102",43.5,-75
20.3,5.4,22.45,2016-05-30,"aba102",43.5,-75
18.2,6.01,30.75,2016-05-31,"aba102",43.5,-75
17.8,4.3,26.52,2016-06-01,"aba102",43.5,-75
19,4.8,16.17,2016-06-02,"aba102",43.5,-75
19.7,3.71,27.67,2016-06-03,"aba102",43.5,-75
18.9,2.44,26.94,2016-06-04,"aba102",43.5,-75
17,6.99,3.5,2016-06-05,"aba102",43.5,-75
16.8,6.45,22.62,2016-06-06,"aba102",43.5,-75
14.1,5.5,19.11,2016-06-07,"aba102",43.5,-75
10.1,6.61,18.35,2016-06-08,"aba102",43.5,-75
9.6,7.07,16.78,2016-06-09,"aba102",43.5,-75
11.6,4.44,30.93,2016-06-10,"aba102",43.5,-75
12.7,4.79,9.14,2016-06-11,"aba102",43.5,-75
11.7,7.24,7.61,2016-06-12,"aba102",43.5,-75
9.9,5.12,13.31,2016-06-13,"aba102",43.5,-75
12.1,4.16,30.37,2016-06-14,"aba102",43.5,-75
16.1,2.55,30.25,2016-06-15,"aba102",43.5,-75
19.3,4.08,27.41,2016-06-16,"aba102",43.5,-75
18.6,3.54,30.07,2016-06-17,"aba102",43.5,-75
19.1,3.04,29.68,2016-06-18,"aba102",43.5,-75
21,3.26,30.15,2016-06-19,"aba102",43.5,-75
22.4,5.37,23.85,2016-06-20,"aba102",43.5,-75
16.8,5.8,29.73,2016-06-21,"aba102",43.5,-75
13.8,5.98,21.43,2016-06-22,"aba102",43.5,-75
15.7,2.97,30.43,2016-06-23,"aba102",43.5,-75
17,2.47,30.46,2016-06-24,"aba102",43.5,-75
19.1,2.44,30.22,2016-06-25,"aba102",43.5,-75
21.6,4.07,28.06,2016-06-26,"aba102",43.5,-75
19.4,4.48,13.4,2016-06-27,"aba102",43.5,-75
19.4,3.41,19.76,2016-06-28,"aba102",43.5,-75
16.6,4.31,23.28,2016-06-29,"aba102",43.5,-75
17.8,3.14,29.25,2016-06-30,"aba102",43.5,-75
17.3,5,18.81,2016-07-01,"aba102",43.5,-75
14.9,6.76,18.55,2016-07-02,"aba102",43.5,-75
16.6,4.62,28.39,2016-07-03,"aba102",43.5,-75
18.5,3.31,30.39,2016-07-04,"aba102",43.5,-75
21.1,4.69,27.56,2016-07-05,"aba102",43.5,-75
21.8,3.72,28.37,2016-07-06,"aba102",43.5,-75
22.8,3.89,22.52,2016-07-07,"aba102",43.5,-75
21.3,3.42,18.64,2016-07-08,"aba102",43.5,-75
18.8,4.78,10.35,2016-07-09,"aba102",43.5,-75
15.2,4.88,8.92,2016-07-10,"aba102",43.5,-75
17.2,3.49,27.64,2016-07-11,"aba102",43.5,-75
19.4,3,27.86,2016-07-12,"aba102",43.5,-75
23.2,4,25.86,2016-07-13,"aba102",43.5,-75
22.3,4.61,15.42,2016-07-14,"aba102",43.5,-75
21.3,4.9,23.08,2016-07-15,"aba102",43.5,-75
17.9,3.3,15.19,2016-07-16,"aba102",43.5,-75
18.8,3.69,26.78,2016-07-17,"aba102",43.5,-75
20.4,5.47,15.12,2016-07-18,"aba102",43.5,-75
17.1,5.23,21.73,2016-07-19,"aba102",43.5,-75
16.7,3.01,23.78,2016-07-20,"aba102",43.5,-75
19.8,3.72,28.52,2016-07-21,"aba102",43.5,-75
23,5.63,19.16,2016-07-22,"aba102",43.5,-75
20.6,5.18,22.54,2016-07-23,"aba102",43.5,-75
18.9,2.83,22.38,2016-07-24,"aba102",43.5,-75
19.9,4,16.23,2016-07-25,"aba102",43.5,-75
19.8,4.94,18.27,2016-07-26,"aba102",43.5,-75
21.1,3.37,27.78,2016-07-27,"aba102",43.5,-75
21.8,2.73,21.71,2016-07-28,"aba102",43.5,-75
21,3.67,24.35,2016-07-29,"aba102",43.5,-75
19.2,3.04,23.19,2016-07-30,"aba102",43.5,-75
18.3,3.83,12.75,2016-07-31,"aba102",43.5,-75
18.5,3,8.14,2016-08-01,"aba102",43.5,-75
18.8,3.2,17.64,2016-08-02,"aba102",43.5,-75
19.8,2.82,22.07,2016-08-03,"aba102",43.5,-75
21,2.83,22.24,2016-08-04,"aba102",43.5,-75
22.5,5.16,23.55,2016-08-05,"aba102",43.5,-75
21.7,5.06,21.89,2016-08-06,"aba102",43.5,-75
18.9,4.79,20.21,2016-08-07,"aba102",43.5,-75
18.7,2.98,25.69,2016-08-08,"aba102",43.5,-75
20.2,3.68,26.62,2016-08-09,"aba102",43.5,-75
21.5,3.61,10.96,2016-08-10,"aba102",43.5,-75
24.3,3,24.17,2016-08-11,"aba102",43.5,-75
22.4,5.35,13.46,2016-08-12,"aba102",43.5,-75
23.3,4.24,13.92,2016-08-13,"aba102",43.5,-75
21.5,5,13.45,2016-08-14,"aba102",43.5,-75
18.8,2.83,17.89,2016-08-15,"aba102",43.5,-75
19.5,6.15,8.54,2016-08-16,"aba102",43.5,-75
18.6,6.69,16.64,2016-08-17,"aba102",43.5,-75
19.3,3.29,16.89,2016-08-18,"aba102",43.5,-75
19.4,1.75,23.19,2016-08-19,"aba102",43.5,-75
20.8,4.48,22.45,2016-08-20,"aba102",43.5,-75
19.8,6.44,6.77,2016-08-21,"aba102",43.5,-75
13.9,5.25,17.21,2016-08-22,"aba102",43.5,-75
15.7,4.23,23.67,2016-08-23,"aba102",43.5,-75
19.6,3.91,24.28,2016-08-24,"aba102",43.5,-75
20.1,4.1,8.17,2016-08-25,"aba102",43.5,-75
21.2,4.47,21.77,2016-08-26,"aba102",43.5,-75
19.7,2.12,22.84,2016-08-27,"aba102",43.5,-75
21.1,4.19,19.28,2016-08-28,"aba102",43.5,-75
18.9,4.25,19.89,2016-08-29,"aba102",43.5,-75
16.5,3.01,21.08,2016-08-30,"aba102",43.5,-75
17.8,4.38,12.02,2016-08-31,"aba102",43.5,-75
16.5,3.76,17.83,2016-09-01,"aba102",43.5,-75
14.8,3.31,19.38,2016-09-02,"aba102",43.5,-75
14.1,2.33,23.07,2016-09-03,"aba102",43.5,-75
16.1,2.18,22.4,2016-09-04,"aba102",43.5,-75
17.9,2.79,21.77,2016-09-05,"aba102",43.5,-75
19.3,3,21.61,2016-09-06,"aba102",43.5,-75
21.1,3.11,20.84,2016-09-07,"aba102",43.5,-75
21.8,4.78,10.25,2016-09-08,"aba102",43.5,-75
21.1,3.58,16.84,2016-09-09,"aba102",43.5,-75
20.4,5.32,11.3,2016-09-10,"aba102",43.5,-75
16.8,6,16.24,2016-09-11,"aba102",43.5,-75
13,2.91,20.87,2016-09-12,"aba102",43.5,-75
16.6,5.16,20.06,2016-09-13,"aba102",43.5,-75
15.6,4.81,10.43,2016-09-14,"aba102",43.5,-75
10.7,3,20.83,2016-09-15,"aba102",43.5,-75
12.6,3.8,20.73,2016-09-16,"aba102",43.5,-75
16.1,5.39,12.62,2016-09-17,"aba102",43.5,-75
19.3,5.63,11.01,2016-09-18,"aba102",43.5,-75
18.7,2.51,14,2016-09-19,"aba102",43.5,-75
18.2,3.81,18.99,2016-09-20,"aba102",43.5,-75
15.6,3.28,19.37,2016-09-21,"aba102",43.5,-75
17.5,3.86,18.68,2016-09-22,"aba102",43.5,-75
14.1,3.91,6.99,2016-09-23,"aba102",43.5,-75
9,3.88,13.74,2016-09-24,"aba102",43.5,-75
6.7,3.11,19.26,2016-09-25,"aba102",43.5,-75
10,4.95,15.57,2016-09-26,"aba102",43.5,-75
13.2,4.24,14.43,2016-09-27,"aba102",43.5,-75
12.6,5.09,15.71,2016-09-28,"aba102",43.5,-75
12.4,5.18,11.37,2016-09-29,"aba102",43.5,-75
11.4,4.73,4.33,2016-09-30,"aba102",43.5,-75
11.3,4.54,5.64,2016-10-01,"aba102",43.5,-75
12.2,3.77,6.24,2016-10-02,"aba102",43.5,-75
13.4,2.44,8.57,2016-10-03,"aba102",43.5,-75
12,2.65,7.42,2016-10-04,"aba102",43.5,-75
12,3.04,13.51,2016-10-05,"aba102",43.5,-75
12.3,2.9,16.57,2016-10-06,"aba102",43.5,-75
13.9,4.02,16.26,2016-10-07,"aba102",43.5,-75
12.7,3.96,3.83,2016-10-08,"aba102",43.5,-75
7.2,5.24,7.62,2016-10-09,"aba102",43.5,-75
3.7,4.95,15.74,2016-10-10,"aba102",43.5,-75
6.3,3.7,15.53,2016-10-11,"aba102",43.5,-75
11.3,4.3,14.64,2016-10-12,"aba102",43.5,-75
8.7,6.48,4.08,2016-10-13,"aba102",43.5,-75
3.7,3.57,15.42,2016-10-14,"aba102",43.5,-75
6.8,4.25,14.81,2016-10-15,"aba102",43.5,-75
12.6,3.91,8.53,2016-10-16,"aba102",43.5,-75
14.5,3.7,4.94,2016-10-17,"aba102",43.5,-75
18.7,6.53,12.96,2016-10-18,"aba102",43.5,-75
13.5,4.13,10.79,2016-10-19,"aba102",43.5,-75
9.2,5.64,2.77,2016-10-20,"aba102",43.5,-75
12,6.91,3.44,2016-10-21,"aba102",43.5,-75
2.6,7.74,1.46,2016-10-22,"aba102",43.5,-75
3.6,8.92,10.83,2016-10-23,"aba102",43.5,-75
3.4,7.03,5.87,2016-10-24,"aba102",43.5,-75
0.7,6.17,8.25,2016-10-25,"aba102",43.5,-75
-1.6,3.64,8.9,2016-10-26,"aba102",43.5,-75
-2.1,7.03,2.22,2016-10-27,"aba102",43.5,-75
-0.1,4.82,4.6,2016-10-28,"aba102",43.5,-75
4,5,1.85,2016-10-29,"aba102",43.5,-75
5.6,3.86,2.97,2016-10-30,"aba102",43.5,-75
0,3.84,6.77,2016-10-31,"aba102",43.5,-75
2.8,4.88,11.13,2016-11-01,"aba102",43.5,-75
10.3,3.64,5.75,2016-11-02,"aba102",43.5,-75
9.3,4.64,1.86,2016-11-03,"aba102",43.5,-75
2.8,4.92,8.1,2016-11-04,"aba102",43.5,-75
4.9,5.14,5.22,2016-11-05,"aba102",43.5,-75
2.2,5.2,6.56,2016-11-06,"aba102",43.5,-75
1.1,2.06,10.84,2016-11-07,"aba102",43.5,-75
5.4,2.7,10.43,2016-11-08,"aba102",43.5,-75
4,5.47,2.8,2016-11-09,"aba102",43.5,-75
2,5.06,8.22,2016-11-10,"aba102",43.5,-75
3.4,7.04,6.04,2016-11-11,"aba102",43.5,-75
-0.9,5.06,9.77,2016-11-12,"aba102",43.5,-75
3.8,4.74,9.42,2016-11-13,"aba102",43.5,-75
4.2,3.35,10.11,2016-11-14,"aba102",43.5,-75
4.8,2.82,6.61,2016-11-15,"aba102",43.5,-75
5.4,3.53,3.77,2016-11-16,"aba102",43.5,-75
5.1,3.49,3.57,2016-11-17,"aba102",43.5,-75
5.3,3.14,9.13,2016-11-18,"aba102",43.5,-75
7.6,5.52,9.16,2016-11-19,"aba102",43.5,-75
-2.4,7.03,2.35,2016-11-20,"aba102",43.5,-75
-6,7.83,5.48,2016-11-21,"aba102",43.5,-75
-4.7,6.83,4.64,2016-11-22,"aba102",43.5,-75
-6.3,4.31,5.62,2016-11-23,"aba102",43.5,-75
-2.4,4.34,3.02,2016-11-24,"aba102",43.5,-75
0.8,2.41,1.38,2016-11-25,"aba102",43.5,-75
0.3,2.97,4.38,2016-11-26,"aba102",43.5,-75
-2.5,4.39,6.47,2016-11-27,"aba102",43.5,-75
-2.3,4.72,7.7,2016-11-28,"aba102",43.5,-75
3.6,6.44,1.01,2016-11-29,"aba102",43.5,-75
5.9,6.81,2.28,2016-11-30,"aba102",43.5,-75
3.6,7.58,3.45,2016-12-01,"aba102",43.5,-75
0.7,6.02,3.91,2016-12-02,"aba102",43.5,-75
-1.7,5.52,3.86,2016-12-03,"aba102",43.5,-75
-4.5,3.58,6.86,2016-12-04,"aba102",43.5,-75
-2.5,6.52,2.67,2016-12-05,"aba102",43.5,-75
-1.4,4.05,6.53,2016-12-06,"aba102",43.5,-75
-0.9,4.96,3.26,2016-12-07,"aba102",43.5,-75
-2.9,5.9,5.79,2016-12-08,"aba102",43.5,-75
-8.3,5.69,4.75,2016-12-09,"aba102",43.5,-75
-14,3.96,5.86,2016-12-10,"aba102",43.5,-75
-11,4.85,5.31,2016-12-11,"aba102",43.5,-75
-3.1,5.69,2.73,2016-12-12,"aba102",43.5,-75
-2.9,4.96,5.53,2016-12-13,"aba102",43.5,-75
-6.9,5.79,6.3,2016-12-14,"aba102",43.5,-75
-13.4,7.51,6.09,2016-12-15,"aba102",43.5,-75
-19,4.1,7.44,2016-12-16,"aba102",43.5,-75
-8.7,5.2,1.92,2016-12-17,"aba102",43.5,-75
-2.4,7.06,1.52,2016-12-18,"aba102",43.5,-75
-16.2,4.05,7.9,2016-12-19,"aba102",43.5,-75
-11.9,4.78,5.93,2016-12-20,"aba102",43.5,-75
-4,4.55,3.32,2016-12-21,"aba102",43.5,-75
-2.3,4.4,1.99,2016-12-22,"aba102",43.5,-75
-1.4,4.47,5.23,2016-12-23,"aba102",43.5,-75
0.3,5.53,1.85,2016-12-24,"aba102",43.5,-75
-3.5,4.87,6.58,2016-12-25,"aba102",43.5,-75
-5.5,6.81,2.53,2016-12-26,"aba102",43.5,-75
1.3,6.73,3.39,2016-12-27,"aba102",43.5,-75
-4.5,5.2,4.72,2016-12-28,"aba102",43.5,-75
-4.5,6.2,1.57,2016-12-29,"aba102",43.5,-75
-5.6,5.97,6.48,2016-12-30,"aba102",43.5,-75
-6,5.94,4.09,2016-12-31,"aba102",43.5,-75
-2.5,6.35,5.78,2017-01-01,"aba102",43.5,-75
-4.6,4.88,7.02,2017-01-02,"aba102",43.5,-75
0,6.13,1.61,2017-01-03,"aba102",43.5,-75
-1.5,7.1,3.99,2017-01-04,"aba102",43.5,-75
-9.8,6.36,6,2017-01-05,"aba102",43.5,-75
-12.2,3.31,7.16,2017-01-06,"aba102",43.5,-75
-15.9,2.7,7.29,2017-01-07,"aba102",43.5,-75
-15.3,5.06,6.56,2017-01-08,"aba102",43.5,-75
-16.7,4.21,5.19,2017-01-09,"aba102",43.5,-75
-8.9,7.96,3.52,2017-01-10,"aba102",43.5,-75
2.4,8.39,7.83,2017-01-11,"aba102",43.5,-75
5.6,6.04,1.22,2017-01-12,"aba102",43.5,-75
-5.3,6.8,6.07,2017-01-13,"aba102",43.5,-75
-13.7,3.11,7.92,2017-01-14,"aba102",43.5,-75
-8.3,3.71,6.88,2017-01-15,"aba102",43.5,-75
-7.3,3.26,8.64,2017-01-16,"aba102",43.5,-75
-4.2,6.3,3.27,2017-01-17,"aba102",43.5,-75
-0.8,5.94,2,2017-01-18,"aba102",43.5,-75
0.1,4.25,3.5,2017-01-19,"aba102",43.5,-75
0.3,3.75,8.11,2017-01-20,"aba102",43.5,-75
3.4,3.07,2.4,2017-01-21,"aba102",43.5,-75
4.5,4.75,3.16,2017-01-22,"aba102",43.5,-75
-0.4,6.11,6.27,2017-01-23,"aba102",43.5,-75
-1.8,6.31,1.63,2017-01-24,"aba102",43.5,-75
-2.6,4.52,3.21,2017-01-25,"aba102",43.5,-75
1,5.94,5.14,2017-01-26,"aba102",43.5,-75
-2.2,8.73,7.78,2017-01-27,"aba102",43.5,-75
-3.8,6.35,6.61,2017-01-28,"aba102",43.5,-75
-5.5,5.5,9.09,2017-01-29,"aba102",43.5,-75
-13.2,4.74,8.3,2017-01-30,"aba102",43.5,-75
-13.5,4.1,8.09,2017-01-31,"aba102",43.5,-75
-4.9,5.48,6.73,2017-02-01,"aba102",43.5,-75
-7.5,5.3,9.1,2017-02-02,"aba102",43.5,-75
-9.9,5.25,7.96,2017-02-03,"aba102",43.5,-75
-9.5,5.66,7.79,2017-02-04,"aba102",43.5,-75
-5.9,6.73,6.63,2017-02-05,"aba102",43.5,-75
-8.5,6.01,9.25,2017-02-06,"aba102",43.5,-75
-3.9,7.09,2.71,2017-02-07,"aba102",43.5,-75
-0.9,6.83,6.87,2017-02-08,"aba102",43.5,-75
-12.1,6.4,8.98,2017-02-09,"aba102",43.5,-75
-12.8,5.69,12.37,2017-02-10,"aba102",43.5,-75
-6.2,4.53,4.7,2017-02-11,"aba102",43.5,-75
-5.7,6.05,1.9,2017-02-12,"aba102",43.5,-75
-7.1,7.36,6.72,2017-02-13,"aba102",43.5,-75
-4.7,4.16,10.99,2017-02-14,"aba102",43.5,-75
-1.5,4.64,6.29,2017-02-15,"aba102",43.5,-75
-7.1,5.54,6.79,2017-02-16,"aba102",43.5,-75
-8,4.75,12.86,2017-02-17,"aba102",43.5,-75
0.8,5.03,13.94,2017-02-18,"aba102",43.5,-75
4.2,5.6,12.67,2017-02-19,"aba102",43.5,-75
-2.1,4.18,14.19,2017-02-20,"aba102",43.5,-75
-1.7,4.52,9.9,2017-02-21,"aba102",43.5,-75
4.9,3.04,11.8,2017-02-22,"aba102",43.5,-75
9.2,5.69,9.1,2017-02-23,"aba102",43.5,-75
9.2,4.9,5.98,2017-02-24,"aba102",43.5,-75
7.9,8.12,2.6,2017-02-25,"aba102",43.5,-75
-3.4,7.47,11.95,2017-02-26,"aba102",43.5,-75
0.7,7.01,13.32,2017-02-27,"aba102",43.5,-75
4.4,5.11,10.98,2017-02-28,"aba102",43.5,-75
9.9,6.94,3.21,2017-03-01,"aba102",43.5,-75
-4.4,9.5,12.51,2017-03-02,"aba102",43.5,-75
-10.2,6.9,12.87,2017-03-03,"aba102",43.5,-75
-15,6.18,17.34,2017-03-04,"aba102",43.5,-75
-13.3,4.07,18.49,2017-03-05,"aba102",43.5,-75
-3.3,4.58,13.98,2017-03-06,"aba102",43.5,-75
3.5,5.51,2.34,2017-03-07,"aba102",43.5,-75
5.2,7.3,15.87,2017-03-08,"aba102",43.5,-75
-1.2,8.29,10.66,2017-03-09,"aba102",43.5,-75
-6.1,7.56,14.81,2017-03-10,"aba102",43.5,-75
-15.8,8.75,15.69,2017-03-11,"aba102",43.5,-75
-14.9,6.17,18.16,2017-03-12,"aba102",43.5,-75
-11.9,3.04,13.5,2017-03-13,"aba102",43.5,-75
-9.5,6.66,2.21,2017-03-14,"aba102",43.5,-75
-11.6,6.88,11.46,2017-03-15,"aba102",43.5,-75
-8.6,6.77,13.6,2017-03-16,"aba102",43.5,-75
-6.3,4.19,20.8,2017-03-17,"aba102",43.5,-75
-4,4.29,18.47,2017-03-18,"aba102",43.5,-75
-0.8,3.9,20.74,2017-03-19,"aba102",43.5,-75
-1.3,3.42,17.33,2017-03-20,"aba102",43.5,-75
1.3,5.62,10.5,2017-03-21,"aba102",43.5,-75
-9.4,7.3,21.77,2017-03-22,"aba102",43.5,-75
-7.6,4.18,22.1,2017-03-23,"aba102",43.5,-75
-0.4,4.6,3.92,2017-03-24,"aba102",43.5,-75
0.9,3.01,5.88,2017-03-25,"aba102",43.5,-75
-1.6,5.61,6.58,2017-03-26,"aba102",43.5,-75
2.3,5.17,3.48,2017-03-27,"aba102",43.5,-75
6.4,3.91,7.68,2017-03-28,"aba102",43.5,-75
1.7,5.46,13.99,2017-03-29,"aba102",43.5,-75
1.8,3.28,18.62,2017-03-30,"aba102",43.5,-75
0.3,6.98,2.62,2017-03-31,"aba102",43.5,-75
0.5,5.26,9.17,2017-04-01,"aba102",43.5,-75
1.9,5.39,18.49,2017-04-02,"aba102",43.5,-75
5.2,6.04,16.43,2017-04-03,"aba102",43.5,-75
4.6,7.4,2.82,2017-04-04,"aba102",43.5,-75
4.4,4.59,11.56,2017-04-05,"aba102",43.5,-75
3.5,7.35,5.02,2017-04-06,"aba102",43.5,-75
0.2,6.64,8.38,2017-04-07,"aba102",43.5,-75
-0.2,6.69,16.23,2017-04-08,"aba102",43.5,-75
6.8,4.1,24.17,2017-04-09,"aba102",43.5,-75
16,5.73,21.11,2017-04-10,"aba102",43.5,-75
15.1,4.81,14.62,2017-04-11,"aba102",43.5,-75
7.4,5.81,12.85,2017-04-12,"aba102",43.5,-75
4.5,4.9,21.02,2017-04-13,"aba102",43.5,-75
6.4,2.18,25.78,2017-04-14,"aba102",43.5,-75
9.8,4.56,16.37,2017-04-15,"aba102",43.5,-75
16.3,7.93,17.36,2017-04-16,"aba102",43.5,-75
8.8,6.04,14.63,2017-04-17,"aba102",43.5,-75
5.3,4.39,26.55,2017-04-18,"aba102",43.5,-75
6.4,6.4,10.12,2017-04-19,"aba102",43.5,-75
9.1,5.74,8.23,2017-04-20,"aba102",43.5,-75
8.6,6.27,5.29,2017-04-21,"aba102",43.5,-75
5.4,4.66,7.5,2017-04-22,"aba102",43.5,-75
8,3.64,27.12,2017-04-23,"aba102",43.5,-75
10.9,4.2,26.33,2017-04-24,"aba102",43.5,-75
8.6,6.15,7.08,2017-04-25,"aba102",43.5,-75
13.3,5.82,10.73,2017-04-26,"aba102",43.5,-75
17.4,5.94,25.12,2017-04-27,"aba102",43.5,-75
15.4,4.52,23.26,2017-04-28,"aba102",43.5,-75
13.3,6.02,15.02,2017-04-29,"aba102",43.5,-75
6.2,5.3,8.19,2017-04-30,"aba102",43.5,-75
13.7,5.23,12.03,2017-05-01,"aba102",43.5,-75
9.6,6.71,12.49,2017-05-02,"aba102",43.5,-75
5.6,7.21,11.7,2017-05-03,"aba102",43.5,-75
7.6,4.69,17.54,2017-05-04,"aba102",43.5,-75
6.6,8.68,2.73,2017-05-05,"aba102",43.5,-75
10.6,6.41,13.4,2017-05-06,"aba102",43.5,-75
3,4.52,9.1,2017-05-07,"aba102",43.5,-75
1.2,6.33,12.71,2017-05-08,"aba102",43.5,-75
2.5,3.2,13.86,2017-05-09,"aba102",43.5,-75
4.9,2.53,13.43,2017-05-10,"aba102",43.5,-75
9.1,2.76,23.37,2017-05-11,"aba102",43.5,-75
11.8,3.81,19.23,2017-05-12,"aba102",43.5,-75
8.9,3.86,5.1,2017-05-13,"aba102",43.5,-75
8.2,4.91,16.6,2017-05-14,"aba102",43.5,-75
10,8.02,10.04,2017-05-15,"aba102",43.5,-75
13.2,3.91,26.02,2017-05-16,"aba102",43.5,-75
20.5,7.2,26.33,2017-05-17,"aba102",43.5,-75
22.6,5.99,22.9,2017-05-18,"aba102",43.5,-75
13.6,5.17,12.19,2017-05-19,"aba102",43.5,-75
11.8,3.76,30.69,2017-05-20,"aba102",43.5,-75
12.9,4.93,19.89,2017-05-21,"aba102",43.5,-75
10.2,4.59,5.11,2017-05-22,"aba102",43.5,-75
12.7,3.28,25.81,2017-05-23,"aba102",43.5,-75
15.9,3.61,22.19,2017-05-24,"aba102",43.5,-75
12.6,7.52,8.17,2017-05-25,"aba102",43.5,-75
11.3,4.9,5.08,2017-05-26,"aba102",43.5,-75
13.5,2.87,13.92,2017-05-27,"aba102",43.5,-75
15.9,4.19,19.15,2017-05-28,"aba102",43.5,-75
12.3,5.58,5.48,2017-05-29,"aba102",43.5,-75
12.8,4.96,11.01,2017-05-30,"aba102",43.5,-75
14.7,5.1,21.66,2017-05-31,"aba102",43.5,-75
12.1,7.41,24.97,2017-06-01,"aba102",43.5,-75
9.8,7.18,22.89,2017-06-02,"aba102",43.5,-75
11.2,5.8,18.62,2017-06-03,"aba102",43.5,-75
10.8,4.03,8.33,2017-06-04,"aba102",43.5,-75
13.2,5.75,10.99,2017-06-05,"aba102",43.5,-75
9.1,5.64,3.73,2017-06-06,"aba102",43.5,-75
13.2,3.4,27.92,2017-06-07,"aba102",43.5,-75
16.3,2.01,25.05,2017-06-08,"aba102",43.5,-75
16.1,5.71,22.98,2017-06-09,"aba102",43.5,-75
18.1,4.21,25.62,2017-06-10,"aba102",43.5,-75
22.6,5.87,29.92,2017-06-11,"aba102",43.5,-75
23.7,5.2,28.37,2017-06-12,"aba102",43.5,-75
21.9,4.88,24.23,2017-06-13,"aba102",43.5,-75
16.5,3.23,31.32,2017-06-14,"aba102",43.5,-75
16.7,4.74,25.57,2017-06-15,"aba102",43.5,-75
14.8,5,8.4,2017-06-16,"aba102",43.5,-75
19.8,3.8,22.74,2017-06-17,"aba102",43.5,-75
23.6,6.07,24.79,2017-06-18,"aba102",43.5,-75
19.2,4.88,5.5,2017-06-19,"aba102",43.5,-75
16.8,4.75,19.11,2017-06-20,"aba102",43.5,-75
15.4,5.4,22.87,2017-06-21,"aba102",43.5,-75
16.8,3.96,26.79,2017-06-22,"aba102",43.5,-75
20.3,4.61,15.98,2017-06-23,"aba102",43.5,-75
19.2,5.73,23.89,2017-06-24,"aba102",43.5,-75
15,5.61,25.44,2017-06-25,"aba102",43.5,-75
13.3,3.55,21.6,2017-06-26,"aba102",43.5,-75
11.8,3.2,19.91,2017-06-27,"aba102",43.5,-75
14,5.1,25.75,2017-06-28,"aba102",43.5,-75
15.5,3.74,7.93,2017-06-29,"aba102",43.5,-75
19.2,3.97,10.14,2017-06-30,"aba102",43.5,-75
19.4,4.22,8.59,2017-07-01,"aba102",43.5,-75
19,4.75,25.27,2017-07-02,"aba102",43.5,-75
17.9,4.84,22.24,2017-07-03,"aba102",43.5,-75
17.6,2.53,24.04,2017-07-04,"aba102",43.5,-75
18.5,3.28,26.59,2017-07-05,"aba102",43.5,-75
19.5,4.11,18.4,2017-07-06,"aba102",43.5,-75
20.5,3.11,21.96,2017-07-07,"aba102",43.5,-75
17.4,4.9,16.64,2017-07-08,"aba102",43.5,-75
16.7,5.21,26.42,2017-07-09,"aba102",43.5,-75
18.9,4.84,21.35,2017-07-10,"aba102",43.5,-75
19.7,2.94,22.29,2017-07-11,"aba102",43.5,-75
21.1,2.98,20.59,2017-07-12,"aba102",43.5,-75
18.6,4.1,9.67,2017-07-13,"aba102",43.5,-75
17.4,3.75,8.16,2017-07-14,"aba102",43.5,-75
18.8,3.89,20.46,2017-07-15,"aba102",43.5,-75
19.1,2.65,27,2017-07-16,"aba102",43.5,-75
19.5,3.13,18.2,2017-07-17,"aba102",43.5,-75
20.4,2.42,24.01,2017-07-18,"aba102",43.5,-75
21.1,4.2,25.93,2017-07-19,"aba102",43.5,-75
19.9,3.96,16.98,2017-07-20,"aba102",43.5,-75
20.2,5,25.36,2017-07-21,"aba102",43.5,-75
18.8,2.28,18.01,2017-07-22,"aba102",43.5,-75
19.1,4.17,19.96,2017-07-23,"aba102",43.5,-75
14.7,6.09,9.36,2017-07-24,"aba102",43.5,-75
13.5,4,4.89,2017-07-25,"aba102",43.5,-75
15.9,3.4,13.4,2017-07-26,"aba102",43.5,-75
17.4,4.05,12.32,2017-07-27,"aba102",43.5,-75
17.3,3.7,20.14,2017-07-28,"aba102",43.5,-75
16.1,3.62,27.07,2017-07-29,"aba102",43.5,-75
16.7,2.82,28.53,2017-07-30,"aba102",43.5,-75
19.2,3.19,26.82,2017-07-31,"aba102",43.5,-75
19.9,1.64,23.22,2017-08-01,"aba102",43.5,-75
19.6,2.83,20.15,2017-08-02,"aba102",43.5,-75
20.2,3.05,23.27,2017-08-03,"aba102",43.5,-75
20.8,4.84,21.67,2017-08-04,"aba102",43.5,-75
17.1,5.61,17.38,2017-08-05,"aba102",43.5,-75
14.8,5.35,22.43,2017-08-06,"aba102",43.5,-75
15.5,2.66,19.5,2017-08-07,"aba102",43.5,-75
15.8,3.98,20.87,2017-08-08,"aba102",43.5,-75
17.3,3.55,22.67,2017-08-09,"aba102",43.5,-75
18.6,2.62,20.02,2017-08-10,"aba102",43.5,-75
18.5,4.32,15.19,2017-08-11,"aba102",43.5,-75
18.3,3.94,13.69,2017-08-12,"aba102",43.5,-75
17.7,4.17,20.2,2017-08-13,"aba102",43.5,-75
17.3,3.27,22.96,2017-08-14,"aba102",43.5,-75
18.4,3.35,19.13,2017-08-15,"aba102",43.5,-75
17.2,3.23,24.7,2017-08-16,"aba102",43.5,-75
15.9,4.05,23.77,2017-08-17,"aba102",43.5,-75
20.8,5.08,14.24,2017-08-18,"aba102",43.5,-75
19,4.59,17.7,2017-08-19,"aba102",43.5,-75
17.9,4.19,18.21,2017-08-20,"aba102",43.5,-75
19.7,3.33,22.54,2017-08-21,"aba102",43.5,-75
20.5,5.77,16.23,2017-08-22,"aba102",43.5,-75
15.8,5.73,19.53,2017-08-23,"aba102",43.5,-75
13.1,3.22,13.72,2017-08-24,"aba102",43.5,-75
12.5,3.7,18.25,2017-08-25,"aba102",43.5,-75
11.9,2.55,20.45,2017-08-26,"aba102",43.5,-75
12.4,3.32,23.28,2017-08-27,"aba102",43.5,-75
13.5,3.35,17.56,2017-08-28,"aba102",43.5,-75
13.1,2.95,16.74,2017-08-29,"aba102",43.5,-75
13.1,2.75,19.25,2017-08-30,"aba102",43.5,-75
11.8,4.79,12.24,2017-08-31,"aba102",43.5,-75
8,5.1,20.16,2017-09-01,"aba102",43.5,-75
9.8,4.2,23.94,2017-09-02,"aba102",43.5,-75
10,5.26,1.81,2017-09-03,"aba102",43.5,-75
16.4,5.47,20.56,2017-09-04,"aba102",43.5,-75
14.9,5.7,2.84,2017-09-05,"aba102",43.5,-75
11.9,2.28,7.49,2017-09-06,"aba102",43.5,-75
11.9,4.11,11.77,2017-09-07,"aba102",43.5,-75
10,3.89,10.86,2017-09-08,"aba102",43.5,-75
9.7,3.67,11.74,2017-09-09,"aba102",43.5,-75
10.3,2.92,21.02,2017-09-10,"aba102",43.5,-75
11.8,2.5,21.31,2017-09-11,"aba102",43.5,-75
13.4,2.63,21.38,2017-09-12,"aba102",43.5,-75
16,2.43,19.53,2017-09-13,"aba102",43.5,-75
17.4,2.16,7.69,2017-09-14,"aba102",43.5,-75
17.8,2.52,14.88,2017-09-15,"aba102",43.5,-75
18.1,2.42,18.28,2017-09-16,"aba102",43.5,-75
18.5,2.02,18.18,2017-09-17,"aba102",43.5,-75
18.9,3.32,16.79,2017-09-18,"aba102",43.5,-75
18.7,3.18,17.51,2017-09-19,"aba102",43.5,-75
18.7,3.06,15.85,2017-09-20,"aba102",43.5,-75
18.3,3.32,15.98,2017-09-21,"aba102",43.5,-75
16.9,2.92,19.09,2017-09-22,"aba102",43.5,-75
17.9,3.02,18.27,2017-09-23,"aba102",43.5,-75
21.1,2.88,18.17,2017-09-24,"aba102",43.5,-75
22,2.64,18.06,2017-09-25,"aba102",43.5,-75
21.3,1.8,15.43,2017-09-26,"aba102",43.5,-75
21.6,4.41,16.11,2017-09-27,"aba102",43.5,-75
12.3,4.86,13.13,2017-09-28,"aba102",43.5,-75
8.3,3.23,14.73,2017-09-29,"aba102",43.5,-75
7,4.68,7.02,2017-09-30,"aba102",43.5,-75
6.6,2.47,17.54,2017-10-01,"aba102",43.5,-75
8.7,3.34,17.28,2017-10-02,"aba102",43.5,-75
11.9,3.92,17.19,2017-10-03,"aba102",43.5,-75
15.7,6.21,15.1,2017-10-04,"aba102",43.5,-75
13.3,5.06,15.52,2017-10-05,"aba102",43.5,-75
11.4,2.92,7.09,2017-10-06,"aba102",43.5,-75
16.6,5,8.12,2017-10-07,"aba102",43.5,-75
18.4,7.32,8.23,2017-10-08,"aba102",43.5,-75
16.3,6.11,1.38,2017-10-09,"aba102",43.5,-75
15.5,3.85,10.17,2017-10-10,"aba102",43.5,-75
11.4,4.03,6.84,2017-10-11,"aba102",43.5,-75
9.1,3.91,13.71,2017-10-12,"aba102",43.5,-75
9.2,4.7,10.38,2017-10-13,"aba102",43.5,-75
13.7,3.7,5.84,2017-10-14,"aba102",43.5,-75
16.7,7.57,10.63,2017-10-15,"aba102",43.5,-75
4.2,5.71,5.51,2017-10-16,"aba102",43.5,-75
3.3,4.03,14.44,2017-10-17,"aba102",43.5,-75
10.5,3.75,14.1,2017-10-18,"aba102",43.5,-75
12.2,5.59,13.7,2017-10-19,"aba102",43.5,-75
10.3,4.62,13.74,2017-10-20,"aba102",43.5,-75
11.7,2.42,12.75,2017-10-21,"aba102",43.5,-75
12.6,4.14,12.94,2017-10-22,"aba102",43.5,-75
14,6.81,8.74,2017-10-23,"aba102",43.5,-75
16.3,8.67,2.61,2017-10-24,"aba102",43.5,-75
10.1,3.19,11.91,2017-10-25,"aba102",43.5,-75
5.7,5.36,6.36,2017-10-26,"aba102",43.5,-75
6.3,4.56,11.2,2017-10-27,"aba102",43.5,-75
10.9,6.63,11.88,2017-10-28,"aba102",43.5,-75
11.1,6.08,1.5,2017-10-29,"aba102",43.5,-75
7,9.34,3.14,2017-10-30,"aba102",43.5,-75
3.4,6.84,9.79,2017-10-31,"aba102",43.5,-75
1.5,4.46,4.22,2017-11-01,"aba102",43.5,-75
10.3,5.71,5.16,2017-11-02,"aba102",43.5,-75
10.1,5.95,2.44,2017-11-03,"aba102",43.5,-75
2.5,5.32,8.09,2017-11-04,"aba102",43.5,-75
6.9,6.72,3.36,2017-11-05,"aba102",43.5,-75
8.8,6.52,1.28,2017-11-06,"aba102",43.5,-75
-0.8,3.08,4.67,2017-11-07,"aba102",43.5,-75
-1.2,2.13,10.77,2017-11-08,"aba102",43.5,-75
0.2,6.52,7.61,2017-11-09,"aba102",43.5,-75
-7.1,6.64,9.15,2017-11-10,"aba102",43.5,-75
-8.5,3.99,10.84,2017-11-11,"aba102",43.5,-75
-2.9,3.28,9.31,2017-11-12,"aba102",43.5,-75
-0.7,2.56,4.05,2017-11-13,"aba102",43.5,-75
-0.2,1.61,4.47,2017-11-14,"aba102",43.5,-75
0.2,5.58,8.39,2017-11-15,"aba102",43.5,-75
3.2,6.07,4.94,2017-11-16,"aba102",43.5,-75
-3.5,6.51,9.37,2017-11-17,"aba102",43.5,-75
-1.5,5.3,2.12,2017-11-18,"aba102",43.5,-75
0.3,7.52,3.49,2017-11-19,"aba102",43.5,-75
-4.1,7.33,4.67,2017-11-20,"aba102",43.5,-75
2.4,5.56,9.26,2017-11-21,"aba102",43.5,-75
0.1,4.68,4.44,2017-11-22,"aba102",43.5,-75
-5,4.53,6.96,2017-11-23,"aba102",43.5,-75
1.5,4.61,8.32,2017-11-24,"aba102",43.5,-75
3.8,4.55,4.41,2017-11-25,"aba102",43.5,-75
-1.8,5.95,3.44,2017-11-26,"aba102",43.5,-75
-4,5.35,5.3,2017-11-27,"aba102",43.5,-75
-1.8,5.73,8.2,2017-11-28,"aba102",43.5,-75
3.2,6.66,4.84,2017-11-29,"aba102",43.5,-75
-0.9,5.61,8.22,2017-11-30,"aba102",43.5,-75
1.3,4.2,4.55,2017-12-01,"aba102",43.5,-75
-1.3,2.86,4.83,2017-12-02,"aba102",43.5,-75
-0.4,2.48,5.91,2017-12-03,"aba102",43.5,-75
0.2,6.14,7.1,2017-12-04,"aba102",43.5,-75
6.4,7.4,0.71,2017-12-05,"aba102",43.5,-75
-0.4,5.95,6.71,2017-12-06,"aba102",43.5,-75
-2.2,5.38,5.57,2017-12-07,"aba102",43.5,-75
-4.8,5.64,5.01,2017-12-08,"aba102",43.5,-75
-4.9,2.7,4.2,2017-12-09,"aba102",43.5,-75
-5,5.7,5.73,2017-12-10,"aba102",43.5,-75
-6.6,4.76,4.73,2017-12-11,"aba102",43.5,-75
-5.6,5.38,2.01,2017-12-12,"aba102",43.5,-75
-13.3,6.65,5.29,2017-12-13,"aba102",43.5,-75
-15.4,5.43,7,2017-12-14,"aba102",43.5,-75
-13.2,3.38,6.4,2017-12-15,"aba102",43.5,-75
-10.4,4.74,5.07,2017-12-16,"aba102",43.5,-75
-16.5,3,7,2017-12-17,"aba102",43.5,-75
-4.3,3.41,3.21,2017-12-18,"aba102",43.5,-75
1.8,7.03,1.96,2017-12-19,"aba102",43.5,-75
-3.4,6.74,4.59,2017-12-20,"aba102",43.5,-75
-11.9,2.75,7.39,2017-12-21,"aba102",43.5,-75
-8.9,5.56,1.1,2017-12-22,"aba102",43.5,-75
-2.3,4.17,0.59,2017-12-23,"aba102",43.5,-75
-5.6,5.83,4.42,2017-12-24,"aba102",43.5,-75
-6.4,7.11,4.6,2017-12-25,"aba102",43.5,-75
-12.6,6.91,6.1,2017-12-26,"aba102",43.5,-75
-17.8,3.89,6.55,2017-12-27,"aba102",43.5,-75
-23.7,4.92,7.69,2017-12-28,"aba102",43.5,-75
-21.7,3.38,5.75,2017-12-29,"aba102",43.5,-75
-17.4,3.49,4.13,2017-12-30,"aba102",43.5,-75
-22.7,3.86,7.79,2017-12-31,"aba102",43.5,-75
-22.8,4.22,8.23,2018-01-01,"aba102",43.5,-75
-16.1,5.37,4.99,2018-01-02,"aba102",43.5,-75
-12.1,4.12,8.02,2018-01-03,"aba102",43.5,-75
-11.4,6.72,2.79,2018-01-04,"aba102",43.5,-75
-21.6,6.67,6.83,2018-01-05,"aba102",43.5,-75
-24.7,5.64,6.8,2018-01-06,"aba102",43.5,-75
-20.9,4.52,8.26,2018-01-07,"aba102",43.5,-75
-6.3,5.1,2.3,2018-01-08,"aba102",43.5,-75
-3.6,5.95,4.49,2018-01-09,"aba102",43.5,-75
-5,4.83,8.57,2018-01-10,"aba102",43.5,-75
4.2,5.92,3.08,2018-01-11,"aba102",43.5,-75
8.3,6.73,1.5,2018-01-12,"aba102",43.5,-75
-13.8,6.36,5.46,2018-01-13,"aba102",43.5,-75
-21.2,3.41,9.59,2018-01-14,"aba102",43.5,-75
-16.3,4.34,8.89,2018-01-15,"aba102",43.5,-75
-8.6,3.88,3.62,2018-01-16,"aba102",43.5,-75
-8.3,3.32,5.75,2018-01-17,"aba102",43.5,-75
-9.9,4.41,3.66,2018-01-18,"aba102",43.5,-75
-6.3,3.64,4.73,2018-01-19,"aba102",43.5,-75
-0.1,6.6,8.64,2018-01-20,"aba102",43.5,-75
0.2,3.35,5.09,2018-01-21,"aba102",43.5,-75
0.1,6.03,1.93,2018-01-22,"aba102",43.5,-75
0.9,6.38,2.3,2018-01-23,"aba102",43.5,-75
-9,7.06,6.69,2018-01-24,"aba102",43.5,-75
-14.3,3.77,10.43,2018-01-25,"aba102",43.5,-75
-11.2,4.56,10.5,2018-01-26,"aba102",43.5,-75
-0.1,5.24,7.76,2018-01-27,"aba102",43.5,-75
1.1,4.94,8.96,2018-01-28,"aba102",43.5,-75
-5.1,3.4,6.68,2018-01-29,"aba102",43.5,-75
-9.6,4.67,5.65,2018-01-30,"aba102",43.5,-75
-12.5,5.51,7.86,2018-01-31,"aba102",43.5,-75
-1.7,4.62,6.46,2018-02-01,"aba102",43.5,-75
-14,6.36,10.82,2018-02-02,"aba102",43.5,-75
-13.1,5.2,8.42,2018-02-03,"aba102",43.5,-75
-3.7,6.2,3.16,2018-02-04,"aba102",43.5,-75
-9.7,5.64,11.49,2018-02-05,"aba102",43.5,-75
-10.9,4.51,7.62,2018-02-06,"aba102",43.5,-75
-10.5,5.11,1.47,2018-02-07,"aba102",43.5,-75
-11.3,4.49,10.51,2018-02-08,"aba102",43.5,-75
-10.3,4.24,6.29,2018-02-09,"aba102",43.5,-75
-1.7,4.13,2.62,2018-02-10,"aba102",43.5,-75
0,6.21,3.21,2018-02-11,"aba102",43.5,-75
-5.6,5.7,8.52,2018-02-12,"aba102",43.5,-75
-10.6,4.19,12.57,2018-02-13,"aba102",43.5,-75
-1.6,4.78,7.35,2018-02-14,"aba102",43.5,-75
3.8,5.68,3.53,2018-02-15,"aba102",43.5,-75
0.6,5.25,4.45,2018-02-16,"aba102",43.5,-75
-7.2,4.82,10.92,2018-02-17,"aba102",43.5,-75
-3.4,5.07,7.82,2018-02-18,"aba102",43.5,-75
-0.6,5.61,8.14,2018-02-19,"aba102",43.5,-75
7.3,4.44,3.65,2018-02-20,"aba102",43.5,-75
9.2,6.37,6.39,2018-02-21,"aba102",43.5,-75
-1.7,2.96,3.31,2018-02-22,"aba102",43.5,-75
-2.5,5.96,2.34,2018-02-23,"aba102",43.5,-75
1.2,4.59,7.26,2018-02-24,"aba102",43.5,-75
0.8,8.56,1.48,2018-02-25,"aba102",43.5,-75
1,6.84,14.48,2018-02-26,"aba102",43.5,-75
1.8,6.35,15.14,2018-02-27,"aba102",43.5,-75
6.1,5.24,15.23,2018-02-28,"aba102",43.5,-75
3,5.06,10.34,2018-03-01,"aba102",43.5,-75
-2.3,7.08,2.81,2018-03-02,"aba102",43.5,-75
-1.4,5.95,7.55,2018-03-03,"aba102",43.5,-75
-3.2,5.8,8.9,2018-03-04,"aba102",43.5,-75
-3.9,4.27,8.28,2018-03-05,"aba102",43.5,-75
-2.8,4.8,17.37,2018-03-06,"aba102",43.5,-75
-2.4,5.47,6.19,2018-03-07,"aba102",43.5,-75
-3.8,4.97,9.17,2018-03-08,"aba102",43.5,-75
-4.1,5.92,10.22,2018-03-09,"aba102",43.5,-75
-3.6,6.48,12.29,2018-03-10,"aba102",43.5,-75
-4.6,3.81,9.28,2018-03-11,"aba102",43.5,-75
-4.4,2.97,11.99,2018-03-12,"aba102",43.5,-75
-2.6,4.19,6.32,2018-03-13,"aba102",43.5,-75
-3.8,6.31,6.97,2018-03-14,"aba102",43.5,-75
-3.3,6.65,13.47,2018-03-15,"aba102",43.5,-75
-7.2,6.74,10.95,2018-03-16,"aba102",43.5,-75
-7,7.74,15.88,2018-03-17,"aba102",43.5,-75
-11.2,4.05,20.76,2018-03-18,"aba102",43.5,-75
-9.2,3.7,21.52,2018-03-19,"aba102",43.5,-75
-6.6,3.89,21.56,2018-03-20,"aba102",43.5,-75
-3.3,4.62,14.76,2018-03-21,"aba102",43.5,-75
-1.6,5.46,19.28,2018-03-22,"aba102",43.5,-75
-1.8,5.03,17.01,2018-03-23,"aba102",43.5,-75
-4.5,4.13,15.09,2018-03-24,"aba102",43.5,-75
-3.7,3.42,18.46,2018-03-25,"aba102",43.5,-75
-1.6,4.39,22.76,2018-03-26,"aba102",43.5,-75
0.3,6.02,11.6,2018-03-27,"aba102",43.5,-75
2,4.3,5.25,2018-03-28,"aba102",43.5,-75
4.9,5.06,5.4,2018-03-29,"aba102",43.5,-75
3.3,4.82,5.73,2018-03-30,"aba102",43.5,-75
2.2,6.48,21.99,2018-03-31,"aba102",43.5,-75
-0.6,6.22,12.43,2018-04-01,"aba102",43.5,-75
-1,3.73,20.4,2018-04-02,"aba102",43.5,-75
0.9,5.38,7.44,2018-04-03,"aba102",43.5,-75
1.7,9.79,9.33,2018-04-04,"aba102",43.5,-75
-5.7,9.27,22.98,2018-04-05,"aba102",43.5,-75
-3.3,6.76,11.62,2018-04-06,"aba102",43.5,-75
-4.6,6.42,16.86,2018-04-07,"aba102",43.5,-75
-5.8,6.02,18.66,2018-04-08,"aba102",43.5,-75
-4.3,3.09,22.26,2018-04-09,"aba102",43.5,-75
-1.6,4.84,19.15,2018-04-10,"aba102",43.5,-75
0,5.1,16.81,2018-04-11,"aba102",43.5,-75
3.7,5.58,11.06,2018-04-12,"aba102",43.5,-75
5.9,4.24,8.18,2018-04-13,"aba102",43.5,-75
0.3,5.36,4.36,2018-04-14,"aba102",43.5,-75
-3.5,7.62,3.19,2018-04-15,"aba102",43.5,-75
-0.2,9.93,7.14,2018-04-16,"aba102",43.5,-75
-1.3,6.1,11.04,2018-04-17,"aba102",43.5,-75
-0.7,6.31,8.01,2018-04-18,"aba102",43.5,-75
-0.6,5.94,14.87,2018-04-19,"aba102",43.5,-75
-1.3,5.03,10.8,2018-04-20,"aba102",43.5,-75
2.8,5.42,26.9,2018-04-21,"aba102",43.5,-75
5.4,3.75,27.59,2018-04-22,"aba102",43.5,-75
8.6,4.17,27.76,2018-04-23,"aba102",43.5,-75
12.7,4.44,24.71,2018-04-24,"aba102",43.5,-75
9.7,5.82,2.13,2018-04-25,"aba102",43.5,-75
5.6,5.43,4.83,2018-04-26,"aba102",43.5,-75
6.6,4.22,11.45,2018-04-27,"aba102",43.5,-75
8.2,4.04,15.36,2018-04-28,"aba102",43.5,-75
2.5,5.29,10.45,2018-04-29,"aba102",43.5,-75
3.3,4.95,6.81,2018-04-30,"aba102",43.5,-75
10.5,3.91,24.77,2018-05-01,"aba102",43.5,-75
19.4,8.07,25.95,2018-05-02,"aba102",43.5,-75
17.3,5.3,11.4,2018-05-03,"aba102",43.5,-75
16.4,9.82,11.48,2018-05-04,"aba102",43.5,-75
12.6,7.6,26.13,2018-05-05,"aba102",43.5,-75
14.6,2.72,16.54,2018-05-06,"aba102",43.5,-75
11.7,3.74,22.49,2018-05-07,"aba102",43.5,-75
13.2,3.23,28.77,2018-05-08,"aba102",43.5,-75
17.8,4.92,21.79,2018-05-09,"aba102",43.5,-75
15.8,6.44,19.51,2018-05-10,"aba102",43.5,-75
7.9,4.59,27.72,2018-05-11,"aba102",43.5,-75
7.4,3.54,11.98,2018-05-12,"aba102",43.5,-75
11.1,3.52,27.88,2018-05-13,"aba102",43.5,-75
15.4,3.88,23.95,2018-05-14,"aba102",43.5,-75
15.2,4.78,9.56,2018-05-15,"aba102",43.5,-75
14.2,4.03,27.28,2018-05-16,"aba102",43.5,-75
17.1,4.67,25.74,2018-05-17,"aba102",43.5,-75
13.6,4.25,28.88,2018-05-18,"aba102",43.5,-75
10.4,6.3,4.75,2018-05-19,"aba102",43.5,-75
14.1,5.02,9.83,2018-05-20,"aba102",43.5,-75
14.2,3.32,30.15,2018-05-21,"aba102",43.5,-75
12.7,5.5,6.69,2018-05-22,"aba102",43.5,-75
16,5.18,26.07,2018-05-23,"aba102",43.5,-75
15.5,3.59,30.08,2018-05-24,"aba102",43.5,-75
18.9,5.46,28.5,2018-05-25,"aba102",43.5,-75
20,3.4,20.89,2018-05-26,"aba102",43.5,-75
16.7,5.52,14.89,2018-05-27,"aba102",43.5,-75
17.1,4.39,20.93,2018-05-28,"aba102",43.5,-75
21.9,3.8,28.32,2018-05-29,"aba102",43.5,-75
21.5,4.49,25.26,2018-05-30,"aba102",43.5,-75
19.8,5.73,12.37,2018-05-31,"aba102",43.5,-75
22,3.73,21.06,2018-06-01,"aba102",43.5,-75
19.3,4.26,21.2,2018-06-02,"aba102",43.5,-75
15.5,4.9,8.63,2018-06-03,"aba102",43.5,-75
12.1,6.24,11.05,2018-06-04,"aba102",43.5,-75
10.4,5.62,15.6,2018-06-05,"aba102",43.5,-75
11.9,3.76,13.26,2018-06-06,"aba102",43.5,-75
13.1,3.8,16.24,2018-06-07,"aba102",43.5,-75
17.2,3.32,25.75,2018-06-08,"aba102",43.5,-75
16,4.38,25.27,2018-06-09,"aba102",43.5,-75
16,3.82,30.66,2018-06-10,"aba102",43.5,-75
16,3.85,31.17,2018-06-11,"aba102",43.5,-75
17.6,5.14,29.74,2018-06-12,"aba102",43.5,-75
17,6.1,9.45,2018-06-13,"aba102",43.5,-75
12.9,8.42,6.72,2018-06-14,"aba102",43.5,-75
14.9,5.32,23,2018-06-15,"aba102",43.5,-75
17.1,3.05,30.46,2018-06-16,"aba102",43.5,-75
19.7,2.77,28.97,2018-06-17,"aba102",43.5,-75
22.4,5.63,18.26,2018-06-18,"aba102",43.5,-75
17.4,5.81,28.18,2018-06-19,"aba102",43.5,-75
15.6,2.67,26.29,2018-06-20,"aba102",43.5,-75
16.4,3.81,29.67,2018-06-21,"aba102",43.5,-75
16.5,3.41,30.07,2018-06-22,"aba102",43.5,-75
14.4,4.49,8.06,2018-06-23,"aba102",43.5,-75
15.9,3.35,10.97,2018-06-24,"aba102",43.5,-75
15.6,4.79,29.51,2018-06-25,"aba102",43.5,-75
15.3,2.66,30.61,2018-06-26,"aba102",43.5,-75
15.7,4.88,7.38,2018-06-27,"aba102",43.5,-75
18.9,4.17,12.46,2018-06-28,"aba102",43.5,-75
21.1,4.3,26.61,2018-06-29,"aba102",43.5,-75
24.1,4.79,25.77,2018-06-30,"aba102",43.5,-75
26.6,2.83,28.5,2018-07-01,"aba102",43.5,-75
25.3,4.02,25.35,2018-07-02,"aba102",43.5,-75
24.2,2.87,27.69,2018-07-03,"aba102",43.5,-75
24.5,3.1,29.05,2018-07-04,"aba102",43.5,-75
24.1,4.6,21.84,2018-07-05,"aba102",43.5,-75
19.9,5.99,25.23,2018-07-06,"aba102",43.5,-75
16.1,3.3,26.69,2018-07-07,"aba102",43.5,-75
18.5,2.9,30.29,2018-07-08,"aba102",43.5,-75
21.3,3.76,30.43,2018-07-09,"aba102",43.5,-75
21.2,4.49,24.49,2018-07-10,"aba102",43.5,-75
19.6,4.24,28.87,2018-07-11,"aba102",43.5,-75
18.7,2.91,23.89,2018-07-12,"aba102",43.5,-75
20.4,3.11,27.08,2018-07-13,"aba102",43.5,-75
22.2,5.1,20.46,2018-07-14,"aba102",43.5,-75
23,2.51,22.99,2018-07-15,"aba102",43.5,-75
23.2,2.76,24.46,2018-07-16,"aba102",43.5,-75
21.2,5,14.01,2018-07-17,"aba102",43.5,-75
17.4,4.2,29.94,2018-07-18,"aba102",43.5,-75
17,2.31,29.76,2018-07-19,"aba102",43.5,-75
20.1,4.08,29.74,2018-07-20,"aba102",43.5,-75
20.7,4.53,28.67,2018-07-21,"aba102",43.5,-75
20.7,8.15,14.92,2018-07-22,"aba102",43.5,-75
22.6,5.73,13.31,2018-07-23,"aba102",43.5,-75
22.4,5.85,10.69,2018-07-24,"aba102",43.5,-75
21.1,5.2,6.08,2018-07-25,"aba102",43.5,-75
21.2,3.91,26.03,2018-07-26,"aba102",43.5,-75
19.9,3.72,16.36,2018-07-27,"aba102",43.5,-75
18.7,4.04,20.73,2018-07-28,"aba102",43.5,-75
17.6,3.24,19.49,2018-07-29,"aba102",43.5,-75
18.5,2.66,21.09,2018-07-30,"aba102",43.5,-75
20.1,3.26,17.29,2018-07-31,"aba102",43.5,-75
21.1,4.85,9.52,2018-08-01,"aba102",43.5,-75
21.2,3.92,17.42,2018-08-02,"aba102",43.5,-75
20,2.41,7.87,2018-08-03,"aba102",43.5,-75
21.1,3.01,23.83,2018-08-04,"aba102",43.5,-75
22.1,2.92,26.89,2018-08-05,"aba102",43.5,-75
23.6,4.05,23.85,2018-08-06,"aba102",43.5,-75
21.3,3.8,16.04,2018-08-07,"aba102",43.5,-75
20.7,2.77,14.4,2018-08-08,"aba102",43.5,-75
20.9,5.54,23.38,2018-08-09,"aba102",43.5,-75
20,2.8,25.94,2018-08-10,"aba102",43.5,-75
18.4,3.12,17.83,2018-08-11,"aba102",43.5,-75
20.1,2.62,17.47,2018-08-12,"aba102",43.5,-75
20.4,2.56,11.64,2018-08-13,"aba102",43.5,-75
20.1,4.26,12.51,2018-08-14,"aba102",43.5,-75
20.7,4.23,20.27,2018-08-15,"aba102",43.5,-75
21.3,4.07,18.77,2018-08-16,"aba102",43.5,-75
20.2,4.06,7,2018-08-17,"aba102",43.5,-75
18.7,4.36,13.97,2018-08-18,"aba102",43.5,-75
18.4,3.61,18.94,2018-08-19,"aba102",43.5,-75
18.3,3.47,21.61,2018-08-20,"aba102",43.5,-75
18.2,6.17,7.78,2018-08-21,"aba102",43.5,-75
17.8,5.94,14.04,2018-08-22,"aba102",43.5,-75
15,4.68,19.52,2018-08-23,"aba102",43.5,-75
17.9,3.2,23.78,2018-08-24,"aba102",43.5,-75
18.6,4,20.3,2018-08-25,"aba102",43.5,-75
19,4.46,13.49,2018-08-26,"aba102",43.5,-75
20.9,3.47,15.44,2018-08-27,"aba102",43.5,-75
24.4,6.13,19.3,2018-08-28,"aba102",43.5,-75
23.8,5.5,17.48,2018-08-29,"aba102",43.5,-75
17.5,3.86,15.08,2018-08-30,"aba102",43.5,-75
16.2,3.94,15,2018-08-31,"aba102",43.5,-75
19,4.43,11.51,2018-09-01,"aba102",43.5,-75
20.4,3.76,12.71,2018-09-02,"aba102",43.5,-75
22.8,4.37,18.24,2018-09-03,"aba102",43.5,-75
21.8,3.1,18.93,2018-09-04,"aba102",43.5,-75
23.1,3.64,19.47,2018-09-05,"aba102",43.5,-75
21.2,4.02,12.09,2018-09-06,"aba102",43.5,-75
16.4,3.1,20.36,2018-09-07,"aba102",43.5,-75
12.2,3.93,14.91,2018-09-08,"aba102",43.5,-75
9.5,3.52,14.47,2018-09-09,"aba102",43.5,-75
9.6,7.05,3.14,2018-09-10,"aba102",43.5,-75
14.5,6.11,4.89,2018-09-11,"aba102",43.5,-75
17.4,1.62,10.35,2018-09-12,"aba102",43.5,-75
19,2.95,17.02,2018-09-13,"aba102",43.5,-75
19.3,2.96,15.72,2018-09-14,"aba102",43.5,-75
20.5,1.94,14.71,2018-09-15,"aba102",43.5,-75
21.5,2.36,17.88,2018-09-16,"aba102",43.5,-75
20.4,4.43,17.54,2018-09-17,"aba102",43.5,-75
20.5,4.25,14.91,2018-09-18,"aba102",43.5,-75
16,3.33,16.66,2018-09-19,"aba102",43.5,-75
14,3.69,15.55,2018-09-20,"aba102",43.5,-75
17.9,7.5,9.71,2018-09-21,"aba102",43.5,-75
11.7,7.55,15.83,2018-09-22,"aba102",43.5,-75
9.1,3.26,19.22,2018-09-23,"aba102",43.5,-75
10.2,5.25,18.62,2018-09-24,"aba102",43.5,-75
9.8,6.73,2.16,2018-09-25,"aba102",43.5,-75
17,6.28,2.67,2018-09-26,"aba102",43.5,-75
10.8,4.06,14.82,2018-09-27,"aba102",43.5,-75
12.1,3.67,9.19,2018-09-28,"aba102",43.5,-75
10.1,4.6,9.87,2018-09-29,"aba102",43.5,-75
8.1,3.35,10.15,2018-09-30,"aba102",43.5,-75
9.3,3.28,2.08,2018-10-01,"aba102",43.5,-75
12.8,4.92,1.9,2018-10-02,"aba102",43.5,-75
11.3,4.16,4.85,2018-10-03,"aba102",43.5,-75
13.7,4.61,5.94,2018-10-04,"aba102",43.5,-75
8.6,4.2,16.28,2018-10-05,"aba102",43.5,-75
12.1,4.32,3.64,2018-10-06,"aba102",43.5,-75
14.6,3.68,3.94,2018-10-07,"aba102",43.5,-75
13.1,4.54,5.73,2018-10-08,"aba102",43.5,-75
18.9,4.4,9.45,2018-10-09,"aba102",43.5,-75
19.3,4.12,10.3,2018-10-10,"aba102",43.5,-75
16.5,5,1.25,2018-10-11,"aba102",43.5,-75
7.1,5.98,5.1,2018-10-12,"aba102",43.5,-75
3.5,6.06,9.45,2018-10-13,"aba102",43.5,-75
4.7,3.45,12.02,2018-10-14,"aba102",43.5,-75
6.7,7.45,1.27,2018-10-15,"aba102",43.5,-75
3.7,7.65,7.84,2018-10-16,"aba102",43.5,-75
2.8,6.4,7.79,2018-10-17,"aba102",43.5,-75
-0.6,5.73,12.54,2018-10-18,"aba102",43.5,-75
5.6,5.37,13.94,2018-10-19,"aba102",43.5,-75
7.3,6.23,9.43,2018-10-20,"aba102",43.5,-75
-0.3,6.29,5.62,2018-10-21,"aba102",43.5,-75
0.5,3.89,5.86,2018-10-22,"aba102",43.5,-75
3.5,3.55,8.47,2018-10-23,"aba102",43.5,-75
2.6,6.07,8.42,2018-10-24,"aba102",43.5,-75
-1,4.8,5.09,2018-10-25,"aba102",43.5,-75
-1.1,3.67,11.21,2018-10-26,"aba102",43.5,-75
0.6,6.41,2.42,2018-10-27,"aba102",43.5,-75
1.5,3.76,2.89,2018-10-28,"aba102",43.5,-75
2.7,5.04,3.95,2018-10-29,"aba102",43.5,-75
0,4.53,8.33,2018-10-30,"aba102",43.5,-75
4.6,4.8,4.17,2018-10-31,"aba102",43.5,-75
6.9,5.99,1.58,2018-11-01,"aba102",43.5,-75
11,5.67,5.9,2018-11-02,"aba102",43.5,-75
3.5,7.27,2.89,2018-11-03,"aba102",43.5,-75
1.8,4.78,10.24,2018-11-04,"aba102",43.5,-75
2.7,6.09,1.78,2018-11-05,"aba102",43.5,-75
7.1,6.24,2.34,2018-11-06,"aba102",43.5,-75
6.2,7.12,5.98,2018-11-07,"aba102",43.5,-75
1.8,4.71,6.02,2018-11-08,"aba102",43.5,-75
-0.9,7.04,2.29,2018-11-09,"aba102",43.5,-75
-1.3,9.07,9.38,2018-11-10,"aba102",43.5,-75
-3.4,4.96,7.18,2018-11-11,"aba102",43.5,-75
-0.4,3.41,8.83,2018-11-12,"aba102",43.5,-75
-1.2,4.75,2.87,2018-11-13,"aba102",43.5,-75
-9.1,7.62,9.69,2018-11-14,"aba102",43.5,-75
-10.4,5.47,5.68,2018-11-15,"aba102",43.5,-75
-3.6,5.51,3.79,2018-11-16,"aba102",43.5,-75
-0.1,5.51,4.77,2018-11-17,"aba102",43.5,-75
-5.2,3.16,6.02,2018-11-18,"aba102",43.5,-75
-1.6,3.42,4.8,2018-11-19,"aba102",43.5,-75
-3.5,3.98,5.11,2018-11-20,"aba102",43.5,-75
-6.9,6.94,4.54,2018-11-21,"aba102",43.5,-75
-17.7,5.16,8.06,2018-11-22,"aba102",43.5,-75
-14.9,3.57,9.34,2018-11-23,"aba102",43.5,-75
-3.4,5.47,6.6,2018-11-24,"aba102",43.5,-75
1.9,5.3,2.1,2018-11-25,"aba102",43.5,-75
1.7,6.95,1.86,2018-11-26,"aba102",43.5,-75
-0.1,5.03,2.54,2018-11-27,"aba102",43.5,-75
-1.9,6.82,3.44,2018-11-28,"aba102",43.5,-75
-1.7,4.72,3.68,2018-11-29,"aba102",43.5,-75
-2.8,1.84,2.93,2018-11-30,"aba102",43.5,-75
-2.3,5.22,6.98,2018-12-01,"aba102",43.5,-75
1.1,6.33,1.14,2018-12-02,"aba102",43.5,-75
0.8,6.45,1.95,2018-12-03,"aba102",43.5,-75
-7.1,4.56,6.63,2018-12-04,"aba102",43.5,-75
-8.5,2.71,6.57,2018-12-05,"aba102",43.5,-75
-5,5.85,4.18,2018-12-06,"aba102",43.5,-75
-9.7,4.7,5.96,2018-12-07,"aba102",43.5,-75
-14.5,3.24,6.91,2018-12-08,"aba102",43.5,-75
-8,4.32,6.86,2018-12-09,"aba102",43.5,-75
-8.8,2.95,6.34,2018-12-10,"aba102",43.5,-75
-9.3,2.52,5.49,2018-12-11,"aba102",43.5,-75
-7,3.81,4.89,2018-12-12,"aba102",43.5,-75
-8.5,4.43,4.19,2018-12-13,"aba102",43.5,-75
-0.2,4.66,2.56,2018-12-14,"aba102",43.5,-75
2,3.36,5.7,2018-12-15,"aba102",43.5,-75
-0.5,4.7,2.69,2018-12-16,"aba102",43.5,-75
-1.6,6.66,2.96,2018-12-17,"aba102",43.5,-75
-10.8,6.73,6.02,2018-12-18,"aba102",43.5,-75
-8,2.55,6.83,2018-12-19,"aba102",43.5,-75
-0.7,5.08,7.53,2018-12-20,"aba102",43.5,-75
7.5,9.02,1.33,2018-12-21,"aba102",43.5,-75
-1.1,6.8,2.24,2018-12-22,"aba102",43.5,-75
-5.8,4.97,6.5,2018-12-23,"aba102",43.5,-75
-3.1,4.32,3.99,2018-12-24,"aba102",43.5,-75
-8.5,3.11,7.02,2018-12-25,"aba102",43.5,-75
-7.5,4.1,3,2018-12-26,"aba102",43.5,-75
-8.5,6.36,6.96,2018-12-27,"aba102",43.5,-75
2.7,6.85,0.78,2018-12-28,"aba102",43.5,-75
-1.5,7.11,2.28,2018-12-29,"aba102",43.5,-75
-6.9,2.73,4.59,2018-12-30,"aba102",43.5,-75
-3.1,6.97,5.07,2018-12-31,"aba102",43.5,-75
-0.5,8.1,2.49,2019-01-01,"aba102",43.5,-75
-8.8,4.34,8.01,2019-01-02,"aba102",43.5,-75
-3.3,5.22,3.9,2019-01-03,"aba102",43.5,-75
-1.1,4.31,7.92,2019-01-04,"aba102",43.5,-75
-1.2,3.47,7.14,2019-01-05,"aba102",43.5,-75
-3.8,6.56,6.03,2019-01-06,"aba102",43.5,-75
-13,6.72,4.29,2019-01-07,"aba102",43.5,-75
-1.6,6.83,2.67,2019-01-08,"aba102",43.5,-75
-1.5,6.04,3.26,2019-01-09,"aba102",43.5,-75
-8.8,6.84,5.19,2019-01-10,"aba102",43.5,-75
-17.6,5.02,8.21,2019-01-11,"aba102",43.5,-75
-16,3.2,8.97,2019-01-12,"aba102",43.5,-75
-14.6,2.9,9.22,2019-01-13,"aba102",43.5,-75
-14.1,2.61,8.87,2019-01-14,"aba102",43.5,-75
-7.8,3.14,4.04,2019-01-15,"aba102",43.5,-75
-5.4,6.82,4.56,2019-01-16,"aba102",43.5,-75
-16.2,4.25,8.7,2019-01-17,"aba102",43.5,-75
-6.9,4.2,3.2,2019-01-18,"aba102",43.5,-75
-11.3,5.48,4.21,2019-01-19,"aba102",43.5,-75
-14.7,6.75,2.85,2019-01-20,"aba102",43.5,-75
-23.9,6.9,8.27,2019-01-21,"aba102",43.5,-75
-18.3,5.12,9.38,2019-01-22,"aba102",43.5,-75
-4.7,5.73,2.57,2019-01-23,"aba102",43.5,-75
0.8,6.06,1.13,2019-01-24,"aba102",43.5,-75
-6.4,7.37,8.54,2019-01-25,"aba102",43.5,-75
-12,4.52,8.51,2019-01-26,"aba102",43.5,-75
-8.2,6.95,4.97,2019-01-27,"aba102",43.5,-75
-13.7,5.3,10.71,2019-01-28,"aba102",43.5,-75
-9.2,6.3,3.47,2019-01-29,"aba102",43.5,-75
-14.9,6.4,8.47,2019-01-30,"aba102",43.5,-75
-18.7,7.37,8.09,2019-01-31,"aba102",43.5,-75
-16.8,4.53,9.72,2019-02-01,"aba102",43.5,-75
-12,4.37,8.52,2019-02-02,"aba102",43.5,-75
-0.7,4.26,3.41,2019-02-03,"aba102",43.5,-75
4.1,4.74,7.43,2019-02-04,"aba102",43.5,-75
2,5.26,4.37,2019-02-05,"aba102",43.5,-75
-4.3,4.97,6.52,2019-02-06,"aba102",43.5,-75
1.4,6.94,3.09,2019-02-07,"aba102",43.5,-75
-1.8,8.34,5.23,2019-02-08,"aba102",43.5,-75
-10.8,7.69,11.96,2019-02-09,"aba102",43.5,-75
-10.6,3.7,8.23,2019-02-10,"aba102",43.5,-75
-8.4,3.31,11.17,2019-02-11,"aba102",43.5,-75
-11.4,8.41,2.32,2019-02-12,"aba102",43.5,-75
-5,7.38,9.8,2019-02-13,"aba102",43.5,-75
-5.6,5.64,7.92,2019-02-14,"aba102",43.5,-75
0.1,6.17,5.34,2019-02-15,"aba102",43.5,-75
-6.5,5.41,6.61,2019-02-16,"aba102",43.5,-75
-10.2,3.51,12.88,2019-02-17,"aba102",43.5,-75
-8.4,4.63,6.65,2019-02-18,"aba102",43.5,-75
-13.9,4.46,13.99,2019-02-19,"aba102",43.5,-75
-10.2,5.69,6.78,2019-02-20,"aba102",43.5,-75
-1.4,7.64,5.98,2019-02-21,"aba102",43.5,-75
-3.4,5.19,8.4,2019-02-22,"aba102",43.5,-75
-4.7,4.78,12.74,2019-02-23,"aba102",43.5,-75
-0.3,8.63,3.06,2019-02-24,"aba102",43.5,-75
-6,11.05,10.86,2019-02-25,"aba102",43.5,-75
-13.1,6.8,15.68,2019-02-26,"aba102",43.5,-75
-16.1,3.83,7.25,2019-02-27,"aba102",43.5,-75
-11.8,3.42,16.52,2019-02-28,"aba102",43.5,-75
-8.2,2.86,16.64,2019-03-01,"aba102",43.5,-75
-3.1,3.01,9.01,2019-03-02,"aba102",43.5,-75
-4.2,3.79,10.15,2019-03-03,"aba102",43.5,-75
-7.7,5.55,11.98,2019-03-04,"aba102",43.5,-75
-12,4.75,13.83,2019-03-05,"aba102",43.5,-75
-14,6.53,16.05,2019-03-06,"aba102",43.5,-75
-13.3,6.61,15.27,2019-03-07,"aba102",43.5,-75
-9.1,3.59,17.73,2019-03-08,"aba102",43.5,-75
-4.7,5.65,18.84,2019-03-09,"aba102",43.5,-75
-1.3,9.26,4.27,2019-03-10,"aba102",43.5,-75
-0.9,8.8,9.48,2019-03-11,"aba102",43.5,-75
-4.6,5.73,10.99,2019-03-12,"aba102",43.5,-75
-3.1,3.68,10.63,2019-03-13,"aba102",43.5,-75
5.2,5.88,14.15,2019-03-14,"aba102",43.5,-75
6,6.03,10.3,2019-03-15,"aba102",43.5,-75
-2,8.16,13.51,2019-03-16,"aba102",43.5,-75
-7.2,5.73,15.03,2019-03-17,"aba102",43.5,-75
-6.8,5.29,17.63,2019-03-18,"aba102",43.5,-75
-5.8,4.62,18.84,2019-03-19,"aba102",43.5,-75
-0.7,4.06,20.05,2019-03-20,"aba102",43.5,-75
2.7,4.71,10.54,2019-03-21,"aba102",43.5,-75
0.1,7.42,5.16,2019-03-22,"aba102",43.5,-75
-6,7.25,16.81,2019-03-23,"aba102",43.5,-75
-1,5.02,19.97,2019-03-24,"aba102",43.5,-75
-4.1,4.3,22.99,2019-03-25,"aba102",43.5,-75
-6.5,4.03,23.11,2019-03-26,"aba102",43.5,-75
-3.7,4.14,22.83,2019-03-27,"aba102",43.5,-75
3.6,5.79,17.1,2019-03-28,"aba102",43.5,-75
4.3,3.81,12.39,2019-03-29,"aba102",43.5,-75
6.8,5.94,7.25,2019-03-30,"aba102",43.5,-75
2.6,6.51,6.9,2019-03-31,"aba102",43.5,-75
-4,7.03,21.25,2019-04-01,"aba102",43.5,-75
0.3,5.26,20.4,2019-04-02,"aba102",43.5,-75
2.2,9.36,20.25,2019-04-03,"aba102",43.5,-75
-1,6.71,23.57,2019-04-04,"aba102",43.5,-75
-1.8,4.24,9.1,2019-04-05,"aba102",43.5,-75
3.5,4.9,10.53,2019-04-06,"aba102",43.5,-75
9,4.59,16.13,2019-04-07,"aba102",43.5,-75
9.1,6.42,7.48,2019-04-08,"aba102",43.5,-75
5.5,7.52,12.98,2019-04-09,"aba102",43.5,-75
-0.5,4.39,12.5,2019-04-10,"aba102",43.5,-75
1.5,3.72,20.86,2019-04-11,"aba102",43.5,-75
9.4,6.14,17.1,2019-04-12,"aba102",43.5,-75
12.9,5.82,21.72,2019-04-13,"aba102",43.5,-75
7,7,7.89,2019-04-14,"aba102",43.5,-75
5.2,7.57,4.83,2019-04-15,"aba102",43.5,-75
3,6.4,25.6,2019-04-16,"aba102",43.5,-75
6.3,4.74,26.18,2019-04-17,"aba102",43.5,-75
9.7,8.26,15.92,2019-04-18,"aba102",43.5,-75
15.9,6.36,9.77,2019-04-19,"aba102",43.5,-75
16.1,6.35,5.63,2019-04-20,"aba102",43.5,-75
11.9,4.61,15.57,2019-04-21,"aba102",43.5,-75
12.6,3.72,19.29,2019-04-22,"aba102",43.5,-75
14.2,5.1,23.09,2019-04-23,"aba102",43.5,-75
4.1,6.51,5.99,2019-04-24,"aba102",43.5,-75
8.3,3.4,25.58,2019-04-25,"aba102",43.5,-75
9.8,10.44,4.6,2019-04-26,"aba102",43.5,-75
1.3,8.61,9.45,2019-04-27,"aba102",43.5,-75
3.1,4.44,14.94,2019-04-28,"aba102",43.5,-75
4.2,2.9,23.44,2019-04-29,"aba102",43.5,-75
6.2,3.58,9.51,2019-04-30,"aba102",43.5,-75
6.5,6.01,7.95,2019-05-01,"aba102",43.5,-75
11,3.91,8.64,2019-05-02,"aba102",43.5,-75
11.3,4.97,5.51,2019-05-03,"aba102",43.5,-75
12.1,3.16,9.94,2019-05-04,"aba102",43.5,-75
12.8,3,15.69,2019-05-05,"aba102",43.5,-75
14.8,4.1,20.49,2019-05-06,"aba102",43.5,-75
10.9,3.08,9.13,2019-05-07,"aba102",43.5,-75
8.6,3.79,29.42,2019-05-08,"aba102",43.5,-75
10.2,6.13,18.3,2019-05-09,"aba102",43.5,-75
11.2,6.32,5.64,2019-05-10,"aba102",43.5,-75
8,4.6,20.29,2019-05-11,"aba102",43.5,-75
5.6,5.05,7.26,2019-05-12,"aba102",43.5,-75
4.7,5.71,4.98,2019-05-13,"aba102",43.5,-75
3.2,3.91,6.13,2019-05-14,"aba102",43.5,-75
7.9,4.3,21.15,2019-05-15,"aba102",43.5,-75
10.4,4.88,23.03,2019-05-16,"aba102",43.5,-75
12.1,5.5,20.44,2019-05-17,"aba102",43.5,-75
11.3,3.49,27.12,2019-05-18,"aba102",43.5,-75
18,5.06,19.68,2019-05-19,"aba102",43.5,-75
16,6.32,14.93,2019-05-20,"aba102",43.5,-75
9.4,7.57,16.41,2019-05-21,"aba102",43.5,-75
12.8,4.08,29.07,2019-05-22,"aba102",43.5,-75
16.2,5.47,15.29,2019-05-23,"aba102",43.5,-75
12.3,5.77,8.78,2019-05-24,"aba102",43.5,-75
13.6,4.81,19.68,2019-05-25,"aba102",43.5,-75
18.1,5.94,22.27,2019-05-26,"aba102",43.5,-75
15.3,4.8,25.65,2019-05-27,"aba102",43.5,-75
9.1,6.2,4.81,2019-05-28,"aba102",43.5,-75
10.9,2.25,9.89,2019-05-29,"aba102",43.5,-75
13.4,3.42,21.36,2019-05-30,"aba102",43.5,-75
14.3,4.34,25.66,2019-05-31,"aba102",43.5,-75
14.3,4.13,21.23,2019-06-01,"aba102",43.5,-75
14,4.59,11.65,2019-06-02,"aba102",43.5,-75
7.8,7.8,19.88,2019-06-03,"aba102",43.5,-75
8.7,5.92,19.05,2019-06-04,"aba102",43.5,-75
15.1,4.13,12.52,2019-06-05,"aba102",43.5,-75
17.1,3.42,27.48,2019-06-06,"aba102",43.5,-75
16.4,3.8,31.11,2019-06-07,"aba102",43.5,-75
17.8,3.29,31.33,2019-06-08,"aba102",43.5,-75
18.7,3.55,30.43,2019-06-09,"aba102",43.5,-75
17.5,6.02,20.42,2019-06-10,"aba102",43.5,-75
14.2,6.89,15.93,2019-06-11,"aba102",43.5,-75
15,4,30.58,2019-06-12,"aba102",43.5,-75
13.1,6.05,12.9,2019-06-13,"aba102",43.5,-75
11.4,6.49,5.02,2019-06-14,"aba102",43.5,-75
15.3,6.72,20.93,2019-06-15,"aba102",43.5,-75
15.5,3.41,6.32,2019-06-16,"aba102",43.5,-75
15.6,3,29.23,2019-06-17,"aba102",43.5,-75
17.5,2.28,20.51,2019-06-18,"aba102",43.5,-75
18.8,2.5,19.36,2019-06-19,"aba102",43.5,-75
17.7,4.77,5.54,2019-06-20,"aba102",43.5,-75
16.7,5.86,23.26,2019-06-21,"aba102",43.5,-75
16.4,6.22,26.3,2019-06-22,"aba102",43.5,-75
17.5,4.81,30.89,2019-06-23,"aba102",43.5,-75
18.5,3.7,21.36,2019-06-24,"aba102",43.5,-75
19.9,4.64,15.7,2019-06-25,"aba102",43.5,-75
19.9,4.24,26.16,2019-06-26,"aba102",43.5,-75
20.1,3.61,29.83,2019-06-27,"aba102",43.5,-75
21.2,3.5,28.33,2019-06-28,"aba102",43.5,-75
20.6,4.27,18.53,2019-06-29,"aba102",43.5,-75
17,6.06,18.22,2019-06-30,"aba102",43.5,-75
18,3.8,30.2,2019-07-01,"aba102",43.5,-75
18.6,3.35,15.73,2019-07-02,"aba102",43.5,-75
21.2,2.44,25.08,2019-07-03,"aba102",43.5,-75
22.5,3.62,25.33,2019-07-04,"aba102",43.5,-75
23.3,3.74,22.22,2019-07-05,"aba102",43.5,-75
22.2,3.96,13.79,2019-07-06,"aba102",43.5,-75
19.2,3.61,30.14,2019-07-07,"aba102",43.5,-75
18.2,3.2,30.6,2019-07-08,"aba102",43.5,-75
19.1,3,29.93,2019-07-09,"aba102",43.5,-75
21.2,2.62,28.12,2019-07-10,"aba102",43.5,-75
21.5,4.5,17.41,2019-07-11,"aba102",43.5,-75
19,4.2,17.74,2019-07-12,"aba102",43.5,-75
19.8,3.76,27.44,2019-07-13,"aba102",43.5,-75
19.7,5.02,21.15,2019-07-14,"aba102",43.5,-75
18.4,3.19,27.39,2019-07-15,"aba102",43.5,-75
20.4,4.24,19.26,2019-07-16,"aba102",43.5,-75
20.3,3.58,3.07,2019-07-17,"aba102",43.5,-75
20.7,3.14,19.83,2019-07-18,"aba102",43.5,-75
22.9,5.02,17.91,2019-07-19,"aba102",43.5,-75
24.3,3.83,17.05,2019-07-20,"aba102",43.5,-75
23.4,5.03,25.45,2019-07-21,"aba102",43.5,-75
16.8,2.82,5,2019-07-22,"aba102",43.5,-75
17.7,2.92,21.15,2019-07-23,"aba102",43.5,-75
17.3,3.2,23.67,2019-07-24,"aba102",43.5,-75
18.1,3.57,26.82,2019-07-25,"aba102",43.5,-75
20.1,2.12,23.63,2019-07-26,"aba102",43.5,-75
20.8,3.82,23.81,2019-07-27,"aba102",43.5,-75
21.2,5.24,19.59,2019-07-28,"aba102",43.5,-75
21.9,2.97,19.97,2019-07-29,"aba102",43.5,-75
22.4,5.09,22.58,2019-07-30,"aba102",43.5,-75
20.1,3.86,21.66,2019-07-31,"aba102",43.5,-75
18.3,2.75,28.56,2019-08-01,"aba102",43.5,-75
17.9,2.53,28.48,2019-08-02,"aba102",43.5,-75
19.7,3.44,24.55,2019-08-03,"aba102",43.5,-75
18.6,3.56,25.73,2019-08-04,"aba102",43.5,-75
17.2,3.16,28.11,2019-08-05,"aba102",43.5,-75
19.5,3.69,22.02,2019-08-06,"aba102",43.5,-75
19.2,2.86,10,2019-08-07,"aba102",43.5,-75
18.8,5.28,19.91,2019-08-08,"aba102",43.5,-75
16.7,6.1,22.67,2019-08-09,"aba102",43.5,-75
14.2,6.17,20.14,2019-08-10,"aba102",43.5,-75
15.8,5.17,19.62,2019-08-11,"aba102",43.5,-75
18.3,4.47,21.61,2019-08-12,"aba102",43.5,-75
19.5,3.4,12.78,2019-08-13,"aba102",43.5,-75
18.6,3.32,24.2,2019-08-14,"aba102",43.5,-75
17.9,3.08,24.47,2019-08-15,"aba102",43.5,-75
18.3,3.42,12.25,2019-08-16,"aba102",43.5,-75
19.6,3.75,15.08,2019-08-17,"aba102",43.5,-75
19.9,3.48,19.78,2019-08-18,"aba102",43.5,-75
20.5,4.92,19.75,2019-08-19,"aba102",43.5,-75
18.9,2.95,25.69,2019-08-20,"aba102",43.5,-75
18.9,3.62,9.51,2019-08-21,"aba102",43.5,-75
18.5,4.63,19.9,2019-08-22,"aba102",43.5,-75
14.5,3.83,20.94,2019-08-23,"aba102",43.5,-75
13.3,3.1,12.91,2019-08-24,"aba102",43.5,-75
15.1,2.82,17.81,2019-08-25,"aba102",43.5,-75
15.1,3.38,25.06,2019-08-26,"aba102",43.5,-75
15.9,4.85,15.27,2019-08-27,"aba102",43.5,-75
17.4,3.57,6.24,2019-08-28,"aba102",43.5,-75
15.2,4.9,17.62,2019-08-29,"aba102",43.5,-75
15.6,5.5,16.48,2019-08-30,"aba102",43.5,-75
13.3,3.98,17.52,2019-08-31,"aba102",43.5,-75
13.6,4.4,16.99,2019-09-01,"aba102",43.5,-75
15.9,5.48,7.86,2019-09-02,"aba102",43.5,-75
16.4,4.56,17.37,2019-09-03,"aba102",43.5,-75
17.1,6,10.1,2019-09-04,"aba102",43.5,-75
13.1,2.58,22.7,2019-09-05,"aba102",43.5,-75
13.8,3.78,21.62,2019-09-06,"aba102",43.5,-75
12.7,5.5,11.47,2019-09-07,"aba102",43.5,-75
12.2,4.11,13,2019-09-08,"aba102",43.5,-75
11.3,2.91,19.07,2019-09-09,"aba102",43.5,-75
14.5,4.6,19.11,2019-09-10,"aba102",43.5,-75
19.6,4.36,12.09,2019-09-11,"aba102",43.5,-75
14.3,3.33,8.52,2019-09-12,"aba102",43.5,-75
12.5,5.95,21.51,2019-09-13,"aba102",43.5,-75
13.9,5.88,4.41,2019-09-14,"aba102",43.5,-75
13.5,4.64,13.94,2019-09-15,"aba102",43.5,-75
12.2,2.94,19.95,2019-09-16,"aba102",43.5,-75
11.4,3.48,20.61,2019-09-17,"aba102",43.5,-75
11.2,2.91,20.64,2019-09-18,"aba102",43.5,-75
10.9,2.82,20.56,2019-09-19,"aba102",43.5,-75
13.7,2.2,19.38,2019-09-20,"aba102",43.5,-75
15.7,2.06,19.23,2019-09-21,"aba102",43.5,-75
18.6,4.12,16.8,2019-09-22,"aba102",43.5,-75
19.3,6.24,7.32,2019-09-23,"aba102",43.5,-75
12.4,5.42,10.43,2019-09-24,"aba102",43.5,-75
13,3.61,15.87,2019-09-25,"aba102",43.5,-75
13.1,4.02,4.39,2019-09-26,"aba102",43.5,-75
11.4,4.41,17.91,2019-09-27,"aba102",43.5,-75
16.5,5.01,9.94,2019-09-28,"aba102",43.5,-75
11.8,4.03,16.98,2019-09-29,"aba102",43.5,-75
10.7,3.58,13.92,2019-09-30,"aba102",43.5,-75
16.9,5.54,7.8,2019-10-01,"aba102",43.5,-75
13.8,5.1,2.71,2019-10-02,"aba102",43.5,-75
5.8,4.91,3.54,2019-10-03,"aba102",43.5,-75
5.7,5.15,7.32,2019-10-04,"aba102",43.5,-75
4.1,4.47,17.59,2019-10-05,"aba102",43.5,-75
9.8,6.41,5.64,2019-10-06,"aba102",43.5,-75
11.7,4.37,2.07,2019-10-07,"aba102",43.5,-75
9.2,3.02,16.49,2019-10-08,"aba102",43.5,-75
7.8,3.42,12.96,2019-10-09,"aba102",43.5,-75
10.7,3.61,15.81,2019-10-10,"aba102",43.5,-75
11.2,4.06,14.89,2019-10-11,"aba102",43.5,-75
9.5,3.68,8.96,2019-10-12,"aba102",43.5,-75
8.2,4.88,15.47,2019-10-13,"aba102",43.5,-75
7.7,5.01,12.29,2019-10-14,"aba102",43.5,-75
5.4,3.7,14.04,2019-10-15,"aba102",43.5,-75
8.5,8.07,6.98,2019-10-16,"aba102",43.5,-75
5.8,7.25,1.54,2019-10-17,"aba102",43.5,-75
4,6.31,4.37,2019-10-18,"aba102",43.5,-75
3.3,2.89,13.99,2019-10-19,"aba102",43.5,-75
4.7,3.71,5.84,2019-10-20,"aba102",43.5,-75
8.2,5.1,12.69,2019-10-21,"aba102",43.5,-75
10.3,6.72,6.68,2019-10-22,"aba102",43.5,-75
8.6,5.66,10.93,2019-10-23,"aba102",43.5,-75
7.6,5.25,7.88,2019-10-24,"aba102",43.5,-75
5.6,1.77,4.51,2019-10-25,"aba102",43.5,-75
5.5,4.83,8.35,2019-10-26,"aba102",43.5,-75
7.3,8.76,1.62,2019-10-27,"aba102",43.5,-75
9.4,4.77,8.79,2019-10-28,"aba102",43.5,-75
10.3,5.42,8.76,2019-10-29,"aba102",43.5,-75
12.1,4.22,4.09,2019-10-30,"aba102",43.5,-75
14.4,8.63,1.09,2019-10-31,"aba102",43.5,-75
3.7,9.92,5.54,2019-11-01,"aba102",43.5,-75
1.9,3.32,8.6,2019-11-02,"aba102",43.5,-75
1.3,5.22,7.86,2019-11-03,"aba102",43.5,-75
2.5,5.56,6.3,2019-11-04,"aba102",43.5,-75
5.1,5.47,1.5,2019-11-05,"aba102",43.5,-75
0.2,6.11,7.59,2019-11-06,"aba102",43.5,-75
-0.1,3.86,2.52,2019-11-07,"aba102",43.5,-75
-7,5.86,8.22,2019-11-08,"aba102",43.5,-75
-5.7,4.71,10.19,2019-11-09,"aba102",43.5,-75
0.9,4.92,7.69,2019-11-10,"aba102",43.5,-75
-2,3.36,2.05,2019-11-11,"aba102",43.5,-75
-9,6.18,7.25,2019-11-12,"aba102",43.5,-75
-14.3,4.1,9.24,2019-11-13,"aba102",43.5,-75
-6.6,4.8,5.41,2019-11-14,"aba102",43.5,-75
-1.6,5.85,3.46,2019-11-15,"aba102",43.5,-75
-10,5.06,10.49,2019-11-16,"aba102",43.5,-75
-6.2,4.38,9.76,2019-11-17,"aba102",43.5,-75
-0.5,4.33,5.05,2019-11-18,"aba102",43.5,-75
-0.3,2.61,3.95,2019-11-19,"aba102",43.5,-75
-3,3.86,5.68,2019-11-20,"aba102",43.5,-75
-0.4,5.25,7.98,2019-11-21,"aba102",43.5,-75
1.4,6.91,2.82,2019-11-22,"aba102",43.5,-75
-3,5.42,7.35,2019-11-23,"aba102",43.5,-75
-0.2,3.52,1.77,2019-11-24,"aba102",43.5,-75
2.4,4.16,3.86,2019-11-25,"aba102",43.5,-75
3.9,4.53,7.51,2019-11-26,"aba102",43.5,-75
3.5,7.15,2.87,2019-11-27,"aba102",43.5,-75
-1.1,6.74,3.83,2019-11-28,"aba102",43.5,-75
-5.6,4.55,4.63,2019-11-29,"aba102",43.5,-75
-8.6,3.18,8.75,2019-11-30,"aba102",43.5,-75
-9,6.18,3.41,2019-12-01,"aba102",43.5,-75
-4,5.46,2.16,2019-12-02,"aba102",43.5,-75
-7.4,5.17,8.4,2019-12-03,"aba102",43.5,-75
-2.7,4.39,3.32,2019-12-04,"aba102",43.5,-75
-3.6,6.12,5.04,2019-12-05,"aba102",43.5,-75
-6.2,3.54,1.55,2019-12-06,"aba102",43.5,-75
-10.3,4.3,4.94,2019-12-07,"aba102",43.5,-75
-8.7,5.69,6.44,2019-12-08,"aba102",43.5,-75
2.7,6.04,3.15,2019-12-09,"aba102",43.5,-75
2.7,5.54,1.55,2019-12-10,"aba102",43.5,-75
-7.2,7.48,6.51,2019-12-11,"aba102",43.5,-75
-8.1,4.68,6.33,2019-12-12,"aba102",43.5,-75
-2.2,5.12,3.1,2019-12-13,"aba102",43.5,-75
3.7,6.45,1.84,2019-12-14,"aba102",43.5,-75
-2.6,7.79,4.81,2019-12-15,"aba102",43.5,-75
-9.6,3.67,6.7,2019-12-16,"aba102",43.5,-75
-5.8,3.37,1.66,2019-12-17,"aba102",43.5,-75
-8.3,6.11,4.79,2019-12-18,"aba102",43.5,-75
-19.2,5.34,7.2,2019-12-19,"aba102",43.5,-75
-16,3.28,7.78,2019-12-20,"aba102",43.5,-75
-10.3,3.69,5.23,2019-12-21,"aba102",43.5,-75
-4.6,3.47,6.72,2019-12-22,"aba102",43.5,-75
0.6,4.81,7.68,2019-12-23,"aba102",43.5,-75
-3.3,4.57,7.64,2019-12-24,"aba102",43.5,-75
-2.8,3.5,6.63,2019-12-25,"aba102",43.5,-75
-0.7,5.17,3.98,2019-12-26,"aba102",43.5,-75
2.7,4.66,0.94,2019-12-27,"aba102",43.5,-75
0.4,4.64,4.7,2019-12-28,"aba102",43.5,-75
-1.3,5.46,4.04,2019-12-29,"aba102",43.5,-75
-1.1,8.39,0.63,2019-12-30,"aba102",43.5,-75
-0.4,6.49,5.25,2019-12-31,"aba102",43.5,-75
-3,7.3,4.16,2020-01-01,"aba102",43.5,-75
-1.2,4.29,7.48,2020-01-02,"aba102",43.5,-75
3.7,3.41,2.05,2020-01-03,"aba102",43.5,-75
0.7,3.89,0.76,2020-01-04,"aba102",43.5,-75
-5,5.69,3.44,2020-01-05,"aba102",43.5,-75
-4,6.42,3.65,2020-01-06,"aba102",43.5,-75
-4.2,5.63,5.59,2020-01-07,"aba102",43.5,-75
-6.1,7.28,6.13,2020-01-08,"aba102",43.5,-75
-13.6,5.53,8.51,2020-01-09,"aba102",43.5,-75
-1,5.92,1.39,2020-01-10,"aba102",43.5,-75
9.6,7.34,1.8,2020-01-11,"aba102",43.5,-75
4.9,9.29,1.91,2020-01-12,"aba102",43.5,-75
-2.1,3.8,1.79,2020-01-13,"aba102",43.5,-75
0,4.34,7.06,2020-01-14,"aba102",43.5,-75
0.3,4.43,4.04,2020-01-15,"aba102",43.5,-75
-3.2,6.59,5.93,2020-01-16,"aba102",43.5,-75
-18.9,6.1,9.47,2020-01-17,"aba102",43.5,-75
-14.1,6.24,3.19,2020-01-18,"aba102",43.5,-75
-7.5,6.31,5.92,2020-01-19,"aba102",43.5,-75
-14.7,4.52,9.61,2020-01-20,"aba102",43.5,-75
-13.3,3.47,9.71,2020-01-21,"aba102",43.5,-75
-6.1,3.26,8.22,2020-01-22,"aba102",43.5,-75
-4.5,2.47,8.06,2020-01-23,"aba102",43.5,-75
0,5.2,8.06,2020-01-24,"aba102",43.5,-75
-0.4,7.18,1.71,2020-01-25,"aba102",43.5,-75
-0.5,5.41,5.19,2020-01-26,"aba102",43.5,-75
-1,4.62,5.01,2020-01-27,"aba102",43.5,-75
-4.1,3.68,3.78,2020-01-28,"aba102",43.5,-75
-8.9,3.24,10.95,2020-01-29,"aba102",43.5,-75
-10.5,3.11,10.23,2020-01-30,"aba102",43.5,-75
-5.1,3.05,7.66,2020-01-31,"aba102",43.5,-75
-2.1,2.32,6.09,2020-02-01,"aba102",43.5,-75
-4.4,3.67,5.01,2020-02-02,"aba102",43.5,-75
-1.3,6.26,4.3,2020-02-03,"aba102",43.5,-75
-0.2,3.64,4.94,2020-02-04,"aba102",43.5,-75
-5.6,3.74,10.13,2020-02-05,"aba102",43.5,-75
-3.4,4.33,1.17,2020-02-06,"aba102",43.5,-75
-3.9,6.67,1.84,2020-02-07,"aba102",43.5,-75
-14.5,4.49,11.1,2020-02-08,"aba102",43.5,-75
-10.6,4.53,10.77,2020-02-09,"aba102",43.5,-75
-1.3,5.46,2.91,2020-02-10,"aba102",43.5,-75
-1.1,4.63,4.64,2020-02-11,"aba102",43.5,-75
-2.2,5.66,8.97,2020-02-12,"aba102",43.5,-75
-2.7,4.1,4.04,2020-02-13,"aba102",43.5,-75
-17.6,3.8,14.32,2020-02-14,"aba102",43.5,-75
-14.7,4.68,13.77,2020-02-15,"aba102",43.5,-75
-2.9,4.74,6.67,2020-02-16,"aba102",43.5,-75
-5.3,3.47,10.88,2020-02-17,"aba102",43.5,-75
-3.3,7.25,3.19,2020-02-18,"aba102",43.5,-75
-4.6,7.65,13.09,2020-02-19,"aba102",43.5,-75
-11.2,5.38,12.28,2020-02-20,"aba102",43.5,-75
-11.3,4.14,14.44,2020-02-21,"aba102",43.5,-75
-5.1,4.83,11.62,2020-02-22,"aba102",43.5,-75
-1.8,3.61,14.02,2020-02-23,"aba102",43.5,-75
3,3.75,15.21,2020-02-24,"aba102",43.5,-75
3.3,2.91,6.53,2020-02-25,"aba102",43.5,-75
1.2,6.44,3.87,2020-02-26,"aba102",43.5,-75
-3.5,9.72,6,2020-02-27,"aba102",43.5,-75
-8.1,8.45,9.8,2020-02-28,"aba102",43.5,-75
-11.5,5.26,12.54,2020-02-29,"aba102",43.5,-75
-10,3.94,16.49,2020-03-01,"aba102",43.5,-75
1.4,4.75,6.2,2020-03-02,"aba102",43.5,-75
4.7,6.18,5.67,2020-03-03,"aba102",43.5,-75
0.8,6.63,12.61,2020-03-04,"aba102",43.5,-75
-1.4,4.75,10.23,2020-03-05,"aba102",43.5,-75
-0.4,5.63,10.71,2020-03-06,"aba102",43.5,-75
-5.8,5.44,18.9,2020-03-07,"aba102",43.5,-75
-1.7,4.12,18.04,2020-03-08,"aba102",43.5,-75
7.6,4.43,17.91,2020-03-09,"aba102",43.5,-75
6.7,5.53,3.9,2020-03-10,"aba102",43.5,-75
-2.3,4.53,11.42,2020-03-11,"aba102",43.5,-75
2.1,5.45,9.17,2020-03-12,"aba102",43.5,-75
3.9,8.05,7.51,2020-03-13,"aba102",43.5,-75
0.3,6.91,10.86,2020-03-14,"aba102",43.5,-75
-2,3.99,20.14,2020-03-15,"aba102",43.5,-75
-2.8,5.41,19.3,2020-03-16,"aba102",43.5,-75
1,5.6,6.46,2020-03-17,"aba102",43.5,-75
1.2,5.06,17.31,2020-03-18,"aba102",43.5,-75
3.2,4.69,6.64,2020-03-19,"aba102",43.5,-75
8.2,8.86,4.65,2020-03-20,"aba102",43.5,-75
-2.7,6.71,21.77,2020-03-21,"aba102",43.5,-75
-4.4,4.8,21.92,2020-03-22,"aba102",43.5,-75
-2.7,6.59,4.84,2020-03-23,"aba102",43.5,-75
-0.5,3.01,12.1,2020-03-24,"aba102",43.5,-75
0.4,4.53,12.38,2020-03-25,"aba102",43.5,-75
4.9,4.83,18.81,2020-03-26,"aba102",43.5,-75
3.9,3.78,19.57,2020-03-27,"aba102",43.5,-75
2.7,5.19,9.33,2020-03-28,"aba102",43.5,-75
5.2,7.72,3.67,2020-03-29,"aba102",43.5,-75
4.9,4.99,5.89,2020-03-30,"aba102",43.5,-75
3.6,2.69,9.89,2020-03-31,"aba102",43.5,-75
3,4.56,20.84,2020-04-01,"aba102",43.5,-75
3.5,7.57,17.52,2020-04-02,"aba102",43.5,-75
4.4,5.32,3.34,2020-04-03,"aba102",43.5,-75
7.2,2.82,6.92,2020-04-04,"aba102",43.5,-75
6.8,4.1,8.42,2020-04-05,"aba102",43.5,-75
5.4,5.32,24.46,2020-04-06,"aba102",43.5,-75
7.3,4.41,22.17,2020-04-07,"aba102",43.5,-75
5.9,3.61,9.69,2020-04-08,"aba102",43.5,-75
3.3,7.91,8.97,2020-04-09,"aba102",43.5,-75
0,7.06,13.79,2020-04-10,"aba102",43.5,-75
0.5,6.97,19.38,2020-04-11,"aba102",43.5,-75
5.8,5.92,15.89,2020-04-12,"aba102",43.5,-75
10.5,9.01,4.96,2020-04-13,"aba102",43.5,-75
2.4,7.41,20.91,2020-04-14,"aba102",43.5,-75
-0.6,5.8,22.94,2020-04-15,"aba102",43.5,-75
-2.1,6.79,22.78,2020-04-16,"aba102",43.5,-75
-0.6,6.1,19.58,2020-04-17,"aba102",43.5,-75
1,4.43,15.18,2020-04-18,"aba102",43.5,-75
4.5,7.34,19.4,2020-04-19,"aba102",43.5,-75
2,4.48,26.23,2020-04-20,"aba102",43.5,-75
0.7,8.05,14.97,2020-04-21,"aba102",43.5,-75
-2.6,9.26,19.57,2020-04-22,"aba102",43.5,-75
0.9,3.85,27.03,2020-04-23,"aba102",43.5,-75
6.7,3.57,16.62,2020-04-24,"aba102",43.5,-75
8.9,3.42,26.81,2020-04-25,"aba102",43.5,-75
6.7,5.1,7.74,2020-04-26,"aba102",43.5,-75
4.2,5.46,8.47,2020-04-27,"aba102",43.5,-75
5.9,3.4,25.73,2020-04-28,"aba102",43.5,-75
9.2,7.78,15.66,2020-04-29,"aba102",43.5,-75
8.5,8.81,6.23,2020-04-30,"aba102",43.5,-75
10.4,8.63,8.69,2020-05-01,"aba102",43.5,-75
10,4.73,25.52,2020-05-02,"aba102",43.5,-75
14.5,6.34,26.41,2020-05-03,"aba102",43.5,-75
6.3,5.95,17.6,2020-05-04,"aba102",43.5,-75
3.4,4.58,26.06,2020-05-05,"aba102",43.5,-75
6.3,3.86,19.27,2020-05-06,"aba102",43.5,-75
6.6,6.4,26.11,2020-05-07,"aba102",43.5,-75
1.7,5.98,22.68,2020-05-08,"aba102",43.5,-75
-1.7,6.96,25.45,2020-05-09,"aba102",43.5,-75
2.7,8.21,17.33,2020-05-10,"aba102",43.5,-75
3.4,4.92,13.7,2020-05-11,"aba102",43.5,-75
2.1,7.14,24.52,2020-05-12,"aba102",43.5,-75
3.8,5.25,24.8,2020-05-13,"aba102",43.5,-75
9.3,3.5,27.08,2020-05-14,"aba102",43.5,-75
14.2,5.5,9.44,2020-05-15,"aba102",43.5,-75
11.8,4.09,18.31,2020-05-16,"aba102",43.5,-75
13.8,3.01,17.94,2020-05-17,"aba102",43.5,-75
13.1,4.1,9.02,2020-05-18,"aba102",43.5,-75
13.6,4.53,26.53,2020-05-19,"aba102",43.5,-75
13.9,3.55,30.65,2020-05-20,"aba102",43.5,-75
15.1,3.21,30.87,2020-05-21,"aba102",43.5,-75
17.5,3.31,29.83,2020-05-22,"aba102",43.5,-75
20.3,4.53,25.02,2020-05-23,"aba102",43.5,-75
17.5,4.34,29.08,2020-05-24,"aba102",43.5,-75
17.2,4.24,15.8,2020-05-25,"aba102",43.5,-75
23.4,2.83,27.21,2020-05-26,"aba102",43.5,-75
24.5,3.41,24.62,2020-05-27,"aba102",43.5,-75
21,5.63,14.33,2020-05-28,"aba102",43.5,-75
20.9,4.75,17.91,2020-05-29,"aba102",43.5,-75
14.3,6.99,19.56,2020-05-30,"aba102",43.5,-75
7.5,5.9,23.95,2020-05-31,"aba102",43.5,-75
8.5,5.15,21.47,2020-06-01,"aba102",43.5,-75
10.7,2.81,8.42,2020-06-02,"aba102",43.5,-75
14.6,5.48,11.94,2020-06-03,"aba102",43.5,-75
19.3,5.7,25.28,2020-06-04,"aba102",43.5,-75
21.5,2.9,24.57,2020-06-05,"aba102",43.5,-75
18.9,6.42,23.91,2020-06-06,"aba102",43.5,-75
13.8,5.1,22.23,2020-06-07,"aba102",43.5,-75
14.4,4.1,30.77,2020-06-08,"aba102",43.5,-75
18.3,3.61,22.62,2020-06-09,"aba102",43.5,-75
21,6.43,20.27,2020-06-10,"aba102",43.5,-75
19.8,6.55,21.08,2020-06-11,"aba102",43.5,-75
14.6,6.41,28.48,2020-06-12,"aba102",43.5,-75
8.2,3.3,12.01,2020-06-13,"aba102",43.5,-75
10.5,2.66,18.93,2020-06-14,"aba102",43.5,-75
13.3,2.33,25.81,2020-06-15,"aba102",43.5,-75
16.6,2.3,31.13,2020-06-16,"aba102",43.5,-75
19.3,2.28,31.22,2020-06-17,"aba102",43.5,-75
20.8,3.06,29.35,2020-06-18,"aba102",43.5,-75
21.7,2.69,25.59,2020-06-19,"aba102",43.5,-75
22.6,2.39,25,2020-06-20,"aba102",43.5,-75
23.2,3.24,26.63,2020-06-21,"aba102",43.5,-75
23.9,2.62,25.06,2020-06-22,"aba102",43.5,-75
23.4,5.22,23.21,2020-06-23,"aba102",43.5,-75
18.4,6.17,21.27,2020-06-24,"aba102",43.5,-75
17.3,5.82,24.95,2020-06-25,"aba102",43.5,-75
18.7,4.93,24.92,2020-06-26,"aba102",43.5,-75
17.1,3.91,12.23,2020-06-27,"aba102",43.5,-75
18.6,3.31,15.79,2020-06-28,"aba102",43.5,-75
19.6,4.73,22.63,2020-06-29,"aba102",43.5,-75
18.5,3.74,15.26,2020-06-30,"aba102",43.5,-75
19.5,3.34,18.29,2020-07-01,"aba102",43.5,-75
22.4,4.65,25.42,2020-07-02,"aba102",43.5,-75
21.6,3.32,16.08,2020-07-03,"aba102",43.5,-75
22.4,3.68,28.66,2020-07-04,"aba102",43.5,-75
21.5,5.03,25.86,2020-07-05,"aba102",43.5,-75
22.5,3.41,27.48,2020-07-06,"aba102",43.5,-75
22.2,4.25,23.36,2020-07-07,"aba102",43.5,-75
22.8,3.55,24.62,2020-07-08,"aba102",43.5,-75
24.5,2.77,26.02,2020-07-09,"aba102",43.5,-75
24.7,4.6,23.89,2020-07-10,"aba102",43.5,-75
22.2,4.4,13.33,2020-07-11,"aba102",43.5,-75
21,5.33,18.96,2020-07-12,"aba102",43.5,-75
19.3,3.68,18.84,2020-07-13,"aba102",43.5,-75
18.8,3.5,21.56,2020-07-14,"aba102",43.5,-75
20.2,3.18,23.9,2020-07-15,"aba102",43.5,-75
19.8,5.71,13.99,2020-07-16,"aba102",43.5,-75
20.2,5.02,17.78,2020-07-17,"aba102",43.5,-75
22.2,3.57,27.35,2020-07-18,"aba102",43.5,-75
23.8,5.54,24.52,2020-07-19,"aba102",43.5,-75
22.6,5.4,24.17,2020-07-20,"aba102",43.5,-75
19.4,3.61,19.89,2020-07-21,"aba102",43.5,-75
19,2.89,13.61,2020-07-22,"aba102",43.5,-75
20.5,2.8,16.24,2020-07-23,"aba102",43.5,-75
20.7,2.79,24.99,2020-07-24,"aba102",43.5,-75
20.7,3.21,27.39,2020-07-25,"aba102",43.5,-75
22.3,5.53,24.75,2020-07-26,"aba102",43.5,-75
23.8,6.26,23.4,2020-07-27,"aba102",43.5,-75
21.8,5.12,24.89,2020-07-28,"aba102",43.5,-75
19.1,4.83,18.67,2020-07-29,"aba102",43.5,-75
19.1,4.13,22.43,2020-07-30,"aba102",43.5,-75
19.4,2.9,23.8,2020-07-31,"aba102",43.5,-75
20.3,2.38,23.73,2020-08-01,"aba102",43.5,-75
21.7,6.59,14.61,2020-08-02,"aba102",43.5,-75
20.4,6.27,17.32,2020-08-03,"aba102",43.5,-75
18.1,4.32,2.38,2020-08-04,"aba102",43.5,-75
17.8,5.22,19.03,2020-08-05,"aba102",43.5,-75
16.1,2.57,26.54,2020-08-06,"aba102",43.5,-75
17.1,2.5,16.76,2020-08-07,"aba102",43.5,-75
19.8,2.32,21.64,2020-08-08,"aba102",43.5,-75
20.4,3.45,19.7,2020-08-09,"aba102",43.5,-75
21.8,3.3,22.13,2020-08-10,"aba102",43.5,-75
23.1,5.49,21.75,2020-08-11,"aba102",43.5,-75
21,2.56,23.32,2020-08-12,"aba102",43.5,-75
20.4,2.84,20.98,2020-08-13,"aba102",43.5,-75
20.5,3.1,19.24,2020-08-14,"aba102",43.5,-75
20,4.1,21.53,2020-08-15,"aba102",43.5,-75
19.3,4.04,22.07,2020-08-16,"aba102",43.5,-75
17.9,3.13,18.04,2020-08-17,"aba102",43.5,-75
16.3,4.6,18.04,2020-08-18,"aba102",43.5,-75
14.4,3.91,18.77,2020-08-19,"aba102",43.5,-75
14.8,3.38,19.88,2020-08-20,"aba102",43.5,-75
18.5,5.1,22.27,2020-08-21,"aba102",43.5,-75
19.3,3.9,20.74,2020-08-22,"aba102",43.5,-75
21.2,3.1,23.09,2020-08-23,"aba102",43.5,-75
21.9,4.08,22.58,2020-08-24,"aba102",43.5,-75
18.7,6.38,11.99,2020-08-25,"aba102",43.5,-75
12.4,4.59,24.15,2020-08-26,"aba102",43.5,-75
13.7,3.41,4.44,2020-08-27,"aba102",43.5,-75
15.6,3.44,20.85,2020-08-28,"aba102",43.5,-75
17.5,6.3,8.27,2020-08-29,"aba102",43.5,-75
13.8,5.71,14.08,2020-08-30,"aba102",43.5,-75
14,4.28,19.75,2020-08-31,"aba102",43.5,-75
17,5.58,7.51,2020-09-01,"aba102",43.5,-75
18.7,6.61,5.25,2020-09-02,"aba102",43.5,-75
17.2,3.61,16.78,2020-09-03,"aba102",43.5,-75
15.7,5.7,19,2020-09-04,"aba102",43.5,-75
13.1,5.26,18.7,2020-09-05,"aba102",43.5,-75
13.8,3.92,21.62,2020-09-06,"aba102",43.5,-75
18.3,7.02,13.61,2020-09-07,"aba102",43.5,-75
20,3.32,16.11,2020-09-08,"aba102",43.5,-75
20.2,2.92,20.03,2020-09-09,"aba102",43.5,-75
18.8,3.26,15.09,2020-09-10,"aba102",43.5,-75
11.7,3.67,16.89,2020-09-11,"aba102",43.5,-75
11.8,4.91,20.84,2020-09-12,"aba102",43.5,-75
14.9,5.1,8.07,2020-09-13,"aba102",43.5,-75
11.8,4.58,15.31,2020-09-14,"aba102",43.5,-75
7.4,3.51,21.07,2020-09-15,"aba102",43.5,-75
12.6,5.03,20.59,2020-09-16,"aba102",43.5,-75
11.7,3.49,6.29,2020-09-17,"aba102",43.5,-75
8,5.22,20.31,2020-09-18,"aba102",43.5,-75
4.3,3.01,20.25,2020-09-19,"aba102",43.5,-75
5.8,2.82,17.38,2020-09-20,"aba102",43.5,-75
6.5,2.35,20.14,2020-09-21,"aba102",43.5,-75
7.8,3.78,19.46,2020-09-22,"aba102",43.5,-75
13,5.42,10.66,2020-09-23,"aba102",43.5,-75
14,3.27,16.71,2020-09-24,"aba102",43.5,-75
16.2,2.44,17.19,2020-09-25,"aba102",43.5,-75
16.8,4.74,17.18,2020-09-26,"aba102",43.5,-75
18.9,5.92,12.38,2020-09-27,"aba102",43.5,-75
18.9,5.12,8.11,2020-09-28,"aba102",43.5,-75
14.7,5.22,1.8,2020-09-29,"aba102",43.5,-75
10.9,6.54,10.15,2020-09-30,"aba102",43.5,-75
10.8,5.48,13.15,2020-10-01,"aba102",43.5,-75
7.7,3.5,11.75,2020-10-02,"aba102",43.5,-75
6,3.96,9.94,2020-10-03,"aba102",43.5,-75
6.8,3.47,13.03,2020-10-04,"aba102",43.5,-75
9.5,3.61,11.04,2020-10-05,"aba102",43.5,-75
10.6,5.15,15.81,2020-10-06,"aba102",43.5,-75
10.7,9.44,6.19,2020-10-07,"aba102",43.5,-75
5.5,7.02,11.84,2020-10-08,"aba102",43.5,-75
6,4.21,15.52,2020-10-09,"aba102",43.5,-75
14.5,6.69,10.16,2020-10-10,"aba102",43.5,-75
7.3,4.59,15.72,2020-10-11,"aba102",43.5,-75
7.5,5.6,11.93,2020-10-12,"aba102",43.5,-75
8,5.94,1.38,2020-10-13,"aba102",43.5,-75
7.8,5.3,13.79,2020-10-14,"aba102",43.5,-75
13,6.66,13.83,2020-10-15,"aba102",43.5,-75
5.8,3.92,3.32,2020-10-16,"aba102",43.5,-75
3.7,4.04,13.69,2020-10-17,"aba102",43.5,-75
6.9,6.2,11.48,2020-10-18,"aba102",43.5,-75
9.3,5.1,1.89,2020-10-19,"aba102",43.5,-75
9.8,5.32,0.95,2020-10-20,"aba102",43.5,-75
12.3,5.19,7.5,2020-10-21,"aba102",43.5,-75
10.8,3.36,3.84,2020-10-22,"aba102",43.5,-75
16.3,5.4,9.21,2020-10-23,"aba102",43.5,-75
8.2,5.38,3.85,2020-10-24,"aba102",43.5,-75
2.1,4.03,12.75,2020-10-25,"aba102",43.5,-75
3.5,4.75,0.82,2020-10-26,"aba102",43.5,-75
2.5,3.19,5.59,2020-10-27,"aba102",43.5,-75
3.7,4.34,3.15,2020-10-28,"aba102",43.5,-75
3.8,3.96,2.06,2020-10-29,"aba102",43.5,-75
-1.1,3.83,9.84,2020-10-30,"aba102",43.5,-75
-2.8,4.65,10.43,2020-10-31,"aba102",43.5,-75
1.4,6.99,4.81,2020-11-01,"aba102",43.5,-75
-2.6,9.07,9.18,2020-11-02,"aba102",43.5,-75
-3.4,7.34,9.59,2020-11-03,"aba102",43.5,-75
3.1,4.6,11.24,2020-11-04,"aba102",43.5,-75
10.8,4.18,10.27,2020-11-05,"aba102",43.5,-75
12.1,4.47,10.29,2020-11-06,"aba102",43.5,-75
11.5,3.23,10.22,2020-11-07,"aba102",43.5,-75
11.5,2.5,10.75,2020-11-08,"aba102",43.5,-75
11,3.42,10.32,2020-11-09,"aba102",43.5,-75
13.3,4.21,9.62,2020-11-10,"aba102",43.5,-75
14.5,4.49,1.43,2020-11-11,"aba102",43.5,-75
3.3,3.86,5.63,2020-11-12,"aba102",43.5,-75
0.1,4.42,3.99,2020-11-13,"aba102",43.5,-75
0.2,4.56,5.67,2020-11-14,"aba102",43.5,-75
0.8,8.17,3.23,2020-11-15,"aba102",43.5,-75
1.9,6.69,5.51,2020-11-16,"aba102",43.5,-75
-1.8,4.78,6.8,2020-11-17,"aba102",43.5,-75
-8.4,5.14,6.19,2020-11-18,"aba102",43.5,-75
-1,5.41,8.1,2020-11-19,"aba102",43.5,-75
8.5,4.5,7.03,2020-11-20,"aba102",43.5,-75
3.2,4.05,4.85,2020-11-21,"aba102",43.5,-75
-1.1,7.24,2.99,2020-11-22,"aba102",43.5,-75
0.6,7.28,4.32,2020-11-23,"aba102",43.5,-75
-2.8,4.39,6.62,2020-11-24,"aba102",43.5,-75
-0.2,5.41,3.77,2020-11-25,"aba102",43.5,-75
5.8,4.46,1.74,2020-11-26,"aba102",43.5,-75
5.2,3.71,2.99,2020-11-27,"aba102",43.5,-75
2.5,4.33,4.42,2020-11-28,"aba102",43.5,-75
1,3.54,8.34,2020-11-29,"aba102",43.5,-75
3.8,9.58,1.39,2020-11-30,"aba102",43.5,-75
4.7,4.8,4.91,2020-12-01,"aba102",43.5,-75
-2.5,6.14,2.51,2020-12-02,"aba102",43.5,-75
-0.7,5.16,7.3,2020-12-03,"aba102",43.5,-75
1.3,4.7,4.24,2020-12-04,"aba102",43.5,-75
-0.5,5.47,3.07,2020-12-05,"aba102",43.5,-75
-5.7,6.16,2.96,2020-12-06,"aba102",43.5,-75
-7,3.76,4.45,2020-12-07,"aba102",43.5,-75
-7.6,3.97,3.58,2020-12-08,"aba102",43.5,-75
-3.4,3.74,2.08,2020-12-09,"aba102",43.5,-75
-0.5,4.5,4.77,2020-12-10,"aba102",43.5,-75
0.7,3.77,6.55,2020-12-11,"aba102",43.5,-75
3.1,5.87,3.36,2020-12-12,"aba102",43.5,-75
2.5,5.9,2.6,2020-12-13,"aba102",43.5,-75
-2.2,6.59,3.02,2020-12-14,"aba102",43.5,-75
-8.2,5.92,7.64,2020-12-15,"aba102",43.5,-75
-11.7,4.81,4.72,2020-12-16,"aba102",43.5,-75
-9.8,5,3.88,2020-12-17,"aba102",43.5,-75
-13.2,2.97,7.66,2020-12-18,"aba102",43.5,-75
-13,3.44,5.57,2020-12-19,"aba102",43.5,-75
-3.9,4.43,2.5,2020-12-20,"aba102",43.5,-75
-0.3,3.2,4.25,2020-12-21,"aba102",43.5,-75
-1,6.1,5.01,2020-12-22,"aba102",43.5,-75
-5.2,6.13,5.4,2020-12-23,"aba102",43.5,-75
4.2,8.82,0.73,2020-12-24,"aba102",43.5,-75
5.7,8.46,1.25,2020-12-25,"aba102",43.5,-75
-6.9,6.26,3.3,2020-12-26,"aba102",43.5,-75
-5.7,5.14,4.11,2020-12-27,"aba102",43.5,-75
-1.2,5.88,2.97,2020-12-28,"aba102",43.5,-75
-9.2,5.66,7.88,2020-12-29,"aba102",43.5,-75
-7.2,6.28,3.55,2020-12-30,"aba102",43.5,-75
-1.4,5.98,4.62,2020-12-31,"aba102",43.5,-75
-7,5.33,6.17,2021-01-01,"aba102",43.5,-75
-2.2,5.58,2.85,2021-01-02,"aba102",43.5,-75
-3.6,4.3,4.49,2021-01-03,"aba102",43.5,-75
-1.3,2.48,2.47,2021-01-04,"aba102",43.5,-75
-1.6,2.81,4.33,2021-01-05,"aba102",43.5,-75
-5.4,4.19,4.84,2021-01-06,"aba102",43.5,-75
-7,4.02,5.42,2021-01-07,"aba102",43.5,-75
-10.1,3.71,7.74,2021-01-08,"aba102",43.5,-75
-9.9,4.51,7.78,2021-01-09,"aba102",43.5,-75
-8.4,3.6,7.5,2021-01-10,"aba102",43.5,-75
-5.5,2.64,4.35,2021-01-11,"aba102",43.5,-75
-3.5,3.2,3.3,2021-01-12,"aba102",43.5,-75
-2.9,3.8,3.99,2021-01-13,"aba102",43.5,-75
-0.9,3.24,2.55,2021-01-14,"aba102",43.5,-75
-0.3,6.55,7.1,2021-01-15,"aba102",43.5,-75
-0.3,6.82,2.57,2021-01-16,"aba102",43.5,-75
-2.2,7.3,3.48,2021-01-17,"aba102",43.5,-75
-5.4,4.21,5.67,2021-01-18,"aba102",43.5,-75
-6.9,5.85,5.73,2021-01-19,"aba102",43.5,-75
-8.8,5.16,8.04,2021-01-20,"aba102",43.5,-75
-8.1,4.11,3.5,2021-01-21,"aba102",43.5,-75
-3.6,4,6.24,2021-01-22,"aba102",43.5,-75
-13.5,5.23,8.46,2021-01-23,"aba102",43.5,-75
-15.9,4.56,10.11,2021-01-24,"aba102",43.5,-75
-11.5,2.9,10.18,2021-01-25,"aba102",43.5,-75
-7.5,5.88,3.8,2021-01-26,"aba102",43.5,-75
-5.7,3.83,5.07,2021-01-27,"aba102",43.5,-75
-11.5,5.64,7.04,2021-01-28,"aba102",43.5,-75
-18.2,5.62,10.32,2021-01-29,"aba102",43.5,-75
-16,3.75,10.79,2021-01-30,"aba102",43.5,-75
-14.9,3.82,10,2021-01-31,"aba102",43.5,-75
-8.1,4.56,7.66,2021-02-01,"aba102",43.5,-75
-5,5.19,3.36,2021-02-02,"aba102",43.5,-75
-5,5.2,4.13,2021-02-03,"aba102",43.5,-75
-5,4.02,11.41,2021-02-04,"aba102",43.5,-75
-2.1,6.08,7.4,2021-02-05,"aba102",43.5,-75
-6.4,7.24,9.45,2021-02-06,"aba102",43.5,-75
-8.3,4.98,4.87,2021-02-07,"aba102",43.5,-75
-11.8,4.44,10.08,2021-02-08,"aba102",43.5,-75
-8.6,2.97,5.16,2021-02-09,"aba102",43.5,-75
-9.3,3.81,8.87,2021-02-10,"aba102",43.5,-75
-10.1,4.67,11.55,2021-02-11,"aba102",43.5,-75
-14.8,3.61,9.6,2021-02-12,"aba102",43.5,-75
-12.4,3.45,9.19,2021-02-13,"aba102",43.5,-75
-8.2,4,6.65,2021-02-14,"aba102",43.5,-75
-7.9,3.2,4.01,2021-02-15,"aba102",43.5,-75
-4.3,6.1,3.82,2021-02-16,"aba102",43.5,-75
-12,5.44,14.35,2021-02-17,"aba102",43.5,-75
-9,2.85,8.09,2021-02-18,"aba102",43.5,-75
-6.4,3.28,5.24,2021-02-19,"aba102",43.5,-75
-8.5,5.2,10.81,2021-02-20,"aba102",43.5,-75
-9.1,3.26,15.02,2021-02-21,"aba102",43.5,-75
-4.9,5.72,4.08,2021-02-22,"aba102",43.5,-75
-1.3,5.97,5.37,2021-02-23,"aba102",43.5,-75
2.5,7.14,10.36,2021-02-24,"aba102",43.5,-75
-2.6,7.67,12.86,2021-02-25,"aba102",43.5,-75
-4.3,4.48,13.92,2021-02-26,"aba102",43.5,-75
-0.9,5.55,4.01,2021-02-27,"aba102",43.5,-75
0.6,5.78,9.04,2021-02-28,"aba102",43.5,-75
-1.8,9.64,8.55,2021-03-01,"aba102",43.5,-75
-14.5,7.31,16.93,2021-03-02,"aba102",43.5,-75
-4.1,4.14,8.32,2021-03-03,"aba102",43.5,-75
-6.4,5.74,16.1,2021-03-04,"aba102",43.5,-75
-11.3,7.45,15.11,2021-03-05,"aba102",43.5,-75
-11.3,5.1,13.29,2021-03-06,"aba102",43.5,-75
-10.5,4,17.83,2021-03-07,"aba102",43.5,-75
-8.2,3.35,17.22,2021-03-08,"aba102",43.5,-75
0.4,4.19,13.89,2021-03-09,"aba102",43.5,-75
3,4.84,18.46,2021-03-10,"aba102",43.5,-75
8.7,7.02,11.58,2021-03-11,"aba102",43.5,-75
3.7,7.67,18.77,2021-03-12,"aba102",43.5,-75
-6.1,6.84,19.58,2021-03-13,"aba102",43.5,-75
-4.5,8.54,16.11,2021-03-14,"aba102",43.5,-75
-12,5.85,20.46,2021-03-15,"aba102",43.5,-75
-7.2,3.22,12.28,2021-03-16,"aba102",43.5,-75
0.5,3.1,15.38,2021-03-17,"aba102",43.5,-75
2,5.73,4.48,2021-03-18,"aba102",43.5,-75
-6.6,5.94,21.3,2021-03-19,"aba102",43.5,-75
-1.6,4.32,21.39,2021-03-20,"aba102",43.5,-75
3.1,3.58,21.87,2021-03-21,"aba102",43.5,-75
7,3.52,21.67,2021-03-22,"aba102",43.5,-75
8.6,3.69,20.7,2021-03-23,"aba102",43.5,-75
8.2,5.4,4.78,2021-03-24,"aba102",43.5,-75
13.6,4.97,17.46,2021-03-25,"aba102",43.5,-75
10.5,8.02,7.76,2021-03-26,"aba102",43.5,-75
3.5,5.41,16.57,2021-03-27,"aba102",43.5,-75
6.1,8.37,3.07,2021-03-28,"aba102",43.5,-75
-0.2,8.96,19.43,2021-03-29,"aba102",43.5,-75
6.2,6.91,22.59,2021-03-30,"aba102",43.5,-75
8.4,5.43,6.03,2021-03-31,"aba102",43.5,-75
-0.8,6.18,13.02,2021-04-01,"aba102",43.5,-75
-5,5.98,21.7,2021-04-02,"aba102",43.5,-75
-0.6,3.65,24.02,2021-04-03,"aba102",43.5,-75
5,5.42,20.19,2021-04-04,"aba102",43.5,-75
5.7,6.05,23.97,2021-04-05,"aba102",43.5,-75
6.3,3.96,24.5,2021-04-06,"aba102",43.5,-75
11.4,3.72,20.27,2021-04-07,"aba102",43.5,-75
14.5,4.58,23.69,2021-04-08,"aba102",43.5,-75
14.3,4.31,17.68,2021-04-09,"aba102",43.5,-75
15.6,3.04,22.55,2021-04-10,"aba102",43.5,-75
15,5.04,13.05,2021-04-11,"aba102",43.5,-75
8,5.15,5.32,2021-04-12,"aba102",43.5,-75
9.9,2.82,13.68,2021-04-13,"aba102",43.5,-75
11.1,3.68,19.58,2021-04-14,"aba102",43.5,-75
5.6,4.27,6.9,2021-04-15,"aba102",43.5,-75
2.9,3.09,11.71,2021-04-16,"aba102",43.5,-75
4.3,3.55,11.15,2021-04-17,"aba102",43.5,-75
6.8,4.22,20.58,2021-04-18,"aba102",43.5,-75
8.6,4.01,23.73,2021-04-19,"aba102",43.5,-75
4.8,6.02,14.78,2021-04-20,"aba102",43.5,-75
-1.3,5.3,7.08,2021-04-21,"aba102",43.5,-75
-2.3,8.99,18.13,2021-04-22,"aba102",43.5,-75
4.5,6.73,26.55,2021-04-23,"aba102",43.5,-75
9.9,5.18,23.66,2021-04-24,"aba102",43.5,-75
8,6.32,13.24,2021-04-25,"aba102",43.5,-75
1.8,6.39,27.39,2021-04-26,"aba102",43.5,-75
8.2,2.83,21.59,2021-04-27,"aba102",43.5,-75
13.1,3.42,13.6,2021-04-28,"aba102",43.5,-75
11.8,2.38,5.7,2021-04-29,"aba102",43.5,-75
5.3,9.65,6.15,2021-04-30,"aba102",43.5,-75
2.8,6.51,28.23,2021-05-01,"aba102",43.5,-75
9.6,4.22,16.88,2021-05-02,"aba102",43.5,-75
11.1,4.35,12.81,2021-05-03,"aba102",43.5,-75
10.8,4.56,4.29,2021-05-04,"aba102",43.5,-75
9.4,4.61,3.03,2021-05-05,"aba102",43.5,-75
6.8,5.24,24.64,2021-05-06,"aba102",43.5,-75
7.3,3.35,18.24,2021-05-07,"aba102",43.5,-75
5.9,3.23,8.78,2021-05-08,"aba102",43.5,-75
7,3.32,19.86,2021-05-09,"aba102",43.5,-75
7.7,4.51,20.31,2021-05-10,"aba102",43.5,-75
5.4,7.2,27.4,2021-05-11,"aba102",43.5,-75
7.9,5.64,23.82,2021-05-12,"aba102",43.5,-75
10.4,3.64,27.9,2021-05-13,"aba102",43.5,-75
12.7,4.78,27.92,2021-05-14,"aba102",43.5,-75
13.5,4,27.75,2021-05-15,"aba102",43.5,-75
14.9,4.24,28.61,2021-05-16,"aba102",43.5,-75
15.6,3.2,28.28,2021-05-17,"aba102",43.5,-75
16.8,5.17,25.28,2021-05-18,"aba102",43.5,-75
18.6,2.77,26.65,2021-05-19,"aba102",43.5,-75
21.2,2.98,21.49,2021-05-20,"aba102",43.5,-75
22.5,3.3,25.53,2021-05-21,"aba102",43.5,-75
20.8,5.97,18.69,2021-05-22,"aba102",43.5,-75
16.5,5.42,10.3,2021-05-23,"aba102",43.5,-75
13.3,2.73,30.24,2021-05-24,"aba102",43.5,-75
18.1,4.69,21.51,2021-05-25,"aba102",43.5,-75
20.4,6.13,23.21,2021-05-26,"aba102",43.5,-75
12.7,4.52,27.46,2021-05-27,"aba102",43.5,-75
5.5,3.64,8.61,2021-05-28,"aba102",43.5,-75
7.9,4.3,19.32,2021-05-29,"aba102",43.5,-75
7.8,3.85,9.46,2021-05-30,"aba102",43.5,-75
11.1,5.12,19.31,2021-05-31,"aba102",43.5,-75
14,5.4,23.75,2021-06-01,"aba102",43.5,-75
16,4.12,20.47,2021-06-02,"aba102",43.5,-75
15.8,4.94,8.55,2021-06-03,"aba102",43.5,-75
18.8,3.21,25.53,2021-06-04,"aba102",43.5,-75
21.4,5.82,28.54,2021-06-05,"aba102",43.5,-75
23,4.52,28.59,2021-06-06,"aba102",43.5,-75
23.7,4.14,25.11,2021-06-07,"aba102",43.5,-75
22,2.45,11.22,2021-06-08,"aba102",43.5,-75
22.2,3.86,20.21,2021-06-09,"aba102",43.5,-75
18.8,3.96,30.44,2021-06-10,"aba102",43.5,-75
16.6,3.96,13.49,2021-06-11,"aba102",43.5,-75
18.4,2.64,27.08,2021-06-12,"aba102",43.5,-75
19.4,3.48,27.22,2021-06-13,"aba102",43.5,-75
17,5.01,15.85,2021-06-14,"aba102",43.5,-75
14.5,4.92,18.28,2021-06-15,"aba102",43.5,-75
13.1,4.99,27.94,2021-06-16,"aba102",43.5,-75
14.1,4.44,30.9,2021-06-17,"aba102",43.5,-75
16.3,4.46,18.25,2021-06-18,"aba102",43.5,-75
20.1,5.01,23.98,2021-06-19,"aba102",43.5,-75
19.4,3.69,24.93,2021-06-20,"aba102",43.5,-75
22.4,7.15,19.81,2021-06-21,"aba102",43.5,-75
12.2,4.2,6.11,2021-06-22,"aba102",43.5,-75
12.3,4.2,25.83,2021-06-23,"aba102",43.5,-75
16.3,5,31.21,2021-06-24,"aba102",43.5,-75
18.5,4.15,27.54,2021-06-25,"aba102",43.5,-75
20.7,6.4,14.65,2021-06-26,"aba102",43.5,-75
24.7,5.44,23.26,2021-06-27,"aba102",43.5,-75
24.9,4.65,22.92,2021-06-28,"aba102",43.5,-75
23.5,3.92,25.91,2021-06-29,"aba102",43.5,-75
21,5.43,14,2021-06-30,"aba102",43.5,-75
18.7,2.63,12.58,2021-07-01,"aba102",43.5,-75
15.4,3.7,8.51,2021-07-02,"aba102",43.5,-75
14.6,2.6,13.64,2021-07-03,"aba102",43.5,-75
15.9,2.97,16.21,2021-07-04,"aba102",43.5,-75
18.6,3.71,27.49,2021-07-05,"aba102",43.5,-75
20.9,5.02,10.74,2021-07-06,"aba102",43.5,-75
19.6,2.92,19.49,2021-07-07,"aba102",43.5,-75
17.4,5.06,7.94,2021-07-08,"aba102",43.5,-75
19.1,4.7,16.64,2021-07-09,"aba102",43.5,-75
18.7,2.3,24.33,2021-07-10,"aba102",43.5,-75
17,3.23,11.19,2021-07-11,"aba102",43.5,-75
17.3,4.36,10.86,2021-07-12,"aba102",43.5,-75
20.6,4.55,8.91,2021-07-13,"aba102",43.5,-75
20.6,4.72,12.71,2021-07-14,"aba102",43.5,-75
21.7,3.76,26.38,2021-07-15,"aba102",43.5,-75
21.3,4.63,22.08,2021-07-16,"aba102",43.5,-75
17.3,5.52,6.09,2021-07-17,"aba102",43.5,-75
17.4,3.92,4.76,2021-07-18,"aba102",43.5,-75
19.8,2.9,23.75,2021-07-19,"aba102",43.5,-75
19.4,3.83,21.04,2021-07-20,"aba102",43.5,-75
17.1,4.74,20.36,2021-07-21,"aba102",43.5,-75
16.3,3.94,21.75,2021-07-22,"aba102",43.5,-75
17.1,3.19,24.13,2021-07-23,"aba102",43.5,-75
18.1,4.77,25.28,2021-07-24,"aba102",43.5,-75
20.4,5.21,18.93,2021-07-25,"aba102",43.5,-75
20.3,4.46,25.93,2021-07-26,"aba102",43.5,-75
17.3,3.44,17.55,2021-07-27,"aba102",43.5,-75
16,2.94,18.23,2021-07-28,"aba102",43.5,-75
15.2,4.04,12.47,2021-07-29,"aba102",43.5,-75
15,6.09,16.41,2021-07-30,"aba102",43.5,-75
13.1,3.77,18.46,2021-07-31,"aba102",43.5,-75
14.5,3.52,15.97,2021-08-01,"aba102",43.5,-75
15.8,4.47,22.01,2021-08-02,"aba102",43.5,-75
15.9,3.01,25.08,2021-08-03,"aba102",43.5,-75
17.1,1.75,22.56,2021-08-04,"aba102",43.5,-75
17.6,2.92,22.07,2021-08-05,"aba102",43.5,-75
19.6,3.58,24.62,2021-08-06,"aba102",43.5,-75
20.9,3.48,23.47,2021-08-07,"aba102",43.5,-75
20.6,3.26,19.62,2021-08-08,"aba102",43.5,-75
21.7,3.65,17,2021-08-09,"aba102",43.5,-75
22,4.5,17.88,2021-08-10,"aba102",43.5,-75
23.4,4.02,17.18,2021-08-11,"aba102",43.5,-75
23.2,4.52,20.33,2021-08-12,"aba102",43.5,-75
22.8,3.72,18.26,2021-08-13,"aba102",43.5,-75
19,4.52,20.6,2021-08-14,"aba102",43.5,-75
15.1,2.33,25.35,2021-08-15,"aba102",43.5,-75
15.9,3.18,23.7,2021-08-16,"aba102",43.5,-75
18.2,4.37,6.23,2021-08-17,"aba102",43.5,-75
20.8,2.92,5.18,2021-08-18,"aba102",43.5,-75
20.3,5.66,6.07,2021-08-19,"aba102",43.5,-75
21.1,2.67,15.64,2021-08-20,"aba102",43.5,-75
22,2.62,16.2,2021-08-21,"aba102",43.5,-75
22.6,3.44,17.13,2021-08-22,"aba102",43.5,-75
21.6,3.8,15.26,2021-08-23,"aba102",43.5,-75
21.5,3.86,18.51,2021-08-24,"aba102",43.5,-75
22,2.46,22.75,2021-08-25,"aba102",43.5,-75
23.3,3.2,20.05,2021-08-26,"aba102",43.5,-75
21.4,3.2,20.01,2021-08-27,"aba102",43.5,-75
17.7,4.27,13.15,2021-08-28,"aba102",43.5,-75
19.7,3.67,8.83,2021-08-29,"aba102",43.5,-75
21,5.07,15.55,2021-08-30,"aba102",43.5,-75
17.9,4.3,17.73,2021-08-31,"aba102",43.5,-75
15.2,3.38,9.1,2021-09-01,"aba102",43.5,-75
12.7,5.08,11.76,2021-09-02,"aba102",43.5,-75
13.9,3.58,12.63,2021-09-03,"aba102",43.5,-75
15,2.64,18.1,2021-09-04,"aba102",43.5,-75
15.8,5.55,6.03,2021-09-05,"aba102",43.5,-75
14.7,5.5,16.42,2021-09-06,"aba102",43.5,-75
14.7,4.29,14.08,2021-09-07,"aba102",43.5,-75
17.4,6.02,14.49,2021-09-08,"aba102",43.5,-75
15.7,2.86,14.07,2021-09-09,"aba102",43.5,-75
13.2,5.73,16.9,2021-09-10,"aba102",43.5,-75
14.3,4.98,18.19,2021-09-11,"aba102",43.5,-75
17,4.94,5.76,2021-09-12,"aba102",43.5,-75
15.5,3.93,17.43,2021-09-13,"aba102",43.5,-75
15.2,4.24,15.61,2021-09-14,"aba102",43.5,-75
17.5,5.33,4.14,2021-09-15,"aba102",43.5,-75
15,3.48,20.28,2021-09-16,"aba102",43.5,-75
17.2,3.99,9.13,2021-09-17,"aba102",43.5,-75
17.5,4.07,9.9,2021-09-18,"aba102",43.5,-75
12.8,2.91,19.81,2021-09-19,"aba102",43.5,-75
14.3,4.3,19.63,2021-09-20,"aba102",43.5,-75
15.9,5,17.04,2021-09-21,"aba102",43.5,-75
18.9,6.36,7.91,2021-09-22,"aba102",43.5,-75
19.6,7.49,7.19,2021-09-23,"aba102",43.5,-75
12.6,4.61,13.19,2021-09-24,"aba102",43.5,-75
12.7,2.82,17.01,2021-09-25,"aba102",43.5,-75
12.1,5.43,14.18,2021-09-26,"aba102",43.5,-75
12.8,5.83,8.36,2021-09-27,"aba102",43.5,-75
12,3.72,15.29,2021-09-28,"aba102",43.5,-75
8.7,4.36,11.53,2021-09-29,"aba102",43.5,-75
8.2,4.37,8.68,2021-09-30,"aba102",43.5,-75
7.8,3.91,12.62,2021-10-01,"aba102",43.5,-75
12.7,4.71,13.29,2021-10-02,"aba102",43.5,-75
13.2,3.23,4.27,2021-10-03,"aba102",43.5,-75
12.1,6.22,1.67,2021-10-04,"aba102",43.5,-75
12,3.66,2.39,2021-10-05,"aba102",43.5,-75
13.8,1.63,13.19,2021-10-06,"aba102",43.5,-75
14,2.22,8.21,2021-10-07,"aba102",43.5,-75
15.2,3.61,9.51,2021-10-08,"aba102",43.5,-75
13.5,4.94,10.01,2021-10-09,"aba102",43.5,-75
13.8,4.62,9.84,2021-10-10,"aba102",43.5,-75
15,3.75,13.3,2021-10-11,"aba102",43.5,-75
15.2,3.26,14.36,2021-10-12,"aba102",43.5,-75
14.6,2.72,8.26,2021-10-13,"aba102",43.5,-75
16,2.86,6.83,2021-10-14,"aba102",43.5,-75
16.1,3.61,5.85,2021-10-15,"aba102",43.5,-75
15.3,6.86,4.12,2021-10-16,"aba102",43.5,-75
6.9,4.37,7.11,2021-10-17,"aba102",43.5,-75
4.6,4.58,9,2021-10-18,"aba102",43.5,-75
7.6,6.1,12.86,2021-10-19,"aba102",43.5,-75
12.6,5.41,13.18,2021-10-20,"aba102",43.5,-75
12.8,4.53,9.42,2021-10-21,"aba102",43.5,-75
7.5,6.18,2.97,2021-10-22,"aba102",43.5,-75
2.9,3.41,7.21,2021-10-23,"aba102",43.5,-75
3.8,3.33,9.68,2021-10-24,"aba102",43.5,-75
7,5.7,2.71,2021-10-25,"aba102",43.5,-75
9,6.44,0.83,2021-10-26,"aba102",43.5,-75
8.2,5.13,9.25,2021-10-27,"aba102",43.5,-75
5,4.37,12.78,2021-10-28,"aba102",43.5,-75
5.7,6.26,12.37,2021-10-29,"aba102",43.5,-75
7.7,7.75,3.51,2021-10-30,"aba102",43.5,-75
9.3,5.93,2.57,2021-10-31,"aba102",43.5,-75
5.2,6.82,9.21,2021-11-01,"aba102",43.5,-75
2.1,5.07,9.55,2021-11-02,"aba102",43.5,-75
-0.6,2.59,8.4,2021-11-03,"aba102",43.5,-75
-2.2,2.02,8.62,2021-11-04,"aba102",43.5,-75
-0.9,3.22,9.08,2021-11-05,"aba102",43.5,-75
0.5,2.64,11.06,2021-11-06,"aba102",43.5,-75
2.7,2.44,11.11,2021-11-07,"aba102",43.5,-75
5.3,2.77,9.52,2021-11-08,"aba102",43.5,-75
7.2,3.09,7.33,2021-11-09,"aba102",43.5,-75
6.2,4.58,9.8,2021-11-10,"aba102",43.5,-75
3.1,7,7.43,2021-11-11,"aba102",43.5,-75
7.4,8.56,2.27,2021-11-12,"aba102",43.5,-75
2.4,4.59,1.55,2021-11-13,"aba102",43.5,-75
1.2,4.61,5.4,2021-11-14,"aba102",43.5,-75
-0.4,5.06,5.63,2021-11-15,"aba102",43.5,-75
-1.8,3.93,6.77,2021-11-16,"aba102",43.5,-75
0.6,5.14,4.91,2021-11-17,"aba102",43.5,-75
6.8,4.91,1.51,2021-11-18,"aba102",43.5,-75
-0.7,6.11,6.86,2021-11-19,"aba102",43.5,-75
-1.8,4.37,8.13,2021-11-20,"aba102",43.5,-75
2.4,5.59,7.97,2021-11-21,"aba102",43.5,-75
0.2,6.04,6.2,2021-11-22,"aba102",43.5,-75
-5.8,5.67,8,2021-11-23,"aba102",43.5,-75
-4.6,2.59,8.74,2021-11-24,"aba102",43.5,-75
0.5,2.4,2.22,2021-11-25,"aba102",43.5,-75
-0.4,6.75,2.53,2021-11-26,"aba102",43.5,-75
-6.1,6.04,4.32,2021-11-27,"aba102",43.5,-75
-5.8,2.3,4.68,2021-11-28,"aba102",43.5,-75
-5.7,3.22,5.41,2021-11-29,"aba102",43.5,-75
-5.1,3.82,3.84,2021-11-30,"aba102",43.5,-75
-1.2,4.57,5.76,2021-12-01,"aba102",43.5,-75
2.4,6.12,1.8,2021-12-02,"aba102",43.5,-75
-3.4,6.26,6.92,2021-12-03,"aba102",43.5,-75
-4.1,6.16,5.67,2021-12-04,"aba102",43.5,-75
-2.8,7.29,4.55,2021-12-05,"aba102",43.5,-75
3.8,8.06,2,2021-12-06,"aba102",43.5,-75
-3.5,7.36,5.02,2021-12-07,"aba102",43.5,-75
-5.7,3.9,3.82,2021-12-08,"aba102",43.5,-75
-7.5,4.18,5.48,2021-12-09,"aba102",43.5,-75
-2.1,5.14,4.82,2021-12-10,"aba102",43.5,-75
4.7,9.01,1.3,2021-12-11,"aba102",43.5,-75
0.8,8.61,7.02,2021-12-12,"aba102",43.5,-75
2.7,5.62,6.66,2021-12-13,"aba102",43.5,-75
0.4,5.04,7.03,2021-12-14,"aba102",43.5,-75
-0.3,6.12,3.3,2021-12-15,"aba102",43.5,-75
8.9,6.36,5.67,2021-12-16,"aba102",43.5,-75
3.5,7.42,6.59,2021-12-17,"aba102",43.5,-75
-2.1,4.5,1.3,2021-12-18,"aba102",43.5,-75
-8.2,4.75,4.07,2021-12-19,"aba102",43.5,-75
-9.4,4.03,7.25,2021-12-20,"aba102",43.5,-75
-2.4,5.4,5.68,2021-12-21,"aba102",43.5,-75
-3.4,7.22,4.35,2021-12-22,"aba102",43.5,-75
-10.9,5.66,7.09,2021-12-23,"aba102",43.5,-75
-7.1,4.12,6.59,2021-12-24,"aba102",43.5,-75
-0.3,4.03,0.91,2021-12-25,"aba102",43.5,-75
-2.5,4.81,3.03,2021-12-26,"aba102",43.5,-75
-6.9,4.88,2.82,2021-12-27,"aba102",43.5,-75
-2,6.4,4.03,2021-12-28,"aba102",43.5,-75
-0.8,2.56,2.03,2021-12-29,"aba102",43.5,-75
1,2.04,3.63,2021-12-30,"aba102",43.5,-75
1.9,3.36,1.89,2021-12-31,"aba102",43.5,-75
3.5,3.31,0.86,2022-01-01,"aba102",43.5,-75
-4.7,4.1,2.05,2022-01-02,"aba102",43.5,-75
-15.4,3.42,5.99,2022-01-03,"aba102",43.5,-75
-10.1,4.16,5,2022-01-04,"aba102",43.5,-75
-1.9,5.61,5.17,2022-01-05,"aba102",43.5,-75
-4.9,5.81,4.03,2022-01-06,"aba102",43.5,-75
-8.7,5.67,5.97,2022-01-07,"aba102",43.5,-75
-15.1,5.16,8.76,2022-01-08,"aba102",43.5,-75
-3.4,7.02,1.48,2022-01-09,"aba102",43.5,-75
-10.5,6.17,5.81,2022-01-10,"aba102",43.5,-75
-21.1,4.7,9.1,2022-01-11,"aba102",43.5,-75
-9.1,5.03,3,2022-01-12,"aba102",43.5,-75
-1.6,3.31,3.82,2022-01-13,"aba102",43.5,-75
-8.6,5.71,7.49,2022-01-14,"aba102",43.5,-75
-24.7,5.14,9.79,2022-01-15,"aba102",43.5,-75
-17.9,5.75,9.77,2022-01-16,"aba102",43.5,-75
-4.6,10.11,2.92,2022-01-17,"aba102",43.5,-75
-12.1,6.05,7.77,2022-01-18,"aba102",43.5,-75
-4.9,5.81,3.65,2022-01-19,"aba102",43.5,-75
-12,4.72,9.4,2022-01-20,"aba102",43.5,-75
-20.5,3.23,10.4,2022-01-21,"aba102",43.5,-75
-16.8,4.21,10,2022-01-22,"aba102",43.5,-75
-9.4,4.95,6.28,2022-01-23,"aba102",43.5,-75
-14.9,3.47,8.82,2022-01-24,"aba102",43.5,-75
-8.4,4.98,7.36,2022-01-25,"aba102",43.5,-75
-17.7,2.8,11.01,2022-01-26,"aba102",43.5,-75
-13.7,4.62,9.2,2022-01-27,"aba102",43.5,-75
-9.1,4.12,6.72,2022-01-28,"aba102",43.5,-75
-16.7,6.05,7.49,2022-01-29,"aba102",43.5,-75
-17.5,4.69,11.3,2022-01-30,"aba102",43.5,-75
-11.3,3.03,9.99,2022-01-31,"aba102",43.5,-75
-7.8,5.62,11.4,2022-02-01,"aba102",43.5,-75
-1,4.92,10.63,2022-02-02,"aba102",43.5,-75
-1,4.71,3.07,2022-02-03,"aba102",43.5,-75
-9.8,4.08,3.16,2022-02-04,"aba102",43.5,-75
-16,4.8,12.26,2022-02-05,"aba102",43.5,-75
-13.4,4.61,12.03,2022-02-06,"aba102",43.5,-75
-6,3.86,10.48,2022-02-07,"aba102",43.5,-75
-4.5,4.34,6.18,2022-02-08,"aba102",43.5,-75
-2.5,4.57,11.84,2022-02-09,"aba102",43.5,-75
0.7,5.35,8.11,2022-02-10,"aba102",43.5,-75
1.7,6.01,10.48,2022-02-11,"aba102",43.5,-75
-0.7,7.33,9.62,2022-02-12,"aba102",43.5,-75
-12.6,2.76,13.06,2022-02-13,"aba102",43.5,-75
-18,4.57,14.35,2022-02-14,"aba102",43.5,-75
-15.1,4.95,10.12,2022-02-15,"aba102",43.5,-75
-4.2,7.31,12.38,2022-02-16,"aba102",43.5,-75
6.3,7.22,2.96,2022-02-17,"aba102",43.5,-75
-6.6,8.24,10.49,2022-02-18,"aba102",43.5,-75
-10.1,8.32,8.54,2022-02-19,"aba102",43.5,-75
-9.8,6.05,14.45,2022-02-20,"aba102",43.5,-75
1.4,5.05,13.62,2022-02-21,"aba102",43.5,-75
3.3,6.94,8.33,2022-02-22,"aba102",43.5,-75
0.3,7.81,4.16,2022-02-23,"aba102",43.5,-75
-11.5,4.68,15.47,2022-02-24,"aba102",43.5,-75
-10.2,6.61,3.33,2022-02-25,"aba102",43.5,-75
-11.4,4.56,10.16,2022-02-26,"aba102",43.5,-75
-5.9,8.37,8.55,2022-02-27,"aba102",43.5,-75
-13.8,5.2,16.96,2022-02-28,"aba102",43.5,-75
-5.9,5.14,5.93,2022-03-01,"aba102",43.5,-75
-3.8,3.79,14.58,2022-03-02,"aba102",43.5,-75
-8.7,5.64,13.22,2022-03-03,"aba102",43.5,-75
-12.8,4.65,13.4,2022-03-04,"aba102",43.5,-75
-5.2,5.53,11.03,2022-03-05,"aba102",43.5,-75
7,7.62,11.65,2022-03-06,"aba102",43.5,-75
2.2,7.74,2.38,2022-03-07,"aba102",43.5,-75
-4,6.88,15.77,2022-03-08,"aba102",43.5,-75
-3,3.85,8.52,2022-03-09,"aba102",43.5,-75
-2.6,3.67,16.26,2022-03-10,"aba102",43.5,-75
-0.1,4.63,11.25,2022-03-11,"aba102",43.5,-75
-5.7,7.77,5.75,2022-03-12,"aba102",43.5,-75
-9.1,6.22,13.18,2022-03-13,"aba102",43.5,-75
0.4,4.5,16.52,2022-03-14,"aba102",43.5,-75
2.5,3.82,8.9,2022-03-15,"aba102",43.5,-75
3.9,3.76,17.11,2022-03-16,"aba102",43.5,-75
9,4.15,18.28,2022-03-17,"aba102",43.5,-75
10.4,5.02,16.25,2022-03-18,"aba102",43.5,-75
10.2,5.95,10.59,2022-03-19,"aba102",43.5,-75
3.2,5.54,4.78,2022-03-20,"aba102",43.5,-75
3,8.41,18,2022-03-21,"aba102",43.5,-75
-0.2,5.45,21.25,2022-03-22,"aba102",43.5,-75
0.8,7.91,12.03,2022-03-23,"aba102",43.5,-75
2.1,8.14,5.75,2022-03-24,"aba102",43.5,-75
3.4,5.43,12.03,2022-03-25,"aba102",43.5,-75
1.7,4.73,14.21,2022-03-26,"aba102",43.5,-75
-3.6,6.89,12.43,2022-03-27,"aba102",43.5,-75
-12.1,6.19,18.66,2022-03-28,"aba102",43.5,-75
-9,5.92,22.54,2022-03-29,"aba102",43.5,-75
-3.6,5.66,15.1,2022-03-30,"aba102",43.5,-75
7.3,6.65,7.2,2022-03-31,"aba102",43.5,-75
1.9,6.59,12.93,2022-04-01,"aba102",43.5,-75
0.5,6.01,23.14,2022-04-02,"aba102",43.5,-75
1,4.12,7.71,2022-04-03,"aba102",43.5,-75
2.5,4.39,14.81,2022-04-04,"aba102",43.5,-75
5.7,4.57,17.53,2022-04-05,"aba102",43.5,-75
8.8,5.89,17.49,2022-04-06,"aba102",43.5,-75
5.3,6.62,2.01,2022-04-07,"aba102",43.5,-75
5.3,4.56,16.6,2022-04-08,"aba102",43.5,-75
3.8,3.64,13.12,2022-04-09,"aba102",43.5,-75
1,5.99,16.75,2022-04-10,"aba102",43.5,-75
5.9,4.4,23.58,2022-04-11,"aba102",43.5,-75
10.4,5.25,21.04,2022-04-12,"aba102",43.5,-75
11.9,5.26,10.11,2022-04-13,"aba102",43.5,-75
12.1,6.36,6.56,2022-04-14,"aba102",43.5,-75
7.5,8.01,20.85,2022-04-15,"aba102",43.5,-75
2.6,4.59,6.13,2022-04-16,"aba102",43.5,-75
0.6,5.41,21.42,2022-04-17,"aba102",43.5,-75
3.2,6.29,22.84,2022-04-18,"aba102",43.5,-75
0.1,6.89,11.3,2022-04-19,"aba102",43.5,-75
1.4,7.09,21.88,2022-04-20,"aba102",43.5,-75
4.8,7.09,8.9,2022-04-21,"aba102",43.5,-75
6.2,5.32,16.23,2022-04-22,"aba102",43.5,-75
5.7,3.3,12.71,2022-04-23,"aba102",43.5,-75
11.7,5.06,24.34,2022-04-24,"aba102",43.5,-75
13.7,5.79,22.67,2022-04-25,"aba102",43.5,-75
9.1,4.7,5.07,2022-04-26,"aba102",43.5,-75
2.2,6.55,20.19,2022-04-27,"aba102",43.5,-75
2.3,7.3,28.06,2022-04-28,"aba102",43.5,-75
4.1,5.83,28.84,2022-04-29,"aba102",43.5,-75
6.3,3.96,28.6,2022-04-30,"aba102",43.5,-75
10.4,4.16,28.09,2022-05-01,"aba102",43.5,-75
10.2,4.02,4.51,2022-05-02,"aba102",43.5,-75
11,5.33,15.87,2022-05-03,"aba102",43.5,-75
10.1,5.46,2.4,2022-05-04,"aba102",43.5,-75
10.1,3.62,28.18,2022-05-05,"aba102",43.5,-75
11.6,3.68,18.51,2022-05-06,"aba102",43.5,-75
9.7,5.19,24.06,2022-05-07,"aba102",43.5,-75
10.1,3.63,29.52,2022-05-08,"aba102",43.5,-75
13.2,3.89,29.73,2022-05-09,"aba102",43.5,-75
15.6,3.99,29.56,2022-05-10,"aba102",43.5,-75
17.9,3.4,29.75,2022-05-11,"aba102",43.5,-75
20.2,3.75,29.38,2022-05-12,"aba102",43.5,-75
21.6,3.91,25.31,2022-05-13,"aba102",43.5,-75
21.3,3.21,21.34,2022-05-14,"aba102",43.5,-75
18.7,3.67,16.01,2022-05-15,"aba102",43.5,-75
16.3,7.3,18.25,2022-05-16,"aba102",43.5,-75
9.7,7.71,21.03,2022-05-17,"aba102",43.5,-75
9.6,4.58,26.51,2022-05-18,"aba102",43.5,-75
9.1,5.04,5.67,2022-05-19,"aba102",43.5,-75
15.9,6.38,24.35,2022-05-20,"aba102",43.5,-75
22.5,5.52,25.16,2022-05-21,"aba102",43.5,-75
18.8,5.5,20.74,2022-05-22,"aba102",43.5,-75
11.9,4.02,26.31,2022-05-23,"aba102",43.5,-75
12.8,3.5,23.21,2022-05-24,"aba102",43.5,-75
15.5,4,20.35,2022-05-25,"aba102",43.5,-75
17.8,6.02,22.34,2022-05-26,"aba102",43.5,-75
18,5.52,9.23,2022-05-27,"aba102",43.5,-75
15.2,4.84,14.75,2022-05-28,"aba102",43.5,-75
16.2,4.9,25.92,2022-05-29,"aba102",43.5,-75
19.5,8.05,28.1,2022-05-30,"aba102",43.5,-75
22.5,4.59,26.9,2022-05-31,"aba102",43.5,-75
17.7,3.55,14.77,2022-06-01,"aba102",43.5,-75
16.9,3.64,20.6,2022-06-02,"aba102",43.5,-75
15.3,4.3,24.53,2022-06-03,"aba102",43.5,-75
13.6,5.7,31.15,2022-06-04,"aba102",43.5,-75
13.3,5.1,27.36,2022-06-05,"aba102",43.5,-75
16.9,4.18,21.77,2022-06-06,"aba102",43.5,-75
18,6.45,13.54,2022-06-07,"aba102",43.5,-75
15.5,6.04,16.81,2022-06-08,"aba102",43.5,-75
13.7,5.62,18.62,2022-06-09,"aba102",43.5,-75
13.7,6.3,23.5,2022-06-10,"aba102",43.5,-75
15.2,2.69,26.02,2022-06-11,"aba102",43.5,-75
16.5,4.93,24.22,2022-06-12,"aba102",43.5,-75
17.4,4.38,26.15,2022-06-13,"aba102",43.5,-75
17.1,4.31,27.83,2022-06-14,"aba102",43.5,-75
19.5,4.24,25.56,2022-06-15,"aba102",43.5,-75
20.4,5.66,18.67,2022-06-16,"aba102",43.5,-75
19.7,7.54,25.84,2022-06-17,"aba102",43.5,-75
9.6,6.3,7.06,2022-06-18,"aba102",43.5,-75
11.3,7.56,29.44,2022-06-19,"aba102",43.5,-75
14.2,3.7,30.79,2022-06-20,"aba102",43.5,-75
13.3,4.53,10.91,2022-06-21,"aba102",43.5,-75
16.9,5.11,21.97,2022-06-22,"aba102",43.5,-75
14.7,5.25,7.07,2022-06-23,"aba102",43.5,-75
18.8,3.04,26.05,2022-06-24,"aba102",43.5,-75
20.6,2.01,28.73,2022-06-25,"aba102",43.5,-75
22.3,4.95,25.77,2022-06-26,"aba102",43.5,-75
18.6,6.13,24.8,2022-06-27,"aba102",43.5,-75
15.6,3.96,19.75,2022-06-28,"aba102",43.5,-75
16,4.4,23.77,2022-06-29,"aba102",43.5,-75
17.5,3.64,27.57,2022-06-30,"aba102",43.5,-75
22.5,5.16,23.86,2022-07-01,"aba102",43.5,-75
19.9,4.82,28.63,2022-07-02,"aba102",43.5,-75
17.3,4.69,28.4,2022-07-03,"aba102",43.5,-75
16.8,4.3,26.52,2022-07-04,"aba102",43.5,-75
18,4.6,13,2022-07-05,"aba102",43.5,-75
18.4,4.29,19.27,2022-07-06,"aba102",43.5,-75
17.8,3.7,26.93,2022-07-07,"aba102",43.5,-75
18.6,4.34,21.4,2022-07-08,"aba102",43.5,-75
17.1,3.32,30.99,2022-07-09,"aba102",43.5,-75
16.5,2.92,29.54,2022-07-10,"aba102",43.5,-75
20.2,4.52,29.27,2022-07-11,"aba102",43.5,-75
20.1,6.26,15.21,2022-07-12,"aba102",43.5,-75
18.8,2.9,22.2,2022-07-13,"aba102",43.5,-75
17.6,3.83,23.13,2022-07-14,"aba102",43.5,-75
17.5,2.53,22.63,2022-07-15,"aba102",43.5,-75
19.8,3.25,22.16,2022-07-16,"aba102",43.5,-75
22.1,2.97,27.87,2022-07-17,"aba102",43.5,-75
19.8,5.23,3.45,2022-07-18,"aba102",43.5,-75
22.6,6.85,25.99,2022-07-19,"aba102",43.5,-75
24.7,4.74,26.3,2022-07-20,"aba102",43.5,-75
24.1,5.74,18.45,2022-07-21,"aba102",43.5,-75
22.2,3.91,26.01,2022-07-22,"aba102",43.5,-75
22.7,5.01,26.5,2022-07-23,"aba102",43.5,-75
22.6,5.44,20.07,2022-07-24,"aba102",43.5,-75
20.2,6.79,22.6,2022-07-25,"aba102",43.5,-75
16,4.71,17.98,2022-07-26,"aba102",43.5,-75
17.5,2.66,20.13,2022-07-27,"aba102",43.5,-75
19.8,4.31,15.39,2022-07-28,"aba102",43.5,-75
19.3,4.22,22.92,2022-07-29,"aba102",43.5,-75
17.4,4.84,18.55,2022-07-30,"aba102",43.5,-75
18.2,3.06,20.52,2022-07-31,"aba102",43.5,-75
20.8,4.1,25.61,2022-08-01,"aba102",43.5,-75
20.4,4.41,16.72,2022-08-02,"aba102",43.5,-75
19.4,3.32,25.78,2022-08-03,"aba102",43.5,-75
21.7,3.75,17.59,2022-08-04,"aba102",43.5,-75
22,2.47,16.07,2022-08-05,"aba102",43.5,-75
22.9,2.83,22.78,2022-08-06,"aba102",43.5,-75
24,4.21,20.19,2022-08-07,"aba102",43.5,-75
23.2,5.08,19.76,2022-08-08,"aba102",43.5,-75
19.7,4.4,11.31,2022-08-09,"aba102",43.5,-75
17.2,1.92,12.13,2022-08-10,"aba102",43.5,-75
17.4,4.38,20.79,2022-08-11,"aba102",43.5,-75
14.9,4.55,23.72,2022-08-12,"aba102",43.5,-75
14.7,2.96,24.77,2022-08-13,"aba102",43.5,-75
15.9,3.01,23.65,2022-08-14,"aba102",43.5,-75
17.9,3.2,19.56,2022-08-15,"aba102",43.5,-75
19.1,2.95,20.39,2022-08-16,"aba102",43.5,-75
16.9,2.85,11.83,2022-08-17,"aba102",43.5,-75
16.5,4.07,12.72,2022-08-18,"aba102",43.5,-75
18.9,2.91,22.1,2022-08-19,"aba102",43.5,-75
20.9,3.51,20.11,2022-08-20,"aba102",43.5,-75
20.8,4.46,12.51,2022-08-21,"aba102",43.5,-75
19.8,3.94,9.08,2022-08-22,"aba102",43.5,-75
18.9,2.7,11.88,2022-08-23,"aba102",43.5,-75
19.8,3.58,17.66,2022-08-24,"aba102",43.5,-75
19.4,2.97,20.12,2022-08-25,"aba102",43.5,-75
18.7,3.57,13.64,2022-08-26,"aba102",43.5,-75
17.5,2.73,19.54,2022-08-27,"aba102",43.5,-75
18.8,3.88,20.34,2022-08-28,"aba102",43.5,-75
23,5.25,18.89,2022-08-29,"aba102",43.5,-75
21.1,4.21,10.22,2022-08-30,"aba102",43.5,-75
17,6.05,18.12,2022-08-31,"aba102",43.5,-75
12.8,5.01,16.53,2022-09-01,"aba102",43.5,-75
14.5,3.36,22.93,2022-09-02,"aba102",43.5,-75
18.1,3.44,17.74,2022-09-03,"aba102",43.5,-75
19,2.19,10.54,2022-09-04,"aba102",43.5,-75
16.5,2.94,5.24,2022-09-05,"aba102",43.5,-75
15.7,4.2,4.54,2022-09-06,"aba102",43.5,-75
17,2.91,6.3,2022-09-07,"aba102",43.5,-75
17.3,2.26,16.12,2022-09-08,"aba102",43.5,-75
17.2,2.19,20.1,2022-09-09,"aba102",43.5,-75
18.3,2.46,21.31,2022-09-10,"aba102",43.5,-75
18.1,2.62,11.85,2022-09-11,"aba102",43.5,-75
18.7,2.84,8.58,2022-09-12,"aba102",43.5,-75
16.6,4.12,6.2,2022-09-13,"aba102",43.5,-75
15.1,5.85,11.73,2022-09-14,"aba102",43.5,-75
10,4.16,20.1,2022-09-15,"aba102",43.5,-75
10.2,3.41,15.07,2022-09-16,"aba102",43.5,-75
13.4,3.18,12,2022-09-17,"aba102",43.5,-75
16.9,4.14,9.67,2022-09-18,"aba102",43.5,-75
16.2,5,4.33,2022-09-19,"aba102",43.5,-75
14.2,4.24,7.19,2022-09-20,"aba102",43.5,-75
15.6,4.2,16.68,2022-09-21,"aba102",43.5,-75
12.8,5.87,11.23,2022-09-22,"aba102",43.5,-75
5.3,5.69,11.95,2022-09-23,"aba102",43.5,-75
8.2,4.1,18.65,2022-09-24,"aba102",43.5,-75
10.6,4.88,7.77,2022-09-25,"aba102",43.5,-75
11.6,5.88,11.1,2022-09-26,"aba102",43.5,-75
9.9,5.3,6.76,2022-09-27,"aba102",43.5,-75
10.2,4.66,8.67,2022-09-28,"aba102",43.5,-75
7.4,3.53,11.53,2022-09-29,"aba102",43.5,-75
6.8,2.59,16.45,2022-09-30,"aba102",43.5,-75
10.5,4.89,9.89,2022-10-01,"aba102",43.5,-75
8.6,5.16,16.37,2022-10-02,"aba102",43.5,-75
6.4,3.33,16.79,2022-10-03,"aba102",43.5,-75
7.9,2.69,9.23,2022-10-04,"aba102",43.5,-75
11.1,3.04,16.39,2022-10-05,"aba102",43.5,-75
13.5,2.77,15.62,2022-10-06,"aba102",43.5,-75
10.1,5.4,5.2,2022-10-07,"aba102",43.5,-75
3.3,4.52,9.4,2022-10-08,"aba102",43.5,-75
5.9,6.2,9.86,2022-10-09,"aba102",43.5,-75
6.1,2.97,9.06,2022-10-10,"aba102",43.5,-75
7.1,3.03,15.29,2022-10-11,"aba102",43.5,-75
12,5.35,13.2,2022-10-12,"aba102",43.5,-75
12.3,7.56,4.78,2022-10-13,"aba102",43.5,-75
8.7,3.26,15.21,2022-10-14,"aba102",43.5,-75
9.1,6.94,13.85,2022-10-15,"aba102",43.5,-75
6.6,3,14.05,2022-10-16,"aba102",43.5,-75
6.8,5.23,7.65,2022-10-17,"aba102",43.5,-75
4,4.7,12.63,2022-10-18,"aba102",43.5,-75
2.1,5.97,10.1,2022-10-19,"aba102",43.5,-75
3.2,6.72,9.28,2022-10-20,"aba102",43.5,-75
5.6,4.11,14.01,2022-10-21,"aba102",43.5,-75
10.1,3.79,13.67,2022-10-22,"aba102",43.5,-75
10.1,3.52,12.22,2022-10-23,"aba102",43.5,-75
13,3.54,5.75,2022-10-24,"aba102",43.5,-75
15.1,5.52,4.47,2022-10-25,"aba102",43.5,-75
16.4,5.54,4.44,2022-10-26,"aba102",43.5,-75
6.5,5.7,10.46,2022-10-27,"aba102",43.5,-75
2.7,3.13,11.83,2022-10-28,"aba102",43.5,-75
5.6,2.46,12.68,2022-10-29,"aba102",43.5,-75
7.1,3.75,12.5,2022-10-30,"aba102",43.5,-75
9.5,3.36,10.25,2022-10-31,"aba102",43.5,-75
12.1,3.72,3.5,2022-11-01,"aba102",43.5,-75
9.8,3.97,9.89,2022-11-02,"aba102",43.5,-75
9.6,3.48,11.51,2022-11-03,"aba102",43.5,-75
12.4,4.6,10.53,2022-11-04,"aba102",43.5,-75
16.5,7.15,5.68,2022-11-05,"aba102",43.5,-75
17.7,7.05,4.6,2022-11-06,"aba102",43.5,-75
10.9,7.08,10.84,2022-11-07,"aba102",43.5,-75
2,5.03,11.14,2022-11-08,"aba102",43.5,-75
1.3,4.35,10.8,2022-11-09,"aba102",43.5,-75
8.6,4.06,10.32,2022-11-10,"aba102",43.5,-75
12.1,7.54,3.28,2022-11-11,"aba102",43.5,-75
10.3,6.67,2.66,2022-11-12,"aba102",43.5,-75
1,4.2,5.18,2022-11-13,"aba102",43.5,-75
-2.6,5.14,8.34,2022-11-14,"aba102",43.5,-75
-3.6,3.58,5.41,2022-11-15,"aba102",43.5,-75
-1.1,4.52,3.27,2022-11-16,"aba102",43.5,-75
-3.6,5.9,5.82,2022-11-17,"aba102",43.5,-75
-5.1,6.08,7.72,2022-11-18,"aba102",43.5,-75
-6.5,4.74,7.81,2022-11-19,"aba102",43.5,-75
-7.8,6.43,6.66,2022-11-20,"aba102",43.5,-75
-6,6.01,7.83,2022-11-21,"aba102",43.5,-75
-1.9,5.21,7.42,2022-11-22,"aba102",43.5,-75
-1.4,3.8,5.59,2022-11-23,"aba102",43.5,-75
-1.4,3.36,8.56,2022-11-24,"aba102",43.5,-75
2,7.66,1.92,2022-11-25,"aba102",43.5,-75
2.2,4.9,7.28,2022-11-26,"aba102",43.5,-75
2.7,4.36,1.94,2022-11-27,"aba102",43.5,-75
1.2,5.83,2.2,2022-11-28,"aba102",43.5,-75
-1.3,4.67,4.47,2022-11-29,"aba102",43.5,-75
1,8.82,0.8,2022-11-30,"aba102",43.5,-75
-2.2,9.28,4.22,2022-12-01,"aba102",43.5,-75
-1.2,5.15,6.97,2022-12-02,"aba102",43.5,-75
3,9.69,1.47,2022-12-03,"aba102",43.5,-75
-2.6,5.71,4.36,2022-12-04,"aba102",43.5,-75
-1.1,4.38,7.14,2022-12-05,"aba102",43.5,-75
2.7,5.06,1.26,2022-12-06,"aba102",43.5,-75
7.4,4.61,0.69,2022-12-07,"aba102",43.5,-75
2.2,3.33,3.44,2022-12-08,"aba102",43.5,-75
-2.4,3.24,7.95,2022-12-09,"aba102",43.5,-75
-5,4.11,8.04,2022-12-10,"aba102",43.5,-75
-4.9,4.36,1.55,2022-12-11,"aba102",43.5,-75
-5,3.35,7.6,2022-12-12,"aba102",43.5,-75
-8.6,4.42,6.87,2022-12-13,"aba102",43.5,-75
-7.5,6.43,7.8,2022-12-14,"aba102",43.5,-75
-2.8,6.54,3.56,2022-12-15,"aba102",43.5,-75
-0.1,7.21,1.41,2022-12-16,"aba102",43.5,-75
-1.4,4.94,5.31,2022-12-17,"aba102",43.5,-75
-3.9,4.33,5.33,2022-12-18,"aba102",43.5,-75
-3.3,5.95,4.34,2022-12-19,"aba102",43.5,-75
-5.9,3.38,4.53,2022-12-20,"aba102",43.5,-75
-7.1,2.39,7.2,2022-12-21,"aba102",43.5,-75
-3.6,8.14,5.07,2022-12-22,"aba102",43.5,-75
-3.3,10.6,1.54,2022-12-23,"aba102",43.5,-75
-17.2,6.42,6.25,2022-12-24,"aba102",43.5,-75
-12.1,7.08,6.08,2022-12-25,"aba102",43.5,-75
-10,4.48,5.61,2022-12-26,"aba102",43.5,-75
-7.9,3.8,4.45,2022-12-27,"aba102",43.5,-75
-3.3,3.98,5,2022-12-28,"aba102",43.5,-75
1.3,3.32,7.54,2022-12-29,"aba102",43.5,-75
6.4,3.86,2.24,2022-12-30,"aba102",43.5,-75
6.8,3.82,2.58,2022-12-31,"aba102",43.5,-75
