"Temp_C","Wind_ms","Shortwave_mJm2","Date","LakeID","Lat","Lon"
-2,2.36,3.22,1980-01-01,"WI-433247",45.25,-88.5
-4.8,4.46,3.93,1980-01-02,"WI-433247",45.25,-88.5
-9.1,3.11,6.21,1980-01-03,"WI-433247",45.25,-88.5
-9,2.24,4.56,1980-01-04,"WI-433247",45.25,-88.5
-7.9,2.72,4.54,1980-01-05,"WI-433247",45.25,-88.5
-5.7,6.08,1.06,1980-01-06,"WI-433247",45.25,-88.5
-11.3,8.92,7.21,1980-01-07,"WI-433247",45.25,-88.5
-19.9,5.91,7.84,1980-01-08,"WI-433247",45.25,-88.5
-21.6,4.37,8,1980-01-09,"WI-433247",45.25,-88.5
-9.6,6.93,2.17,1980-01-10,"WI-433247",45.25,-88.5
-6.5,10.3,6.94,1980-01-11,"WI-433247",45.25,-88.5
-15.2,8.04,7.5,1980-01-12,"WI-433247",45.25,-88.5
-3.3,6,2.06,1980-01-13,"WI-433247",45.25,-88.5
-3.7,4.74,7.99,1980-01-14,"WI-433247",45.25,-88.5
0.2,4.36,1.59,1980-01-15,"WI-433247",45.25,-88.5
1.5,3.5,0.64,1980-01-16,"WI-433247",45.25,-88.5
1.2,4.46,2.21,1980-01-17,"WI-433247",45.25,-88.5
-1.7,3.48,4.36,1980-01-18,"WI-433247",45.25,-88.5
-5.8,5.15,7.56,1980-01-19,"WI-433247",45.25,-88.5
-8,4.42,8.71,1980-01-20,"WI-433247",45.25,-88.5
-5.1,4.7,8.35,1980-01-21,"WI-433247",45.25,-88.5
-6.2,6.79,6.44,1980-01-22,"WI-433247",45.25,-88.5
-15.5,4.89,9.36,1980-01-23,"WI-433247",45.25,-88.5
-14.7,2.91,6.53,1980-01-24,"WI-433247",45.25,-88.5
-11.9,4.39,9.84,1980-01-25,"WI-433247",45.25,-88.5
-14.4,3.22,8.48,1980-01-26,"WI-433247",45.25,-88.5
-16.2,4.34,9.14,1980-01-27,"WI-433247",45.25,-88.5
-15.5,3.89,8.32,1980-01-28,"WI-433247",45.25,-88.5
-14.5,3.7,9.9,1980-01-29,"WI-433247",45.25,-88.5
-16,2.96,6.75,1980-01-30,"WI-433247",45.25,-88.5
-13.8,3.31,10.58,1980-01-31,"WI-433247",45.25,-88.5
-15,3.13,10.68,1980-02-01,"WI-433247",45.25,-88.5
-16,2.77,10.75,1980-02-02,"WI-433247",45.25,-88.5
-14.8,3.28,11.17,1980-02-03,"WI-433247",45.25,-88.5
-13,2.85,11.07,1980-02-04,"WI-433247",45.25,-88.5
-10.1,3.59,5.46,1980-02-05,"WI-433247",45.25,-88.5
-9.8,3.45,10.76,1980-02-06,"WI-433247",45.25,-88.5
-10,2.79,11.45,1980-02-07,"WI-433247",45.25,-88.5
-9,2.51,10.24,1980-02-08,"WI-433247",45.25,-88.5
-7.9,2.64,9.55,1980-02-09,"WI-433247",45.25,-88.5
-9.2,3.97,8.18,1980-02-10,"WI-433247",45.25,-88.5
-7.4,4.63,9.45,1980-02-11,"WI-433247",45.25,-88.5
-8.5,4.27,8.98,1980-02-12,"WI-433247",45.25,-88.5
-7.5,3.24,7.29,1980-02-13,"WI-433247",45.25,-88.5
-9,3.12,10.8,1980-02-14,"WI-433247",45.25,-88.5
-8.3,4.12,9.5,1980-02-15,"WI-433247",45.25,-88.5
-13.1,5.17,13.04,1980-02-16,"WI-433247",45.25,-88.5
-13.2,4.78,13.56,1980-02-17,"WI-433247",45.25,-88.5
-6.1,5.73,8.36,1980-02-18,"WI-433247",45.25,-88.5
-0.2,4.39,4.87,1980-02-19,"WI-433247",45.25,-88.5
1.5,2.5,5.23,1980-02-20,"WI-433247",45.25,-88.5
0,4.81,4,1980-02-21,"WI-433247",45.25,-88.5
0.4,4.43,9.49,1980-02-22,"WI-433247",45.25,-88.5
0.3,5.51,4.02,1980-02-23,"WI-433247",45.25,-88.5
-5.3,6.8,11.25,1980-02-24,"WI-433247",45.25,-88.5
-11.5,5.5,14.25,1980-02-25,"WI-433247",45.25,-88.5
-11.7,6.66,11.43,1980-02-26,"WI-433247",45.25,-88.5
-8.4,6.08,14.66,1980-02-27,"WI-433247",45.25,-88.5
-12,5.67,14.3,1980-02-28,"WI-433247",45.25,-88.5
-16.3,4.83,16.26,1980-02-29,"WI-433247",45.25,-88.5
-13.8,3.8,16.67,1980-03-01,"WI-433247",45.25,-88.5
-10,5.28,14.59,1980-03-02,"WI-433247",45.25,-88.5
-5.2,4.22,9.27,1980-03-03,"WI-433247",45.25,-88.5
-4.3,3.6,9.85,1980-03-04,"WI-433247",45.25,-88.5
-9.6,5.81,17.01,1980-03-05,"WI-433247",45.25,-88.5
-12,4.41,9,1980-03-06,"WI-433247",45.25,-88.5
-8.5,3.35,17.31,1980-03-07,"WI-433247",45.25,-88.5
-7.4,3.77,17.64,1980-03-08,"WI-433247",45.25,-88.5
-5,4.05,12.84,1980-03-09,"WI-433247",45.25,-88.5
-6,9.49,17.07,1980-03-10,"WI-433247",45.25,-88.5
-12.6,6.04,18.79,1980-03-11,"WI-433247",45.25,-88.5
-10.7,5.3,14.06,1980-03-12,"WI-433247",45.25,-88.5
-5.5,3.47,5.75,1980-03-13,"WI-433247",45.25,-88.5
-3.3,4.83,17.23,1980-03-14,"WI-433247",45.25,-88.5
-5.3,5.48,17.65,1980-03-15,"WI-433247",45.25,-88.5
3.6,4.17,4.76,1980-03-16,"WI-433247",45.25,-88.5
0.4,5.69,12.32,1980-03-17,"WI-433247",45.25,-88.5
0.8,4.61,19.08,1980-03-18,"WI-433247",45.25,-88.5
6.5,6.84,17.51,1980-03-19,"WI-433247",45.25,-88.5
4.6,4.83,14.47,1980-03-20,"WI-433247",45.25,-88.5
-1.6,6.94,14.88,1980-03-21,"WI-433247",45.25,-88.5
-1.6,5.1,18.21,1980-03-22,"WI-433247",45.25,-88.5
-1.2,4.38,4.29,1980-03-23,"WI-433247",45.25,-88.5
-1.8,6.32,14.16,1980-03-24,"WI-433247",45.25,-88.5
-0.2,3.71,19.75,1980-03-25,"WI-433247",45.25,-88.5
0.9,3.34,19.59,1980-03-26,"WI-433247",45.25,-88.5
1.3,3.42,6.3,1980-03-27,"WI-433247",45.25,-88.5
3.5,4.38,14.27,1980-03-28,"WI-433247",45.25,-88.5
3.1,4.05,15.97,1980-03-29,"WI-433247",45.25,-88.5
2.8,5.73,20.73,1980-03-30,"WI-433247",45.25,-88.5
5.4,4.83,20.93,1980-03-31,"WI-433247",45.25,-88.5
4.9,2.69,22.05,1980-04-01,"WI-433247",45.25,-88.5
6.4,3.35,22.55,1980-04-02,"WI-433247",45.25,-88.5
1,6.23,5.32,1980-04-03,"WI-433247",45.25,-88.5
5.4,6.6,18.78,1980-04-04,"WI-433247",45.25,-88.5
9.4,4.88,22.35,1980-04-05,"WI-433247",45.25,-88.5
6.9,4.69,10.35,1980-04-06,"WI-433247",45.25,-88.5
8.6,3.89,6.35,1980-04-07,"WI-433247",45.25,-88.5
5.5,8.99,1.74,1980-04-08,"WI-433247",45.25,-88.5
3.6,6.95,7.88,1980-04-09,"WI-433247",45.25,-88.5
3.8,3.83,16.17,1980-04-10,"WI-433247",45.25,-88.5
4.4,2.75,12.6,1980-04-11,"WI-433247",45.25,-88.5
1.8,5.2,9.7,1980-04-12,"WI-433247",45.25,-88.5
0.7,3.57,16.78,1980-04-13,"WI-433247",45.25,-88.5
1.3,6.16,12.4,1980-04-14,"WI-433247",45.25,-88.5
3.3,7.63,19.91,1980-04-15,"WI-433247",45.25,-88.5
3,3.68,23.85,1980-04-16,"WI-433247",45.25,-88.5
9.4,4.74,19.52,1980-04-17,"WI-433247",45.25,-88.5
12.4,3.92,22.6,1980-04-18,"WI-433247",45.25,-88.5
15.7,6.77,20.21,1980-04-19,"WI-433247",45.25,-88.5
14.2,3.75,24.74,1980-04-20,"WI-433247",45.25,-88.5
16.4,5.01,23.81,1980-04-21,"WI-433247",45.25,-88.5
20.4,8.77,25.33,1980-04-22,"WI-433247",45.25,-88.5
7.2,8.13,23.62,1980-04-23,"WI-433247",45.25,-88.5
1.8,6.01,13.69,1980-04-24,"WI-433247",45.25,-88.5
6.3,4.02,11.06,1980-04-25,"WI-433247",45.25,-88.5
9.3,5.11,12.85,1980-04-26,"WI-433247",45.25,-88.5
12.2,5.47,24.05,1980-04-27,"WI-433247",45.25,-88.5
11.1,5.54,11.26,1980-04-28,"WI-433247",45.25,-88.5
11.1,4.92,3.34,1980-04-29,"WI-433247",45.25,-88.5
15.1,4.19,13.94,1980-04-30,"WI-433247",45.25,-88.5
17,3.75,26.69,1980-05-01,"WI-433247",45.25,-88.5
18.2,2.93,25.35,1980-05-02,"WI-433247",45.25,-88.5
19.7,2.42,26.34,1980-05-03,"WI-433247",45.25,-88.5
20.7,4.29,25.95,1980-05-04,"WI-433247",45.25,-88.5
18.9,6.51,23.71,1980-05-05,"WI-433247",45.25,-88.5
9.9,6.7,25.3,1980-05-06,"WI-433247",45.25,-88.5
5.2,5.82,21.51,1980-05-07,"WI-433247",45.25,-88.5
6.2,5.48,17.19,1980-05-08,"WI-433247",45.25,-88.5
8.6,3.42,15.89,1980-05-09,"WI-433247",45.25,-88.5
11.2,6.75,15.35,1980-05-10,"WI-433247",45.25,-88.5
11.1,6.59,20.53,1980-05-11,"WI-433247",45.25,-88.5
12.1,5.61,24.22,1980-05-12,"WI-433247",45.25,-88.5
7.8,4.96,10.07,1980-05-13,"WI-433247",45.25,-88.5
9.4,3.11,16.61,1980-05-14,"WI-433247",45.25,-88.5
11.3,3.33,22.67,1980-05-15,"WI-433247",45.25,-88.5
12.2,4.58,26.61,1980-05-16,"WI-433247",45.25,-88.5
13.1,4.21,12.86,1980-05-17,"WI-433247",45.25,-88.5
14.3,4.12,12.27,1980-05-18,"WI-433247",45.25,-88.5
17.1,2.7,25.15,1980-05-19,"WI-433247",45.25,-88.5
20,3.2,26.99,1980-05-20,"WI-433247",45.25,-88.5
22.4,3.92,29.67,1980-05-21,"WI-433247",45.25,-88.5
23.9,3.65,29.38,1980-05-22,"WI-433247",45.25,-88.5
22.8,3.82,29.54,1980-05-23,"WI-433247",45.25,-88.5
22.9,3.57,27.83,1980-05-24,"WI-433247",45.25,-88.5
19.8,4.47,29.12,1980-05-25,"WI-433247",45.25,-88.5
17.1,3.5,29.64,1980-05-26,"WI-433247",45.25,-88.5
20.2,3.1,27.79,1980-05-27,"WI-433247",45.25,-88.5
21.2,3.32,24.4,1980-05-28,"WI-433247",45.25,-88.5
18.2,2.82,12.04,1980-05-29,"WI-433247",45.25,-88.5
18.5,5.95,10.48,1980-05-30,"WI-433247",45.25,-88.5
16.8,7.25,23.98,1980-05-31,"WI-433247",45.25,-88.5
11.4,4.75,16.08,1980-06-01,"WI-433247",45.25,-88.5
16.4,3.91,24.02,1980-06-02,"WI-433247",45.25,-88.5
17.4,3.31,23.06,1980-06-03,"WI-433247",45.25,-88.5
16,4.22,22.45,1980-06-04,"WI-433247",45.25,-88.5
13.4,5.08,9.08,1980-06-05,"WI-433247",45.25,-88.5
18.9,3.89,16.68,1980-06-06,"WI-433247",45.25,-88.5
15.6,7.12,11.11,1980-06-07,"WI-433247",45.25,-88.5
11.8,7.99,19.69,1980-06-08,"WI-433247",45.25,-88.5
13.7,6.14,24.33,1980-06-09,"WI-433247",45.25,-88.5
10.6,5.88,31,1980-06-10,"WI-433247",45.25,-88.5
15.9,3.4,30.4,1980-06-11,"WI-433247",45.25,-88.5
19.5,6.36,29,1980-06-12,"WI-433247",45.25,-88.5
21.5,6.21,19.8,1980-06-13,"WI-433247",45.25,-88.5
19,5.32,14.66,1980-06-14,"WI-433247",45.25,-88.5
11.7,5.86,26.33,1980-06-15,"WI-433247",45.25,-88.5
13,3.61,25.77,1980-06-16,"WI-433247",45.25,-88.5
17.9,6.3,23.55,1980-06-17,"WI-433247",45.25,-88.5
13.2,3.34,11.09,1980-06-18,"WI-433247",45.25,-88.5
13.1,5.65,20.1,1980-06-19,"WI-433247",45.25,-88.5
17.7,3.88,26.43,1980-06-20,"WI-433247",45.25,-88.5
19.7,4.81,21.56,1980-06-21,"WI-433247",45.25,-88.5
22,3.32,22.52,1980-06-22,"WI-433247",45.25,-88.5
23.6,2.75,27.64,1980-06-23,"WI-433247",45.25,-88.5
23.3,3.81,23.91,1980-06-24,"WI-433247",45.25,-88.5
25.8,5.03,25.05,1980-06-25,"WI-433247",45.25,-88.5
25.9,4.3,28.29,1980-06-26,"WI-433247",45.25,-88.5
13.3,4.75,16.06,1980-06-27,"WI-433247",45.25,-88.5
18.6,5.79,22.21,1980-06-28,"WI-433247",45.25,-88.5
16.5,6.6,20.51,1980-06-29,"WI-433247",45.25,-88.5
17.2,3.71,20.4,1980-06-30,"WI-433247",45.25,-88.5
19.5,3.98,20.67,1980-07-01,"WI-433247",45.25,-88.5
17.3,2.56,27.53,1980-07-02,"WI-433247",45.25,-88.5
20.7,3.83,27.49,1980-07-03,"WI-433247",45.25,-88.5
22.9,3.8,23.4,1980-07-04,"WI-433247",45.25,-88.5
19.6,5.24,23.35,1980-07-05,"WI-433247",45.25,-88.5
16.7,3.14,28.17,1980-07-06,"WI-433247",45.25,-88.5
22.4,3.69,20.17,1980-07-07,"WI-433247",45.25,-88.5
22.7,4.74,27.79,1980-07-08,"WI-433247",45.25,-88.5
23.2,2.83,25.93,1980-07-09,"WI-433247",45.25,-88.5
25.4,4.63,27.96,1980-07-10,"WI-433247",45.25,-88.5
25.9,4.61,25.68,1980-07-11,"WI-433247",45.25,-88.5
20.2,4.05,10.86,1980-07-12,"WI-433247",45.25,-88.5
22.7,4.16,23.75,1980-07-13,"WI-433247",45.25,-88.5
24.2,5.3,14.74,1980-07-14,"WI-433247",45.25,-88.5
26.6,3.91,28.49,1980-07-15,"WI-433247",45.25,-88.5
22.1,6.4,20.39,1980-07-16,"WI-433247",45.25,-88.5
21,3.72,17.72,1980-07-17,"WI-433247",45.25,-88.5
21,5.91,11.13,1980-07-18,"WI-433247",45.25,-88.5
23.9,3.09,28.77,1980-07-19,"WI-433247",45.25,-88.5
20.4,4.3,12.42,1980-07-20,"WI-433247",45.25,-88.5
20.4,3.3,21.56,1980-07-21,"WI-433247",45.25,-88.5
19.3,4.6,22.73,1980-07-22,"WI-433247",45.25,-88.5
19.1,2.8,21.26,1980-07-23,"WI-433247",45.25,-88.5
21.2,5.22,28.2,1980-07-24,"WI-433247",45.25,-88.5
19.2,3.96,4.43,1980-07-25,"WI-433247",45.25,-88.5
15.8,3.06,20.96,1980-07-26,"WI-433247",45.25,-88.5
17.5,2.35,28.44,1980-07-27,"WI-433247",45.25,-88.5
20.4,3.82,23.6,1980-07-28,"WI-433247",45.25,-88.5
20.8,3.47,24.45,1980-07-29,"WI-433247",45.25,-88.5
19,3.44,14.27,1980-07-30,"WI-433247",45.25,-88.5
22.1,3.19,18.08,1980-07-31,"WI-433247",45.25,-88.5
22.8,5.35,25.97,1980-08-01,"WI-433247",45.25,-88.5
21.3,3.67,16.9,1980-08-02,"WI-433247",45.25,-88.5
20.1,3.09,23.49,1980-08-03,"WI-433247",45.25,-88.5
20.8,7.61,13.49,1980-08-04,"WI-433247",45.25,-88.5
21.7,6.31,25.99,1980-08-05,"WI-433247",45.25,-88.5
22.2,3.71,22.75,1980-08-06,"WI-433247",45.25,-88.5
22.4,4.07,17.43,1980-08-07,"WI-433247",45.25,-88.5
22.4,5.06,13.7,1980-08-08,"WI-433247",45.25,-88.5
19.6,2.73,19.61,1980-08-09,"WI-433247",45.25,-88.5
19.4,3.26,15.81,1980-08-10,"WI-433247",45.25,-88.5
19.1,4.83,17.44,1980-08-11,"WI-433247",45.25,-88.5
18.4,3.07,20.19,1980-08-12,"WI-433247",45.25,-88.5
18.3,4.19,10.71,1980-08-13,"WI-433247",45.25,-88.5
19.3,3.75,18.71,1980-08-14,"WI-433247",45.25,-88.5
16.4,3.28,20.18,1980-08-15,"WI-433247",45.25,-88.5
14.8,6.07,14.5,1980-08-16,"WI-433247",45.25,-88.5
16.7,5.58,5,1980-08-17,"WI-433247",45.25,-88.5
20.3,4.18,21.59,1980-08-18,"WI-433247",45.25,-88.5
20.7,4.41,8.06,1980-08-19,"WI-433247",45.25,-88.5
22.3,4.34,11.49,1980-08-20,"WI-433247",45.25,-88.5
22.1,6.4,20.91,1980-08-21,"WI-433247",45.25,-88.5
20.2,3.45,24.72,1980-08-22,"WI-433247",45.25,-88.5
20.7,5.25,23.08,1980-08-23,"WI-433247",45.25,-88.5
19.3,4.77,11.37,1980-08-24,"WI-433247",45.25,-88.5
21.2,5.86,17.05,1980-08-25,"WI-433247",45.25,-88.5
20.4,3.52,6.54,1980-08-26,"WI-433247",45.25,-88.5
15,3.98,8.65,1980-08-27,"WI-433247",45.25,-88.5
16.8,3.74,6.29,1980-08-28,"WI-433247",45.25,-88.5
20.9,4,9.08,1980-08-29,"WI-433247",45.25,-88.5
20.4,5.55,10,1980-08-30,"WI-433247",45.25,-88.5
16.6,3.54,11.91,1980-08-31,"WI-433247",45.25,-88.5
19.3,4.13,12.75,1980-09-01,"WI-433247",45.25,-88.5
17.5,4.24,17.73,1980-09-02,"WI-433247",45.25,-88.5
17.7,6.4,15.36,1980-09-03,"WI-433247",45.25,-88.5
20.1,7.25,20.1,1980-09-04,"WI-433247",45.25,-88.5
18.2,5.37,21.15,1980-09-05,"WI-433247",45.25,-88.5
17,2.82,21.45,1980-09-06,"WI-433247",45.25,-88.5
17.2,3.09,11.65,1980-09-07,"WI-433247",45.25,-88.5
19.7,4.48,17.97,1980-09-08,"WI-433247",45.25,-88.5
16.8,6.83,21.18,1980-09-09,"WI-433247",45.25,-88.5
14.1,4.8,20.97,1980-09-10,"WI-433247",45.25,-88.5
16.1,4.82,19.65,1980-09-11,"WI-433247",45.25,-88.5
14,5.75,2.76,1980-09-12,"WI-433247",45.25,-88.5
18.2,4.03,6.57,1980-09-13,"WI-433247",45.25,-88.5
13.2,5.94,5.13,1980-09-14,"WI-433247",45.25,-88.5
11.6,5.65,8.08,1980-09-15,"WI-433247",45.25,-88.5
13.1,5.22,11.72,1980-09-16,"WI-433247",45.25,-88.5
9,3.22,13.2,1980-09-17,"WI-433247",45.25,-88.5
11.4,5.69,10.08,1980-09-18,"WI-433247",45.25,-88.5
11.6,6.47,11.19,1980-09-19,"WI-433247",45.25,-88.5
15.9,5.91,10.31,1980-09-20,"WI-433247",45.25,-88.5
12,6.21,8.88,1980-09-21,"WI-433247",45.25,-88.5
13.2,5.81,14,1980-09-22,"WI-433247",45.25,-88.5
8.4,4.24,10.15,1980-09-23,"WI-433247",45.25,-88.5
10.2,6,9.66,1980-09-24,"WI-433247",45.25,-88.5
8.1,6.43,8.61,1980-09-25,"WI-433247",45.25,-88.5
6,4.12,10.08,1980-09-26,"WI-433247",45.25,-88.5
10.2,4.91,15.92,1980-09-27,"WI-433247",45.25,-88.5
8.5,4.09,13.88,1980-09-28,"WI-433247",45.25,-88.5
15.1,5.62,15.73,1980-09-29,"WI-433247",45.25,-88.5
15.5,3.13,6.49,1980-09-30,"WI-433247",45.25,-88.5
14.6,5.62,9.55,1980-10-01,"WI-433247",45.25,-88.5
6.8,5.46,9.24,1980-10-02,"WI-433247",45.25,-88.5
3.4,3.96,9.51,1980-10-03,"WI-433247",45.25,-88.5
2.7,4.22,8.8,1980-10-04,"WI-433247",45.25,-88.5
3.5,4.3,15.98,1980-10-05,"WI-433247",45.25,-88.5
10.1,4.74,15.36,1980-10-06,"WI-433247",45.25,-88.5
11.8,5.86,14.91,1980-10-07,"WI-433247",45.25,-88.5
14.4,4.92,15.16,1980-10-08,"WI-433247",45.25,-88.5
6.4,3.72,15.07,1980-10-09,"WI-433247",45.25,-88.5
10.6,7.13,13.71,1980-10-10,"WI-433247",45.25,-88.5
5,7.6,7.1,1980-10-11,"WI-433247",45.25,-88.5
3.8,5.22,10.46,1980-10-12,"WI-433247",45.25,-88.5
3,2.71,13.96,1980-10-13,"WI-433247",45.25,-88.5
2.6,3.65,2.52,1980-10-14,"WI-433247",45.25,-88.5
4.7,3.22,7.99,1980-10-15,"WI-433247",45.25,-88.5
7.7,4.6,3.92,1980-10-16,"WI-433247",45.25,-88.5
13.7,10.38,9.94,1980-10-17,"WI-433247",45.25,-88.5
5.4,6.8,4.51,1980-10-18,"WI-433247",45.25,-88.5
4.1,5.56,8.68,1980-10-19,"WI-433247",45.25,-88.5
4.8,5.98,7.34,1980-10-20,"WI-433247",45.25,-88.5
4.4,6.66,7.74,1980-10-21,"WI-433247",45.25,-88.5
2.6,3.91,11.12,1980-10-22,"WI-433247",45.25,-88.5
6.9,6.51,7.84,1980-10-23,"WI-433247",45.25,-88.5
7.8,6.72,4.08,1980-10-24,"WI-433247",45.25,-88.5
1.6,7.6,6.46,1980-10-25,"WI-433247",45.25,-88.5
0.6,6.52,7.53,1980-10-26,"WI-433247",45.25,-88.5
0.8,4,8.81,1980-10-27,"WI-433247",45.25,-88.5
-0.2,5.02,9.97,1980-10-28,"WI-433247",45.25,-88.5
0,3.11,11.73,1980-10-29,"WI-433247",45.25,-88.5
4.3,6.8,9.38,1980-10-30,"WI-433247",45.25,-88.5
5.9,7.86,11.39,1980-10-31,"WI-433247",45.25,-88.5
1.8,4.84,5.84,1980-11-01,"WI-433247",45.25,-88.5
2.4,4.04,6.34,1980-11-02,"WI-433247",45.25,-88.5
8.2,5.6,7.11,1980-11-03,"WI-433247",45.25,-88.5
6,6.95,4.83,1980-11-04,"WI-433247",45.25,-88.5
2.2,4.74,9.98,1980-11-05,"WI-433247",45.25,-88.5
8,6.14,7.1,1980-11-06,"WI-433247",45.25,-88.5
1.9,3.92,2.69,1980-11-07,"WI-433247",45.25,-88.5
0.4,5.9,3.29,1980-11-08,"WI-433247",45.25,-88.5
4.4,6.69,3.79,1980-11-09,"WI-433247",45.25,-88.5
-2.2,5.15,8.85,1980-11-10,"WI-433247",45.25,-88.5
-2.8,2.8,9.75,1980-11-11,"WI-433247",45.25,-88.5
-0.1,3,1.05,1980-11-12,"WI-433247",45.25,-88.5
2,4.04,0.94,1980-11-13,"WI-433247",45.25,-88.5
-0.1,3.91,6.35,1980-11-14,"WI-433247",45.25,-88.5
-1.2,3.22,6.3,1980-11-15,"WI-433247",45.25,-88.5
-0.8,3.72,7.97,1980-11-16,"WI-433247",45.25,-88.5
-0.8,4.23,4.95,1980-11-17,"WI-433247",45.25,-88.5
-2.8,4.71,8.75,1980-11-18,"WI-433247",45.25,-88.5
0.7,4.11,8.67,1980-11-19,"WI-433247",45.25,-88.5
2.4,5.57,7.57,1980-11-20,"WI-433247",45.25,-88.5
1.3,6.79,7.2,1980-11-21,"WI-433247",45.25,-88.5
4.8,6.66,8.41,1980-11-22,"WI-433247",45.25,-88.5
2.8,5.46,1.94,1980-11-23,"WI-433247",45.25,-88.5
-1.9,4.72,4.87,1980-11-24,"WI-433247",45.25,-88.5
-3.7,3.76,7.87,1980-11-25,"WI-433247",45.25,-88.5
-2.5,3.3,7.79,1980-11-26,"WI-433247",45.25,-88.5
-0.9,4.68,2.44,1980-11-27,"WI-433247",45.25,-88.5
-0.8,4.34,4.19,1980-11-28,"WI-433247",45.25,-88.5
0.1,6.98,5.29,1980-11-29,"WI-433247",45.25,-88.5
0.9,4.92,7.2,1980-11-30,"WI-433247",45.25,-88.5
-1.3,4.75,5.08,1980-12-01,"WI-433247",45.25,-88.5
-8.5,7.14,4.26,1980-12-02,"WI-433247",45.25,-88.5
-8.8,3.64,2.39,1980-12-03,"WI-433247",45.25,-88.5
-2.7,3.68,2.61,1980-12-04,"WI-433247",45.25,-88.5
0.1,3.85,1.29,1980-12-05,"WI-433247",45.25,-88.5
2.1,2.55,0.94,1980-12-06,"WI-433247",45.25,-88.5
2.7,2.55,1.93,1980-12-07,"WI-433247",45.25,-88.5
-0.4,4.53,3.85,1980-12-08,"WI-433247",45.25,-88.5
-6.7,4.07,5.36,1980-12-09,"WI-433247",45.25,-88.5
-12.9,5.62,6.67,1980-12-10,"WI-433247",45.25,-88.5
-16.5,3.64,6.54,1980-12-11,"WI-433247",45.25,-88.5
-4.9,7.85,6.42,1980-12-12,"WI-433247",45.25,-88.5
-8.7,7.5,7.06,1980-12-13,"WI-433247",45.25,-88.5
-9.1,6.94,6.92,1980-12-14,"WI-433247",45.25,-88.5
-8.6,2.18,6.27,1980-12-15,"WI-433247",45.25,-88.5
-7.4,3.24,4.8,1980-12-16,"WI-433247",45.25,-88.5
-3.1,7.5,1.02,1980-12-17,"WI-433247",45.25,-88.5
-9.2,7.5,6.34,1980-12-18,"WI-433247",45.25,-88.5
-19.8,6.81,7.34,1980-12-19,"WI-433247",45.25,-88.5
-18.8,4.99,7.32,1980-12-20,"WI-433247",45.25,-88.5
-14.3,3.99,6.89,1980-12-21,"WI-433247",45.25,-88.5
-8.5,4.16,1.65,1980-12-22,"WI-433247",45.25,-88.5
-5.1,4.41,4.11,1980-12-23,"WI-433247",45.25,-88.5
-14.5,5.82,7.05,1980-12-24,"WI-433247",45.25,-88.5
-18,4.97,6.49,1980-12-25,"WI-433247",45.25,-88.5
-11.8,4.12,7.12,1980-12-26,"WI-433247",45.25,-88.5
-11.1,5.41,5.08,1980-12-27,"WI-433247",45.25,-88.5
-2.1,6.4,1.93,1980-12-28,"WI-433247",45.25,-88.5
-2.4,3.73,4.89,1980-12-29,"WI-433247",45.25,-88.5
-5.8,4.17,2.3,1980-12-30,"WI-433247",45.25,-88.5
-2.5,3.68,3.63,1980-12-31,"WI-433247",45.25,-88.5
-4.5,6.53,3.85,1981-01-01,"WI-433247",45.25,-88.5
-15.3,5.38,4.73,1981-01-02,"WI-433247",45.25,-88.5
-20.6,5.24,7.6,1981-01-03,"WI-433247",45.25,-88.5
-20.7,4.34,7.68,1981-01-04,"WI-433247",45.25,-88.5
-15.1,5.03,5.03,1981-01-05,"WI-433247",45.25,-88.5
-7.6,6.41,4.25,1981-01-06,"WI-433247",45.25,-88.5
-16.7,5.55,7.8,1981-01-07,"WI-433247",45.25,-88.5
-16.5,3.71,7.82,1981-01-08,"WI-433247",45.25,-88.5
-12.6,5.1,7.77,1981-01-09,"WI-433247",45.25,-88.5
-17.1,4.7,8.05,1981-01-10,"WI-433247",45.25,-88.5
-15.5,4.53,8.18,1981-01-11,"WI-433247",45.25,-88.5
-8.9,4.1,5.7,1981-01-12,"WI-433247",45.25,-88.5
-6.7,2,4.49,1981-01-13,"WI-433247",45.25,-88.5
-4.7,1.81,4.27,1981-01-14,"WI-433247",45.25,-88.5
-7.5,6.81,4.87,1981-01-15,"WI-433247",45.25,-88.5
-10.7,6.4,8.6,1981-01-16,"WI-433247",45.25,-88.5
-8.1,5.92,8.02,1981-01-17,"WI-433247",45.25,-88.5
-0.2,5.75,8.59,1981-01-18,"WI-433247",45.25,-88.5
-2.4,4.16,8.55,1981-01-19,"WI-433247",45.25,-88.5
-4.8,3.09,8.94,1981-01-20,"WI-433247",45.25,-88.5
-4.4,5.85,8.55,1981-01-21,"WI-433247",45.25,-88.5
-0.9,5.51,6.9,1981-01-22,"WI-433247",45.25,-88.5
-1.3,3.2,8.07,1981-01-23,"WI-433247",45.25,-88.5
-3.9,2.66,8.78,1981-01-24,"WI-433247",45.25,-88.5
2.2,4.05,6.63,1981-01-25,"WI-433247",45.25,-88.5
0.6,5.79,4.08,1981-01-26,"WI-433247",45.25,-88.5
-6.1,2.72,6.2,1981-01-27,"WI-433247",45.25,-88.5
-9.5,4.88,7.44,1981-01-28,"WI-433247",45.25,-88.5
-10.9,4.3,9.55,1981-01-29,"WI-433247",45.25,-88.5
-13.3,2.94,10.46,1981-01-30,"WI-433247",45.25,-88.5
-8.9,4.11,7.84,1981-01-31,"WI-433247",45.25,-88.5
-5,6.13,5.78,1981-02-01,"WI-433247",45.25,-88.5
-17,5.06,10.52,1981-02-02,"WI-433247",45.25,-88.5
-19.8,5.02,10.94,1981-02-03,"WI-433247",45.25,-88.5
-17.7,4.1,11.42,1981-02-04,"WI-433247",45.25,-88.5
-12.2,4.82,7.35,1981-02-05,"WI-433247",45.25,-88.5
-7.1,4.57,7.38,1981-02-06,"WI-433247",45.25,-88.5
-4.6,4.38,4.89,1981-02-07,"WI-433247",45.25,-88.5
-11.9,5.28,11.65,1981-02-08,"WI-433247",45.25,-88.5
-14.4,5.25,11.04,1981-02-09,"WI-433247",45.25,-88.5
-14.7,6.81,4.03,1981-02-10,"WI-433247",45.25,-88.5
-20.5,6.72,12.46,1981-02-11,"WI-433247",45.25,-88.5
-18.8,3.62,8.65,1981-02-12,"WI-433247",45.25,-88.5
-12.4,3.96,8.1,1981-02-13,"WI-433247",45.25,-88.5
-3.9,4.54,10.82,1981-02-14,"WI-433247",45.25,-88.5
3.3,6.04,11.17,1981-02-15,"WI-433247",45.25,-88.5
5.7,6.2,11.39,1981-02-16,"WI-433247",45.25,-88.5
7.7,5.87,11.59,1981-02-17,"WI-433247",45.25,-88.5
7.1,4.99,3.28,1981-02-18,"WI-433247",45.25,-88.5
5.4,3.89,12.23,1981-02-19,"WI-433247",45.25,-88.5
3,2.51,13.45,1981-02-20,"WI-433247",45.25,-88.5
1.5,3.59,10.21,1981-02-21,"WI-433247",45.25,-88.5
2,5.46,1.19,1981-02-22,"WI-433247",45.25,-88.5
2.9,3.68,8.01,1981-02-23,"WI-433247",45.25,-88.5
1.4,8.05,12.39,1981-02-24,"WI-433247",45.25,-88.5
0.1,3.51,14.76,1981-02-25,"WI-433247",45.25,-88.5
-1.5,3.18,13.92,1981-02-26,"WI-433247",45.25,-88.5
-1.4,4.55,4.14,1981-02-27,"WI-433247",45.25,-88.5
1.5,5.74,11.08,1981-02-28,"WI-433247",45.25,-88.5
0.2,6.05,11.93,1981-03-01,"WI-433247",45.25,-88.5
-5,5.37,11.94,1981-03-02,"WI-433247",45.25,-88.5
-4.3,4.57,13.02,1981-03-03,"WI-433247",45.25,-88.5
0.2,4.34,11.73,1981-03-04,"WI-433247",45.25,-88.5
-3.1,3.77,14.52,1981-03-05,"WI-433247",45.25,-88.5
-5.2,5.06,13.16,1981-03-06,"WI-433247",45.25,-88.5
-1.6,3.61,16.02,1981-03-07,"WI-433247",45.25,-88.5
1.9,2.8,12.34,1981-03-08,"WI-433247",45.25,-88.5
1.7,2.82,9.82,1981-03-09,"WI-433247",45.25,-88.5
1,3.86,10.98,1981-03-10,"WI-433247",45.25,-88.5
1,4.87,10.86,1981-03-11,"WI-433247",45.25,-88.5
4.8,7.46,16.97,1981-03-12,"WI-433247",45.25,-88.5
-1.1,6.22,15.78,1981-03-13,"WI-433247",45.25,-88.5
1.8,6.45,18.6,1981-03-14,"WI-433247",45.25,-88.5
4,7.05,16.53,1981-03-15,"WI-433247",45.25,-88.5
-0.8,6.8,16.99,1981-03-16,"WI-433247",45.25,-88.5
-2.9,6.68,18.85,1981-03-17,"WI-433247",45.25,-88.5
-4.6,6.11,14.78,1981-03-18,"WI-433247",45.25,-88.5
-3.6,5.57,13.31,1981-03-19,"WI-433247",45.25,-88.5
-0.3,5.28,12.55,1981-03-20,"WI-433247",45.25,-88.5
1.3,3.06,16.38,1981-03-21,"WI-433247",45.25,-88.5
3,2.69,17.15,1981-03-22,"WI-433247",45.25,-88.5
3.8,3.81,20.02,1981-03-23,"WI-433247",45.25,-88.5
3.1,2.84,19.33,1981-03-24,"WI-433247",45.25,-88.5
4.3,4.74,20.8,1981-03-25,"WI-433247",45.25,-88.5
5,3.61,14.83,1981-03-26,"WI-433247",45.25,-88.5
5.6,3.85,20.91,1981-03-27,"WI-433247",45.25,-88.5
10.3,6.67,11.81,1981-03-28,"WI-433247",45.25,-88.5
13.7,4.83,5.99,1981-03-29,"WI-433247",45.25,-88.5
8.2,3.98,7.5,1981-03-30,"WI-433247",45.25,-88.5
7,6.26,15.29,1981-03-31,"WI-433247",45.25,-88.5
7,10.24,10.54,1981-04-01,"WI-433247",45.25,-88.5
9.5,4.92,19.56,1981-04-02,"WI-433247",45.25,-88.5
13.1,5.22,10.7,1981-04-03,"WI-433247",45.25,-88.5
2.6,6.74,4.13,1981-04-04,"WI-433247",45.25,-88.5
0.9,6.65,21.16,1981-04-05,"WI-433247",45.25,-88.5
4.8,5.38,23.81,1981-04-06,"WI-433247",45.25,-88.5
10.2,5.22,16.32,1981-04-07,"WI-433247",45.25,-88.5
7.3,4.59,5,1981-04-08,"WI-433247",45.25,-88.5
9.5,5.49,22.68,1981-04-09,"WI-433247",45.25,-88.5
13.8,6.02,18.83,1981-04-10,"WI-433247",45.25,-88.5
11.9,4.97,23.34,1981-04-11,"WI-433247",45.25,-88.5
6.4,4.22,20.16,1981-04-12,"WI-433247",45.25,-88.5
7.5,5.43,5.27,1981-04-13,"WI-433247",45.25,-88.5
4.6,7.48,23.26,1981-04-14,"WI-433247",45.25,-88.5
5.4,5.95,25.34,1981-04-15,"WI-433247",45.25,-88.5
10.7,6.17,19.92,1981-04-16,"WI-433247",45.25,-88.5
14.6,6.8,20.51,1981-04-17,"WI-433247",45.25,-88.5
8.2,6.22,24.95,1981-04-18,"WI-433247",45.25,-88.5
6.6,4.9,10.09,1981-04-19,"WI-433247",45.25,-88.5
1.4,4.74,26.59,1981-04-20,"WI-433247",45.25,-88.5
2.5,4.95,16.69,1981-04-21,"WI-433247",45.25,-88.5
8.4,4.41,11.62,1981-04-22,"WI-433247",45.25,-88.5
5.1,6.87,2.98,1981-04-23,"WI-433247",45.25,-88.5
4.8,6.93,22.09,1981-04-24,"WI-433247",45.25,-88.5
6,4.05,23.06,1981-04-25,"WI-433247",45.25,-88.5
8.6,3.47,18.16,1981-04-26,"WI-433247",45.25,-88.5
9.2,4.37,15.61,1981-04-27,"WI-433247",45.25,-88.5
7.1,4.61,5.04,1981-04-28,"WI-433247",45.25,-88.5
9.2,3.06,23.47,1981-04-29,"WI-433247",45.25,-88.5
7.7,3.26,19.62,1981-04-30,"WI-433247",45.25,-88.5
8,4.64,25.86,1981-05-01,"WI-433247",45.25,-88.5
8.6,6.36,24.78,1981-05-02,"WI-433247",45.25,-88.5
13,6.29,18.4,1981-05-03,"WI-433247",45.25,-88.5
16,3.83,8.36,1981-05-04,"WI-433247",45.25,-88.5
10.2,6.91,18.1,1981-05-05,"WI-433247",45.25,-88.5
7.9,4.18,28.65,1981-05-06,"WI-433247",45.25,-88.5
9.4,3.22,28.65,1981-05-07,"WI-433247",45.25,-88.5
9.8,4.72,18.66,1981-05-08,"WI-433247",45.25,-88.5
8.6,6.03,19.37,1981-05-09,"WI-433247",45.25,-88.5
3.3,5.56,22.98,1981-05-10,"WI-433247",45.25,-88.5
7.2,5.82,27.86,1981-05-11,"WI-433247",45.25,-88.5
10,4.68,29.28,1981-05-12,"WI-433247",45.25,-88.5
11.5,3.1,23.25,1981-05-13,"WI-433247",45.25,-88.5
12.2,3.48,24.46,1981-05-14,"WI-433247",45.25,-88.5
14.3,3.44,21.56,1981-05-15,"WI-433247",45.25,-88.5
12.4,3.91,27.37,1981-05-16,"WI-433247",45.25,-88.5
8.5,4.34,28.74,1981-05-17,"WI-433247",45.25,-88.5
9.3,3.72,30.46,1981-05-18,"WI-433247",45.25,-88.5
13,2.85,30.4,1981-05-19,"WI-433247",45.25,-88.5
17.7,3.89,26.83,1981-05-20,"WI-433247",45.25,-88.5
20,4.48,29.85,1981-05-21,"WI-433247",45.25,-88.5
19.4,4.92,26.9,1981-05-22,"WI-433247",45.25,-88.5
18.8,5.43,16.76,1981-05-23,"WI-433247",45.25,-88.5
16.8,3.91,10.09,1981-05-24,"WI-433247",45.25,-88.5
15.2,4.95,12.38,1981-05-25,"WI-433247",45.25,-88.5
15.2,3.63,13.49,1981-05-26,"WI-433247",45.25,-88.5
13.5,3.03,8.67,1981-05-27,"WI-433247",45.25,-88.5
15.9,3.28,18.98,1981-05-28,"WI-433247",45.25,-88.5
19,5.83,19.63,1981-05-29,"WI-433247",45.25,-88.5
13.5,5.95,20.82,1981-05-30,"WI-433247",45.25,-88.5
13.3,3.54,27.67,1981-05-31,"WI-433247",45.25,-88.5
17.4,5.6,26.08,1981-06-01,"WI-433247",45.25,-88.5
18.9,4.46,22,1981-06-02,"WI-433247",45.25,-88.5
17.8,4.85,19.64,1981-06-03,"WI-433247",45.25,-88.5
18.2,4.1,16.5,1981-06-04,"WI-433247",45.25,-88.5
21.2,6.64,23.86,1981-06-05,"WI-433247",45.25,-88.5
20.2,6.38,29.01,1981-06-06,"WI-433247",45.25,-88.5
15.3,3.82,16.41,1981-06-07,"WI-433247",45.25,-88.5
19,5.21,18.47,1981-06-08,"WI-433247",45.25,-88.5
17.1,5.11,20.01,1981-06-09,"WI-433247",45.25,-88.5
18,4.59,24.45,1981-06-10,"WI-433247",45.25,-88.5
18.9,4.57,25.45,1981-06-11,"WI-433247",45.25,-88.5
21.2,3.67,26.45,1981-06-12,"WI-433247",45.25,-88.5
19.4,5.04,8.86,1981-06-13,"WI-433247",45.25,-88.5
24.1,6.13,15.13,1981-06-14,"WI-433247",45.25,-88.5
21.3,5.47,6.97,1981-06-15,"WI-433247",45.25,-88.5
16.4,6.6,19.53,1981-06-16,"WI-433247",45.25,-88.5
18.1,6.49,29.63,1981-06-17,"WI-433247",45.25,-88.5
19.9,8.38,29.22,1981-06-18,"WI-433247",45.25,-88.5
16.5,3.57,24.38,1981-06-19,"WI-433247",45.25,-88.5
14.4,4.34,16.23,1981-06-20,"WI-433247",45.25,-88.5
14.8,3.3,20.03,1981-06-21,"WI-433247",45.25,-88.5
14.8,2.42,17.29,1981-06-22,"WI-433247",45.25,-88.5
15,3.74,18.98,1981-06-23,"WI-433247",45.25,-88.5
18.4,5.87,17.31,1981-06-24,"WI-433247",45.25,-88.5
16.8,4.27,20.87,1981-06-25,"WI-433247",45.25,-88.5
16.4,3.01,30.59,1981-06-26,"WI-433247",45.25,-88.5
18.1,4.28,24.7,1981-06-27,"WI-433247",45.25,-88.5
20.9,6.94,13.35,1981-06-28,"WI-433247",45.25,-88.5
22.9,4.65,18.45,1981-06-29,"WI-433247",45.25,-88.5
18.2,3.68,30.64,1981-06-30,"WI-433247",45.25,-88.5
17.7,4.75,29.75,1981-07-01,"WI-433247",45.25,-88.5
20,3.88,22.89,1981-07-02,"WI-433247",45.25,-88.5
21.5,3.47,22.95,1981-07-03,"WI-433247",45.25,-88.5
21.8,2.18,22.18,1981-07-04,"WI-433247",45.25,-88.5
22.5,3.08,25.41,1981-07-05,"WI-433247",45.25,-88.5
24.8,2.51,29.45,1981-07-06,"WI-433247",45.25,-88.5
26.4,4.36,29.38,1981-07-07,"WI-433247",45.25,-88.5
27.1,5.46,23.26,1981-07-08,"WI-433247",45.25,-88.5
24.4,5.19,30.57,1981-07-09,"WI-433247",45.25,-88.5
23,3.12,29.92,1981-07-10,"WI-433247",45.25,-88.5
20.8,3.55,13.1,1981-07-11,"WI-433247",45.25,-88.5
23.1,2.15,20.52,1981-07-12,"WI-433247",45.25,-88.5
25.1,4.24,28.71,1981-07-13,"WI-433247",45.25,-88.5
18.5,3.14,16.31,1981-07-14,"WI-433247",45.25,-88.5
17.1,3.58,13.33,1981-07-15,"WI-433247",45.25,-88.5
19.8,2.62,15.47,1981-07-16,"WI-433247",45.25,-88.5
21.1,3.9,21.67,1981-07-17,"WI-433247",45.25,-88.5
21.3,2.69,22.23,1981-07-18,"WI-433247",45.25,-88.5
22.6,2.69,25.8,1981-07-19,"WI-433247",45.25,-88.5
19.8,4.66,14.96,1981-07-20,"WI-433247",45.25,-88.5
15.2,4.91,25.31,1981-07-21,"WI-433247",45.25,-88.5
14.8,2.56,22.58,1981-07-22,"WI-433247",45.25,-88.5
17.2,3.57,21.07,1981-07-23,"WI-433247",45.25,-88.5
20.3,4.25,20.74,1981-07-24,"WI-433247",45.25,-88.5
21.1,3.98,21.99,1981-07-25,"WI-433247",45.25,-88.5
17.1,3.73,25.23,1981-07-26,"WI-433247",45.25,-88.5
15.2,2.61,20.93,1981-07-27,"WI-433247",45.25,-88.5
15.2,3.51,15.9,1981-07-28,"WI-433247",45.25,-88.5
17.9,3.22,23.38,1981-07-29,"WI-433247",45.25,-88.5
19.1,5.23,17.56,1981-07-30,"WI-433247",45.25,-88.5
22.5,5.65,21.97,1981-07-31,"WI-433247",45.25,-88.5
22.2,4.05,15.65,1981-08-01,"WI-433247",45.25,-88.5
21.6,1.88,15.42,1981-08-02,"WI-433247",45.25,-88.5
22.3,2.83,20.77,1981-08-03,"WI-433247",45.25,-88.5
21.8,3.5,19.68,1981-08-04,"WI-433247",45.25,-88.5
19.8,3.64,20.39,1981-08-05,"WI-433247",45.25,-88.5
19.2,3.31,12.68,1981-08-06,"WI-433247",45.25,-88.5
18.1,4.95,11.81,1981-08-07,"WI-433247",45.25,-88.5
19.8,4.73,21.64,1981-08-08,"WI-433247",45.25,-88.5
18.9,3.54,16.42,1981-08-09,"WI-433247",45.25,-88.5
18.2,3.82,20.38,1981-08-10,"WI-433247",45.25,-88.5
18.7,3.42,21.83,1981-08-11,"WI-433247",45.25,-88.5
21.7,4.22,24.09,1981-08-12,"WI-433247",45.25,-88.5
21.9,2.86,18.46,1981-08-13,"WI-433247",45.25,-88.5
20.3,4.53,12.04,1981-08-14,"WI-433247",45.25,-88.5
18.5,5.21,14.82,1981-08-15,"WI-433247",45.25,-88.5
15.5,6.03,24.22,1981-08-16,"WI-433247",45.25,-88.5
14.5,2.58,25.63,1981-08-17,"WI-433247",45.25,-88.5
16.2,2.47,23.62,1981-08-18,"WI-433247",45.25,-88.5
16.6,2.52,18.11,1981-08-19,"WI-433247",45.25,-88.5
17.7,2.25,21.41,1981-08-20,"WI-433247",45.25,-88.5
19.1,3.31,21.78,1981-08-21,"WI-433247",45.25,-88.5
20,3.69,17.41,1981-08-22,"WI-433247",45.25,-88.5
21.8,3.53,22.95,1981-08-23,"WI-433247",45.25,-88.5
19.7,4.2,14.63,1981-08-24,"WI-433247",45.25,-88.5
19.1,3.31,11.13,1981-08-25,"WI-433247",45.25,-88.5
19,3.94,4.65,1981-08-26,"WI-433247",45.25,-88.5
18.4,6.62,9.49,1981-08-27,"WI-433247",45.25,-88.5
17.7,5.68,2.94,1981-08-28,"WI-433247",45.25,-88.5
19.5,2.25,8.18,1981-08-29,"WI-433247",45.25,-88.5
19.4,2.69,12.57,1981-08-30,"WI-433247",45.25,-88.5
21.1,4.12,12.18,1981-08-31,"WI-433247",45.25,-88.5
18.6,4.86,12.2,1981-09-01,"WI-433247",45.25,-88.5
13.6,2.75,21.19,1981-09-02,"WI-433247",45.25,-88.5
14.7,1.92,22.14,1981-09-03,"WI-433247",45.25,-88.5
15.3,5.15,11.29,1981-09-04,"WI-433247",45.25,-88.5
14.1,3.86,14.76,1981-09-05,"WI-433247",45.25,-88.5
14.6,3.27,12.03,1981-09-06,"WI-433247",45.25,-88.5
15.5,4.92,5.17,1981-09-07,"WI-433247",45.25,-88.5
14.5,5.86,17.71,1981-09-08,"WI-433247",45.25,-88.5
16.8,6.52,18.86,1981-09-09,"WI-433247",45.25,-88.5
21.1,4.9,19.83,1981-09-10,"WI-433247",45.25,-88.5
20.1,5.29,17.34,1981-09-11,"WI-433247",45.25,-88.5
17.9,3.73,20.58,1981-09-12,"WI-433247",45.25,-88.5
18.8,3.61,20.28,1981-09-13,"WI-433247",45.25,-88.5
16.8,4.47,19.17,1981-09-14,"WI-433247",45.25,-88.5
12.6,4.02,16.46,1981-09-15,"WI-433247",45.25,-88.5
9.3,5.67,16.89,1981-09-16,"WI-433247",45.25,-88.5
9.6,5.09,12.63,1981-09-17,"WI-433247",45.25,-88.5
10.8,5.15,17.55,1981-09-18,"WI-433247",45.25,-88.5
13.6,5.08,18.02,1981-09-19,"WI-433247",45.25,-88.5
9.8,3.4,12.74,1981-09-20,"WI-433247",45.25,-88.5
8.6,4.63,8.24,1981-09-21,"WI-433247",45.25,-88.5
7.5,3.91,12.9,1981-09-22,"WI-433247",45.25,-88.5
8.1,3.31,15.84,1981-09-23,"WI-433247",45.25,-88.5
12.2,3,5.14,1981-09-24,"WI-433247",45.25,-88.5
13.2,3.31,1.52,1981-09-25,"WI-433247",45.25,-88.5
14.6,8.19,2.21,1981-09-26,"WI-433247",45.25,-88.5
9.8,11.35,7.92,1981-09-27,"WI-433247",45.25,-88.5
8.1,5.33,16.32,1981-09-28,"WI-433247",45.25,-88.5
8.3,4.48,8.53,1981-09-29,"WI-433247",45.25,-88.5
8.5,6.2,1.51,1981-09-30,"WI-433247",45.25,-88.5
5,6.24,3.39,1981-10-01,"WI-433247",45.25,-88.5
4.2,5.76,16.53,1981-10-02,"WI-433247",45.25,-88.5
4.7,3.11,16.55,1981-10-03,"WI-433247",45.25,-88.5
8.3,3.62,1.65,1981-10-04,"WI-433247",45.25,-88.5
10.3,2.83,9.09,1981-10-05,"WI-433247",45.25,-88.5
8.9,8.63,8.29,1981-10-06,"WI-433247",45.25,-88.5
6.9,5.69,14.69,1981-10-07,"WI-433247",45.25,-88.5
5.5,2.5,14.85,1981-10-08,"WI-433247",45.25,-88.5
6.7,3.94,7.63,1981-10-09,"WI-433247",45.25,-88.5
8.8,2.83,3.27,1981-10-10,"WI-433247",45.25,-88.5
8.8,2.5,6.02,1981-10-11,"WI-433247",45.25,-88.5
8.6,4.61,11.97,1981-10-12,"WI-433247",45.25,-88.5
11.9,4.9,7.57,1981-10-13,"WI-433247",45.25,-88.5
13.1,4.75,1.44,1981-10-14,"WI-433247",45.25,-88.5
10.2,4.88,9.87,1981-10-15,"WI-433247",45.25,-88.5
7.1,4.13,11.75,1981-10-16,"WI-433247",45.25,-88.5
9.9,5.32,3.99,1981-10-17,"WI-433247",45.25,-88.5
4.7,10,4.9,1981-10-18,"WI-433247",45.25,-88.5
2,6.22,10.82,1981-10-19,"WI-433247",45.25,-88.5
6.5,4.83,8.96,1981-10-20,"WI-433247",45.25,-88.5
2,3.05,6.09,1981-10-21,"WI-433247",45.25,-88.5
2,5.01,10.22,1981-10-22,"WI-433247",45.25,-88.5
-1.7,5.97,10.82,1981-10-23,"WI-433247",45.25,-88.5
-2.6,6.59,8.44,1981-10-24,"WI-433247",45.25,-88.5
2.3,5.07,7.25,1981-10-25,"WI-433247",45.25,-88.5
3,3.22,9.28,1981-10-26,"WI-433247",45.25,-88.5
5.8,3.71,11.6,1981-10-27,"WI-433247",45.25,-88.5
4.2,3.1,10.27,1981-10-28,"WI-433247",45.25,-88.5
7.3,4.53,3.82,1981-10-29,"WI-433247",45.25,-88.5
10.4,5.44,9.75,1981-10-30,"WI-433247",45.25,-88.5
12,3.95,5.32,1981-10-31,"WI-433247",45.25,-88.5
7.8,3.05,10.39,1981-11-01,"WI-433247",45.25,-88.5
7.5,3.61,10.71,1981-11-02,"WI-433247",45.25,-88.5
6.5,2.77,10.71,1981-11-03,"WI-433247",45.25,-88.5
9.2,2.6,9.4,1981-11-04,"WI-433247",45.25,-88.5
9.2,6.22,1.43,1981-11-05,"WI-433247",45.25,-88.5
2.6,5.91,5.4,1981-11-06,"WI-433247",45.25,-88.5
4.1,3.94,10.08,1981-11-07,"WI-433247",45.25,-88.5
5.2,6.54,6.74,1981-11-08,"WI-433247",45.25,-88.5
-1.1,3.76,7.63,1981-11-09,"WI-433247",45.25,-88.5
2.1,6.3,6.3,1981-11-10,"WI-433247",45.25,-88.5
1.9,2.34,5.99,1981-11-11,"WI-433247",45.25,-88.5
2,4.46,9.25,1981-11-12,"WI-433247",45.25,-88.5
3.6,3.71,9.35,1981-11-13,"WI-433247",45.25,-88.5
3.9,3.47,7.27,1981-11-14,"WI-433247",45.25,-88.5
7.3,3.42,7.92,1981-11-15,"WI-433247",45.25,-88.5
7.6,2.91,4,1981-11-16,"WI-433247",45.25,-88.5
4.2,4.33,3.75,1981-11-17,"WI-433247",45.25,-88.5
2.5,3.61,5.31,1981-11-18,"WI-433247",45.25,-88.5
-0.2,5.63,1.91,1981-11-19,"WI-433247",45.25,-88.5
-2.1,6.97,5.1,1981-11-20,"WI-433247",45.25,-88.5
-4.6,4.7,5.02,1981-11-21,"WI-433247",45.25,-88.5
-7.8,2.82,7.88,1981-11-22,"WI-433247",45.25,-88.5
-5.5,3.58,5.58,1981-11-23,"WI-433247",45.25,-88.5
-2.1,2.41,4.29,1981-11-24,"WI-433247",45.25,-88.5
-0.2,4.77,2.93,1981-11-25,"WI-433247",45.25,-88.5
1.6,6.45,0.64,1981-11-26,"WI-433247",45.25,-88.5
0.3,6.93,4.57,1981-11-27,"WI-433247",45.25,-88.5
-2.7,4.48,5.25,1981-11-28,"WI-433247",45.25,-88.5
-5.6,3.35,6.41,1981-11-29,"WI-433247",45.25,-88.5
-3.5,4.31,7.46,1981-11-30,"WI-433247",45.25,-88.5
0.2,5.77,1.51,1981-12-01,"WI-433247",45.25,-88.5
0.4,5.24,5.19,1981-12-02,"WI-433247",45.25,-88.5
-1.9,2.44,5.46,1981-12-03,"WI-433247",45.25,-88.5
-2.1,3.38,5.5,1981-12-04,"WI-433247",45.25,-88.5
-4.1,3.42,6.05,1981-12-05,"WI-433247",45.25,-88.5
-1.1,4.62,3.89,1981-12-06,"WI-433247",45.25,-88.5
1.2,5.09,5.28,1981-12-07,"WI-433247",45.25,-88.5
-3.3,5.58,5.55,1981-12-08,"WI-433247",45.25,-88.5
-8.1,5.06,5.7,1981-12-09,"WI-433247",45.25,-88.5
-8.5,4.14,6.16,1981-12-10,"WI-433247",45.25,-88.5
-8.1,3.55,5.66,1981-12-11,"WI-433247",45.25,-88.5
-6.4,2.83,3.84,1981-12-12,"WI-433247",45.25,-88.5
-1.2,3.7,4.35,1981-12-13,"WI-433247",45.25,-88.5
-4,4.55,4.86,1981-12-14,"WI-433247",45.25,-88.5
-10.2,3.64,6.21,1981-12-15,"WI-433247",45.25,-88.5
-12,3.8,6.97,1981-12-16,"WI-433247",45.25,-88.5
-12.4,5.07,6.44,1981-12-17,"WI-433247",45.25,-88.5
-10.3,5.89,5.22,1981-12-18,"WI-433247",45.25,-88.5
-12.8,4.1,6.89,1981-12-19,"WI-433247",45.25,-88.5
-12.1,6.18,6.33,1981-12-20,"WI-433247",45.25,-88.5
-1.5,6.14,3.8,1981-12-21,"WI-433247",45.25,-88.5
-2,3.4,5.18,1981-12-22,"WI-433247",45.25,-88.5
-7.5,6.41,6.82,1981-12-23,"WI-433247",45.25,-88.5
-9.8,5.8,5.34,1981-12-24,"WI-433247",45.25,-88.5
-10,3.77,6.18,1981-12-25,"WI-433247",45.25,-88.5
-5,5.1,2.06,1981-12-26,"WI-433247",45.25,-88.5
-3.2,4.83,4.51,1981-12-27,"WI-433247",45.25,-88.5
-7.7,4.43,5.6,1981-12-28,"WI-433247",45.25,-88.5
-14.2,3.76,6.96,1981-12-29,"WI-433247",45.25,-88.5
-12.1,5.26,3.63,1981-12-30,"WI-433247",45.25,-88.5
-3.2,5.99,1.99,1981-12-31,"WI-433247",45.25,-88.5
-13.2,6.37,7.46,1982-01-01,"WI-433247",45.25,-88.5
-9.1,6.86,1.65,1982-01-02,"WI-433247",45.25,-88.5
-6.4,5.2,6.7,1982-01-03,"WI-433247",45.25,-88.5
-6.8,9.44,3.82,1982-01-04,"WI-433247",45.25,-88.5
-11,4,4.56,1982-01-05,"WI-433247",45.25,-88.5
-14,5.38,5.75,1982-01-06,"WI-433247",45.25,-88.5
-21.7,4.66,8.01,1982-01-07,"WI-433247",45.25,-88.5
-19.5,6.99,6.42,1982-01-08,"WI-433247",45.25,-88.5
-24.8,6.37,6.56,1982-01-09,"WI-433247",45.25,-88.5
-25.6,9.59,4.32,1982-01-10,"WI-433247",45.25,-88.5
-13.1,8.02,5.45,1982-01-11,"WI-433247",45.25,-88.5
-14.9,2.69,7.49,1982-01-12,"WI-433247",45.25,-88.5
-13.1,2.88,5.82,1982-01-13,"WI-433247",45.25,-88.5
-12.9,3.19,5.74,1982-01-14,"WI-433247",45.25,-88.5
-12.9,4.96,3.74,1982-01-15,"WI-433247",45.25,-88.5
-26.2,7.74,8.06,1982-01-16,"WI-433247",45.25,-88.5
-27.3,3.71,7.45,1982-01-17,"WI-433247",45.25,-88.5
-18.1,2.31,8.47,1982-01-18,"WI-433247",45.25,-88.5
-10.2,4.55,7.16,1982-01-19,"WI-433247",45.25,-88.5
-13.4,4.46,3.63,1982-01-20,"WI-433247",45.25,-88.5
-13.5,4.19,6.71,1982-01-21,"WI-433247",45.25,-88.5
-12.6,7.5,2.55,1982-01-22,"WI-433247",45.25,-88.5
-9.5,7.05,4.28,1982-01-23,"WI-433247",45.25,-88.5
-18.6,6.64,9.8,1982-01-24,"WI-433247",45.25,-88.5
-17.3,3.89,9.46,1982-01-25,"WI-433247",45.25,-88.5
-16.8,3.83,9.87,1982-01-26,"WI-433247",45.25,-88.5
-6.8,6.24,6.99,1982-01-27,"WI-433247",45.25,-88.5
-7.4,8.62,10.19,1982-01-28,"WI-433247",45.25,-88.5
-10.1,4.81,3.02,1982-01-29,"WI-433247",45.25,-88.5
-9.2,4.88,8.79,1982-01-30,"WI-433247",45.25,-88.5
-14.1,4.4,7.78,1982-01-31,"WI-433247",45.25,-88.5
-13.2,3.32,10.34,1982-02-01,"WI-433247",45.25,-88.5
-7.2,3.3,4.29,1982-02-02,"WI-433247",45.25,-88.5
-12.5,4.46,8.54,1982-02-03,"WI-433247",45.25,-88.5
-19.3,3.2,9.57,1982-02-04,"WI-433247",45.25,-88.5
-16.7,3.2,6.56,1982-02-05,"WI-433247",45.25,-88.5
-19.3,7.55,11.78,1982-02-06,"WI-433247",45.25,-88.5
-8.6,7.47,9.86,1982-02-07,"WI-433247",45.25,-88.5
-14.2,4.3,10.41,1982-02-08,"WI-433247",45.25,-88.5
-19,4.44,11.67,1982-02-09,"WI-433247",45.25,-88.5
-19,5.3,11.04,1982-02-10,"WI-433247",45.25,-88.5
-11.4,5.11,11.43,1982-02-11,"WI-433247",45.25,-88.5
-13.8,2.33,8.76,1982-02-12,"WI-433247",45.25,-88.5
-11,1.92,7.47,1982-02-13,"WI-433247",45.25,-88.5
-7.8,4.38,4.75,1982-02-14,"WI-433247",45.25,-88.5
0.1,4.25,10.07,1982-02-15,"WI-433247",45.25,-88.5
-3.6,4.21,10.35,1982-02-16,"WI-433247",45.25,-88.5
-5.2,4.05,13.23,1982-02-17,"WI-433247",45.25,-88.5
-3.2,2.71,8.81,1982-02-18,"WI-433247",45.25,-88.5
1.8,3.75,7.09,1982-02-19,"WI-433247",45.25,-88.5
3.1,4.05,12.56,1982-02-20,"WI-433247",45.25,-88.5
0.4,5.12,12.46,1982-02-21,"WI-433247",45.25,-88.5
0.1,3.62,9.8,1982-02-22,"WI-433247",45.25,-88.5
-2.4,6.21,12.42,1982-02-23,"WI-433247",45.25,-88.5
-7,4.69,7.34,1982-02-24,"WI-433247",45.25,-88.5
-10.9,3.29,15.5,1982-02-25,"WI-433247",45.25,-88.5
-6,4.71,11.39,1982-02-26,"WI-433247",45.25,-88.5
-4.8,3.02,9.55,1982-02-27,"WI-433247",45.25,-88.5
-6.1,4.73,7.71,1982-02-28,"WI-433247",45.25,-88.5
-2.6,7.48,15.35,1982-03-01,"WI-433247",45.25,-88.5
-8.1,4.46,15.09,1982-03-02,"WI-433247",45.25,-88.5
-12.4,3.2,15.88,1982-03-03,"WI-433247",45.25,-88.5
-7.4,3.47,10.88,1982-03-04,"WI-433247",45.25,-88.5
-7.8,3.96,16.97,1982-03-05,"WI-433247",45.25,-88.5
-7.7,4.83,15.81,1982-03-06,"WI-433247",45.25,-88.5
-11.4,3.74,16.13,1982-03-07,"WI-433247",45.25,-88.5
-13.3,5.44,8.37,1982-03-08,"WI-433247",45.25,-88.5
-9.2,5.06,16.36,1982-03-09,"WI-433247",45.25,-88.5
-2.6,4.7,14.84,1982-03-10,"WI-433247",45.25,-88.5
0.4,4.71,15.42,1982-03-11,"WI-433247",45.25,-88.5
-0.9,6.93,10.5,1982-03-12,"WI-433247",45.25,-88.5
2.2,13.24,13.91,1982-03-13,"WI-433247",45.25,-88.5
0.9,7.01,18.39,1982-03-14,"WI-433247",45.25,-88.5
0.1,5.24,12.4,1982-03-15,"WI-433247",45.25,-88.5
0.4,5.48,2.79,1982-03-16,"WI-433247",45.25,-88.5
1.2,3.32,13.01,1982-03-17,"WI-433247",45.25,-88.5
1.4,4.74,10.67,1982-03-18,"WI-433247",45.25,-88.5
-2.2,5.01,9.85,1982-03-19,"WI-433247",45.25,-88.5
-1.4,5.19,5.25,1982-03-20,"WI-433247",45.25,-88.5
0.8,4.88,10.57,1982-03-21,"WI-433247",45.25,-88.5
0.3,3.94,15.15,1982-03-22,"WI-433247",45.25,-88.5
2.1,6.26,19.51,1982-03-23,"WI-433247",45.25,-88.5
3.6,7.71,15.66,1982-03-24,"WI-433247",45.25,-88.5
-2.1,4.7,12.89,1982-03-25,"WI-433247",45.25,-88.5
-7,5.36,17.71,1982-03-26,"WI-433247",45.25,-88.5
-6.5,4.18,22.37,1982-03-27,"WI-433247",45.25,-88.5
0,5.49,20.06,1982-03-28,"WI-433247",45.25,-88.5
4.2,5.47,19.5,1982-03-29,"WI-433247",45.25,-88.5
7.2,8.51,6.28,1982-03-30,"WI-433247",45.25,-88.5
6.6,10.63,12.94,1982-03-31,"WI-433247",45.25,-88.5
3.4,7.78,20.62,1982-04-01,"WI-433247",45.25,-88.5
1.5,6.46,10.42,1982-04-02,"WI-433247",45.25,-88.5
-0.7,12.11,2.6,1982-04-03,"WI-433247",45.25,-88.5
-5.9,8.98,23.4,1982-04-04,"WI-433247",45.25,-88.5
-4.7,5.3,12.27,1982-04-05,"WI-433247",45.25,-88.5
-5,5.18,24.08,1982-04-06,"WI-433247",45.25,-88.5
-3.3,2.97,24.31,1982-04-07,"WI-433247",45.25,-88.5
0.2,2.79,21.05,1982-04-08,"WI-433247",45.25,-88.5
2.3,4.49,18.43,1982-04-09,"WI-433247",45.25,-88.5
1.7,4.33,13.91,1982-04-10,"WI-433247",45.25,-88.5
3.5,4.28,15.61,1982-04-11,"WI-433247",45.25,-88.5
3.2,6.16,7.24,1982-04-12,"WI-433247",45.25,-88.5
5.3,6.67,17.7,1982-04-13,"WI-433247",45.25,-88.5
5.1,4.32,23.81,1982-04-14,"WI-433247",45.25,-88.5
9.2,5.06,11.01,1982-04-15,"WI-433247",45.25,-88.5
10.7,4.7,5.22,1982-04-16,"WI-433247",45.25,-88.5
5.2,9.01,9.29,1982-04-17,"WI-433247",45.25,-88.5
7,4.96,20.46,1982-04-18,"WI-433247",45.25,-88.5
4.1,5,11.26,1982-04-19,"WI-433247",45.25,-88.5
-1.3,6.98,15.4,1982-04-20,"WI-433247",45.25,-88.5
2,6.67,27.14,1982-04-21,"WI-433247",45.25,-88.5
7.6,6.33,22.93,1982-04-22,"WI-433247",45.25,-88.5
13.7,7.57,26.13,1982-04-23,"WI-433247",45.25,-88.5
17,6.58,26.55,1982-04-24,"WI-433247",45.25,-88.5
15.3,5.02,17.03,1982-04-25,"WI-433247",45.25,-88.5
6.8,4.95,14.49,1982-04-26,"WI-433247",45.25,-88.5
7.2,3.77,26.64,1982-04-27,"WI-433247",45.25,-88.5
8.1,2.97,27.87,1982-04-28,"WI-433247",45.25,-88.5
9.5,4.18,25.09,1982-04-29,"WI-433247",45.25,-88.5
11.5,3.1,17.39,1982-04-30,"WI-433247",45.25,-88.5
13.6,3.69,24.24,1982-05-01,"WI-433247",45.25,-88.5
15.5,4.25,22.51,1982-05-02,"WI-433247",45.25,-88.5
15,4.3,25.17,1982-05-03,"WI-433247",45.25,-88.5
18.2,6.61,24.04,1982-05-04,"WI-433247",45.25,-88.5
18.3,4.3,8.11,1982-05-05,"WI-433247",45.25,-88.5
14.2,6.17,8.53,1982-05-06,"WI-433247",45.25,-88.5
10.7,5.54,24.07,1982-05-07,"WI-433247",45.25,-88.5
11.1,3.28,21.69,1982-05-08,"WI-433247",45.25,-88.5
9.9,5.02,19.23,1982-05-09,"WI-433247",45.25,-88.5
16.6,5.92,23.67,1982-05-10,"WI-433247",45.25,-88.5
20,5.44,19.76,1982-05-11,"WI-433247",45.25,-88.5
14.9,4.39,13.5,1982-05-12,"WI-433247",45.25,-88.5
16.9,4.61,17.13,1982-05-13,"WI-433247",45.25,-88.5
21.3,4.6,24.13,1982-05-14,"WI-433247",45.25,-88.5
20.4,5.02,25.77,1982-05-15,"WI-433247",45.25,-88.5
17.1,3.64,15.7,1982-05-16,"WI-433247",45.25,-88.5
15.3,4.16,10.36,1982-05-17,"WI-433247",45.25,-88.5
19.2,6.01,20.57,1982-05-18,"WI-433247",45.25,-88.5
18.6,5.2,21.42,1982-05-19,"WI-433247",45.25,-88.5
10.5,4.74,21.76,1982-05-20,"WI-433247",45.25,-88.5
11.3,6.2,28.44,1982-05-21,"WI-433247",45.25,-88.5
12.1,5.81,23.32,1982-05-22,"WI-433247",45.25,-88.5
13.8,5.15,25.78,1982-05-23,"WI-433247",45.25,-88.5
15.3,2.38,25.03,1982-05-24,"WI-433247",45.25,-88.5
17,3.1,26.1,1982-05-25,"WI-433247",45.25,-88.5
16.5,4.52,23.86,1982-05-26,"WI-433247",45.25,-88.5
17.6,5,15.35,1982-05-27,"WI-433247",45.25,-88.5
18.5,3.81,16.19,1982-05-28,"WI-433247",45.25,-88.5
18,2.25,13.56,1982-05-29,"WI-433247",45.25,-88.5
20.8,4.37,18.32,1982-05-30,"WI-433247",45.25,-88.5
15.2,5.19,7.14,1982-05-31,"WI-433247",45.25,-88.5
13.8,7.32,22.57,1982-06-01,"WI-433247",45.25,-88.5
10.7,3.79,17.07,1982-06-02,"WI-433247",45.25,-88.5
9.9,3.32,29.15,1982-06-03,"WI-433247",45.25,-88.5
12.7,2.55,31.32,1982-06-04,"WI-433247",45.25,-88.5
14.9,3.07,31.54,1982-06-05,"WI-433247",45.25,-88.5
16.1,5.76,25.74,1982-06-06,"WI-433247",45.25,-88.5
19.8,6.38,25.07,1982-06-07,"WI-433247",45.25,-88.5
17.7,3.01,27.88,1982-06-08,"WI-433247",45.25,-88.5
15.7,4.2,9.17,1982-06-09,"WI-433247",45.25,-88.5
15.8,7.8,24.15,1982-06-10,"WI-433247",45.25,-88.5
16.7,4.8,28.98,1982-06-11,"WI-433247",45.25,-88.5
16.5,4.64,22.69,1982-06-12,"WI-433247",45.25,-88.5
16.8,5.66,25.27,1982-06-13,"WI-433247",45.25,-88.5
17.1,6.21,22.47,1982-06-14,"WI-433247",45.25,-88.5
15.4,5.39,18.25,1982-06-15,"WI-433247",45.25,-88.5
13.1,4.04,31.01,1982-06-16,"WI-433247",45.25,-88.5
14.3,4.1,11.83,1982-06-17,"WI-433247",45.25,-88.5
11.8,3.41,16.38,1982-06-18,"WI-433247",45.25,-88.5
14.2,3.61,24.01,1982-06-19,"WI-433247",45.25,-88.5
13.7,3.42,18.52,1982-06-20,"WI-433247",45.25,-88.5
13.4,3.67,19.08,1982-06-21,"WI-433247",45.25,-88.5
13.4,4.44,23.41,1982-06-22,"WI-433247",45.25,-88.5
15.2,3.11,22.03,1982-06-23,"WI-433247",45.25,-88.5
18.9,5.37,14.79,1982-06-24,"WI-433247",45.25,-88.5
15.8,4.18,22.24,1982-06-25,"WI-433247",45.25,-88.5
14.1,2.61,30.86,1982-06-26,"WI-433247",45.25,-88.5
18.4,3.47,25.06,1982-06-27,"WI-433247",45.25,-88.5
21.2,5.3,25.58,1982-06-28,"WI-433247",45.25,-88.5
15.6,4.62,20.26,1982-06-29,"WI-433247",45.25,-88.5
16.4,3.94,30.55,1982-06-30,"WI-433247",45.25,-88.5
17.9,3.12,25,1982-07-01,"WI-433247",45.25,-88.5
19.6,3.47,25.2,1982-07-02,"WI-433247",45.25,-88.5
19,2.69,17.79,1982-07-03,"WI-433247",45.25,-88.5
19.4,2.9,14.78,1982-07-04,"WI-433247",45.25,-88.5
24.3,7.24,25.14,1982-07-05,"WI-433247",45.25,-88.5
26.1,6.65,21.47,1982-07-06,"WI-433247",45.25,-88.5
22.3,7.96,24.71,1982-07-07,"WI-433247",45.25,-88.5
20.1,4.85,27.58,1982-07-08,"WI-433247",45.25,-88.5
22.9,3.96,21.8,1982-07-09,"WI-433247",45.25,-88.5
21.3,3.52,15.43,1982-07-10,"WI-433247",45.25,-88.5
17.7,7.94,9.14,1982-07-11,"WI-433247",45.25,-88.5
20.6,3.9,25.24,1982-07-12,"WI-433247",45.25,-88.5
21.8,1.8,25.48,1982-07-13,"WI-433247",45.25,-88.5
22.2,2.47,23.57,1982-07-14,"WI-433247",45.25,-88.5
21.9,3.75,17.72,1982-07-15,"WI-433247",45.25,-88.5
24.4,5.03,14.19,1982-07-16,"WI-433247",45.25,-88.5
25.8,6.1,17.16,1982-07-17,"WI-433247",45.25,-88.5
23.7,4.68,25.68,1982-07-18,"WI-433247",45.25,-88.5
18.8,3.29,24.9,1982-07-19,"WI-433247",45.25,-88.5
20.3,2.87,26.75,1982-07-20,"WI-433247",45.25,-88.5
21.3,2.41,24.69,1982-07-21,"WI-433247",45.25,-88.5
21.9,4.05,25.93,1982-07-22,"WI-433247",45.25,-88.5
20.5,3.42,27.58,1982-07-23,"WI-433247",45.25,-88.5
21.8,4.61,15.9,1982-07-24,"WI-433247",45.25,-88.5
26,4.03,25.71,1982-07-25,"WI-433247",45.25,-88.5
21.4,3.2,14.47,1982-07-26,"WI-433247",45.25,-88.5
20.3,2.47,20.66,1982-07-27,"WI-433247",45.25,-88.5
21,4.13,26.59,1982-07-28,"WI-433247",45.25,-88.5
19.5,4.18,17.99,1982-07-29,"WI-433247",45.25,-88.5
19.4,5.38,18.57,1982-07-30,"WI-433247",45.25,-88.5
20.8,4.26,24.51,1982-07-31,"WI-433247",45.25,-88.5
19.6,4.18,16.16,1982-08-01,"WI-433247",45.25,-88.5
17.3,3.44,15.27,1982-08-02,"WI-433247",45.25,-88.5
23.6,5.55,21.14,1982-08-03,"WI-433247",45.25,-88.5
21.6,3.22,20.02,1982-08-04,"WI-433247",45.25,-88.5
20.1,2.02,19.03,1982-08-05,"WI-433247",45.25,-88.5
21.3,1.81,21.91,1982-08-06,"WI-433247",45.25,-88.5
23.2,3.53,23.45,1982-08-07,"WI-433247",45.25,-88.5
20.8,6.45,20.26,1982-08-08,"WI-433247",45.25,-88.5
13.8,6.72,9.26,1982-08-09,"WI-433247",45.25,-88.5
13.7,4.4,15.61,1982-08-10,"WI-433247",45.25,-88.5
14.8,2.47,23.13,1982-08-11,"WI-433247",45.25,-88.5
16,2.3,25.75,1982-08-12,"WI-433247",45.25,-88.5
17.6,2.89,23.26,1982-08-13,"WI-433247",45.25,-88.5
20.7,2.58,18.03,1982-08-14,"WI-433247",45.25,-88.5
21.3,2.33,17.54,1982-08-15,"WI-433247",45.25,-88.5
23.3,3.73,21.78,1982-08-16,"WI-433247",45.25,-88.5
19.8,3.16,24.53,1982-08-17,"WI-433247",45.25,-88.5
21.4,4.53,22.41,1982-08-18,"WI-433247",45.25,-88.5
24.2,5.41,13.49,1982-08-19,"WI-433247",45.25,-88.5
20.4,5.62,19.79,1982-08-20,"WI-433247",45.25,-88.5
17.8,2.53,15.31,1982-08-21,"WI-433247",45.25,-88.5
18.8,5.81,12.78,1982-08-22,"WI-433247",45.25,-88.5
17.1,4.18,15.89,1982-08-23,"WI-433247",45.25,-88.5
13.5,3.35,4.82,1982-08-24,"WI-433247",45.25,-88.5
16.6,5.43,21.92,1982-08-25,"WI-433247",45.25,-88.5
17.8,4.98,11.19,1982-08-26,"WI-433247",45.25,-88.5
13.1,5.51,22.89,1982-08-27,"WI-433247",45.25,-88.5
11.3,4.04,23.73,1982-08-28,"WI-433247",45.25,-88.5
10.6,5.22,4.39,1982-08-29,"WI-433247",45.25,-88.5
16.4,3.22,17.01,1982-08-30,"WI-433247",45.25,-88.5
13.6,3.54,16,1982-08-31,"WI-433247",45.25,-88.5
17,4.11,12.61,1982-09-01,"WI-433247",45.25,-88.5
16.4,7.21,17.73,1982-09-02,"WI-433247",45.25,-88.5
14.2,6.72,14.77,1982-09-03,"WI-433247",45.25,-88.5
14.9,4.19,22,1982-09-04,"WI-433247",45.25,-88.5
14.8,5.95,3.39,1982-09-05,"WI-433247",45.25,-88.5
11.4,5.03,15.55,1982-09-06,"WI-433247",45.25,-88.5
11.7,2.78,17.62,1982-09-07,"WI-433247",45.25,-88.5
15.6,4.97,14.3,1982-09-08,"WI-433247",45.25,-88.5
19.8,5.02,18.71,1982-09-09,"WI-433247",45.25,-88.5
19.7,5.11,10.91,1982-09-10,"WI-433247",45.25,-88.5
23.1,5.63,17.1,1982-09-11,"WI-433247",45.25,-88.5
22.2,6.21,13.54,1982-09-12,"WI-433247",45.25,-88.5
20.3,4.28,7.64,1982-09-13,"WI-433247",45.25,-88.5
10.9,5.56,2.88,1982-09-14,"WI-433247",45.25,-88.5
7.7,4.4,1.54,1982-09-15,"WI-433247",45.25,-88.5
9.3,3.41,14.96,1982-09-16,"WI-433247",45.25,-88.5
11.4,4.68,3.01,1982-09-17,"WI-433247",45.25,-88.5
10.2,4.68,14.61,1982-09-18,"WI-433247",45.25,-88.5
10.7,4.57,12.71,1982-09-19,"WI-433247",45.25,-88.5
8.2,6.33,14.43,1982-09-20,"WI-433247",45.25,-88.5
9,5.61,14.9,1982-09-21,"WI-433247",45.25,-88.5
8.5,2.83,18.7,1982-09-22,"WI-433247",45.25,-88.5
10.6,5.22,12.84,1982-09-23,"WI-433247",45.25,-88.5
10.8,6.59,6.16,1982-09-24,"WI-433247",45.25,-88.5
9.1,6.12,10.63,1982-09-25,"WI-433247",45.25,-88.5
10.5,3.05,9.81,1982-09-26,"WI-433247",45.25,-88.5
10.6,2.6,16.86,1982-09-27,"WI-433247",45.25,-88.5
13.5,7.02,10.46,1982-09-28,"WI-433247",45.25,-88.5
17.9,5.92,12.45,1982-09-29,"WI-433247",45.25,-88.5
19.1,3.69,6.2,1982-09-30,"WI-433247",45.25,-88.5
12.8,3.6,9.53,1982-10-01,"WI-433247",45.25,-88.5
14.1,5.56,6.99,1982-10-02,"WI-433247",45.25,-88.5
11.7,4.97,9.11,1982-10-03,"WI-433247",45.25,-88.5
11.3,5.22,9.52,1982-10-04,"WI-433247",45.25,-88.5
14.7,2.82,14.03,1982-10-05,"WI-433247",45.25,-88.5
18.5,5.8,12.16,1982-10-06,"WI-433247",45.25,-88.5
10.6,6.36,7.9,1982-10-07,"WI-433247",45.25,-88.5
9.1,3.42,12.71,1982-10-08,"WI-433247",45.25,-88.5
10.9,7.98,5.59,1982-10-09,"WI-433247",45.25,-88.5
12.9,5.5,10.44,1982-10-10,"WI-433247",45.25,-88.5
9.4,4,4.02,1982-10-11,"WI-433247",45.25,-88.5
8.8,3.92,4.33,1982-10-12,"WI-433247",45.25,-88.5
9.8,2.91,6.69,1982-10-13,"WI-433247",45.25,-88.5
11.4,8.16,11.56,1982-10-14,"WI-433247",45.25,-88.5
7.8,7.1,12.51,1982-10-15,"WI-433247",45.25,-88.5
3.5,5.64,8.48,1982-10-16,"WI-433247",45.25,-88.5
3.6,4.34,5.78,1982-10-17,"WI-433247",45.25,-88.5
11.1,4.34,12.33,1982-10-18,"WI-433247",45.25,-88.5
10.8,5.32,3.97,1982-10-19,"WI-433247",45.25,-88.5
3.7,8.44,2.76,1982-10-20,"WI-433247",45.25,-88.5
0.7,3.64,6.34,1982-10-21,"WI-433247",45.25,-88.5
1.1,2.06,11.22,1982-10-22,"WI-433247",45.25,-88.5
3.5,3.35,12.47,1982-10-23,"WI-433247",45.25,-88.5
6.2,4.88,12.09,1982-10-24,"WI-433247",45.25,-88.5
8.1,3.69,11.7,1982-10-25,"WI-433247",45.25,-88.5
8.1,2.95,11.77,1982-10-26,"WI-433247",45.25,-88.5
8.8,4.69,9.42,1982-10-27,"WI-433247",45.25,-88.5
11.3,5.9,6.97,1982-10-28,"WI-433247",45.25,-88.5
10.2,8.7,3.92,1982-10-29,"WI-433247",45.25,-88.5
9.4,5.78,10.48,1982-10-30,"WI-433247",45.25,-88.5
5.1,2.64,7.09,1982-10-31,"WI-433247",45.25,-88.5
6.7,3.83,3.19,1982-11-01,"WI-433247",45.25,-88.5
7,4.12,2.06,1982-11-02,"WI-433247",45.25,-88.5
3.6,4.92,5.27,1982-11-03,"WI-433247",45.25,-88.5
-1.2,5.55,4.53,1982-11-04,"WI-433247",45.25,-88.5
-0.5,6.88,7.87,1982-11-05,"WI-433247",45.25,-88.5
-1.5,4.71,9.81,1982-11-06,"WI-433247",45.25,-88.5
3.7,4.53,9.48,1982-11-07,"WI-433247",45.25,-88.5
3,4.69,7.56,1982-11-08,"WI-433247",45.25,-88.5
0.8,4.04,6.17,1982-11-09,"WI-433247",45.25,-88.5
2.9,4.84,0.67,1982-11-10,"WI-433247",45.25,-88.5
2.2,5.01,4.03,1982-11-11,"WI-433247",45.25,-88.5
0.3,9.36,4.35,1982-11-12,"WI-433247",45.25,-88.5
-8.2,4.38,7.94,1982-11-13,"WI-433247",45.25,-88.5
-6.8,5.28,6.93,1982-11-14,"WI-433247",45.25,-88.5
-5.9,5.64,8.87,1982-11-15,"WI-433247",45.25,-88.5
-2.5,4.78,8.79,1982-11-16,"WI-433247",45.25,-88.5
-3.2,2.91,7.24,1982-11-17,"WI-433247",45.25,-88.5
2.1,3.52,8.51,1982-11-18,"WI-433247",45.25,-88.5
8.3,4.36,0.73,1982-11-19,"WI-433247",45.25,-88.5
11.3,7.66,1.07,1982-11-20,"WI-433247",45.25,-88.5
1.7,5.95,8.18,1982-11-21,"WI-433247",45.25,-88.5
0.9,2.15,6.38,1982-11-22,"WI-433247",45.25,-88.5
-1.4,4.86,3.88,1982-11-23,"WI-433247",45.25,-88.5
-7.1,6.32,8.23,1982-11-24,"WI-433247",45.25,-88.5
-2.5,5.36,7.25,1982-11-25,"WI-433247",45.25,-88.5
-4.2,4.21,5.21,1982-11-26,"WI-433247",45.25,-88.5
-8.8,3.5,7.62,1982-11-27,"WI-433247",45.25,-88.5
-2.4,3.62,2.25,1982-11-28,"WI-433247",45.25,-88.5
0.5,2.4,3.34,1982-11-29,"WI-433247",45.25,-88.5
1.4,3.89,2.14,1982-11-30,"WI-433247",45.25,-88.5
4.5,2.47,2.26,1982-12-01,"WI-433247",45.25,-88.5
11.6,5.81,0.84,1982-12-02,"WI-433247",45.25,-88.5
8.6,6.24,4.99,1982-12-03,"WI-433247",45.25,-88.5
0.5,4.57,5.14,1982-12-04,"WI-433247",45.25,-88.5
1.3,6.61,0.53,1982-12-05,"WI-433247",45.25,-88.5
-1,6.51,7.1,1982-12-06,"WI-433247",45.25,-88.5
-8.2,5.19,7.13,1982-12-07,"WI-433247",45.25,-88.5
-10.8,4.47,4.95,1982-12-08,"WI-433247",45.25,-88.5
-13,5.09,5.76,1982-12-09,"WI-433247",45.25,-88.5
-6.1,6.04,5.93,1982-12-10,"WI-433247",45.25,-88.5
-13.4,4.71,7.17,1982-12-11,"WI-433247",45.25,-88.5
-12.5,4.25,7.02,1982-12-12,"WI-433247",45.25,-88.5
-5.7,5.31,5.54,1982-12-13,"WI-433247",45.25,-88.5
-1.5,2.55,1.78,1982-12-14,"WI-433247",45.25,-88.5
-1.4,4.04,2.61,1982-12-15,"WI-433247",45.25,-88.5
-5.7,4.4,3.43,1982-12-16,"WI-433247",45.25,-88.5
-4.9,6.17,3.27,1982-12-17,"WI-433247",45.25,-88.5
0,4.91,1.88,1982-12-18,"WI-433247",45.25,-88.5
-1,4.88,3.33,1982-12-19,"WI-433247",45.25,-88.5
-4.8,5.86,5.22,1982-12-20,"WI-433247",45.25,-88.5
-7.4,3,5.49,1982-12-21,"WI-433247",45.25,-88.5
-4.2,3.31,4.49,1982-12-22,"WI-433247",45.25,-88.5
1.9,4.11,0.68,1982-12-23,"WI-433247",45.25,-88.5
2,4.36,0.63,1982-12-24,"WI-433247",45.25,-88.5
2.4,5.8,1.88,1982-12-25,"WI-433247",45.25,-88.5
-1.7,4.75,6.8,1982-12-26,"WI-433247",45.25,-88.5
-1.5,4.09,2.84,1982-12-27,"WI-433247",45.25,-88.5
-1.8,7.51,2.13,1982-12-28,"WI-433247",45.25,-88.5
-12.9,4.88,6.85,1982-12-29,"WI-433247",45.25,-88.5
-11.6,4.4,6.02,1982-12-30,"WI-433247",45.25,-88.5
-4.1,5.96,4.19,1982-12-31,"WI-433247",45.25,-88.5
-3.1,5.36,4.71,1983-01-01,"WI-433247",45.25,-88.5
-9.1,4.44,6.75,1983-01-02,"WI-433247",45.25,-88.5
-10.3,4.22,5.98,1983-01-03,"WI-433247",45.25,-88.5
-4.2,6.17,3.07,1983-01-04,"WI-433247",45.25,-88.5
-2.7,3.98,6.9,1983-01-05,"WI-433247",45.25,-88.5
-3.1,6.09,1.55,1983-01-06,"WI-433247",45.25,-88.5
-3.2,6.61,5.62,1983-01-07,"WI-433247",45.25,-88.5
-7.8,3.81,4.65,1983-01-08,"WI-433247",45.25,-88.5
-2.4,5.3,5.46,1983-01-09,"WI-433247",45.25,-88.5
1.1,4.49,2.12,1983-01-10,"WI-433247",45.25,-88.5
-4.5,7.43,4.65,1983-01-11,"WI-433247",45.25,-88.5
-11.8,4.63,4.74,1983-01-12,"WI-433247",45.25,-88.5
-7.5,3.64,7.6,1983-01-13,"WI-433247",45.25,-88.5
-4.5,7.66,1.92,1983-01-14,"WI-433247",45.25,-88.5
-12.2,5.12,7.63,1983-01-15,"WI-433247",45.25,-88.5
-13.8,3.3,7.81,1983-01-16,"WI-433247",45.25,-88.5
-13.5,5.02,8.61,1983-01-17,"WI-433247",45.25,-88.5
-16.4,4.02,8.73,1983-01-18,"WI-433247",45.25,-88.5
-15.1,2.2,8.61,1983-01-19,"WI-433247",45.25,-88.5
-8,3.32,6.85,1983-01-20,"WI-433247",45.25,-88.5
-5.9,3.85,7.06,1983-01-21,"WI-433247",45.25,-88.5
-3.4,3.83,6.02,1983-01-22,"WI-433247",45.25,-88.5
0.5,2.27,4.45,1983-01-23,"WI-433247",45.25,-88.5
-0.6,4.08,7.25,1983-01-24,"WI-433247",45.25,-88.5
-10.5,4.74,8.67,1983-01-25,"WI-433247",45.25,-88.5
-15.9,3.3,9.74,1983-01-26,"WI-433247",45.25,-88.5
-16.9,3.31,8.96,1983-01-27,"WI-433247",45.25,-88.5
-4,4.56,2.89,1983-01-28,"WI-433247",45.25,-88.5
-0.4,3.49,2.19,1983-01-29,"WI-433247",45.25,-88.5
-0.6,4.34,5.23,1983-01-30,"WI-433247",45.25,-88.5
-4.4,3.55,8.51,1983-01-31,"WI-433247",45.25,-88.5
-8.4,3.54,8.71,1983-02-01,"WI-433247",45.25,-88.5
-5.2,8.21,1.14,1983-02-02,"WI-433247",45.25,-88.5
-9.8,7.82,4.13,1983-02-03,"WI-433247",45.25,-88.5
-12.7,4.96,10.99,1983-02-04,"WI-433247",45.25,-88.5
-12.7,3.14,7.42,1983-02-05,"WI-433247",45.25,-88.5
-8.2,3.45,7.89,1983-02-06,"WI-433247",45.25,-88.5
-13.3,2.6,11.21,1983-02-07,"WI-433247",45.25,-88.5
-11.8,3.18,4.49,1983-02-08,"WI-433247",45.25,-88.5
-7,4.02,4.26,1983-02-09,"WI-433247",45.25,-88.5
-7.3,3.72,6.8,1983-02-10,"WI-433247",45.25,-88.5
-6.7,2.62,9.99,1983-02-11,"WI-433247",45.25,-88.5
-3.1,3.73,6.99,1983-02-12,"WI-433247",45.25,-88.5
1.3,6.96,7.11,1983-02-13,"WI-433247",45.25,-88.5
2.3,4.88,9.25,1983-02-14,"WI-433247",45.25,-88.5
1.8,2.75,4.04,1983-02-15,"WI-433247",45.25,-88.5
0.8,2.48,4.48,1983-02-16,"WI-433247",45.25,-88.5
1.2,4.33,11.05,1983-02-17,"WI-433247",45.25,-88.5
-0.3,3.5,5.28,1983-02-18,"WI-433247",45.25,-88.5
0.7,3.44,4.73,1983-02-19,"WI-433247",45.25,-88.5
2.3,3.72,8.9,1983-02-20,"WI-433247",45.25,-88.5
0.7,3.22,6.71,1983-02-21,"WI-433247",45.25,-88.5
1,3.89,5.32,1983-02-22,"WI-433247",45.25,-88.5
-0.4,3.91,12.66,1983-02-23,"WI-433247",45.25,-88.5
-4.5,4.92,9.49,1983-02-24,"WI-433247",45.25,-88.5
-7.2,3.61,14.71,1983-02-25,"WI-433247",45.25,-88.5
-4.1,5.09,14.63,1983-02-26,"WI-433247",45.25,-88.5
2.9,5.46,11.23,1983-02-27,"WI-433247",45.25,-88.5
3.3,3.22,10.52,1983-02-28,"WI-433247",45.25,-88.5
0.9,3.05,5.73,1983-03-01,"WI-433247",45.25,-88.5
2.5,2.76,11.9,1983-03-02,"WI-433247",45.25,-88.5
3.1,3.14,13.4,1983-03-03,"WI-433247",45.25,-88.5
1.9,3.67,7.54,1983-03-04,"WI-433247",45.25,-88.5
4.6,4.98,5.43,1983-03-05,"WI-433247",45.25,-88.5
6.9,5.53,2.71,1983-03-06,"WI-433247",45.25,-88.5
8.8,5.06,5.49,1983-03-07,"WI-433247",45.25,-88.5
3.4,3.61,4.34,1983-03-08,"WI-433247",45.25,-88.5
-3.9,7.12,4.32,1983-03-09,"WI-433247",45.25,-88.5
-5.8,6.13,11.27,1983-03-10,"WI-433247",45.25,-88.5
-2.4,4.1,17.6,1983-03-11,"WI-433247",45.25,-88.5
0.1,2.87,17.41,1983-03-12,"WI-433247",45.25,-88.5
1.8,3.69,12.44,1983-03-13,"WI-433247",45.25,-88.5
2.2,5.17,12.82,1983-03-14,"WI-433247",45.25,-88.5
0,4,12.82,1983-03-15,"WI-433247",45.25,-88.5
1.1,2.92,5.72,1983-03-16,"WI-433247",45.25,-88.5
1.7,4.19,4.64,1983-03-17,"WI-433247",45.25,-88.5
1.4,5.54,7.17,1983-03-18,"WI-433247",45.25,-88.5
-3.4,7.6,10.68,1983-03-19,"WI-433247",45.25,-88.5
-5.3,5.73,14.28,1983-03-20,"WI-433247",45.25,-88.5
-7.1,6.31,11.73,1983-03-21,"WI-433247",45.25,-88.5
-7.5,5.1,16.89,1983-03-22,"WI-433247",45.25,-88.5
-8,3.31,20.96,1983-03-23,"WI-433247",45.25,-88.5
-8.5,2.92,21.06,1983-03-24,"WI-433247",45.25,-88.5
-4.1,3.16,20.97,1983-03-25,"WI-433247",45.25,-88.5
-0.2,4.2,14.67,1983-03-26,"WI-433247",45.25,-88.5
0,7.29,10.07,1983-03-27,"WI-433247",45.25,-88.5
1.1,5.7,20.22,1983-03-28,"WI-433247",45.25,-88.5
-1.2,3.41,20.89,1983-03-29,"WI-433247",45.25,-88.5
1.2,4.44,13.09,1983-03-30,"WI-433247",45.25,-88.5
1.9,4.52,5.79,1983-03-31,"WI-433247",45.25,-88.5
3.6,4.4,13.47,1983-04-01,"WI-433247",45.25,-88.5
2.9,8.22,9.77,1983-04-02,"WI-433247",45.25,-88.5
1.8,6.95,7.11,1983-04-03,"WI-433247",45.25,-88.5
2.8,4.03,11.87,1983-04-04,"WI-433247",45.25,-88.5
3.4,3.71,15.17,1983-04-05,"WI-433247",45.25,-88.5
1.1,4.61,3.96,1983-04-06,"WI-433247",45.25,-88.5
2.7,4.95,11.15,1983-04-07,"WI-433247",45.25,-88.5
4.2,4.34,23.17,1983-04-08,"WI-433247",45.25,-88.5
1.2,8.2,8.28,1983-04-09,"WI-433247",45.25,-88.5
2.7,4.3,8.97,1983-04-10,"WI-433247",45.25,-88.5
3.5,4.06,9.34,1983-04-11,"WI-433247",45.25,-88.5
3.3,5.75,21.04,1983-04-12,"WI-433247",45.25,-88.5
6.9,6,7.45,1983-04-13,"WI-433247",45.25,-88.5
6.1,6.83,13.41,1983-04-14,"WI-433247",45.25,-88.5
-1.1,6.79,14.66,1983-04-15,"WI-433247",45.25,-88.5
-1.3,4.9,20.97,1983-04-16,"WI-433247",45.25,-88.5
-2.4,4.51,24.16,1983-04-17,"WI-433247",45.25,-88.5
-1.6,6.35,26.03,1983-04-18,"WI-433247",45.25,-88.5
1.4,4.53,23.29,1983-04-19,"WI-433247",45.25,-88.5
4.7,5.03,23.4,1983-04-20,"WI-433247",45.25,-88.5
9.3,5.29,22.26,1983-04-21,"WI-433247",45.25,-88.5
7.7,3.06,14.77,1983-04-22,"WI-433247",45.25,-88.5
7.5,4.25,18.69,1983-04-23,"WI-433247",45.25,-88.5
8.1,3.67,26.36,1983-04-24,"WI-433247",45.25,-88.5
12,3.54,25.2,1983-04-25,"WI-433247",45.25,-88.5
16.4,5.9,23.45,1983-04-26,"WI-433247",45.25,-88.5
14.4,5.93,26.52,1983-04-27,"WI-433247",45.25,-88.5
10.6,3.7,20.59,1983-04-28,"WI-433247",45.25,-88.5
9.7,4.09,22.35,1983-04-29,"WI-433247",45.25,-88.5
8,3.98,11.6,1983-04-30,"WI-433247",45.25,-88.5
7,7.38,25.37,1983-05-01,"WI-433247",45.25,-88.5
8.1,7.73,10.24,1983-05-02,"WI-433247",45.25,-88.5
8.9,4,23.84,1983-05-03,"WI-433247",45.25,-88.5
7,6.38,19.23,1983-05-04,"WI-433247",45.25,-88.5
7.3,3.45,22.28,1983-05-05,"WI-433247",45.25,-88.5
7.7,5.33,6.68,1983-05-06,"WI-433247",45.25,-88.5
6.2,7.84,6.58,1983-05-07,"WI-433247",45.25,-88.5
5.6,5.61,28.97,1983-05-08,"WI-433247",45.25,-88.5
5.3,3.05,28.98,1983-05-09,"WI-433247",45.25,-88.5
9.1,3.4,28.74,1983-05-10,"WI-433247",45.25,-88.5
13.2,3.44,27.04,1983-05-11,"WI-433247",45.25,-88.5
14.1,3.72,21.16,1983-05-12,"WI-433247",45.25,-88.5
15.1,3.28,11.57,1983-05-13,"WI-433247",45.25,-88.5
10.7,5.1,16.55,1983-05-14,"WI-433247",45.25,-88.5
6.1,4.74,25.97,1983-05-15,"WI-433247",45.25,-88.5
4.2,2.7,12.61,1983-05-16,"WI-433247",45.25,-88.5
8.9,4.2,25.49,1983-05-17,"WI-433247",45.25,-88.5
12.2,4.74,25.4,1983-05-18,"WI-433247",45.25,-88.5
9,5.02,3.96,1983-05-19,"WI-433247",45.25,-88.5
11.9,3.16,11.94,1983-05-20,"WI-433247",45.25,-88.5
14.9,3.69,20.07,1983-05-21,"WI-433247",45.25,-88.5
12.5,5.17,2.3,1983-05-22,"WI-433247",45.25,-88.5
13.5,7.07,21.69,1983-05-23,"WI-433247",45.25,-88.5
13.7,4.92,16.24,1983-05-24,"WI-433247",45.25,-88.5
8,7.25,28.74,1983-05-25,"WI-433247",45.25,-88.5
8.7,4.31,25.57,1983-05-26,"WI-433247",45.25,-88.5
9.8,3.54,25.15,1983-05-27,"WI-433247",45.25,-88.5
11.4,5.16,21.36,1983-05-28,"WI-433247",45.25,-88.5
7.3,5.55,7.77,1983-05-29,"WI-433247",45.25,-88.5
8.4,5.51,7.06,1983-05-30,"WI-433247",45.25,-88.5
10.7,6.21,16.62,1983-05-31,"WI-433247",45.25,-88.5
13.7,3.45,20.92,1983-06-01,"WI-433247",45.25,-88.5
16,3.1,26.81,1983-06-02,"WI-433247",45.25,-88.5
13.9,3.62,16.1,1983-06-03,"WI-433247",45.25,-88.5
14.1,4.24,18.82,1983-06-04,"WI-433247",45.25,-88.5
11.7,4.21,11.58,1983-06-05,"WI-433247",45.25,-88.5
14,6.82,22.67,1983-06-06,"WI-433247",45.25,-88.5
12.8,3.52,29.19,1983-06-07,"WI-433247",45.25,-88.5
12.4,4,19.25,1983-06-08,"WI-433247",45.25,-88.5
17.7,4.44,29.97,1983-06-09,"WI-433247",45.25,-88.5
15.2,3.05,28.37,1983-06-10,"WI-433247",45.25,-88.5
21.3,4.78,28.88,1983-06-11,"WI-433247",45.25,-88.5
23.3,6.71,26.18,1983-06-12,"WI-433247",45.25,-88.5
23.8,6.34,25.95,1983-06-13,"WI-433247",45.25,-88.5
22.5,7.71,22.86,1983-06-14,"WI-433247",45.25,-88.5
19,5.64,24.24,1983-06-15,"WI-433247",45.25,-88.5
15.3,5.59,14.59,1983-06-16,"WI-433247",45.25,-88.5
15,3.04,29.42,1983-06-17,"WI-433247",45.25,-88.5
16,3,26.58,1983-06-18,"WI-433247",45.25,-88.5
18.3,3.71,30.1,1983-06-19,"WI-433247",45.25,-88.5
20.8,4.63,28.26,1983-06-20,"WI-433247",45.25,-88.5
23,4.74,19.93,1983-06-21,"WI-433247",45.25,-88.5
25.9,6.99,25.97,1983-06-22,"WI-433247",45.25,-88.5
25.7,4.08,29.56,1983-06-23,"WI-433247",45.25,-88.5
22.7,3,26.52,1983-06-24,"WI-433247",45.25,-88.5
23.5,5.03,25.78,1983-06-25,"WI-433247",45.25,-88.5
26.5,6.35,27.03,1983-06-26,"WI-433247",45.25,-88.5
15.8,5.37,9.22,1983-06-27,"WI-433247",45.25,-88.5
16.5,6.02,27.68,1983-06-28,"WI-433247",45.25,-88.5
17,5.55,25.4,1983-06-29,"WI-433247",45.25,-88.5
22.2,5.63,19.47,1983-06-30,"WI-433247",45.25,-88.5
22.8,4.96,24.89,1983-07-01,"WI-433247",45.25,-88.5
21.3,4.12,22.82,1983-07-02,"WI-433247",45.25,-88.5
23.2,9.07,11.76,1983-07-03,"WI-433247",45.25,-88.5
20.3,7.57,22.98,1983-07-04,"WI-433247",45.25,-88.5
13.5,5.48,22.41,1983-07-05,"WI-433247",45.25,-88.5
15.4,3.26,29.51,1983-07-06,"WI-433247",45.25,-88.5
20.8,5.38,25.77,1983-07-07,"WI-433247",45.25,-88.5
24.1,5.32,18.82,1983-07-08,"WI-433247",45.25,-88.5
21.6,3.83,18.25,1983-07-09,"WI-433247",45.25,-88.5
22.2,3.32,25.27,1983-07-10,"WI-433247",45.25,-88.5
26.5,5.79,26.48,1983-07-11,"WI-433247",45.25,-88.5
24.4,5.87,29.28,1983-07-12,"WI-433247",45.25,-88.5
24.8,3.72,27.86,1983-07-13,"WI-433247",45.25,-88.5
28.6,5.5,26.22,1983-07-14,"WI-433247",45.25,-88.5
28.2,3.8,25.46,1983-07-15,"WI-433247",45.25,-88.5
27.5,4.39,24.59,1983-07-16,"WI-433247",45.25,-88.5
27.2,3.67,23.85,1983-07-17,"WI-433247",45.25,-88.5
23.6,3.02,23.09,1983-07-18,"WI-433247",45.25,-88.5
25.6,2.92,26.08,1983-07-19,"WI-433247",45.25,-88.5
24.1,2.56,24.27,1983-07-20,"WI-433247",45.25,-88.5
23.7,3.22,13.16,1983-07-21,"WI-433247",45.25,-88.5
23.3,3.14,13.62,1983-07-22,"WI-433247",45.25,-88.5
24.9,6.08,24.81,1983-07-23,"WI-433247",45.25,-88.5
20.9,4.22,15.81,1983-07-24,"WI-433247",45.25,-88.5
20.9,3.11,27.31,1983-07-25,"WI-433247",45.25,-88.5
21.6,2.88,23.65,1983-07-26,"WI-433247",45.25,-88.5
22.4,5.66,18.86,1983-07-27,"WI-433247",45.25,-88.5
24.5,3.08,19.34,1983-07-28,"WI-433247",45.25,-88.5
26.5,3.31,21.57,1983-07-29,"WI-433247",45.25,-88.5
24.6,2.35,25.44,1983-07-30,"WI-433247",45.25,-88.5
23.2,6.35,20.84,1983-07-31,"WI-433247",45.25,-88.5
22,6.31,19.11,1983-08-01,"WI-433247",45.25,-88.5
22.7,3.93,26.47,1983-08-02,"WI-433247",45.25,-88.5
22.7,4.82,13.26,1983-08-03,"WI-433247",45.25,-88.5
22.2,4.55,21.3,1983-08-04,"WI-433247",45.25,-88.5
22.4,2.9,21.43,1983-08-05,"WI-433247",45.25,-88.5
25.1,4.03,23.59,1983-08-06,"WI-433247",45.25,-88.5
24.5,5.89,26.22,1983-08-07,"WI-433247",45.25,-88.5
25.4,6.01,25.39,1983-08-08,"WI-433247",45.25,-88.5
18.7,3.22,20.05,1983-08-09,"WI-433247",45.25,-88.5
15.9,6.16,4,1983-08-10,"WI-433247",45.25,-88.5
18,7.73,23.49,1983-08-11,"WI-433247",45.25,-88.5
17.7,2.75,25.38,1983-08-12,"WI-433247",45.25,-88.5
20.5,4.61,23.76,1983-08-13,"WI-433247",45.25,-88.5
23.6,2.75,20.31,1983-08-14,"WI-433247",45.25,-88.5
23,2.72,17.88,1983-08-15,"WI-433247",45.25,-88.5
24.6,3.14,21.14,1983-08-16,"WI-433247",45.25,-88.5
22.5,3.68,13.28,1983-08-17,"WI-433247",45.25,-88.5
22.5,2.97,22.05,1983-08-18,"WI-433247",45.25,-88.5
26.2,5.8,22.25,1983-08-19,"WI-433247",45.25,-88.5
20.1,4.92,24.35,1983-08-20,"WI-433247",45.25,-88.5
18.5,3.59,10.08,1983-08-21,"WI-433247",45.25,-88.5
20.5,4.32,22.65,1983-08-22,"WI-433247",45.25,-88.5
17.8,2.44,20.74,1983-08-23,"WI-433247",45.25,-88.5
19.2,2.88,22.67,1983-08-24,"WI-433247",45.25,-88.5
22.5,3.09,13.69,1983-08-25,"WI-433247",45.25,-88.5
23.6,3.16,16.19,1983-08-26,"WI-433247",45.25,-88.5
24.2,3.49,19.9,1983-08-27,"WI-433247",45.25,-88.5
22.7,3.35,18.52,1983-08-28,"WI-433247",45.25,-88.5
22.5,4.55,16.95,1983-08-29,"WI-433247",45.25,-88.5
20.3,3.35,15.2,1983-08-30,"WI-433247",45.25,-88.5
19.8,3.8,21.81,1983-08-31,"WI-433247",45.25,-88.5
19.7,3.47,21.84,1983-09-01,"WI-433247",45.25,-88.5
23,4.27,18.94,1983-09-02,"WI-433247",45.25,-88.5
24.7,5.74,19.01,1983-09-03,"WI-433247",45.25,-88.5
23.7,4.71,13.09,1983-09-04,"WI-433247",45.25,-88.5
21.3,5.61,6.2,1983-09-05,"WI-433247",45.25,-88.5
17.4,7.18,17.55,1983-09-06,"WI-433247",45.25,-88.5
15.3,4.78,17.77,1983-09-07,"WI-433247",45.25,-88.5
19.2,5.6,19.83,1983-09-08,"WI-433247",45.25,-88.5
25.3,6.53,17.53,1983-09-09,"WI-433247",45.25,-88.5
21.3,7.26,10.83,1983-09-10,"WI-433247",45.25,-88.5
14.6,5.13,20.55,1983-09-11,"WI-433247",45.25,-88.5
12.3,3.58,11.26,1983-09-12,"WI-433247",45.25,-88.5
10.6,2.68,16.52,1983-09-13,"WI-433247",45.25,-88.5
11,2.84,15.78,1983-09-14,"WI-433247",45.25,-88.5
10.9,5.82,8.16,1983-09-15,"WI-433247",45.25,-88.5
11.9,5.7,5.71,1983-09-16,"WI-433247",45.25,-88.5
12.2,5.06,12.82,1983-09-17,"WI-433247",45.25,-88.5
16.6,5.7,12.68,1983-09-18,"WI-433247",45.25,-88.5
10,4.49,8.05,1983-09-19,"WI-433247",45.25,-88.5
8.9,5.48,3.07,1983-09-20,"WI-433247",45.25,-88.5
6.3,5.85,12.48,1983-09-21,"WI-433247",45.25,-88.5
4.8,6.05,13.22,1983-09-22,"WI-433247",45.25,-88.5
6,3.83,14.99,1983-09-23,"WI-433247",45.25,-88.5
9.2,6.32,18.08,1983-09-24,"WI-433247",45.25,-88.5
13.9,4.02,16.58,1983-09-25,"WI-433247",45.25,-88.5
15.6,4.53,16.98,1983-09-26,"WI-433247",45.25,-88.5
16.4,3.52,14.58,1983-09-27,"WI-433247",45.25,-88.5
17.3,4.8,15.76,1983-09-28,"WI-433247",45.25,-88.5
18.9,3.41,15.2,1983-09-29,"WI-433247",45.25,-88.5
17.7,3.65,14.46,1983-09-30,"WI-433247",45.25,-88.5
17,4.79,13.54,1983-10-01,"WI-433247",45.25,-88.5
19.1,5.8,11.33,1983-10-02,"WI-433247",45.25,-88.5
16.7,5.53,5.39,1983-10-03,"WI-433247",45.25,-88.5
11.1,3.86,7.02,1983-10-04,"WI-433247",45.25,-88.5
12.3,5.83,11.33,1983-10-05,"WI-433247",45.25,-88.5
9.4,6.18,15.73,1983-10-06,"WI-433247",45.25,-88.5
7.8,3.44,1.45,1983-10-07,"WI-433247",45.25,-88.5
7.6,5.32,10.27,1983-10-08,"WI-433247",45.25,-88.5
5.1,3.11,12.98,1983-10-09,"WI-433247",45.25,-88.5
7.2,4.78,9.9,1983-10-10,"WI-433247",45.25,-88.5
11.7,6.31,4.4,1983-10-11,"WI-433247",45.25,-88.5
6,5.73,1.03,1983-10-12,"WI-433247",45.25,-88.5
4.3,4.94,6.54,1983-10-13,"WI-433247",45.25,-88.5
5.1,8.64,7.61,1983-10-14,"WI-433247",45.25,-88.5
4.5,5.2,5.38,1983-10-15,"WI-433247",45.25,-88.5
10.5,6.28,7.78,1983-10-16,"WI-433247",45.25,-88.5
6.9,4.37,12.56,1983-10-17,"WI-433247",45.25,-88.5
7.2,3.27,8.56,1983-10-18,"WI-433247",45.25,-88.5
5.2,4.7,4.72,1983-10-19,"WI-433247",45.25,-88.5
5.4,6.3,9.54,1983-10-20,"WI-433247",45.25,-88.5
6.4,4.34,10.92,1983-10-21,"WI-433247",45.25,-88.5
7.6,4.97,7.25,1983-10-22,"WI-433247",45.25,-88.5
7.4,4.94,11.49,1983-10-23,"WI-433247",45.25,-88.5
5.1,2.56,5.86,1983-10-24,"WI-433247",45.25,-88.5
7.2,5.8,11.96,1983-10-25,"WI-433247",45.25,-88.5
5.2,2.91,8.11,1983-10-26,"WI-433247",45.25,-88.5
8.8,6.34,10.71,1983-10-27,"WI-433247",45.25,-88.5
11,8.13,10.64,1983-10-28,"WI-433247",45.25,-88.5
3.4,4.65,10.42,1983-10-29,"WI-433247",45.25,-88.5
3.4,3.24,11.23,1983-10-30,"WI-433247",45.25,-88.5
5.8,3.45,10.8,1983-10-31,"WI-433247",45.25,-88.5
9.7,2.79,2.93,1983-11-01,"WI-433247",45.25,-88.5
11.1,5.25,3.22,1983-11-02,"WI-433247",45.25,-88.5
2,5.69,10.41,1983-11-03,"WI-433247",45.25,-88.5
1.5,3.85,10.77,1983-11-04,"WI-433247",45.25,-88.5
1.9,3.44,9.8,1983-11-05,"WI-433247",45.25,-88.5
6.3,3.11,5.52,1983-11-06,"WI-433247",45.25,-88.5
5.6,4.53,5.54,1983-11-07,"WI-433247",45.25,-88.5
9.9,5.02,7.43,1983-11-08,"WI-433247",45.25,-88.5
2.3,6.95,0.73,1983-11-09,"WI-433247",45.25,-88.5
0.4,7.92,2.6,1983-11-10,"WI-433247",45.25,-88.5
-2.4,7.4,5.47,1983-11-11,"WI-433247",45.25,-88.5
-4.3,3.48,8.28,1983-11-12,"WI-433247",45.25,-88.5
-1.7,4.9,4.86,1983-11-13,"WI-433247",45.25,-88.5
1.7,3.77,1.89,1983-11-14,"WI-433247",45.25,-88.5
2.3,5.37,3.17,1983-11-15,"WI-433247",45.25,-88.5
2.4,6.41,5.67,1983-11-16,"WI-433247",45.25,-88.5
-0.7,3.47,5.84,1983-11-17,"WI-433247",45.25,-88.5
2.2,2.98,2.1,1983-11-18,"WI-433247",45.25,-88.5
4.5,5.63,0.84,1983-11-19,"WI-433247",45.25,-88.5
7.8,7.92,1.27,1983-11-20,"WI-433247",45.25,-88.5
1.9,8.61,4.89,1983-11-21,"WI-433247",45.25,-88.5
-0.2,4.6,7.48,1983-11-22,"WI-433247",45.25,-88.5
5.3,8.91,0.64,1983-11-23,"WI-433247",45.25,-88.5
-3.4,8.81,4.06,1983-11-24,"WI-433247",45.25,-88.5
-4.3,6.2,5.51,1983-11-25,"WI-433247",45.25,-88.5
-3.6,3.16,6.65,1983-11-26,"WI-433247",45.25,-88.5
-2.2,7.11,4.95,1983-11-27,"WI-433247",45.25,-88.5
-0.6,7.88,1.32,1983-11-28,"WI-433247",45.25,-88.5
-1.7,5.77,3.03,1983-11-29,"WI-433247",45.25,-88.5
-6.6,5.77,6.33,1983-11-30,"WI-433247",45.25,-88.5
-9.2,4.38,5.76,1983-12-01,"WI-433247",45.25,-88.5
-9,4.16,5.23,1983-12-02,"WI-433247",45.25,-88.5
-13,3.14,7.3,1983-12-03,"WI-433247",45.25,-88.5
-4.5,2.72,4.31,1983-12-04,"WI-433247",45.25,-88.5
-3.4,4.02,4.01,1983-12-05,"WI-433247",45.25,-88.5
-7.8,5.11,4.13,1983-12-06,"WI-433247",45.25,-88.5
-12.8,3.1,7.08,1983-12-07,"WI-433247",45.25,-88.5
-11.5,4.88,6.17,1983-12-08,"WI-433247",45.25,-88.5
-10.9,2.65,7.06,1983-12-09,"WI-433247",45.25,-88.5
-9.4,4.88,3.4,1983-12-10,"WI-433247",45.25,-88.5
-2.5,5.63,1.17,1983-12-11,"WI-433247",45.25,-88.5
-3.1,4.31,5.18,1983-12-12,"WI-433247",45.25,-88.5
-2.5,4.2,1.8,1983-12-13,"WI-433247",45.25,-88.5
-2.8,4.89,1.78,1983-12-14,"WI-433247",45.25,-88.5
-5.2,5.74,2.74,1983-12-15,"WI-433247",45.25,-88.5
-12.7,4.34,6.59,1983-12-16,"WI-433247",45.25,-88.5
-17.1,4.2,6.98,1983-12-17,"WI-433247",45.25,-88.5
-25.3,4.44,7.27,1983-12-18,"WI-433247",45.25,-88.5
-24.4,4.32,7.25,1983-12-19,"WI-433247",45.25,-88.5
-19.8,3.14,7.13,1983-12-20,"WI-433247",45.25,-88.5
-8.7,5.04,2.75,1983-12-21,"WI-433247",45.25,-88.5
-19.3,7.18,7.08,1983-12-22,"WI-433247",45.25,-88.5
-26.4,6.26,7.1,1983-12-23,"WI-433247",45.25,-88.5
-23.4,8.02,6.78,1983-12-24,"WI-433247",45.25,-88.5
-23.2,6.36,7.06,1983-12-25,"WI-433247",45.25,-88.5
-15.4,4.7,5.37,1983-12-26,"WI-433247",45.25,-88.5
-11.6,3.6,4.51,1983-12-27,"WI-433247",45.25,-88.5
-12.3,5.71,5.52,1983-12-28,"WI-433247",45.25,-88.5
-19.9,4.88,7.19,1983-12-29,"WI-433247",45.25,-88.5
-14.8,6.14,7.19,1983-12-30,"WI-433247",45.25,-88.5
-8.8,6.52,3.95,1983-12-31,"WI-433247",45.25,-88.5
-8.3,2.18,3.81,1984-01-01,"WI-433247",45.25,-88.5
-5,3.62,6.3,1984-01-02,"WI-433247",45.25,-88.5
-1.5,7.74,2.25,1984-01-03,"WI-433247",45.25,-88.5
-0.4,5.17,4.36,1984-01-04,"WI-433247",45.25,-88.5
-1,6.89,4.27,1984-01-05,"WI-433247",45.25,-88.5
-5.1,5.98,6.69,1984-01-06,"WI-433247",45.25,-88.5
-5.8,6.52,2.8,1984-01-07,"WI-433247",45.25,-88.5
-9.1,7.3,7.39,1984-01-08,"WI-433247",45.25,-88.5
-11.2,5.15,5.96,1984-01-09,"WI-433247",45.25,-88.5
-16.3,5.28,8,1984-01-10,"WI-433247",45.25,-88.5
-18.2,2.92,6.39,1984-01-11,"WI-433247",45.25,-88.5
-10.6,4.52,3.32,1984-01-12,"WI-433247",45.25,-88.5
-7.9,4,3.64,1984-01-13,"WI-433247",45.25,-88.5
-10.6,4.46,8.08,1984-01-14,"WI-433247",45.25,-88.5
-17.6,4.04,8.05,1984-01-15,"WI-433247",45.25,-88.5
-10.8,4.95,5.03,1984-01-16,"WI-433247",45.25,-88.5
-17.2,3.89,8.51,1984-01-17,"WI-433247",45.25,-88.5
-23.4,3.51,8.56,1984-01-18,"WI-433247",45.25,-88.5
-22.5,4.67,8.57,1984-01-19,"WI-433247",45.25,-88.5
-24.7,4.92,9.09,1984-01-20,"WI-433247",45.25,-88.5
-22.1,4.96,7.46,1984-01-21,"WI-433247",45.25,-88.5
-14.2,3.51,4.99,1984-01-22,"WI-433247",45.25,-88.5
-7.2,3.44,3.73,1984-01-23,"WI-433247",45.25,-88.5
-1.2,6.29,5.71,1984-01-24,"WI-433247",45.25,-88.5
-5.3,7.52,7.57,1984-01-25,"WI-433247",45.25,-88.5
-8.3,3.31,4.32,1984-01-26,"WI-433247",45.25,-88.5
-9.3,6.16,9.89,1984-01-27,"WI-433247",45.25,-88.5
-6.5,4.9,3.25,1984-01-28,"WI-433247",45.25,-88.5
-6.8,4.34,9.57,1984-01-29,"WI-433247",45.25,-88.5
-9.3,4.52,8.7,1984-01-30,"WI-433247",45.25,-88.5
-11,2.38,8.59,1984-01-31,"WI-433247",45.25,-88.5
-5.1,2.97,9.96,1984-02-01,"WI-433247",45.25,-88.5
-3.3,4.4,3.42,1984-02-02,"WI-433247",45.25,-88.5
-1.2,5.59,5.55,1984-02-03,"WI-433247",45.25,-88.5
-4.3,4.57,7.23,1984-02-04,"WI-433247",45.25,-88.5
-12.1,6.9,8.78,1984-02-05,"WI-433247",45.25,-88.5
-16.2,3.62,11,1984-02-06,"WI-433247",45.25,-88.5
-12.4,3.26,10.85,1984-02-07,"WI-433247",45.25,-88.5
-6.8,3.89,10.95,1984-02-08,"WI-433247",45.25,-88.5
-3.1,3.5,11.28,1984-02-09,"WI-433247",45.25,-88.5
-0.3,3.12,4.22,1984-02-10,"WI-433247",45.25,-88.5
2.2,3.21,6.21,1984-02-11,"WI-433247",45.25,-88.5
2.4,3.98,2.2,1984-02-12,"WI-433247",45.25,-88.5
3.8,5.66,7.21,1984-02-13,"WI-433247",45.25,-88.5
2,4.4,10.26,1984-02-14,"WI-433247",45.25,-88.5
1,3.83,11.25,1984-02-15,"WI-433247",45.25,-88.5
1.3,4.26,9.33,1984-02-16,"WI-433247",45.25,-88.5
3,3.22,8.9,1984-02-17,"WI-433247",45.25,-88.5
0.7,4.41,8.76,1984-02-18,"WI-433247",45.25,-88.5
-0.3,6.3,3.25,1984-02-19,"WI-433247",45.25,-88.5
-1.6,5.5,11.97,1984-02-20,"WI-433247",45.25,-88.5
-1.3,3.94,11.69,1984-02-21,"WI-433247",45.25,-88.5
4.6,4.03,13.6,1984-02-22,"WI-433247",45.25,-88.5
4.6,4.6,13.82,1984-02-23,"WI-433247",45.25,-88.5
1.3,3.35,9.69,1984-02-24,"WI-433247",45.25,-88.5
-2.2,3.62,9.53,1984-02-25,"WI-433247",45.25,-88.5
-3.9,3.44,15.03,1984-02-26,"WI-433247",45.25,-88.5
-2.9,5.8,12.12,1984-02-27,"WI-433247",45.25,-88.5
-3.9,7.92,13.49,1984-02-28,"WI-433247",45.25,-88.5
-8.1,6.95,15.86,1984-02-29,"WI-433247",45.25,-88.5
-7.1,4.61,15.7,1984-03-01,"WI-433247",45.25,-88.5
-6.8,4.2,16.06,1984-03-02,"WI-433247",45.25,-88.5
-4.7,3.14,16.38,1984-03-03,"WI-433247",45.25,-88.5
-2.6,4.2,9.86,1984-03-04,"WI-433247",45.25,-88.5
-2.5,5.64,10.15,1984-03-05,"WI-433247",45.25,-88.5
-14,4.46,17.48,1984-03-06,"WI-433247",45.25,-88.5
-15.6,3.53,17.73,1984-03-07,"WI-433247",45.25,-88.5
-12.3,3.96,17.34,1984-03-08,"WI-433247",45.25,-88.5
-12,5.12,16.11,1984-03-09,"WI-433247",45.25,-88.5
-11.1,8,14.17,1984-03-10,"WI-433247",45.25,-88.5
-15.4,7.7,18.24,1984-03-11,"WI-433247",45.25,-88.5
-12.7,3.84,10.74,1984-03-12,"WI-433247",45.25,-88.5
-4.2,2.63,11.48,1984-03-13,"WI-433247",45.25,-88.5
0.6,5.38,12.91,1984-03-14,"WI-433247",45.25,-88.5
1.7,5.22,6.81,1984-03-15,"WI-433247",45.25,-88.5
-5.4,6.15,18.64,1984-03-16,"WI-433247",45.25,-88.5
-7.7,5.6,10.32,1984-03-17,"WI-433247",45.25,-88.5
-3.2,4.61,19.75,1984-03-18,"WI-433247",45.25,-88.5
-1.7,3.93,15.17,1984-03-19,"WI-433247",45.25,-88.5
0.3,4.89,2.55,1984-03-20,"WI-433247",45.25,-88.5
0.8,9.95,3.27,1984-03-21,"WI-433247",45.25,-88.5
-0.8,8.85,9.28,1984-03-22,"WI-433247",45.25,-88.5
0.3,5.07,20.73,1984-03-23,"WI-433247",45.25,-88.5
3.5,3.26,16.04,1984-03-24,"WI-433247",45.25,-88.5
2.3,3.55,19.61,1984-03-25,"WI-433247",45.25,-88.5
1.1,3.62,19.7,1984-03-26,"WI-433247",45.25,-88.5
1.9,4.55,20.9,1984-03-27,"WI-433247",45.25,-88.5
1.9,5.65,19.25,1984-03-28,"WI-433247",45.25,-88.5
1.3,5.73,15.52,1984-03-29,"WI-433247",45.25,-88.5
2.2,5.25,12.27,1984-03-30,"WI-433247",45.25,-88.5
2.9,3.2,19.41,1984-03-31,"WI-433247",45.25,-88.5
4,3.55,21.31,1984-04-01,"WI-433247",45.25,-88.5
5.9,3.22,18.71,1984-04-02,"WI-433247",45.25,-88.5
3.9,4.9,18.1,1984-04-03,"WI-433247",45.25,-88.5
6.2,6.59,19.04,1984-04-04,"WI-433247",45.25,-88.5
7,6.82,22.69,1984-04-05,"WI-433247",45.25,-88.5
6.2,6.31,22.49,1984-04-06,"WI-433247",45.25,-88.5
5.5,4.01,23.83,1984-04-07,"WI-433247",45.25,-88.5
5.8,4.63,17.22,1984-04-08,"WI-433247",45.25,-88.5
7.1,6.07,22.15,1984-04-09,"WI-433247",45.25,-88.5
7.2,4.66,22.4,1984-04-10,"WI-433247",45.25,-88.5
7.8,5.06,24.53,1984-04-11,"WI-433247",45.25,-88.5
8.2,8.01,18.13,1984-04-12,"WI-433247",45.25,-88.5
7,6.04,10.48,1984-04-13,"WI-433247",45.25,-88.5
8.5,5.91,16.67,1984-04-14,"WI-433247",45.25,-88.5
9.9,8.3,14.25,1984-04-15,"WI-433247",45.25,-88.5
7.5,7.93,16.3,1984-04-16,"WI-433247",45.25,-88.5
6.4,8.61,18.29,1984-04-17,"WI-433247",45.25,-88.5
6.9,5.12,12.31,1984-04-18,"WI-433247",45.25,-88.5
6.8,3.26,11.33,1984-04-19,"WI-433247",45.25,-88.5
10.1,4.33,22.53,1984-04-20,"WI-433247",45.25,-88.5
8.1,5.98,25.59,1984-04-21,"WI-433247",45.25,-88.5
5.8,7.38,12.79,1984-04-22,"WI-433247",45.25,-88.5
7.2,5.42,10.5,1984-04-23,"WI-433247",45.25,-88.5
11.1,3.45,18.1,1984-04-24,"WI-433247",45.25,-88.5
14.2,4.31,23.13,1984-04-25,"WI-433247",45.25,-88.5
15.4,5.02,18.16,1984-04-26,"WI-433247",45.25,-88.5
16.8,9.68,7.39,1984-04-27,"WI-433247",45.25,-88.5
8.7,9.53,19.36,1984-04-28,"WI-433247",45.25,-88.5
6.9,8.01,18.18,1984-04-29,"WI-433247",45.25,-88.5
3.1,10.89,6.24,1984-04-30,"WI-433247",45.25,-88.5
3.1,7.27,13.05,1984-05-01,"WI-433247",45.25,-88.5
5.3,3.68,18.89,1984-05-02,"WI-433247",45.25,-88.5
6.2,3.36,17.82,1984-05-03,"WI-433247",45.25,-88.5
9,3.89,26.58,1984-05-04,"WI-433247",45.25,-88.5
10.4,4.53,18.38,1984-05-05,"WI-433247",45.25,-88.5
12,3.96,21.29,1984-05-06,"WI-433247",45.25,-88.5
9.9,7.35,7.39,1984-05-07,"WI-433247",45.25,-88.5
4.6,8,11.99,1984-05-08,"WI-433247",45.25,-88.5
9.6,7.06,21.63,1984-05-09,"WI-433247",45.25,-88.5
10.2,4.48,17.45,1984-05-10,"WI-433247",45.25,-88.5
14.5,7.51,22.26,1984-05-11,"WI-433247",45.25,-88.5
10.4,4.96,14.18,1984-05-12,"WI-433247",45.25,-88.5
6.8,3.72,8.79,1984-05-13,"WI-433247",45.25,-88.5
10.4,5.86,29.01,1984-05-14,"WI-433247",45.25,-88.5
10.6,3.11,29.67,1984-05-15,"WI-433247",45.25,-88.5
11,3.26,27.53,1984-05-16,"WI-433247",45.25,-88.5
17.2,6.41,26.08,1984-05-17,"WI-433247",45.25,-88.5
20.8,5.28,23.04,1984-05-18,"WI-433247",45.25,-88.5
18.6,5.22,24.05,1984-05-19,"WI-433247",45.25,-88.5
13.8,3.38,18.6,1984-05-20,"WI-433247",45.25,-88.5
16.5,5.61,25.03,1984-05-21,"WI-433247",45.25,-88.5
18.2,5.22,15.24,1984-05-22,"WI-433247",45.25,-88.5
15.7,5.74,28.22,1984-05-23,"WI-433247",45.25,-88.5
15.9,8.14,19,1984-05-24,"WI-433247",45.25,-88.5
15.5,3.64,16.34,1984-05-25,"WI-433247",45.25,-88.5
9.5,4.53,20.05,1984-05-26,"WI-433247",45.25,-88.5
10.8,5.02,18.95,1984-05-27,"WI-433247",45.25,-88.5
9,5.81,23.53,1984-05-28,"WI-433247",45.25,-88.5
11,5.82,28.94,1984-05-29,"WI-433247",45.25,-88.5
15.1,5.62,27.49,1984-05-30,"WI-433247",45.25,-88.5
18.7,4.9,26.46,1984-05-31,"WI-433247",45.25,-88.5
20.5,5.39,27.68,1984-06-01,"WI-433247",45.25,-88.5
18.2,4.38,11.21,1984-06-02,"WI-433247",45.25,-88.5
20.3,5.91,27.36,1984-06-03,"WI-433247",45.25,-88.5
21.3,5.04,27.06,1984-06-04,"WI-433247",45.25,-88.5
22.7,6.35,22.1,1984-06-05,"WI-433247",45.25,-88.5
24.3,5.04,20.48,1984-06-06,"WI-433247",45.25,-88.5
21.7,5.16,12.47,1984-06-07,"WI-433247",45.25,-88.5
23,10.52,24.48,1984-06-08,"WI-433247",45.25,-88.5
19.7,6.06,17.12,1984-06-09,"WI-433247",45.25,-88.5
17.4,8.32,18.75,1984-06-10,"WI-433247",45.25,-88.5
15.5,3.94,28.89,1984-06-11,"WI-433247",45.25,-88.5
18.4,4,9.17,1984-06-12,"WI-433247",45.25,-88.5
21.3,5.24,23.41,1984-06-13,"WI-433247",45.25,-88.5
15.2,3.93,26.74,1984-06-14,"WI-433247",45.25,-88.5
15.7,3.06,26.34,1984-06-15,"WI-433247",45.25,-88.5
16.8,4.32,17.32,1984-06-16,"WI-433247",45.25,-88.5
19,3.04,9.62,1984-06-17,"WI-433247",45.25,-88.5
22.9,5.45,26.36,1984-06-18,"WI-433247",45.25,-88.5
19.2,4.04,23.84,1984-06-19,"WI-433247",45.25,-88.5
15.7,2.6,20.43,1984-06-20,"WI-433247",45.25,-88.5
18.6,3.27,29.02,1984-06-21,"WI-433247",45.25,-88.5
18,4.24,22.62,1984-06-22,"WI-433247",45.25,-88.5
19.7,4.92,16.84,1984-06-23,"WI-433247",45.25,-88.5
18,7.5,25.71,1984-06-24,"WI-433247",45.25,-88.5
18,4.9,30.39,1984-06-25,"WI-433247",45.25,-88.5
20.3,4.92,24.56,1984-06-26,"WI-433247",45.25,-88.5
17.7,7.88,18.8,1984-06-27,"WI-433247",45.25,-88.5
17.6,4.92,21.23,1984-06-28,"WI-433247",45.25,-88.5
17.5,5.39,22.05,1984-06-29,"WI-433247",45.25,-88.5
19.2,3.81,25.11,1984-06-30,"WI-433247",45.25,-88.5
20.9,3.38,28.21,1984-07-01,"WI-433247",45.25,-88.5
21.9,4.6,23.84,1984-07-02,"WI-433247",45.25,-88.5
21.5,5.06,19.18,1984-07-03,"WI-433247",45.25,-88.5
20.6,4.66,26.19,1984-07-04,"WI-433247",45.25,-88.5
17.2,4.39,19.11,1984-07-05,"WI-433247",45.25,-88.5
13.4,6.92,25.76,1984-07-06,"WI-433247",45.25,-88.5
15.2,4.46,20.88,1984-07-07,"WI-433247",45.25,-88.5
16.3,4.61,17.64,1984-07-08,"WI-433247",45.25,-88.5
19.3,3.26,12.59,1984-07-09,"WI-433247",45.25,-88.5
19.4,5.23,12.73,1984-07-10,"WI-433247",45.25,-88.5
21.4,4.47,25.25,1984-07-11,"WI-433247",45.25,-88.5
22.5,3.82,24.65,1984-07-12,"WI-433247",45.25,-88.5
23.6,5.42,25.96,1984-07-13,"WI-433247",45.25,-88.5
23,5.86,19.46,1984-07-14,"WI-433247",45.25,-88.5
21.1,7.33,25.72,1984-07-15,"WI-433247",45.25,-88.5
19.6,5.82,24.06,1984-07-16,"WI-433247",45.25,-88.5
15.9,5.59,20.21,1984-07-17,"WI-433247",45.25,-88.5
17.9,4.79,25.56,1984-07-18,"WI-433247",45.25,-88.5
20.8,4.85,25.14,1984-07-19,"WI-433247",45.25,-88.5
21.5,2.75,26.01,1984-07-20,"WI-433247",45.25,-88.5
21,3.52,26.18,1984-07-21,"WI-433247",45.25,-88.5
23.2,7.13,16.9,1984-07-22,"WI-433247",45.25,-88.5
25.5,4.88,24.98,1984-07-23,"WI-433247",45.25,-88.5
21.1,3.89,24.97,1984-07-24,"WI-433247",45.25,-88.5
19.4,2.06,21.48,1984-07-25,"WI-433247",45.25,-88.5
18.3,3.97,20.27,1984-07-26,"WI-433247",45.25,-88.5
16.6,4.14,22.43,1984-07-27,"WI-433247",45.25,-88.5
17.7,2.72,21.18,1984-07-28,"WI-433247",45.25,-88.5
19.7,3.13,22.58,1984-07-29,"WI-433247",45.25,-88.5
20.6,4.42,24.8,1984-07-30,"WI-433247",45.25,-88.5
21.8,5.32,17.01,1984-07-31,"WI-433247",45.25,-88.5
20.9,3.19,7.71,1984-08-01,"WI-433247",45.25,-88.5
21.2,1.97,14.68,1984-08-02,"WI-433247",45.25,-88.5
20.4,2.47,9.51,1984-08-03,"WI-433247",45.25,-88.5
22.1,2.33,17.26,1984-08-04,"WI-433247",45.25,-88.5
22.2,3.3,13.65,1984-08-05,"WI-433247",45.25,-88.5
24.8,3.22,18.51,1984-08-06,"WI-433247",45.25,-88.5
23.8,3.01,15.9,1984-08-07,"WI-433247",45.25,-88.5
22.8,4.79,15.09,1984-08-08,"WI-433247",45.25,-88.5
22.5,6.08,23.24,1984-08-09,"WI-433247",45.25,-88.5
19.5,3.84,19.47,1984-08-10,"WI-433247",45.25,-88.5
18.2,3.71,15.09,1984-08-11,"WI-433247",45.25,-88.5
18.6,2.78,18.77,1984-08-12,"WI-433247",45.25,-88.5
19.9,2.14,17.74,1984-08-13,"WI-433247",45.25,-88.5
20.9,3.83,18.61,1984-08-14,"WI-433247",45.25,-88.5
23.5,4.46,16.53,1984-08-15,"WI-433247",45.25,-88.5
20.9,3.69,17.48,1984-08-16,"WI-433247",45.25,-88.5
20.2,2.62,14.88,1984-08-17,"WI-433247",45.25,-88.5
20.7,4.2,20.89,1984-08-18,"WI-433247",45.25,-88.5
18.7,3.32,22.57,1984-08-19,"WI-433247",45.25,-88.5
19.1,4.9,22.8,1984-08-20,"WI-433247",45.25,-88.5
18.4,4.44,9.07,1984-08-21,"WI-433247",45.25,-88.5
17.5,5.53,18.67,1984-08-22,"WI-433247",45.25,-88.5
15.5,4.3,18.67,1984-08-23,"WI-433247",45.25,-88.5
15.3,2.5,24.21,1984-08-24,"WI-433247",45.25,-88.5
17,4.53,18.4,1984-08-25,"WI-433247",45.25,-88.5
20.2,5.64,20.88,1984-08-26,"WI-433247",45.25,-88.5
22.4,4.85,14.59,1984-08-27,"WI-433247",45.25,-88.5
24.4,2.8,20.19,1984-08-28,"WI-433247",45.25,-88.5
22.9,4.25,20.5,1984-08-29,"WI-433247",45.25,-88.5
18.2,6.44,23.16,1984-08-30,"WI-433247",45.25,-88.5
15.6,4.72,18.35,1984-08-31,"WI-433247",45.25,-88.5
15.1,6.05,6.17,1984-09-01,"WI-433247",45.25,-88.5
14.9,4.75,1.97,1984-09-02,"WI-433247",45.25,-88.5
14.2,3.62,16.4,1984-09-03,"WI-433247",45.25,-88.5
11.8,3.08,15.47,1984-09-04,"WI-433247",45.25,-88.5
11.5,2.56,15.33,1984-09-05,"WI-433247",45.25,-88.5
13.5,4.79,17.98,1984-09-06,"WI-433247",45.25,-88.5
20.9,6.96,16.95,1984-09-07,"WI-433247",45.25,-88.5
18.9,6.94,8.67,1984-09-08,"WI-433247",45.25,-88.5
15.9,4.98,15.86,1984-09-09,"WI-433247",45.25,-88.5
15.2,4.12,16.7,1984-09-10,"WI-433247",45.25,-88.5
15.2,3.55,19,1984-09-11,"WI-433247",45.25,-88.5
14.2,5.64,3.19,1984-09-12,"WI-433247",45.25,-88.5
18.3,5.48,19.19,1984-09-13,"WI-433247",45.25,-88.5
10.7,3.7,8.17,1984-09-14,"WI-433247",45.25,-88.5
8.6,4.33,15.74,1984-09-15,"WI-433247",45.25,-88.5
10.7,3.86,18.93,1984-09-16,"WI-433247",45.25,-88.5
12.1,5.77,19.57,1984-09-17,"WI-433247",45.25,-88.5
16.8,5.9,18.64,1984-09-18,"WI-433247",45.25,-88.5
19.1,5.72,18.89,1984-09-19,"WI-433247",45.25,-88.5
16.9,5.43,17.7,1984-09-20,"WI-433247",45.25,-88.5
13.1,5.24,10.26,1984-09-21,"WI-433247",45.25,-88.5
17.4,6.17,11.63,1984-09-22,"WI-433247",45.25,-88.5
17.6,4.17,18.24,1984-09-23,"WI-433247",45.25,-88.5
15.8,5.32,3.71,1984-09-24,"WI-433247",45.25,-88.5
10.2,6.8,2.9,1984-09-25,"WI-433247",45.25,-88.5
4.6,5.95,13.5,1984-09-26,"WI-433247",45.25,-88.5
6.2,3.64,14.42,1984-09-27,"WI-433247",45.25,-88.5
5.8,4.11,11.43,1984-09-28,"WI-433247",45.25,-88.5
5.4,3.3,13.79,1984-09-29,"WI-433247",45.25,-88.5
7.2,3.79,13.68,1984-09-30,"WI-433247",45.25,-88.5
8.8,3.41,16.98,1984-10-01,"WI-433247",45.25,-88.5
11.4,6.65,14.8,1984-10-02,"WI-433247",45.25,-88.5
10.9,6.51,11,1984-10-03,"WI-433247",45.25,-88.5
9.7,4.3,15.23,1984-10-04,"WI-433247",45.25,-88.5
11.1,4.61,8.22,1984-10-05,"WI-433247",45.25,-88.5
12.6,4.38,11.06,1984-10-06,"WI-433247",45.25,-88.5
13.6,4.54,1.76,1984-10-07,"WI-433247",45.25,-88.5
14.2,4.16,2.97,1984-10-08,"WI-433247",45.25,-88.5
13.3,3.51,4.78,1984-10-09,"WI-433247",45.25,-88.5
13.9,3.23,6.61,1984-10-10,"WI-433247",45.25,-88.5
13.4,3.26,7.42,1984-10-11,"WI-433247",45.25,-88.5
12.9,3.92,4.33,1984-10-12,"WI-433247",45.25,-88.5
14.4,2.61,4.08,1984-10-13,"WI-433247",45.25,-88.5
15.3,4.21,6.9,1984-10-14,"WI-433247",45.25,-88.5
14.8,6.65,1.86,1984-10-15,"WI-433247",45.25,-88.5
13.5,9.27,8.94,1984-10-16,"WI-433247",45.25,-88.5
9.5,9.9,12.76,1984-10-17,"WI-433247",45.25,-88.5
7.8,7.65,8.05,1984-10-18,"WI-433247",45.25,-88.5
9.1,9.2,3.46,1984-10-19,"WI-433247",45.25,-88.5
7.4,6.9,12.97,1984-10-20,"WI-433247",45.25,-88.5
6.6,3.61,5.61,1984-10-21,"WI-433247",45.25,-88.5
4.7,4.87,9.33,1984-10-22,"WI-433247",45.25,-88.5
3.2,3.95,9.44,1984-10-23,"WI-433247",45.25,-88.5
6.1,5.02,11.78,1984-10-24,"WI-433247",45.25,-88.5
5.4,4.08,4.23,1984-10-25,"WI-433247",45.25,-88.5
7.5,4.48,3.6,1984-10-26,"WI-433247",45.25,-88.5
15.3,8.01,1.13,1984-10-27,"WI-433247",45.25,-88.5
4.4,7.8,10.22,1984-10-28,"WI-433247",45.25,-88.5
1.6,3.77,9.28,1984-10-29,"WI-433247",45.25,-88.5
3.6,6.5,4.44,1984-10-30,"WI-433247",45.25,-88.5
0.5,6.54,5.67,1984-10-31,"WI-433247",45.25,-88.5
3.3,7.43,6.97,1984-11-01,"WI-433247",45.25,-88.5
-5.6,7.27,10.95,1984-11-02,"WI-433247",45.25,-88.5
1.8,6.03,5.7,1984-11-03,"WI-433247",45.25,-88.5
5.9,4.75,4.78,1984-11-04,"WI-433247",45.25,-88.5
1.1,4.7,5.55,1984-11-05,"WI-433247",45.25,-88.5
-0.7,3.18,10.1,1984-11-06,"WI-433247",45.25,-88.5
2.7,6.51,6.58,1984-11-07,"WI-433247",45.25,-88.5
7.4,5.92,5.36,1984-11-08,"WI-433247",45.25,-88.5
3.3,6.59,5.63,1984-11-09,"WI-433247",45.25,-88.5
-0.3,6.84,2.95,1984-11-10,"WI-433247",45.25,-88.5
-2.2,6.36,8.22,1984-11-11,"WI-433247",45.25,-88.5
-3.5,3.01,9.6,1984-11-12,"WI-433247",45.25,-88.5
-2.3,3.2,9.14,1984-11-13,"WI-433247",45.25,-88.5
3.8,5.12,4.47,1984-11-14,"WI-433247",45.25,-88.5
2.9,7.07,2.34,1984-11-15,"WI-433247",45.25,-88.5
-4.1,7.12,8.87,1984-11-16,"WI-433247",45.25,-88.5
-1.6,4.32,3.54,1984-11-17,"WI-433247",45.25,-88.5
-5.1,3.59,8.23,1984-11-18,"WI-433247",45.25,-88.5
-6.1,4.52,7,1984-11-19,"WI-433247",45.25,-88.5
-6.1,3.52,7.53,1984-11-20,"WI-433247",45.25,-88.5
-5.7,4.02,8.13,1984-11-21,"WI-433247",45.25,-88.5
0,5.86,4.4,1984-11-22,"WI-433247",45.25,-88.5
1,4.16,7.96,1984-11-23,"WI-433247",45.25,-88.5
2.4,4.48,7.99,1984-11-24,"WI-433247",45.25,-88.5
4.7,4.24,7.2,1984-11-25,"WI-433247",45.25,-88.5
7.1,5.7,4.52,1984-11-26,"WI-433247",45.25,-88.5
8.7,5,1.4,1984-11-27,"WI-433247",45.25,-88.5
-0.8,5.7,2.7,1984-11-28,"WI-433247",45.25,-88.5
-0.2,3.98,6.15,1984-11-29,"WI-433247",45.25,-88.5
-0.6,2.6,3.16,1984-11-30,"WI-433247",45.25,-88.5
-3.4,2.55,5.25,1984-12-01,"WI-433247",45.25,-88.5
-2.6,4.62,1.11,1984-12-02,"WI-433247",45.25,-88.5
-6.8,7.29,6.57,1984-12-03,"WI-433247",45.25,-88.5
-13.9,5.45,7.59,1984-12-04,"WI-433247",45.25,-88.5
-10.9,4.58,5.46,1984-12-05,"WI-433247",45.25,-88.5
-13.1,7.53,7.61,1984-12-06,"WI-433247",45.25,-88.5
-8.5,6.02,5.66,1984-12-07,"WI-433247",45.25,-88.5
0.4,5.36,6.74,1984-12-08,"WI-433247",45.25,-88.5
0,2.95,3.7,1984-12-09,"WI-433247",45.25,-88.5
1.9,4.48,4.31,1984-12-10,"WI-433247",45.25,-88.5
1.9,6.09,2.39,1984-12-11,"WI-433247",45.25,-88.5
0.8,4.34,2.17,1984-12-12,"WI-433247",45.25,-88.5
-5.8,4.27,6.71,1984-12-13,"WI-433247",45.25,-88.5
-3.6,4.92,1.11,1984-12-14,"WI-433247",45.25,-88.5
-2.6,3.95,2.56,1984-12-15,"WI-433247",45.25,-88.5
5.9,9.83,2.15,1984-12-16,"WI-433247",45.25,-88.5
-2.4,6.73,3.37,1984-12-17,"WI-433247",45.25,-88.5
-9.8,5.98,6.72,1984-12-18,"WI-433247",45.25,-88.5
-6.4,6.81,6.9,1984-12-19,"WI-433247",45.25,-88.5
-6.8,6.94,6.9,1984-12-20,"WI-433247",45.25,-88.5
-3.3,8.13,1.07,1984-12-21,"WI-433247",45.25,-88.5
-12.5,7.84,7.21,1984-12-22,"WI-433247",45.25,-88.5
-13.4,3.31,4.94,1984-12-23,"WI-433247",45.25,-88.5
-18.2,5.14,4.82,1984-12-24,"WI-433247",45.25,-88.5
-16.9,6.61,6.58,1984-12-25,"WI-433247",45.25,-88.5
-11.5,4.51,2.83,1984-12-26,"WI-433247",45.25,-88.5
-1.7,4.03,3.22,1984-12-27,"WI-433247",45.25,-88.5
7.3,5.24,0.45,1984-12-28,"WI-433247",45.25,-88.5
-1.2,6.57,4.08,1984-12-29,"WI-433247",45.25,-88.5
-10,3.4,6.23,1984-12-30,"WI-433247",45.25,-88.5
-10.5,5.38,3.02,1984-12-31,"WI-433247",45.25,-88.5
-9.4,5.76,3.29,1985-01-01,"WI-433247",45.25,-88.5
-16.6,3.54,7.34,1985-01-02,"WI-433247",45.25,-88.5
-13.5,4.43,7.5,1985-01-03,"WI-433247",45.25,-88.5
-3.8,5.82,4.81,1985-01-04,"WI-433247",45.25,-88.5
-1.7,3.95,4.04,1985-01-05,"WI-433247",45.25,-88.5
-4.6,2.98,2.44,1985-01-06,"WI-433247",45.25,-88.5
-4.7,7.22,5.75,1985-01-07,"WI-433247",45.25,-88.5
-12.5,4.41,7.98,1985-01-08,"WI-433247",45.25,-88.5
-17.5,3.37,7.33,1985-01-09,"WI-433247",45.25,-88.5
-10.8,2.91,4.28,1985-01-10,"WI-433247",45.25,-88.5
-10.7,5.22,7.5,1985-01-11,"WI-433247",45.25,-88.5
-7.3,6.51,7.42,1985-01-12,"WI-433247",45.25,-88.5
-5.6,5.51,7.27,1985-01-13,"WI-433247",45.25,-88.5
-8.4,7.87,6.15,1985-01-14,"WI-433247",45.25,-88.5
-15.8,3.3,8.52,1985-01-15,"WI-433247",45.25,-88.5
-10.6,2.31,3.25,1985-01-16,"WI-433247",45.25,-88.5
-8.2,3.94,7.37,1985-01-17,"WI-433247",45.25,-88.5
-10.2,4.74,8.03,1985-01-18,"WI-433247",45.25,-88.5
-23.2,6.48,7.78,1985-01-19,"WI-433247",45.25,-88.5
-24.7,6.82,7.83,1985-01-20,"WI-433247",45.25,-88.5
-8,7.36,5.56,1985-01-21,"WI-433247",45.25,-88.5
-6.9,5.72,8.84,1985-01-22,"WI-433247",45.25,-88.5
-5.4,5.85,6.18,1985-01-23,"WI-433247",45.25,-88.5
-7.1,4.88,5.98,1985-01-24,"WI-433247",45.25,-88.5
-12.9,7.2,9.46,1985-01-25,"WI-433247",45.25,-88.5
-13.6,4.34,7.07,1985-01-26,"WI-433247",45.25,-88.5
-7.4,4.78,6.31,1985-01-27,"WI-433247",45.25,-88.5
-11.7,3.47,9.59,1985-01-28,"WI-433247",45.25,-88.5
-11.3,3.09,7.07,1985-01-29,"WI-433247",45.25,-88.5
-9.9,4.47,6.17,1985-01-30,"WI-433247",45.25,-88.5
-19.6,4.66,10.85,1985-01-31,"WI-433247",45.25,-88.5
-22.7,4.2,10.89,1985-02-01,"WI-433247",45.25,-88.5
-23.6,3.62,11.17,1985-02-02,"WI-433247",45.25,-88.5
-17.5,5.7,10.57,1985-02-03,"WI-433247",45.25,-88.5
-18.9,3.45,10.42,1985-02-04,"WI-433247",45.25,-88.5
-13.3,2.82,8.61,1985-02-05,"WI-433247",45.25,-88.5
-11.3,2.75,7.79,1985-02-06,"WI-433247",45.25,-88.5
-12.8,4.5,11.14,1985-02-07,"WI-433247",45.25,-88.5
-16.4,3.86,12.36,1985-02-08,"WI-433247",45.25,-88.5
-13.9,2.88,10.36,1985-02-09,"WI-433247",45.25,-88.5
-6.4,3.47,4.36,1985-02-10,"WI-433247",45.25,-88.5
-5.2,6.63,5.99,1985-02-11,"WI-433247",45.25,-88.5
-9.3,7.34,12.35,1985-02-12,"WI-433247",45.25,-88.5
-10,6.43,7.9,1985-02-13,"WI-433247",45.25,-88.5
-10.1,7.77,9.53,1985-02-14,"WI-433247",45.25,-88.5
-13.1,5.02,13.56,1985-02-15,"WI-433247",45.25,-88.5
-8.6,5.86,5.19,1985-02-16,"WI-433247",45.25,-88.5
-4.7,7.68,11.83,1985-02-17,"WI-433247",45.25,-88.5
-7.4,8.05,5.74,1985-02-18,"WI-433247",45.25,-88.5
-7.8,5.8,9.37,1985-02-19,"WI-433247",45.25,-88.5
-0.4,5.14,12.77,1985-02-20,"WI-433247",45.25,-88.5
3.2,4.54,1.37,1985-02-21,"WI-433247",45.25,-88.5
3.2,2.47,12.11,1985-02-22,"WI-433247",45.25,-88.5
1.3,4.66,2.32,1985-02-23,"WI-433247",45.25,-88.5
1.2,4.65,9.68,1985-02-24,"WI-433247",45.25,-88.5
0.7,4.75,9.89,1985-02-25,"WI-433247",45.25,-88.5
0.1,5.5,6.13,1985-02-26,"WI-433247",45.25,-88.5
-5.6,5.17,15.25,1985-02-27,"WI-433247",45.25,-88.5
4.6,8.54,13.77,1985-02-28,"WI-433247",45.25,-88.5
5.2,5.87,9.86,1985-03-01,"WI-433247",45.25,-88.5
-1.6,5.03,13.93,1985-03-02,"WI-433247",45.25,-88.5
-5.3,7.79,6.77,1985-03-03,"WI-433247",45.25,-88.5
-7.2,9.28,3.55,1985-03-04,"WI-433247",45.25,-88.5
-6.9,6.17,16.49,1985-03-05,"WI-433247",45.25,-88.5
-8.6,4.88,15.72,1985-03-06,"WI-433247",45.25,-88.5
0.4,4.94,7.41,1985-03-07,"WI-433247",45.25,-88.5
2.4,7.53,17.05,1985-03-08,"WI-433247",45.25,-88.5
0.9,5.85,17.41,1985-03-09,"WI-433247",45.25,-88.5
4.3,4.2,17.68,1985-03-10,"WI-433247",45.25,-88.5
2.5,8.74,4.3,1985-03-11,"WI-433247",45.25,-88.5
0.9,8.95,18.05,1985-03-12,"WI-433247",45.25,-88.5
0.5,5.48,7.72,1985-03-13,"WI-433247",45.25,-88.5
-0.1,6.29,16.39,1985-03-14,"WI-433247",45.25,-88.5
-1.6,3.49,16.61,1985-03-15,"WI-433247",45.25,-88.5
3.3,8.44,16.37,1985-03-16,"WI-433247",45.25,-88.5
-2.4,4.4,19.67,1985-03-17,"WI-433247",45.25,-88.5
0.9,5.1,19.31,1985-03-18,"WI-433247",45.25,-88.5
6.2,4.38,19.81,1985-03-19,"WI-433247",45.25,-88.5
0.7,4.33,19.65,1985-03-20,"WI-433247",45.25,-88.5
0.9,3.91,11.57,1985-03-21,"WI-433247",45.25,-88.5
5.3,3.09,18.85,1985-03-22,"WI-433247",45.25,-88.5
3.1,5.95,10.4,1985-03-23,"WI-433247",45.25,-88.5
2.2,7.25,13.64,1985-03-24,"WI-433247",45.25,-88.5
1.9,4.12,21.38,1985-03-25,"WI-433247",45.25,-88.5
7.2,5.99,14.05,1985-03-26,"WI-433247",45.25,-88.5
10.7,5.99,11.96,1985-03-27,"WI-433247",45.25,-88.5
4.3,5.22,20.3,1985-03-28,"WI-433247",45.25,-88.5
2.4,5.31,15.67,1985-03-29,"WI-433247",45.25,-88.5
0.5,5.65,19.66,1985-03-30,"WI-433247",45.25,-88.5
-2.3,9.1,3.85,1985-03-31,"WI-433247",45.25,-88.5
-0.6,8.82,14.66,1985-04-01,"WI-433247",45.25,-88.5
-1.1,4.9,10.39,1985-04-02,"WI-433247",45.25,-88.5
5.2,8.32,19.5,1985-04-03,"WI-433247",45.25,-88.5
1.6,4.68,10.8,1985-04-04,"WI-433247",45.25,-88.5
2.7,6.41,5.87,1985-04-05,"WI-433247",45.25,-88.5
2.4,9,20.64,1985-04-06,"WI-433247",45.25,-88.5
1.8,6.61,19.28,1985-04-07,"WI-433247",45.25,-88.5
-1.3,6.71,21.94,1985-04-08,"WI-433247",45.25,-88.5
0.1,4.46,21.31,1985-04-09,"WI-433247",45.25,-88.5
8.3,6.84,19.75,1985-04-10,"WI-433247",45.25,-88.5
5.1,4.07,24.18,1985-04-11,"WI-433247",45.25,-88.5
3.4,5.06,6.4,1985-04-12,"WI-433247",45.25,-88.5
7.9,5.02,11.75,1985-04-13,"WI-433247",45.25,-88.5
8,2.2,9.95,1985-04-14,"WI-433247",45.25,-88.5
12.3,3.92,22.58,1985-04-15,"WI-433247",45.25,-88.5
8,6.32,24.71,1985-04-16,"WI-433247",45.25,-88.5
3.4,5.46,13.35,1985-04-17,"WI-433247",45.25,-88.5
16.7,5.39,24.03,1985-04-18,"WI-433247",45.25,-88.5
18.7,4.53,15.38,1985-04-19,"WI-433247",45.25,-88.5
21.3,7.65,23.12,1985-04-20,"WI-433247",45.25,-88.5
21,5.95,17.49,1985-04-21,"WI-433247",45.25,-88.5
21.7,7.4,21.28,1985-04-22,"WI-433247",45.25,-88.5
19.5,6.7,13.69,1985-04-23,"WI-433247",45.25,-88.5
15.1,5.9,10.32,1985-04-24,"WI-433247",45.25,-88.5
12.6,6.4,23.46,1985-04-25,"WI-433247",45.25,-88.5
10,4.04,25.66,1985-04-26,"WI-433247",45.25,-88.5
4.4,3.78,7.83,1985-04-27,"WI-433247",45.25,-88.5
11.3,3.28,26.95,1985-04-28,"WI-433247",45.25,-88.5
14.9,3.7,26.8,1985-04-29,"WI-433247",45.25,-88.5
15.7,5.26,17.79,1985-04-30,"WI-433247",45.25,-88.5
12,4.96,27.91,1985-05-01,"WI-433247",45.25,-88.5
10.9,2.19,24.72,1985-05-02,"WI-433247",45.25,-88.5
13.9,2.91,23.1,1985-05-03,"WI-433247",45.25,-88.5
17.2,8.66,18.01,1985-05-04,"WI-433247",45.25,-88.5
17.6,5.73,23.1,1985-05-05,"WI-433247",45.25,-88.5
11.7,4.7,15.44,1985-05-06,"WI-433247",45.25,-88.5
14.4,3.7,20.97,1985-05-07,"WI-433247",45.25,-88.5
14.2,4.41,28.01,1985-05-08,"WI-433247",45.25,-88.5
21,6.99,21.93,1985-05-09,"WI-433247",45.25,-88.5
20.9,4.32,11.41,1985-05-10,"WI-433247",45.25,-88.5
19.7,6.4,14.91,1985-05-11,"WI-433247",45.25,-88.5
16.9,8.63,12.31,1985-05-12,"WI-433247",45.25,-88.5
16.7,7.1,28.98,1985-05-13,"WI-433247",45.25,-88.5
13.7,4.74,13.04,1985-05-14,"WI-433247",45.25,-88.5
15.7,5.22,10.74,1985-05-15,"WI-433247",45.25,-88.5
12.6,7,10.5,1985-05-16,"WI-433247",45.25,-88.5
12.4,6.51,23.24,1985-05-17,"WI-433247",45.25,-88.5
12.5,4.4,26.97,1985-05-18,"WI-433247",45.25,-88.5
16.8,6.48,23.99,1985-05-19,"WI-433247",45.25,-88.5
10.9,4.55,19.51,1985-05-20,"WI-433247",45.25,-88.5
11.3,2.8,29.79,1985-05-21,"WI-433247",45.25,-88.5
14.8,2.35,29.55,1985-05-22,"WI-433247",45.25,-88.5
17.4,3.74,23.41,1985-05-23,"WI-433247",45.25,-88.5
19.7,3.85,26.3,1985-05-24,"WI-433247",45.25,-88.5
15.7,4.3,16.89,1985-05-25,"WI-433247",45.25,-88.5
11.6,4.13,9.25,1985-05-26,"WI-433247",45.25,-88.5
13.2,4.78,23.08,1985-05-27,"WI-433247",45.25,-88.5
11.7,3.59,29.69,1985-05-28,"WI-433247",45.25,-88.5
12.9,6.02,25.91,1985-05-29,"WI-433247",45.25,-88.5
18.4,5.2,22.12,1985-05-30,"WI-433247",45.25,-88.5
15.1,10.08,11.14,1985-05-31,"WI-433247",45.25,-88.5
16.1,5.46,26.03,1985-06-01,"WI-433247",45.25,-88.5
10.6,4.96,24.57,1985-06-02,"WI-433247",45.25,-88.5
11.8,3.21,25.3,1985-06-03,"WI-433247",45.25,-88.5
12.8,3.5,18.57,1985-06-04,"WI-433247",45.25,-88.5
14.7,4.18,30.24,1985-06-05,"WI-433247",45.25,-88.5
14.7,3.77,30.56,1985-06-06,"WI-433247",45.25,-88.5
17.5,4.31,15.22,1985-06-07,"WI-433247",45.25,-88.5
21.9,4.75,25.44,1985-06-08,"WI-433247",45.25,-88.5
19.8,8.1,30.53,1985-06-09,"WI-433247",45.25,-88.5
15.8,4.9,29.15,1985-06-10,"WI-433247",45.25,-88.5
13,3.4,15.58,1985-06-11,"WI-433247",45.25,-88.5
11.8,7.21,26.3,1985-06-12,"WI-433247",45.25,-88.5
13.5,4.94,22.49,1985-06-13,"WI-433247",45.25,-88.5
16.2,3.04,19.8,1985-06-14,"WI-433247",45.25,-88.5
14.7,3.76,8.33,1985-06-15,"WI-433247",45.25,-88.5
16,3.88,20.66,1985-06-16,"WI-433247",45.25,-88.5
16.6,8.68,25.97,1985-06-17,"WI-433247",45.25,-88.5
13.3,6.16,22.99,1985-06-18,"WI-433247",45.25,-88.5
15.1,6.11,23.37,1985-06-19,"WI-433247",45.25,-88.5
16,3.86,19.97,1985-06-20,"WI-433247",45.25,-88.5
18.2,6.91,15.19,1985-06-21,"WI-433247",45.25,-88.5
18.8,9.6,21.53,1985-06-22,"WI-433247",45.25,-88.5
18.3,6.89,29.81,1985-06-23,"WI-433247",45.25,-88.5
16.7,3.05,30.99,1985-06-24,"WI-433247",45.25,-88.5
17.3,4.03,23.73,1985-06-25,"WI-433247",45.25,-88.5
21.5,4.86,25.77,1985-06-26,"WI-433247",45.25,-88.5
21.9,5.64,23.63,1985-06-27,"WI-433247",45.25,-88.5
19.8,4.16,29.56,1985-06-28,"WI-433247",45.25,-88.5
18.4,3.36,21.51,1985-06-29,"WI-433247",45.25,-88.5
18.4,3.05,25.53,1985-06-30,"WI-433247",45.25,-88.5
20.8,2.62,23.21,1985-07-01,"WI-433247",45.25,-88.5
21.1,4.11,26.44,1985-07-02,"WI-433247",45.25,-88.5
21.9,3.89,27.4,1985-07-03,"WI-433247",45.25,-88.5
20.7,4.3,21.06,1985-07-04,"WI-433247",45.25,-88.5
15.7,4.96,11.35,1985-07-05,"WI-433247",45.25,-88.5
18.9,5.26,23.76,1985-07-06,"WI-433247",45.25,-88.5
18.6,5.39,20.72,1985-07-07,"WI-433247",45.25,-88.5
23.1,5.62,24.15,1985-07-08,"WI-433247",45.25,-88.5
21.2,4.78,22.92,1985-07-09,"WI-433247",45.25,-88.5
17.4,6.32,23.55,1985-07-10,"WI-433247",45.25,-88.5
17.1,2.94,21.45,1985-07-11,"WI-433247",45.25,-88.5
19.6,3.14,29.43,1985-07-12,"WI-433247",45.25,-88.5
23.3,4.9,23.53,1985-07-13,"WI-433247",45.25,-88.5
24.3,4.69,27.32,1985-07-14,"WI-433247",45.25,-88.5
19,5.88,23.8,1985-07-15,"WI-433247",45.25,-88.5
17.7,3.42,28.52,1985-07-16,"WI-433247",45.25,-88.5
19,3.71,22,1985-07-17,"WI-433247",45.25,-88.5
21.9,5.57,11.3,1985-07-18,"WI-433247",45.25,-88.5
24,4.95,26.94,1985-07-19,"WI-433247",45.25,-88.5
21.2,2.97,25.34,1985-07-20,"WI-433247",45.25,-88.5
20.7,6.14,24.36,1985-07-21,"WI-433247",45.25,-88.5
16.4,4.25,23.62,1985-07-22,"WI-433247",45.25,-88.5
18.2,4.46,28.13,1985-07-23,"WI-433247",45.25,-88.5
20.9,6.69,18.55,1985-07-24,"WI-433247",45.25,-88.5
20.6,3.58,15.08,1985-07-25,"WI-433247",45.25,-88.5
19,3.61,21.34,1985-07-26,"WI-433247",45.25,-88.5
19.2,3.7,21.39,1985-07-27,"WI-433247",45.25,-88.5
22.9,5.08,13.65,1985-07-28,"WI-433247",45.25,-88.5
19.5,3.7,21.47,1985-07-29,"WI-433247",45.25,-88.5
16.3,4.02,18.67,1985-07-30,"WI-433247",45.25,-88.5
17.2,3.76,16.69,1985-07-31,"WI-433247",45.25,-88.5
18.2,3,21.06,1985-08-01,"WI-433247",45.25,-88.5
18.6,3.01,22.94,1985-08-02,"WI-433247",45.25,-88.5
20.1,3.32,23.8,1985-08-03,"WI-433247",45.25,-88.5
20.9,5.21,22.64,1985-08-04,"WI-433247",45.25,-88.5
22,4.47,14.1,1985-08-05,"WI-433247",45.25,-88.5
23.3,4.39,22.65,1985-08-06,"WI-433247",45.25,-88.5
22.7,5.23,25.44,1985-08-07,"WI-433247",45.25,-88.5
22.9,4.62,21.27,1985-08-08,"WI-433247",45.25,-88.5
23.4,6.85,18.96,1985-08-09,"WI-433247",45.25,-88.5
20,7.01,21.17,1985-08-10,"WI-433247",45.25,-88.5
16.9,3.26,22.47,1985-08-11,"WI-433247",45.25,-88.5
17.1,6.44,8.33,1985-08-12,"WI-433247",45.25,-88.5
22.6,6.61,24.95,1985-08-13,"WI-433247",45.25,-88.5
19.7,4.53,22.51,1985-08-14,"WI-433247",45.25,-88.5
18,3.86,21.69,1985-08-15,"WI-433247",45.25,-88.5
18.8,3.1,20.12,1985-08-16,"WI-433247",45.25,-88.5
19.3,6.48,11.31,1985-08-17,"WI-433247",45.25,-88.5
15.3,6.14,13,1985-08-18,"WI-433247",45.25,-88.5
13.5,5.97,11.31,1985-08-19,"WI-433247",45.25,-88.5
14.6,2.86,14.39,1985-08-20,"WI-433247",45.25,-88.5
15.1,2.48,14.12,1985-08-21,"WI-433247",45.25,-88.5
16,3.1,15.21,1985-08-22,"WI-433247",45.25,-88.5
16.3,3.61,7.61,1985-08-23,"WI-433247",45.25,-88.5
17.1,5.8,12.86,1985-08-24,"WI-433247",45.25,-88.5
17.4,7.38,18.68,1985-08-25,"WI-433247",45.25,-88.5
17.8,3.71,14.09,1985-08-26,"WI-433247",45.25,-88.5
19.6,4.52,18.03,1985-08-27,"WI-433247",45.25,-88.5
19.4,3.36,18.76,1985-08-28,"WI-433247",45.25,-88.5
17.4,3.81,7.41,1985-08-29,"WI-433247",45.25,-88.5
16.4,4.14,17.38,1985-08-30,"WI-433247",45.25,-88.5
15.9,5.82,18.42,1985-08-31,"WI-433247",45.25,-88.5
19.9,4.2,14.7,1985-09-01,"WI-433247",45.25,-88.5
14.5,4.47,15.6,1985-09-02,"WI-433247",45.25,-88.5
22.1,7.69,8.06,1985-09-03,"WI-433247",45.25,-88.5
19.4,2.91,8.78,1985-09-04,"WI-433247",45.25,-88.5
20.1,3.13,6.13,1985-09-05,"WI-433247",45.25,-88.5
24,5.08,17.07,1985-09-06,"WI-433247",45.25,-88.5
21.4,3.81,7.16,1985-09-07,"WI-433247",45.25,-88.5
18.8,3.69,4.72,1985-09-08,"WI-433247",45.25,-88.5
15.6,4.61,3.83,1985-09-09,"WI-433247",45.25,-88.5
13.5,3.93,7.96,1985-09-10,"WI-433247",45.25,-88.5
10.6,3.56,13.97,1985-09-11,"WI-433247",45.25,-88.5
9.7,3.75,14.14,1985-09-12,"WI-433247",45.25,-88.5
10.4,2.69,12.66,1985-09-13,"WI-433247",45.25,-88.5
10.8,3.04,17.97,1985-09-14,"WI-433247",45.25,-88.5
12,3.96,19.77,1985-09-15,"WI-433247",45.25,-88.5
15.2,6.48,14.19,1985-09-16,"WI-433247",45.25,-88.5
18.5,6.98,11.34,1985-09-17,"WI-433247",45.25,-88.5
22,4.61,10.22,1985-09-18,"WI-433247",45.25,-88.5
24.3,7.56,16,1985-09-19,"WI-433247",45.25,-88.5
17.7,6.64,12.97,1985-09-20,"WI-433247",45.25,-88.5
9.6,3.49,7.59,1985-09-21,"WI-433247",45.25,-88.5
14.6,5.61,3.09,1985-09-22,"WI-433247",45.25,-88.5
14.1,8.77,4.23,1985-09-23,"WI-433247",45.25,-88.5
6.1,7.13,14.41,1985-09-24,"WI-433247",45.25,-88.5
4.8,4.64,5.71,1985-09-25,"WI-433247",45.25,-88.5
8.8,3.03,7.19,1985-09-26,"WI-433247",45.25,-88.5
8.5,4.49,17,1985-09-27,"WI-433247",45.25,-88.5
11.1,4.52,11.39,1985-09-28,"WI-433247",45.25,-88.5
7.4,4.61,1.21,1985-09-29,"WI-433247",45.25,-88.5
9,5.88,1.83,1985-09-30,"WI-433247",45.25,-88.5
4.2,7.75,11.67,1985-10-01,"WI-433247",45.25,-88.5
7.3,5.73,14.71,1985-10-02,"WI-433247",45.25,-88.5
10.9,4.84,10.18,1985-10-03,"WI-433247",45.25,-88.5
9.1,8.25,1.1,1985-10-04,"WI-433247",45.25,-88.5
7.4,9.52,12.43,1985-10-05,"WI-433247",45.25,-88.5
6.3,5.62,10.44,1985-10-06,"WI-433247",45.25,-88.5
6.9,5.66,13.1,1985-10-07,"WI-433247",45.25,-88.5
12.9,6.94,4.29,1985-10-08,"WI-433247",45.25,-88.5
6,4.15,10.38,1985-10-09,"WI-433247",45.25,-88.5
4.8,3.26,10.57,1985-10-10,"WI-433247",45.25,-88.5
3.8,3.16,14.81,1985-10-11,"WI-433247",45.25,-88.5
10.7,4.75,2.63,1985-10-12,"WI-433247",45.25,-88.5
11.3,4.07,11.96,1985-10-13,"WI-433247",45.25,-88.5
10.1,3.14,13.66,1985-10-14,"WI-433247",45.25,-88.5
6.6,5.95,9.94,1985-10-15,"WI-433247",45.25,-88.5
3.3,3.54,13.43,1985-10-16,"WI-433247",45.25,-88.5
9.6,7.15,7.65,1985-10-17,"WI-433247",45.25,-88.5
11.5,5.04,4.36,1985-10-18,"WI-433247",45.25,-88.5
9.6,3.81,13.41,1985-10-19,"WI-433247",45.25,-88.5
6.6,3.98,12.78,1985-10-20,"WI-433247",45.25,-88.5
7.7,2.42,12.53,1985-10-21,"WI-433247",45.25,-88.5
9.3,4.72,5.4,1985-10-22,"WI-433247",45.25,-88.5
13.1,7.13,4.24,1985-10-23,"WI-433247",45.25,-88.5
12.6,8.24,10.88,1985-10-24,"WI-433247",45.25,-88.5
9.6,4.95,12.07,1985-10-25,"WI-433247",45.25,-88.5
14.6,6.3,10.77,1985-10-26,"WI-433247",45.25,-88.5
7.4,5.02,11.82,1985-10-27,"WI-433247",45.25,-88.5
4.3,3.11,11.38,1985-10-28,"WI-433247",45.25,-88.5
6.7,3.45,9.09,1985-10-29,"WI-433247",45.25,-88.5
6.4,4.74,7.52,1985-10-30,"WI-433247",45.25,-88.5
7.1,4.57,8.45,1985-10-31,"WI-433247",45.25,-88.5
10,5.32,0.51,1985-11-01,"WI-433247",45.25,-88.5
5.5,5.85,0.9,1985-11-02,"WI-433247",45.25,-88.5
3.5,4.94,5.3,1985-11-03,"WI-433247",45.25,-88.5
2.9,5.98,6,1985-11-04,"WI-433247",45.25,-88.5
3,4.05,7.63,1985-11-05,"WI-433247",45.25,-88.5
3.9,4.2,2.27,1985-11-06,"WI-433247",45.25,-88.5
2.6,5.71,9.27,1985-11-07,"WI-433247",45.25,-88.5
-1.3,4.37,9.61,1985-11-08,"WI-433247",45.25,-88.5
-3,5.99,4.29,1985-11-09,"WI-433247",45.25,-88.5
-4.4,6.33,4.77,1985-11-10,"WI-433247",45.25,-88.5
-4.1,4.53,4.85,1985-11-11,"WI-433247",45.25,-88.5
0.3,2.39,2.23,1985-11-12,"WI-433247",45.25,-88.5
0.4,2.82,7.73,1985-11-13,"WI-433247",45.25,-88.5
0.6,3.96,5.18,1985-11-14,"WI-433247",45.25,-88.5
-0.7,5.12,7.24,1985-11-15,"WI-433247",45.25,-88.5
1,5.61,1.36,1985-11-16,"WI-433247",45.25,-88.5
1,5.2,5.23,1985-11-17,"WI-433247",45.25,-88.5
4.9,3.18,0.92,1985-11-18,"WI-433247",45.25,-88.5
6.9,6.98,6.64,1985-11-19,"WI-433247",45.25,-88.5
-7.9,9.31,8.33,1985-11-20,"WI-433247",45.25,-88.5
-8.2,4.4,8.4,1985-11-21,"WI-433247",45.25,-88.5
-3.2,4.79,3.97,1985-11-22,"WI-433247",45.25,-88.5
-7.7,5.12,4.59,1985-11-23,"WI-433247",45.25,-88.5
-13.4,5.28,5.94,1985-11-24,"WI-433247",45.25,-88.5
-10.2,4.94,3.29,1985-11-25,"WI-433247",45.25,-88.5
-2.3,4.46,3.74,1985-11-26,"WI-433247",45.25,-88.5
-10.9,4.12,5.3,1985-11-27,"WI-433247",45.25,-88.5
-6.5,5.63,2.16,1985-11-28,"WI-433247",45.25,-88.5
-14.1,5.07,4.36,1985-11-29,"WI-433247",45.25,-88.5
-6.2,4.53,2.96,1985-11-30,"WI-433247",45.25,-88.5
-5,9.7,0.93,1985-12-01,"WI-433247",45.25,-88.5
-10.2,9.84,6.87,1985-12-02,"WI-433247",45.25,-88.5
-13.6,3.14,7.21,1985-12-03,"WI-433247",45.25,-88.5
-9.3,2.19,3.06,1985-12-04,"WI-433247",45.25,-88.5
-6.8,3.92,2.76,1985-12-05,"WI-433247",45.25,-88.5
-5.4,3.93,6.02,1985-12-06,"WI-433247",45.25,-88.5
-6.6,4,6.71,1985-12-07,"WI-433247",45.25,-88.5
-4.3,2.28,3.45,1985-12-08,"WI-433247",45.25,-88.5
-1.6,3.3,4.79,1985-12-09,"WI-433247",45.25,-88.5
-2.5,2.97,5.33,1985-12-10,"WI-433247",45.25,-88.5
-7.3,3.26,5.11,1985-12-11,"WI-433247",45.25,-88.5
-14.4,4.6,6.83,1985-12-12,"WI-433247",45.25,-88.5
-19.2,4.31,7.38,1985-12-13,"WI-433247",45.25,-88.5
-19.8,4.49,7.14,1985-12-14,"WI-433247",45.25,-88.5
-14.3,5.38,7.02,1985-12-15,"WI-433247",45.25,-88.5
-17,5.35,7.36,1985-12-16,"WI-433247",45.25,-88.5
-20.2,4.53,5.92,1985-12-17,"WI-433247",45.25,-88.5
-18.5,5.89,6.74,1985-12-18,"WI-433247",45.25,-88.5
-17.4,4.09,7,1985-12-19,"WI-433247",45.25,-88.5
-15.1,3.55,6.72,1985-12-20,"WI-433247",45.25,-88.5
-16.7,5.13,6.87,1985-12-21,"WI-433247",45.25,-88.5
-5,5.72,4.3,1985-12-22,"WI-433247",45.25,-88.5
-5.9,6.42,2.56,1985-12-23,"WI-433247",45.25,-88.5
-18.3,6.08,6.9,1985-12-24,"WI-433247",45.25,-88.5
-18.5,4.24,6.91,1985-12-25,"WI-433247",45.25,-88.5
-14.9,5.02,4.46,1985-12-26,"WI-433247",45.25,-88.5
-13.6,6.72,6.61,1985-12-27,"WI-433247",45.25,-88.5
-15.1,6.14,6.57,1985-12-28,"WI-433247",45.25,-88.5
-10.4,5.98,6.64,1985-12-29,"WI-433247",45.25,-88.5
-9.3,6.09,4.78,1985-12-30,"WI-433247",45.25,-88.5
-8.2,6.43,5.05,1985-12-31,"WI-433247",45.25,-88.5
-12.3,2.79,6.75,1986-01-01,"WI-433247",45.25,-88.5
-9.1,5.33,4.59,1986-01-02,"WI-433247",45.25,-88.5
-7.8,5.15,7.3,1986-01-03,"WI-433247",45.25,-88.5
-6.9,5.28,3,1986-01-04,"WI-433247",45.25,-88.5
-11.1,6.94,4.71,1986-01-05,"WI-433247",45.25,-88.5
-15.9,5.16,7.77,1986-01-06,"WI-433247",45.25,-88.5
-18.5,4.07,7.93,1986-01-07,"WI-433247",45.25,-88.5
-15.3,7.05,6.8,1986-01-08,"WI-433247",45.25,-88.5
-0.2,8.6,7.33,1986-01-09,"WI-433247",45.25,-88.5
-0.5,4.44,4.87,1986-01-10,"WI-433247",45.25,-88.5
0.8,7.44,7.48,1986-01-11,"WI-433247",45.25,-88.5
-2.4,9,4.16,1986-01-12,"WI-433247",45.25,-88.5
-10.9,5.46,6.9,1986-01-13,"WI-433247",45.25,-88.5
-9.3,4.65,6.26,1986-01-14,"WI-433247",45.25,-88.5
-8.5,4.24,5.87,1986-01-15,"WI-433247",45.25,-88.5
-4.4,5.12,7.01,1986-01-16,"WI-433247",45.25,-88.5
1.9,5.89,8.27,1986-01-17,"WI-433247",45.25,-88.5
-0.1,4.08,3.16,1986-01-18,"WI-433247",45.25,-88.5
-2.9,3.76,6.38,1986-01-19,"WI-433247",45.25,-88.5
-3.3,2.63,8.05,1986-01-20,"WI-433247",45.25,-88.5
-2.3,5.14,3.75,1986-01-21,"WI-433247",45.25,-88.5
-6.9,7.43,9.26,1986-01-22,"WI-433247",45.25,-88.5
-11.3,2.42,8.77,1986-01-23,"WI-433247",45.25,-88.5
-3,6.67,2.71,1986-01-24,"WI-433247",45.25,-88.5
-5.1,6.82,5.74,1986-01-25,"WI-433247",45.25,-88.5
-15.2,6.77,7.86,1986-01-26,"WI-433247",45.25,-88.5
-21.3,5.45,10.32,1986-01-27,"WI-433247",45.25,-88.5
-18,2.89,7.37,1986-01-28,"WI-433247",45.25,-88.5
-11.2,5.01,9.89,1986-01-29,"WI-433247",45.25,-88.5
-11.6,3.6,9.89,1986-01-30,"WI-433247",45.25,-88.5
-11.7,3.26,9.21,1986-01-31,"WI-433247",45.25,-88.5
-7.3,4.28,3.27,1986-02-01,"WI-433247",45.25,-88.5
-2.6,2.85,6.58,1986-02-02,"WI-433247",45.25,-88.5
-1,2.7,3.68,1986-02-03,"WI-433247",45.25,-88.5
-0.5,3.89,3.2,1986-02-04,"WI-433247",45.25,-88.5
-0.4,5.27,6.79,1986-02-05,"WI-433247",45.25,-88.5
-6.3,4.56,5.79,1986-02-06,"WI-433247",45.25,-88.5
-9,4.06,11.02,1986-02-07,"WI-433247",45.25,-88.5
-7,2.93,9.1,1986-02-08,"WI-433247",45.25,-88.5
-12.2,4.32,11.39,1986-02-09,"WI-433247",45.25,-88.5
-14.6,3.72,12.06,1986-02-10,"WI-433247",45.25,-88.5
-14.5,3.11,12.13,1986-02-11,"WI-433247",45.25,-88.5
-14.2,4.51,12.7,1986-02-12,"WI-433247",45.25,-88.5
-13.1,4.8,10.41,1986-02-13,"WI-433247",45.25,-88.5
-12.1,4.19,12.42,1986-02-14,"WI-433247",45.25,-88.5
-11.8,4.2,11.97,1986-02-15,"WI-433247",45.25,-88.5
-7.6,4.2,6.9,1986-02-16,"WI-433247",45.25,-88.5
-3.4,3.04,5.3,1986-02-17,"WI-433247",45.25,-88.5
-0.3,2.1,6.51,1986-02-18,"WI-433247",45.25,-88.5
1,3.09,5.98,1986-02-19,"WI-433247",45.25,-88.5
-4.1,5.89,8.35,1986-02-20,"WI-433247",45.25,-88.5
-12,4.15,14.75,1986-02-21,"WI-433247",45.25,-88.5
-8.5,4.42,5.93,1986-02-22,"WI-433247",45.25,-88.5
-9.5,4.22,14.75,1986-02-23,"WI-433247",45.25,-88.5
-8.3,1.93,14.43,1986-02-24,"WI-433247",45.25,-88.5
-6.2,4.08,11.26,1986-02-25,"WI-433247",45.25,-88.5
-2.8,4.88,4.31,1986-02-26,"WI-433247",45.25,-88.5
-8.8,4.88,15.55,1986-02-27,"WI-433247",45.25,-88.5
-8.8,4.41,16.09,1986-02-28,"WI-433247",45.25,-88.5
-2.2,3.76,15.22,1986-03-01,"WI-433247",45.25,-88.5
0.1,2.8,9.99,1986-03-02,"WI-433247",45.25,-88.5
0.9,3.81,8.04,1986-03-03,"WI-433247",45.25,-88.5
0.8,3.96,8.77,1986-03-04,"WI-433247",45.25,-88.5
-3.7,6.1,2.64,1986-03-05,"WI-433247",45.25,-88.5
-8.3,7.22,14.78,1986-03-06,"WI-433247",45.25,-88.5
-15.2,5.82,17.99,1986-03-07,"WI-433247",45.25,-88.5
-10.7,4.84,6.97,1986-03-08,"WI-433247",45.25,-88.5
-2.5,4.11,6.15,1986-03-09,"WI-433247",45.25,-88.5
-1,6.87,2.12,1986-03-10,"WI-433247",45.25,-88.5
-2.6,5.41,17.81,1986-03-11,"WI-433247",45.25,-88.5
-2.1,5.89,12.3,1986-03-12,"WI-433247",45.25,-88.5
-0.4,5.87,2.76,1986-03-13,"WI-433247",45.25,-88.5
1.2,2.08,7.51,1986-03-14,"WI-433247",45.25,-88.5
1.1,4.57,10.8,1986-03-15,"WI-433247",45.25,-88.5
-0.2,2.86,19.08,1986-03-16,"WI-433247",45.25,-88.5
2,3.39,11.76,1986-03-17,"WI-433247",45.25,-88.5
0.9,4.75,2.17,1986-03-18,"WI-433247",45.25,-88.5
-6,8.39,16.33,1986-03-19,"WI-433247",45.25,-88.5
-12.3,4.12,21.02,1986-03-20,"WI-433247",45.25,-88.5
-4.6,6,18.65,1986-03-21,"WI-433247",45.25,-88.5
3.4,7.34,16.15,1986-03-22,"WI-433247",45.25,-88.5
1.7,6.97,15.39,1986-03-23,"WI-433247",45.25,-88.5
-3.4,5.01,17.53,1986-03-24,"WI-433247",45.25,-88.5
8.7,6.59,14.18,1986-03-25,"WI-433247",45.25,-88.5
4,6.84,17.76,1986-03-26,"WI-433247",45.25,-88.5
2.1,4.06,20.56,1986-03-27,"WI-433247",45.25,-88.5
10.9,6.38,20.4,1986-03-28,"WI-433247",45.25,-88.5
12.1,6.81,19.41,1986-03-29,"WI-433247",45.25,-88.5
12.6,7.43,20.23,1986-03-30,"WI-433247",45.25,-88.5
14.9,7.62,19.07,1986-03-31,"WI-433247",45.25,-88.5
10.8,6.58,18.94,1986-04-01,"WI-433247",45.25,-88.5
6,4.16,21.09,1986-04-02,"WI-433247",45.25,-88.5
4.5,4.44,7.44,1986-04-03,"WI-433247",45.25,-88.5
5.4,6.71,19.23,1986-04-04,"WI-433247",45.25,-88.5
4.3,5.02,4.91,1986-04-05,"WI-433247",45.25,-88.5
8.8,5.67,8.53,1986-04-06,"WI-433247",45.25,-88.5
11.3,7.93,20.79,1986-04-07,"WI-433247",45.25,-88.5
6.4,7.19,19.81,1986-04-08,"WI-433247",45.25,-88.5
4.3,6.79,19.32,1986-04-09,"WI-433247",45.25,-88.5
6.3,5.88,24.29,1986-04-10,"WI-433247",45.25,-88.5
8.6,4.96,24.07,1986-04-11,"WI-433247",45.25,-88.5
4.7,3.75,20.35,1986-04-12,"WI-433247",45.25,-88.5
5.3,4.03,24.16,1986-04-13,"WI-433247",45.25,-88.5
4.4,8.31,8.33,1986-04-14,"WI-433247",45.25,-88.5
3.3,6.3,5.96,1986-04-15,"WI-433247",45.25,-88.5
6.8,6.24,16.55,1986-04-16,"WI-433247",45.25,-88.5
8.1,3.49,25.06,1986-04-17,"WI-433247",45.25,-88.5
10.1,6.37,23.87,1986-04-18,"WI-433247",45.25,-88.5
12,8.63,11.49,1986-04-19,"WI-433247",45.25,-88.5
9.8,4.94,21.21,1986-04-20,"WI-433247",45.25,-88.5
0.9,6.49,24.2,1986-04-21,"WI-433247",45.25,-88.5
3,3.7,27.23,1986-04-22,"WI-433247",45.25,-88.5
9.3,6.46,25.82,1986-04-23,"WI-433247",45.25,-88.5
15.7,4.93,22.69,1986-04-24,"WI-433247",45.25,-88.5
14.6,5.11,21.2,1986-04-25,"WI-433247",45.25,-88.5
18.2,4.78,23.52,1986-04-26,"WI-433247",45.25,-88.5
20.9,5.95,22.01,1986-04-27,"WI-433247",45.25,-88.5
15.3,6.47,11.38,1986-04-28,"WI-433247",45.25,-88.5
13.9,7.62,24.15,1986-04-29,"WI-433247",45.25,-88.5
15,7.21,8.43,1986-04-30,"WI-433247",45.25,-88.5
7.8,9.45,16.97,1986-05-01,"WI-433247",45.25,-88.5
5.5,6.31,26.01,1986-05-02,"WI-433247",45.25,-88.5
7.9,3.18,28.01,1986-05-03,"WI-433247",45.25,-88.5
16.9,7.22,26.21,1986-05-04,"WI-433247",45.25,-88.5
20.4,6.82,19.3,1986-05-05,"WI-433247",45.25,-88.5
19.8,9.31,28.01,1986-05-06,"WI-433247",45.25,-88.5
13.7,4.55,27.09,1986-05-07,"WI-433247",45.25,-88.5
10.1,4.67,25.88,1986-05-08,"WI-433247",45.25,-88.5
12.3,4.97,27.21,1986-05-09,"WI-433247",45.25,-88.5
13.9,4.34,27.2,1986-05-10,"WI-433247",45.25,-88.5
15.5,4.19,19.88,1986-05-11,"WI-433247",45.25,-88.5
14.4,3.11,7.61,1986-05-12,"WI-433247",45.25,-88.5
15.1,4.31,24.46,1986-05-13,"WI-433247",45.25,-88.5
14.7,2.95,15.87,1986-05-14,"WI-433247",45.25,-88.5
14.9,4.51,20.12,1986-05-15,"WI-433247",45.25,-88.5
18.6,3.92,22.01,1986-05-16,"WI-433247",45.25,-88.5
11.5,5.1,4.36,1986-05-17,"WI-433247",45.25,-88.5
12.3,5.71,26.34,1986-05-18,"WI-433247",45.25,-88.5
10,5.15,25.5,1986-05-19,"WI-433247",45.25,-88.5
10.2,4.13,30.44,1986-05-20,"WI-433247",45.25,-88.5
12.2,5.46,25.02,1986-05-21,"WI-433247",45.25,-88.5
12.1,4.56,10.11,1986-05-22,"WI-433247",45.25,-88.5
14.1,2.7,17.12,1986-05-23,"WI-433247",45.25,-88.5
15,3.09,16.39,1986-05-24,"WI-433247",45.25,-88.5
15.6,3.98,21.62,1986-05-25,"WI-433247",45.25,-88.5
17.6,4.36,27.6,1986-05-26,"WI-433247",45.25,-88.5
20.4,5.01,28.11,1986-05-27,"WI-433247",45.25,-88.5
21.6,2.77,29.52,1986-05-28,"WI-433247",45.25,-88.5
24.3,3.42,26.4,1986-05-29,"WI-433247",45.25,-88.5
25.6,4.02,25.74,1986-05-30,"WI-433247",45.25,-88.5
22.1,4.13,26.24,1986-05-31,"WI-433247",45.25,-88.5
15.3,6.45,28.19,1986-06-01,"WI-433247",45.25,-88.5
10.7,3.31,30.86,1986-06-02,"WI-433247",45.25,-88.5
16.1,5.88,30.17,1986-06-03,"WI-433247",45.25,-88.5
18.4,5.28,17.23,1986-06-04,"WI-433247",45.25,-88.5
14,4.47,25.93,1986-06-05,"WI-433247",45.25,-88.5
15.7,3.3,26.16,1986-06-06,"WI-433247",45.25,-88.5
17.8,4.41,10.24,1986-06-07,"WI-433247",45.25,-88.5
18.4,4.75,31.1,1986-06-08,"WI-433247",45.25,-88.5
16.7,3.36,31.08,1986-06-09,"WI-433247",45.25,-88.5
15.4,4.66,13.65,1986-06-10,"WI-433247",45.25,-88.5
13.9,7.12,4.13,1986-06-11,"WI-433247",45.25,-88.5
14.3,5.76,15.84,1986-06-12,"WI-433247",45.25,-88.5
17.8,4.89,26.33,1986-06-13,"WI-433247",45.25,-88.5
17.4,3.57,21.79,1986-06-14,"WI-433247",45.25,-88.5
17.8,4.46,28.19,1986-06-15,"WI-433247",45.25,-88.5
18.7,7.18,24.24,1986-06-16,"WI-433247",45.25,-88.5
15,3.2,30.55,1986-06-17,"WI-433247",45.25,-88.5
19.1,2.5,25.96,1986-06-18,"WI-433247",45.25,-88.5
22,5.81,13.85,1986-06-19,"WI-433247",45.25,-88.5
16.7,5.04,29.51,1986-06-20,"WI-433247",45.25,-88.5
20.8,6.11,14.22,1986-06-21,"WI-433247",45.25,-88.5
21.4,6.37,17.11,1986-06-22,"WI-433247",45.25,-88.5
18.8,5.16,21.68,1986-06-23,"WI-433247",45.25,-88.5
12.9,5.43,29.84,1986-06-24,"WI-433247",45.25,-88.5
16.1,5.2,28.58,1986-06-25,"WI-433247",45.25,-88.5
21.8,6.38,19.66,1986-06-26,"WI-433247",45.25,-88.5
23.4,4.22,20.62,1986-06-27,"WI-433247",45.25,-88.5
21.2,4.88,22.81,1986-06-28,"WI-433247",45.25,-88.5
18.4,4.29,25.8,1986-06-29,"WI-433247",45.25,-88.5
15,3.85,28.19,1986-06-30,"WI-433247",45.25,-88.5
15.9,2.18,12.3,1986-07-01,"WI-433247",45.25,-88.5
17.1,4.44,22.54,1986-07-02,"WI-433247",45.25,-88.5
16.1,4.32,27.27,1986-07-03,"WI-433247",45.25,-88.5
23.5,7.64,21.09,1986-07-04,"WI-433247",45.25,-88.5
28.1,7.02,26.8,1986-07-05,"WI-433247",45.25,-88.5
24.4,5.64,20.97,1986-07-06,"WI-433247",45.25,-88.5
23.6,4.21,26.7,1986-07-07,"WI-433247",45.25,-88.5
21,3.5,19.38,1986-07-08,"WI-433247",45.25,-88.5
20.2,2.7,24.03,1986-07-09,"WI-433247",45.25,-88.5
19.2,4.05,21.83,1986-07-10,"WI-433247",45.25,-88.5
16.5,6.94,12.59,1986-07-11,"WI-433247",45.25,-88.5
17.7,3.5,13.11,1986-07-12,"WI-433247",45.25,-88.5
18,5.78,19.14,1986-07-13,"WI-433247",45.25,-88.5
16.9,2.83,17.11,1986-07-14,"WI-433247",45.25,-88.5
18.9,3.5,19.15,1986-07-15,"WI-433247",45.25,-88.5
21.7,3.48,10.25,1986-07-16,"WI-433247",45.25,-88.5
27.6,4.47,27.96,1986-07-17,"WI-433247",45.25,-88.5
27.7,4.88,19.4,1986-07-18,"WI-433247",45.25,-88.5
24,4.08,12.1,1986-07-19,"WI-433247",45.25,-88.5
20.9,4.5,23.23,1986-07-20,"WI-433247",45.25,-88.5
18.8,2.91,25.44,1986-07-21,"WI-433247",45.25,-88.5
22.3,4.06,25.44,1986-07-22,"WI-433247",45.25,-88.5
23.8,5.03,27.15,1986-07-23,"WI-433247",45.25,-88.5
25.2,6.46,20.63,1986-07-24,"WI-433247",45.25,-88.5
22.8,3.01,21.6,1986-07-25,"WI-433247",45.25,-88.5
20.4,2.44,25.08,1986-07-26,"WI-433247",45.25,-88.5
21.4,4.53,12.75,1986-07-27,"WI-433247",45.25,-88.5
20.2,4.56,19.6,1986-07-28,"WI-433247",45.25,-88.5
21.7,2.72,24.57,1986-07-29,"WI-433247",45.25,-88.5
21.9,2.46,22.1,1986-07-30,"WI-433247",45.25,-88.5
22.2,5.03,26.24,1986-07-31,"WI-433247",45.25,-88.5
18.8,3.67,22.99,1986-08-01,"WI-433247",45.25,-88.5
16.9,4.72,21.81,1986-08-02,"WI-433247",45.25,-88.5
17.2,4.25,19.57,1986-08-03,"WI-433247",45.25,-88.5
20.2,3.98,24.03,1986-08-04,"WI-433247",45.25,-88.5
19.9,3.16,19.77,1986-08-05,"WI-433247",45.25,-88.5
18.2,2.65,17.47,1986-08-06,"WI-433247",45.25,-88.5
18.9,2.35,19.08,1986-08-07,"WI-433247",45.25,-88.5
19.7,5.98,20.52,1986-08-08,"WI-433247",45.25,-88.5
21.2,3.76,21.25,1986-08-09,"WI-433247",45.25,-88.5
16.6,5.06,11.38,1986-08-10,"WI-433247",45.25,-88.5
15.1,4.84,20.53,1986-08-11,"WI-433247",45.25,-88.5
16.1,3.4,19.16,1986-08-12,"WI-433247",45.25,-88.5
18.8,5.2,23.91,1986-08-13,"WI-433247",45.25,-88.5
18.2,4.2,6.8,1986-08-14,"WI-433247",45.25,-88.5
20.9,2.76,15.21,1986-08-15,"WI-433247",45.25,-88.5
22.6,4.53,24.38,1986-08-16,"WI-433247",45.25,-88.5
20.4,4.03,14.5,1986-08-17,"WI-433247",45.25,-88.5
17.5,3.48,24.13,1986-08-18,"WI-433247",45.25,-88.5
17.8,3.14,22.1,1986-08-19,"WI-433247",45.25,-88.5
18.4,4.32,16.51,1986-08-20,"WI-433247",45.25,-88.5
17.7,4.55,22.65,1986-08-21,"WI-433247",45.25,-88.5
15.6,4.97,9.54,1986-08-22,"WI-433247",45.25,-88.5
17.9,6.74,15.96,1986-08-23,"WI-433247",45.25,-88.5
16.3,3.13,18.14,1986-08-24,"WI-433247",45.25,-88.5
18.9,3.71,12.68,1986-08-25,"WI-433247",45.25,-88.5
16.2,5.06,8.09,1986-08-26,"WI-433247",45.25,-88.5
10.2,5.47,16.27,1986-08-27,"WI-433247",45.25,-88.5
10.8,5.16,18.21,1986-08-28,"WI-433247",45.25,-88.5
12.6,4.8,14.71,1986-08-29,"WI-433247",45.25,-88.5
15.7,4.14,14.73,1986-08-30,"WI-433247",45.25,-88.5
19.6,4.94,21.74,1986-08-31,"WI-433247",45.25,-88.5
20.5,3.72,21.45,1986-09-01,"WI-433247",45.25,-88.5
19.3,3.33,17.25,1986-09-02,"WI-433247",45.25,-88.5
18.6,5.41,8,1986-09-03,"WI-433247",45.25,-88.5
18.6,6.61,18,1986-09-04,"WI-433247",45.25,-88.5
13.4,6.67,12.61,1986-09-05,"WI-433247",45.25,-88.5
9.2,4.46,9.78,1986-09-06,"WI-433247",45.25,-88.5
9.6,4.12,13.16,1986-09-07,"WI-433247",45.25,-88.5
14,6.3,21.29,1986-09-08,"WI-433247",45.25,-88.5
12.6,3.72,9.01,1986-09-09,"WI-433247",45.25,-88.5
15.7,4.28,2.4,1986-09-10,"WI-433247",45.25,-88.5
13.7,5.46,2.6,1986-09-11,"WI-433247",45.25,-88.5
13.6,5.07,19.6,1986-09-12,"WI-433247",45.25,-88.5
10.7,4.54,12.86,1986-09-13,"WI-433247",45.25,-88.5
8.6,2.78,12.99,1986-09-14,"WI-433247",45.25,-88.5
8.3,4.61,3.6,1986-09-15,"WI-433247",45.25,-88.5
7.7,3.31,14.93,1986-09-16,"WI-433247",45.25,-88.5
11.6,5.91,9,1986-09-17,"WI-433247",45.25,-88.5
14.4,3.09,8.67,1986-09-18,"WI-433247",45.25,-88.5
11.5,4.2,4.54,1986-09-19,"WI-433247",45.25,-88.5
12.7,2.47,5.41,1986-09-20,"WI-433247",45.25,-88.5
12.8,4.74,1.9,1986-09-21,"WI-433247",45.25,-88.5
18.5,3.7,9.13,1986-09-22,"WI-433247",45.25,-88.5
16.7,4.96,17.83,1986-09-23,"WI-433247",45.25,-88.5
16.4,3.58,16.98,1986-09-24,"WI-433247",45.25,-88.5
16.5,4.98,2.79,1986-09-25,"WI-433247",45.25,-88.5
19.1,3.32,5.65,1986-09-26,"WI-433247",45.25,-88.5
19.8,3.51,8.78,1986-09-27,"WI-433247",45.25,-88.5
17.9,3.1,15.81,1986-09-28,"WI-433247",45.25,-88.5
18.1,5.48,5.02,1986-09-29,"WI-433247",45.25,-88.5
13,3.04,9.45,1986-09-30,"WI-433247",45.25,-88.5
11.6,2.42,13.58,1986-10-01,"WI-433247",45.25,-88.5
12.5,4.3,14.31,1986-10-02,"WI-433247",45.25,-88.5
12.1,5.2,6.98,1986-10-03,"WI-433247",45.25,-88.5
6.2,4.22,5.39,1986-10-04,"WI-433247",45.25,-88.5
6.5,8.01,9.88,1986-10-05,"WI-433247",45.25,-88.5
5.8,4.32,14.46,1986-10-06,"WI-433247",45.25,-88.5
13.2,6.22,14.82,1986-10-07,"WI-433247",45.25,-88.5
9.9,4.53,2.78,1986-10-08,"WI-433247",45.25,-88.5
4.3,3.91,15.71,1986-10-09,"WI-433247",45.25,-88.5
4.8,5.93,9.03,1986-10-10,"WI-433247",45.25,-88.5
9.5,5.09,2.59,1986-10-11,"WI-433247",45.25,-88.5
9.4,5.8,2.21,1986-10-12,"WI-433247",45.25,-88.5
4.7,3.3,5.4,1986-10-13,"WI-433247",45.25,-88.5
3.3,5.98,6.86,1986-10-14,"WI-433247",45.25,-88.5
3.7,4.39,8.68,1986-10-15,"WI-433247",45.25,-88.5
5.2,4,5.43,1986-10-16,"WI-433247",45.25,-88.5
4,2.28,10.63,1986-10-17,"WI-433247",45.25,-88.5
4.6,3.18,11.91,1986-10-18,"WI-433247",45.25,-88.5
7.4,3.68,13.27,1986-10-19,"WI-433247",45.25,-88.5
12.3,3.93,12.21,1986-10-20,"WI-433247",45.25,-88.5
12,2.85,12.07,1986-10-21,"WI-433247",45.25,-88.5
14.8,5.94,9.1,1986-10-22,"WI-433247",45.25,-88.5
10.1,3.5,2.21,1986-10-23,"WI-433247",45.25,-88.5
6.2,3.09,8.44,1986-10-24,"WI-433247",45.25,-88.5
5.9,3.48,6.84,1986-10-25,"WI-433247",45.25,-88.5
6.8,3.91,3.58,1986-10-26,"WI-433247",45.25,-88.5
9,3.21,11.24,1986-10-27,"WI-433247",45.25,-88.5
10.7,5.19,9.85,1986-10-28,"WI-433247",45.25,-88.5
8,5,5.79,1986-10-29,"WI-433247",45.25,-88.5
4.9,5,6.7,1986-10-30,"WI-433247",45.25,-88.5
9.6,6.96,5.88,1986-10-31,"WI-433247",45.25,-88.5
3,3.94,9.35,1986-11-01,"WI-433247",45.25,-88.5
-0.4,4.24,10.96,1986-11-02,"WI-433247",45.25,-88.5
2.7,5.4,3.91,1986-11-03,"WI-433247",45.25,-88.5
-0.9,2.7,11.08,1986-11-04,"WI-433247",45.25,-88.5
1.9,5.08,7.7,1986-11-05,"WI-433247",45.25,-88.5
5.2,4.42,8.67,1986-11-06,"WI-433247",45.25,-88.5
7.1,5.87,4.54,1986-11-07,"WI-433247",45.25,-88.5
7.9,11.03,9.3,1986-11-08,"WI-433247",45.25,-88.5
-5,9.77,7.68,1986-11-09,"WI-433247",45.25,-88.5
-6.6,4.56,7.1,1986-11-10,"WI-433247",45.25,-88.5
-10.5,3.96,10.24,1986-11-11,"WI-433247",45.25,-88.5
-10.2,6.69,9.05,1986-11-12,"WI-433247",45.25,-88.5
-13.7,4.85,9.94,1986-11-13,"WI-433247",45.25,-88.5
-5.3,7.08,8.99,1986-11-14,"WI-433247",45.25,-88.5
-2.8,2.86,4.55,1986-11-15,"WI-433247",45.25,-88.5
-1.5,4.79,8.87,1986-11-16,"WI-433247",45.25,-88.5
-1.5,4.53,6.21,1986-11-17,"WI-433247",45.25,-88.5
-6.4,4.05,5.43,1986-11-18,"WI-433247",45.25,-88.5
-6.1,6.69,3.28,1986-11-19,"WI-433247",45.25,-88.5
-0.2,4.53,5.78,1986-11-20,"WI-433247",45.25,-88.5
-1.9,4.37,5.9,1986-11-21,"WI-433247",45.25,-88.5
0,3.58,7.41,1986-11-22,"WI-433247",45.25,-88.5
1.6,4.22,4.11,1986-11-23,"WI-433247",45.25,-88.5
-2.9,4.92,5.28,1986-11-24,"WI-433247",45.25,-88.5
0.8,4.65,7.73,1986-11-25,"WI-433247",45.25,-88.5
1.6,6.08,5.79,1986-11-26,"WI-433247",45.25,-88.5
-0.2,6.21,7.7,1986-11-27,"WI-433247",45.25,-88.5
2.6,4.85,3.3,1986-11-28,"WI-433247",45.25,-88.5
-0.3,3.41,6.84,1986-11-29,"WI-433247",45.25,-88.5
-2.3,5.32,3.99,1986-11-30,"WI-433247",45.25,-88.5
-1.1,5.3,5.78,1986-12-01,"WI-433247",45.25,-88.5
0.2,3.9,1.49,1986-12-02,"WI-433247",45.25,-88.5
-3,7.77,4.08,1986-12-03,"WI-433247",45.25,-88.5
-9,6.46,6.67,1986-12-04,"WI-433247",45.25,-88.5
-7.3,6.38,7.01,1986-12-05,"WI-433247",45.25,-88.5
-3.9,6.16,6.84,1986-12-06,"WI-433247",45.25,-88.5
-4.2,3.75,4.4,1986-12-07,"WI-433247",45.25,-88.5
-5.3,4.12,3.02,1986-12-08,"WI-433247",45.25,-88.5
-5.6,5.69,3.74,1986-12-09,"WI-433247",45.25,-88.5
-15.6,6.02,7.12,1986-12-10,"WI-433247",45.25,-88.5
-9.1,4.88,2.98,1986-12-11,"WI-433247",45.25,-88.5
-15.2,4.53,7.04,1986-12-12,"WI-433247",45.25,-88.5
-15.2,4.96,7.25,1986-12-13,"WI-433247",45.25,-88.5
-4.3,5.1,5.08,1986-12-14,"WI-433247",45.25,-88.5
-4.4,2.8,4.71,1986-12-15,"WI-433247",45.25,-88.5
-2.7,3.06,5.68,1986-12-16,"WI-433247",45.25,-88.5
-1.3,3.11,1.79,1986-12-17,"WI-433247",45.25,-88.5
-2.3,5.41,6.24,1986-12-18,"WI-433247",45.25,-88.5
-3.8,4.51,5.32,1986-12-19,"WI-433247",45.25,-88.5
-4.7,2.47,5.05,1986-12-20,"WI-433247",45.25,-88.5
-6.8,4.7,6.93,1986-12-21,"WI-433247",45.25,-88.5
-2.4,6.05,6.29,1986-12-22,"WI-433247",45.25,-88.5
-0.8,4.2,6.71,1986-12-23,"WI-433247",45.25,-88.5
-1,2.66,2.55,1986-12-24,"WI-433247",45.25,-88.5
-1.5,3.61,2.83,1986-12-25,"WI-433247",45.25,-88.5
-1.5,2.67,4.57,1986-12-26,"WI-433247",45.25,-88.5
-1.6,4.61,5.94,1986-12-27,"WI-433247",45.25,-88.5
-1.7,4.53,5.11,1986-12-28,"WI-433247",45.25,-88.5
-0.7,4.52,2.84,1986-12-29,"WI-433247",45.25,-88.5
0.4,4.1,3.26,1986-12-30,"WI-433247",45.25,-88.5
-0.3,5.5,3.33,1986-12-31,"WI-433247",45.25,-88.5
0,3.76,2.72,1987-01-01,"WI-433247",45.25,-88.5
0.1,3.81,3.95,1987-01-02,"WI-433247",45.25,-88.5
-0.2,2.97,4.56,1987-01-03,"WI-433247",45.25,-88.5
-0.3,3.57,6.95,1987-01-04,"WI-433247",45.25,-88.5
-0.5,4.88,3.65,1987-01-05,"WI-433247",45.25,-88.5
0.2,5.23,3.89,1987-01-06,"WI-433247",45.25,-88.5
-1.3,5.83,3.55,1987-01-07,"WI-433247",45.25,-88.5
-3.5,5.33,6.6,1987-01-08,"WI-433247",45.25,-88.5
-4.9,3.67,6.96,1987-01-09,"WI-433247",45.25,-88.5
-1.2,5.32,3.37,1987-01-10,"WI-433247",45.25,-88.5
-1.6,5.99,4.23,1987-01-11,"WI-433247",45.25,-88.5
0.2,6.1,7.48,1987-01-12,"WI-433247",45.25,-88.5
0.1,3.83,6.82,1987-01-13,"WI-433247",45.25,-88.5
1.2,4.31,6.9,1987-01-14,"WI-433247",45.25,-88.5
-4.6,4.97,6.03,1987-01-15,"WI-433247",45.25,-88.5
-11.7,2.98,8.59,1987-01-16,"WI-433247",45.25,-88.5
-8.9,3.61,6.56,1987-01-17,"WI-433247",45.25,-88.5
-8.9,4.46,8.38,1987-01-18,"WI-433247",45.25,-88.5
-9.8,3.07,6.6,1987-01-19,"WI-433247",45.25,-88.5
-8.6,5.22,7.62,1987-01-20,"WI-433247",45.25,-88.5
-7.9,4.31,6.89,1987-01-21,"WI-433247",45.25,-88.5
-9.6,5.68,8.3,1987-01-22,"WI-433247",45.25,-88.5
-22,5.48,9.43,1987-01-23,"WI-433247",45.25,-88.5
-21.6,4.2,9.68,1987-01-24,"WI-433247",45.25,-88.5
-18.6,3.5,9.81,1987-01-25,"WI-433247",45.25,-88.5
-15.7,4.25,9.1,1987-01-26,"WI-433247",45.25,-88.5
-4.6,4.67,7.73,1987-01-27,"WI-433247",45.25,-88.5
-5.3,3.75,8.91,1987-01-28,"WI-433247",45.25,-88.5
-4,5.86,2.08,1987-01-29,"WI-433247",45.25,-88.5
-2.3,6.16,7.2,1987-01-30,"WI-433247",45.25,-88.5
-3.4,4.12,7.07,1987-01-31,"WI-433247",45.25,-88.5
1.1,4.8,7.64,1987-02-01,"WI-433247",45.25,-88.5
-0.2,3.44,4.89,1987-02-02,"WI-433247",45.25,-88.5
-1.8,4.78,8.13,1987-02-03,"WI-433247",45.25,-88.5
-5.2,4.39,9.45,1987-02-04,"WI-433247",45.25,-88.5
-3.7,5.35,11.16,1987-02-05,"WI-433247",45.25,-88.5
1.5,6.5,8.78,1987-02-06,"WI-433247",45.25,-88.5
2.4,7.13,10.12,1987-02-07,"WI-433247",45.25,-88.5
-7.6,9.65,11.9,1987-02-08,"WI-433247",45.25,-88.5
-5.9,5.92,8.07,1987-02-09,"WI-433247",45.25,-88.5
-2.3,3.4,11.42,1987-02-10,"WI-433247",45.25,-88.5
0.3,2.72,10.83,1987-02-11,"WI-433247",45.25,-88.5
0.8,6.94,9.42,1987-02-12,"WI-433247",45.25,-88.5
-4,3.62,5.82,1987-02-13,"WI-433247",45.25,-88.5
-7.7,5.02,11.96,1987-02-14,"WI-433247",45.25,-88.5
-13.5,3.5,13.27,1987-02-15,"WI-433247",45.25,-88.5
-10.2,3.89,9.18,1987-02-16,"WI-433247",45.25,-88.5
-5.7,3.83,12.11,1987-02-17,"WI-433247",45.25,-88.5
-6.2,2.9,13.57,1987-02-18,"WI-433247",45.25,-88.5
-2.6,2.58,13.19,1987-02-19,"WI-433247",45.25,-88.5
-1,4.17,12.2,1987-02-20,"WI-433247",45.25,-88.5
1,4.5,8.72,1987-02-21,"WI-433247",45.25,-88.5
2.2,4.03,11.78,1987-02-22,"WI-433247",45.25,-88.5
0.8,3.94,6.44,1987-02-23,"WI-433247",45.25,-88.5
-0.6,2.2,9.2,1987-02-24,"WI-433247",45.25,-88.5
-1.1,3.4,13.61,1987-02-25,"WI-433247",45.25,-88.5
-0.9,4.22,14.96,1987-02-26,"WI-433247",45.25,-88.5
0,3.16,12.29,1987-02-27,"WI-433247",45.25,-88.5
1.4,7.02,12.42,1987-02-28,"WI-433247",45.25,-88.5
-0.9,7.08,5.45,1987-03-01,"WI-433247",45.25,-88.5
-1.2,6.72,15.37,1987-03-02,"WI-433247",45.25,-88.5
-2.4,5.52,16.5,1987-03-03,"WI-433247",45.25,-88.5
-1.8,4.26,8.75,1987-03-04,"WI-433247",45.25,-88.5
2.1,3.42,16.19,1987-03-05,"WI-433247",45.25,-88.5
5.9,4.74,16.23,1987-03-06,"WI-433247",45.25,-88.5
12.6,6.04,16.3,1987-03-07,"WI-433247",45.25,-88.5
4.4,7.48,14.59,1987-03-08,"WI-433247",45.25,-88.5
-6.2,7.66,18.12,1987-03-09,"WI-433247",45.25,-88.5
-7.2,3.76,17.89,1987-03-10,"WI-433247",45.25,-88.5
-2.7,2.34,13.26,1987-03-11,"WI-433247",45.25,-88.5
-0.1,3.52,12.1,1987-03-12,"WI-433247",45.25,-88.5
-2.7,3.59,11.06,1987-03-13,"WI-433247",45.25,-88.5
0.2,5.34,15.55,1987-03-14,"WI-433247",45.25,-88.5
0.1,6.2,19.19,1987-03-15,"WI-433247",45.25,-88.5
0,4.18,18.51,1987-03-16,"WI-433247",45.25,-88.5
0.9,4.62,19.32,1987-03-17,"WI-433247",45.25,-88.5
2.9,5.8,17.87,1987-03-18,"WI-433247",45.25,-88.5
4.6,4.74,19.9,1987-03-19,"WI-433247",45.25,-88.5
5.7,3.19,19.65,1987-03-20,"WI-433247",45.25,-88.5
4.4,4.22,19.67,1987-03-21,"WI-433247",45.25,-88.5
6.8,3.27,15.88,1987-03-22,"WI-433247",45.25,-88.5
7.9,5.17,19.59,1987-03-23,"WI-433247",45.25,-88.5
9.5,4.95,20.38,1987-03-24,"WI-433247",45.25,-88.5
6.9,4.3,4.89,1987-03-25,"WI-433247",45.25,-88.5
6.3,2.97,8.23,1987-03-26,"WI-433247",45.25,-88.5
5.9,3.06,7.42,1987-03-27,"WI-433247",45.25,-88.5
4.1,4.55,12.39,1987-03-28,"WI-433247",45.25,-88.5
-2.2,6.8,7.21,1987-03-29,"WI-433247",45.25,-88.5
-6.1,5.5,20.67,1987-03-30,"WI-433247",45.25,-88.5
-4.8,4.22,21.83,1987-03-31,"WI-433247",45.25,-88.5
-0.3,8.2,11.95,1987-04-01,"WI-433247",45.25,-88.5
-2.9,7.89,19.86,1987-04-02,"WI-433247",45.25,-88.5
-2.2,3.18,19.88,1987-04-03,"WI-433247",45.25,-88.5
3.6,4.72,23.31,1987-04-04,"WI-433247",45.25,-88.5
8.1,5.97,23.32,1987-04-05,"WI-433247",45.25,-88.5
10.8,5.73,23.3,1987-04-06,"WI-433247",45.25,-88.5
11.3,5.11,23.58,1987-04-07,"WI-433247",45.25,-88.5
8.7,3.2,24.05,1987-04-08,"WI-433247",45.25,-88.5
13.4,3.67,23.57,1987-04-09,"WI-433247",45.25,-88.5
12.9,4.37,20.03,1987-04-10,"WI-433247",45.25,-88.5
11.2,5.1,14.59,1987-04-11,"WI-433247",45.25,-88.5
11.8,4.3,23.73,1987-04-12,"WI-433247",45.25,-88.5
11.3,3.9,16.46,1987-04-13,"WI-433247",45.25,-88.5
9.6,8.74,6.08,1987-04-14,"WI-433247",45.25,-88.5
9.4,6.26,10.45,1987-04-15,"WI-433247",45.25,-88.5
12.9,3.23,14.73,1987-04-16,"WI-433247",45.25,-88.5
16.3,3.18,22.54,1987-04-17,"WI-433247",45.25,-88.5
20.1,3.64,24.61,1987-04-18,"WI-433247",45.25,-88.5
19.7,6.28,24.61,1987-04-19,"WI-433247",45.25,-88.5
22.5,5.46,21.79,1987-04-20,"WI-433247",45.25,-88.5
8.2,6.33,9.4,1987-04-21,"WI-433247",45.25,-88.5
4.8,4.75,6.67,1987-04-22,"WI-433247",45.25,-88.5
11.2,5.63,23.1,1987-04-23,"WI-433247",45.25,-88.5
9.4,4.66,26.36,1987-04-24,"WI-433247",45.25,-88.5
7.5,3.86,6.37,1987-04-25,"WI-433247",45.25,-88.5
12,3.83,23.87,1987-04-26,"WI-433247",45.25,-88.5
12.1,9.62,25.48,1987-04-27,"WI-433247",45.25,-88.5
11.4,4.9,25.84,1987-04-28,"WI-433247",45.25,-88.5
14,6.93,27.34,1987-04-29,"WI-433247",45.25,-88.5
8.2,4.18,25.22,1987-04-30,"WI-433247",45.25,-88.5
11.4,2.95,13.36,1987-05-01,"WI-433247",45.25,-88.5
9.5,4.22,27.9,1987-05-02,"WI-433247",45.25,-88.5
8.5,5.29,28.65,1987-05-03,"WI-433247",45.25,-88.5
9.7,3.86,28.43,1987-05-04,"WI-433247",45.25,-88.5
12.9,3.6,27.23,1987-05-05,"WI-433247",45.25,-88.5
16.1,5.13,25.25,1987-05-06,"WI-433247",45.25,-88.5
13,4.03,22.96,1987-05-07,"WI-433247",45.25,-88.5
15.8,5.22,28.18,1987-05-08,"WI-433247",45.25,-88.5
21.7,7.34,23.09,1987-05-09,"WI-433247",45.25,-88.5
16.4,4.06,23.59,1987-05-10,"WI-433247",45.25,-88.5
18.1,6.47,27.92,1987-05-11,"WI-433247",45.25,-88.5
11.4,4.02,28.85,1987-05-12,"WI-433247",45.25,-88.5
15.5,6.32,26.46,1987-05-13,"WI-433247",45.25,-88.5
18,5.91,27.78,1987-05-14,"WI-433247",45.25,-88.5
15.1,4.2,28.7,1987-05-15,"WI-433247",45.25,-88.5
21.2,5.33,26.03,1987-05-16,"WI-433247",45.25,-88.5
21.7,6.13,25.41,1987-05-17,"WI-433247",45.25,-88.5
8.3,6.65,7.13,1987-05-18,"WI-433247",45.25,-88.5
7.3,5.1,2.91,1987-05-19,"WI-433247",45.25,-88.5
13.3,3.05,15.8,1987-05-20,"WI-433247",45.25,-88.5
18.4,5.79,15.37,1987-05-21,"WI-433247",45.25,-88.5
9.8,4.3,5.58,1987-05-22,"WI-433247",45.25,-88.5
6,3.62,11.21,1987-05-23,"WI-433247",45.25,-88.5
10.1,2.58,22.99,1987-05-24,"WI-433247",45.25,-88.5
11.4,4.61,23.91,1987-05-25,"WI-433247",45.25,-88.5
17.1,4.03,11.58,1987-05-26,"WI-433247",45.25,-88.5
22.4,5,22.92,1987-05-27,"WI-433247",45.25,-88.5
23.5,4.59,22.69,1987-05-28,"WI-433247",45.25,-88.5
23.3,5.43,23.89,1987-05-29,"WI-433247",45.25,-88.5
23,4.88,23.89,1987-05-30,"WI-433247",45.25,-88.5
21.8,4.25,24.86,1987-05-31,"WI-433247",45.25,-88.5
21.3,4.24,22.83,1987-06-01,"WI-433247",45.25,-88.5
21.5,4.83,28.38,1987-06-02,"WI-433247",45.25,-88.5
16.5,6.68,24.22,1987-06-03,"WI-433247",45.25,-88.5
14.8,6.1,27.3,1987-06-04,"WI-433247",45.25,-88.5
17.9,3.33,25.89,1987-06-05,"WI-433247",45.25,-88.5
19.7,4.39,25.55,1987-06-06,"WI-433247",45.25,-88.5
24.3,5.42,22.82,1987-06-07,"WI-433247",45.25,-88.5
18.4,4.74,25.01,1987-06-08,"WI-433247",45.25,-88.5
14.9,3.74,30.93,1987-06-09,"WI-433247",45.25,-88.5
14.5,3.4,25.41,1987-06-10,"WI-433247",45.25,-88.5
17.5,5.82,8.41,1987-06-11,"WI-433247",45.25,-88.5
23.9,5.42,26.31,1987-06-12,"WI-433247",45.25,-88.5
24.5,4.43,25.33,1987-06-13,"WI-433247",45.25,-88.5
27.2,4.68,29.83,1987-06-14,"WI-433247",45.25,-88.5
23.8,3.31,30.69,1987-06-15,"WI-433247",45.25,-88.5
25.1,3.75,28.82,1987-06-16,"WI-433247",45.25,-88.5
25,3.83,27.57,1987-06-17,"WI-433247",45.25,-88.5
26.6,3.01,24.71,1987-06-18,"WI-433247",45.25,-88.5
25.6,4.18,21.66,1987-06-19,"WI-433247",45.25,-88.5
21.9,4.1,16.99,1987-06-20,"WI-433247",45.25,-88.5
18.8,4.1,4.24,1987-06-21,"WI-433247",45.25,-88.5
21.8,2.96,26.57,1987-06-22,"WI-433247",45.25,-88.5
23.6,2.6,27.04,1987-06-23,"WI-433247",45.25,-88.5
24.5,2.62,22.77,1987-06-24,"WI-433247",45.25,-88.5
19.1,3.8,11.62,1987-06-25,"WI-433247",45.25,-88.5
17.3,6.11,25.57,1987-06-26,"WI-433247",45.25,-88.5
15.5,5.59,19.07,1987-06-27,"WI-433247",45.25,-88.5
18.5,4.53,26.67,1987-06-28,"WI-433247",45.25,-88.5
19.2,4.83,20.11,1987-06-29,"WI-433247",45.25,-88.5
17.7,2.86,22.71,1987-06-30,"WI-433247",45.25,-88.5
17.9,3.12,21.1,1987-07-01,"WI-433247",45.25,-88.5
18.4,4.32,19.66,1987-07-02,"WI-433247",45.25,-88.5
19.1,4.35,22.86,1987-07-03,"WI-433247",45.25,-88.5
18.5,3.28,26.94,1987-07-04,"WI-433247",45.25,-88.5
18.9,3.81,17.13,1987-07-05,"WI-433247",45.25,-88.5
21.7,3.13,16.61,1987-07-06,"WI-433247",45.25,-88.5
22.8,2.41,18.98,1987-07-07,"WI-433247",45.25,-88.5
25.4,2.55,23.52,1987-07-08,"WI-433247",45.25,-88.5
22.8,5.94,13.1,1987-07-09,"WI-433247",45.25,-88.5
23.2,4.43,12.09,1987-07-10,"WI-433247",45.25,-88.5
24.8,4.84,15.62,1987-07-11,"WI-433247",45.25,-88.5
22.7,3.92,11.65,1987-07-12,"WI-433247",45.25,-88.5
18,4.62,20.5,1987-07-13,"WI-433247",45.25,-88.5
13.8,4.2,17.28,1987-07-14,"WI-433247",45.25,-88.5
14.7,2.61,18.98,1987-07-15,"WI-433247",45.25,-88.5
17.7,5.51,27.37,1987-07-16,"WI-433247",45.25,-88.5
25.5,5.8,26.14,1987-07-17,"WI-433247",45.25,-88.5
26.1,4.46,23.7,1987-07-18,"WI-433247",45.25,-88.5
25.6,6.74,18.87,1987-07-19,"WI-433247",45.25,-88.5
25.7,4.7,19.77,1987-07-20,"WI-433247",45.25,-88.5
24.9,3.2,21.89,1987-07-21,"WI-433247",45.25,-88.5
26.8,4.99,25.83,1987-07-22,"WI-433247",45.25,-88.5
26.9,6.8,24.54,1987-07-23,"WI-433247",45.25,-88.5
23.9,4.3,16.11,1987-07-24,"WI-433247",45.25,-88.5
23.2,2.98,20.97,1987-07-25,"WI-433247",45.25,-88.5
22.2,3.75,28.37,1987-07-26,"WI-433247",45.25,-88.5
20.6,2.56,27.99,1987-07-27,"WI-433247",45.25,-88.5
21.4,2.47,20.54,1987-07-28,"WI-433247",45.25,-88.5
24.4,1.9,20.29,1987-07-29,"WI-433247",45.25,-88.5
24.2,3.4,19.65,1987-07-30,"WI-433247",45.25,-88.5
22.8,3.4,12.99,1987-07-31,"WI-433247",45.25,-88.5
24.7,4.43,14.64,1987-08-01,"WI-433247",45.25,-88.5
26.5,4.83,23.74,1987-08-02,"WI-433247",45.25,-88.5
24.6,5.1,23.36,1987-08-03,"WI-433247",45.25,-88.5
18.5,4.51,18.68,1987-08-04,"WI-433247",45.25,-88.5
15.6,3.11,23.45,1987-08-05,"WI-433247",45.25,-88.5
20,5.95,16.85,1987-08-06,"WI-433247",45.25,-88.5
21.7,4.3,25.67,1987-08-07,"WI-433247",45.25,-88.5
19.3,4.38,18.36,1987-08-08,"WI-433247",45.25,-88.5
19.6,4.39,14.38,1987-08-09,"WI-433247",45.25,-88.5
19.7,3.71,18.53,1987-08-10,"WI-433247",45.25,-88.5
20.3,3.91,19.1,1987-08-11,"WI-433247",45.25,-88.5
22.3,4.39,19.13,1987-08-12,"WI-433247",45.25,-88.5
21.3,3.4,9.19,1987-08-13,"WI-433247",45.25,-88.5
20.9,4.32,8.95,1987-08-14,"WI-433247",45.25,-88.5
25.1,3.75,14.86,1987-08-15,"WI-433247",45.25,-88.5
22.8,4.47,10.74,1987-08-16,"WI-433247",45.25,-88.5
20.4,5.79,21.97,1987-08-17,"WI-433247",45.25,-88.5
17.5,5.63,16.19,1987-08-18,"WI-433247",45.25,-88.5
17,4.84,22.71,1987-08-19,"WI-433247",45.25,-88.5
17.7,4.88,21.56,1987-08-20,"WI-433247",45.25,-88.5
21.5,4.83,17.54,1987-08-21,"WI-433247",45.25,-88.5
17.6,5.91,15.77,1987-08-22,"WI-433247",45.25,-88.5
13.6,5.17,16.91,1987-08-23,"WI-433247",45.25,-88.5
14.2,4.14,22.35,1987-08-24,"WI-433247",45.25,-88.5
16.8,3.32,18.36,1987-08-25,"WI-433247",45.25,-88.5
15.3,4.1,4.89,1987-08-26,"WI-433247",45.25,-88.5
16.8,3.58,15.02,1987-08-27,"WI-433247",45.25,-88.5
16.4,2.55,18.67,1987-08-28,"WI-433247",45.25,-88.5
17.2,4.53,17.64,1987-08-29,"WI-433247",45.25,-88.5
19.2,7.11,13.02,1987-08-30,"WI-433247",45.25,-88.5
13.6,7.14,17.19,1987-08-31,"WI-433247",45.25,-88.5
12.5,3,9.48,1987-09-01,"WI-433247",45.25,-88.5
12.2,3.86,18.38,1987-09-02,"WI-433247",45.25,-88.5
13.7,4.03,21.37,1987-09-03,"WI-433247",45.25,-88.5
18,5.3,21.82,1987-09-04,"WI-433247",45.25,-88.5
21.9,4.72,19.16,1987-09-05,"WI-433247",45.25,-88.5
20.5,3.76,10.49,1987-09-06,"WI-433247",45.25,-88.5
18.3,3.2,19.69,1987-09-07,"WI-433247",45.25,-88.5
17.5,3.05,16.08,1987-09-08,"WI-433247",45.25,-88.5
16.9,3.2,19.84,1987-09-09,"WI-433247",45.25,-88.5
16.7,4.21,19.67,1987-09-10,"WI-433247",45.25,-88.5
17,2.24,14.02,1987-09-11,"WI-433247",45.25,-88.5
14.6,3.31,15.4,1987-09-12,"WI-433247",45.25,-88.5
12.8,4.88,14.83,1987-09-13,"WI-433247",45.25,-88.5
14,3.42,20.57,1987-09-14,"WI-433247",45.25,-88.5
16.8,3.01,19.54,1987-09-15,"WI-433247",45.25,-88.5
17.4,3.68,6.9,1987-09-16,"WI-433247",45.25,-88.5
16.7,6.98,3.39,1987-09-17,"WI-433247",45.25,-88.5
13,4.22,4.64,1987-09-18,"WI-433247",45.25,-88.5
12.9,3.5,15.75,1987-09-19,"WI-433247",45.25,-88.5
11.5,3.51,7.2,1987-09-20,"WI-433247",45.25,-88.5
13.5,5.69,8.65,1987-09-21,"WI-433247",45.25,-88.5
14.5,4.8,11.84,1987-09-22,"WI-433247",45.25,-88.5
16.2,5.51,18.4,1987-09-23,"WI-433247",45.25,-88.5
12.2,3.71,18.46,1987-09-24,"WI-433247",45.25,-88.5
11.3,4.37,18.46,1987-09-25,"WI-433247",45.25,-88.5
16.1,3.45,15.4,1987-09-26,"WI-433247",45.25,-88.5
19.1,4.79,15,1987-09-27,"WI-433247",45.25,-88.5
18.9,6.24,12.69,1987-09-28,"WI-433247",45.25,-88.5
14.3,5.66,11.4,1987-09-29,"WI-433247",45.25,-88.5
9.9,6.52,16.23,1987-09-30,"WI-433247",45.25,-88.5
10,7.21,8.31,1987-10-01,"WI-433247",45.25,-88.5
4.5,9.83,11.02,1987-10-02,"WI-433247",45.25,-88.5
4.4,3.61,16.56,1987-10-03,"WI-433247",45.25,-88.5
11.2,4.95,16.23,1987-10-04,"WI-433247",45.25,-88.5
11.8,7.08,10.39,1987-10-05,"WI-433247",45.25,-88.5
5.5,5.61,3.55,1987-10-06,"WI-433247",45.25,-88.5
3.1,6.52,8.29,1987-10-07,"WI-433247",45.25,-88.5
3.5,5.02,12.71,1987-10-08,"WI-433247",45.25,-88.5
6.2,7.69,10.62,1987-10-09,"WI-433247",45.25,-88.5
2.5,2.86,8.9,1987-10-10,"WI-433247",45.25,-88.5
2.2,4.01,14.15,1987-10-11,"WI-433247",45.25,-88.5
4.7,3.14,14.24,1987-10-12,"WI-433247",45.25,-88.5
8.4,5.64,14.07,1987-10-13,"WI-433247",45.25,-88.5
12.9,5.42,10.13,1987-10-14,"WI-433247",45.25,-88.5
9.5,3.73,3.06,1987-10-15,"WI-433247",45.25,-88.5
11.1,3.86,2.06,1987-10-16,"WI-433247",45.25,-88.5
7.9,5.78,4.12,1987-10-17,"WI-433247",45.25,-88.5
7.2,4.62,11.38,1987-10-18,"WI-433247",45.25,-88.5
5.2,4,9.87,1987-10-19,"WI-433247",45.25,-88.5
3.1,2.77,8.87,1987-10-20,"WI-433247",45.25,-88.5
3.1,6.91,7.95,1987-10-21,"WI-433247",45.25,-88.5
1.1,4.2,2.81,1987-10-22,"WI-433247",45.25,-88.5
2.7,3.1,4.77,1987-10-23,"WI-433247",45.25,-88.5
2.3,5.79,8.37,1987-10-24,"WI-433247",45.25,-88.5
2.1,4.08,12.46,1987-10-25,"WI-433247",45.25,-88.5
4.1,5.41,5.3,1987-10-26,"WI-433247",45.25,-88.5
4.4,5.44,10.28,1987-10-27,"WI-433247",45.25,-88.5
1.9,3.7,6.38,1987-10-28,"WI-433247",45.25,-88.5
1.8,4.11,10.82,1987-10-29,"WI-433247",45.25,-88.5
6,5.03,8.27,1987-10-30,"WI-433247",45.25,-88.5
4.1,2.83,8.58,1987-10-31,"WI-433247",45.25,-88.5
5.8,3.77,3.49,1987-11-01,"WI-433247",45.25,-88.5
11.4,2.81,1.97,1987-11-02,"WI-433247",45.25,-88.5
15.5,5.26,3.08,1987-11-03,"WI-433247",45.25,-88.5
11.5,7.18,6.41,1987-11-04,"WI-433247",45.25,-88.5
1.6,7.66,8.22,1987-11-05,"WI-433247",45.25,-88.5
1.6,4.77,10.52,1987-11-06,"WI-433247",45.25,-88.5
3.4,3.37,9.91,1987-11-07,"WI-433247",45.25,-88.5
3.9,4.32,4.16,1987-11-08,"WI-433247",45.25,-88.5
-1.8,4.32,7.89,1987-11-09,"WI-433247",45.25,-88.5
-2.5,3.47,8.56,1987-11-10,"WI-433247",45.25,-88.5
0.7,5.28,9.72,1987-11-11,"WI-433247",45.25,-88.5
4.5,4.41,8.5,1987-11-12,"WI-433247",45.25,-88.5
5.4,4.05,4.9,1987-11-13,"WI-433247",45.25,-88.5
1,3.1,7.89,1987-11-14,"WI-433247",45.25,-88.5
6,3.58,4.49,1987-11-15,"WI-433247",45.25,-88.5
9.1,4.71,1.94,1987-11-16,"WI-433247",45.25,-88.5
7.4,7.63,1.69,1987-11-17,"WI-433247",45.25,-88.5
-0.1,5.83,6.9,1987-11-18,"WI-433247",45.25,-88.5
0.6,7.02,5.97,1987-11-19,"WI-433247",45.25,-88.5
-6.2,7.56,5.91,1987-11-20,"WI-433247",45.25,-88.5
-7.3,3.85,7.29,1987-11-21,"WI-433247",45.25,-88.5
-1.1,3.61,7.2,1987-11-22,"WI-433247",45.25,-88.5
2.5,3.62,1.56,1987-11-23,"WI-433247",45.25,-88.5
-0.7,3.58,6.29,1987-11-24,"WI-433247",45.25,-88.5
-0.9,4.39,3.2,1987-11-25,"WI-433247",45.25,-88.5
-1.5,3.45,7.48,1987-11-26,"WI-433247",45.25,-88.5
-0.7,3.9,2.29,1987-11-27,"WI-433247",45.25,-88.5
1.9,5.54,1.38,1987-11-28,"WI-433247",45.25,-88.5
3,3.97,1.03,1987-11-29,"WI-433247",45.25,-88.5
0.5,6.2,2.67,1987-11-30,"WI-433247",45.25,-88.5
-3.2,4.6,5.22,1987-12-01,"WI-433247",45.25,-88.5
-4.7,3.83,7.52,1987-12-02,"WI-433247",45.25,-88.5
-4.7,4.3,6.93,1987-12-03,"WI-433247",45.25,-88.5
-3.6,4.52,5.72,1987-12-04,"WI-433247",45.25,-88.5
-3.4,2.9,7.46,1987-12-05,"WI-433247",45.25,-88.5
-2.6,2.41,4.82,1987-12-06,"WI-433247",45.25,-88.5
0.4,4,2.62,1987-12-07,"WI-433247",45.25,-88.5
2.3,2.59,1.71,1987-12-08,"WI-433247",45.25,-88.5
3.3,7.02,1.38,1987-12-09,"WI-433247",45.25,-88.5
0.7,4.56,3.66,1987-12-10,"WI-433247",45.25,-88.5
2.3,4.7,4.54,1987-12-11,"WI-433247",45.25,-88.5
0,6.92,3.45,1987-12-12,"WI-433247",45.25,-88.5
-1.6,5.26,3.84,1987-12-13,"WI-433247",45.25,-88.5
-2.7,3.76,4.97,1987-12-14,"WI-433247",45.25,-88.5
-1.7,7.52,1.29,1987-12-15,"WI-433247",45.25,-88.5
-3.1,6.69,3.73,1987-12-16,"WI-433247",45.25,-88.5
-7.9,3.12,6.32,1987-12-17,"WI-433247",45.25,-88.5
-6.8,5.38,1.55,1987-12-18,"WI-433247",45.25,-88.5
-3.4,4.01,3.46,1987-12-19,"WI-433247",45.25,-88.5
-1.2,6.48,6.33,1987-12-20,"WI-433247",45.25,-88.5
-3.5,5.93,6.92,1987-12-21,"WI-433247",45.25,-88.5
-3.8,3.35,6.3,1987-12-22,"WI-433247",45.25,-88.5
-2.7,4.21,4.36,1987-12-23,"WI-433247",45.25,-88.5
-0.7,4.55,1.45,1987-12-24,"WI-433247",45.25,-88.5
-3.5,4.79,4.16,1987-12-25,"WI-433247",45.25,-88.5
-9.7,5.57,7.09,1987-12-26,"WI-433247",45.25,-88.5
-4.6,4.81,5.8,1987-12-27,"WI-433247",45.25,-88.5
-4.7,5.23,3.81,1987-12-28,"WI-433247",45.25,-88.5
-6.4,4.93,5.78,1987-12-29,"WI-433247",45.25,-88.5
-5.3,5.71,3.64,1987-12-30,"WI-433247",45.25,-88.5
-5.6,7.38,3.95,1987-12-31,"WI-433247",45.25,-88.5
-17.6,5.61,7.34,1988-01-01,"WI-433247",45.25,-88.5
-15.4,5.31,6.56,1988-01-02,"WI-433247",45.25,-88.5
-11,5.46,4.06,1988-01-03,"WI-433247",45.25,-88.5
-20.2,6.93,7.44,1988-01-04,"WI-433247",45.25,-88.5
-24.7,5.92,7.82,1988-01-05,"WI-433247",45.25,-88.5
-23.4,4.57,7.88,1988-01-06,"WI-433247",45.25,-88.5
-22.3,3.55,8.03,1988-01-07,"WI-433247",45.25,-88.5
-15.9,3.62,6.96,1988-01-08,"WI-433247",45.25,-88.5
-20.4,3.89,8.1,1988-01-09,"WI-433247",45.25,-88.5
-17.7,6.03,8.13,1988-01-10,"WI-433247",45.25,-88.5
-8,5.4,4.35,1988-01-11,"WI-433247",45.25,-88.5
-5,7.54,1.83,1988-01-12,"WI-433247",45.25,-88.5
-17,7.24,7.79,1988-01-13,"WI-433247",45.25,-88.5
-19,4.79,5.18,1988-01-14,"WI-433247",45.25,-88.5
-5.5,4.89,7.95,1988-01-15,"WI-433247",45.25,-88.5
1,7.39,5.27,1988-01-16,"WI-433247",45.25,-88.5
0.4,3.4,5.71,1988-01-17,"WI-433247",45.25,-88.5
-2.5,2.85,8.67,1988-01-18,"WI-433247",45.25,-88.5
-2.6,7.73,3.81,1988-01-19,"WI-433247",45.25,-88.5
-2.9,7.81,3.23,1988-01-20,"WI-433247",45.25,-88.5
-6.9,5.02,8.84,1988-01-21,"WI-433247",45.25,-88.5
-8.4,4.8,4.58,1988-01-22,"WI-433247",45.25,-88.5
-8.7,3.1,4.24,1988-01-23,"WI-433247",45.25,-88.5
-8.6,2.91,7.99,1988-01-24,"WI-433247",45.25,-88.5
-11.2,6.58,4.35,1988-01-25,"WI-433247",45.25,-88.5
-14.1,4.8,9.46,1988-01-26,"WI-433247",45.25,-88.5
-15.6,3.71,9.7,1988-01-27,"WI-433247",45.25,-88.5
-13.9,3.04,8.98,1988-01-28,"WI-433247",45.25,-88.5
-2.3,4.11,7.58,1988-01-29,"WI-433247",45.25,-88.5
3.5,3.33,2.11,1988-01-30,"WI-433247",45.25,-88.5
1.7,6.04,4.73,1988-01-31,"WI-433247",45.25,-88.5
-11.2,3.31,5.84,1988-02-01,"WI-433247",45.25,-88.5
-16.4,3.1,10.95,1988-02-02,"WI-433247",45.25,-88.5
-11.8,4.24,9.64,1988-02-03,"WI-433247",45.25,-88.5
-14.8,4.04,6.89,1988-02-04,"WI-433247",45.25,-88.5
-18.3,6.21,10.98,1988-02-05,"WI-433247",45.25,-88.5
-18.7,4.93,11.6,1988-02-06,"WI-433247",45.25,-88.5
-12.6,6.22,10.93,1988-02-07,"WI-433247",45.25,-88.5
-18,3.12,9.29,1988-02-08,"WI-433247",45.25,-88.5
-14,4.6,11.62,1988-02-09,"WI-433247",45.25,-88.5
-16.9,2.9,11.75,1988-02-10,"WI-433247",45.25,-88.5
-14.9,3.58,10.14,1988-02-11,"WI-433247",45.25,-88.5
-13.9,4.47,12.85,1988-02-12,"WI-433247",45.25,-88.5
-12.1,3.92,12.97,1988-02-13,"WI-433247",45.25,-88.5
-7.4,5.12,5.77,1988-02-14,"WI-433247",45.25,-88.5
-7.8,6.48,12.9,1988-02-15,"WI-433247",45.25,-88.5
-5.9,3.67,5.92,1988-02-16,"WI-433247",45.25,-88.5
-3.5,3.94,11.95,1988-02-17,"WI-433247",45.25,-88.5
0.4,4.42,13.28,1988-02-18,"WI-433247",45.25,-88.5
0.8,4.55,12.5,1988-02-19,"WI-433247",45.25,-88.5
-11.8,8.41,14.1,1988-02-20,"WI-433247",45.25,-88.5
-12.6,6.62,12.08,1988-02-21,"WI-433247",45.25,-88.5
0.4,7.57,10.27,1988-02-22,"WI-433247",45.25,-88.5
-10.7,7,14.33,1988-02-23,"WI-433247",45.25,-88.5
-10.9,5.73,13.75,1988-02-24,"WI-433247",45.25,-88.5
-9.5,3.94,15.23,1988-02-25,"WI-433247",45.25,-88.5
-1.3,4.5,13.38,1988-02-26,"WI-433247",45.25,-88.5
-1.9,4.5,15.37,1988-02-27,"WI-433247",45.25,-88.5
-0.3,6.47,8.79,1988-02-28,"WI-433247",45.25,-88.5
-2.8,4.67,8.06,1988-02-29,"WI-433247",45.25,-88.5
-6.3,5.84,12.63,1988-03-01,"WI-433247",45.25,-88.5
-3.2,5.48,16.1,1988-03-02,"WI-433247",45.25,-88.5
-10.6,3.2,16.97,1988-03-03,"WI-433247",45.25,-88.5
-7.8,3.91,17.02,1988-03-04,"WI-433247",45.25,-88.5
-3.3,5.38,17.22,1988-03-05,"WI-433247",45.25,-88.5
2.1,6.9,15.27,1988-03-06,"WI-433247",45.25,-88.5
0,4.25,14.68,1988-03-07,"WI-433247",45.25,-88.5
4,6.58,6.66,1988-03-08,"WI-433247",45.25,-88.5
1.9,5.81,13.4,1988-03-09,"WI-433247",45.25,-88.5
0.7,2.83,14.5,1988-03-10,"WI-433247",45.25,-88.5
1.4,7.12,13.85,1988-03-11,"WI-433247",45.25,-88.5
-4.2,7.76,4.93,1988-03-12,"WI-433247",45.25,-88.5
-7.3,6.12,13.44,1988-03-13,"WI-433247",45.25,-88.5
-8.2,5.44,12.92,1988-03-14,"WI-433247",45.25,-88.5
-5,4.5,17.49,1988-03-15,"WI-433247",45.25,-88.5
-3.1,4.18,18.21,1988-03-16,"WI-433247",45.25,-88.5
-1.7,4.02,12.92,1988-03-17,"WI-433247",45.25,-88.5
-2.8,5.9,16.35,1988-03-18,"WI-433247",45.25,-88.5
-6.4,6.13,12.88,1988-03-19,"WI-433247",45.25,-88.5
-9.1,3.66,18.64,1988-03-20,"WI-433247",45.25,-88.5
-7.4,3.83,20,1988-03-21,"WI-433247",45.25,-88.5
0.2,5.94,18.6,1988-03-22,"WI-433247",45.25,-88.5
4,4.6,18.66,1988-03-23,"WI-433247",45.25,-88.5
1.6,5.86,15.71,1988-03-24,"WI-433247",45.25,-88.5
8.6,9.39,19.62,1988-03-25,"WI-433247",45.25,-88.5
0.6,6.74,12.14,1988-03-26,"WI-433247",45.25,-88.5
0.1,5.69,20.6,1988-03-27,"WI-433247",45.25,-88.5
1.5,6.02,10.67,1988-03-28,"WI-433247",45.25,-88.5
4.7,5.33,10.28,1988-03-29,"WI-433247",45.25,-88.5
3.6,4.72,22.11,1988-03-30,"WI-433247",45.25,-88.5
5.3,4.44,19.23,1988-03-31,"WI-433247",45.25,-88.5
4.2,3.11,22.15,1988-04-01,"WI-433247",45.25,-88.5
5.5,4.2,8.12,1988-04-02,"WI-433247",45.25,-88.5
10.5,4.96,13.94,1988-04-03,"WI-433247",45.25,-88.5
11.5,4,10.4,1988-04-04,"WI-433247",45.25,-88.5
10.8,6.91,16.33,1988-04-05,"WI-433247",45.25,-88.5
8.7,8.59,18.94,1988-04-06,"WI-433247",45.25,-88.5
10.8,4.22,23.32,1988-04-07,"WI-433247",45.25,-88.5
7.9,4.79,19.39,1988-04-08,"WI-433247",45.25,-88.5
10.6,4.68,22.79,1988-04-09,"WI-433247",45.25,-88.5
6.1,5.15,10.92,1988-04-10,"WI-433247",45.25,-88.5
9.1,3.4,24.16,1988-04-11,"WI-433247",45.25,-88.5
10.3,2.75,23.98,1988-04-12,"WI-433247",45.25,-88.5
11.2,5.16,10.67,1988-04-13,"WI-433247",45.25,-88.5
2.2,5.96,16.02,1988-04-14,"WI-433247",45.25,-88.5
1.5,6.93,13.36,1988-04-15,"WI-433247",45.25,-88.5
9,5.45,24.7,1988-04-16,"WI-433247",45.25,-88.5
8.4,6.75,13.02,1988-04-17,"WI-433247",45.25,-88.5
1.6,7.68,25.31,1988-04-18,"WI-433247",45.25,-88.5
4.1,5.47,24.15,1988-04-19,"WI-433247",45.25,-88.5
5,5.47,24.56,1988-04-20,"WI-433247",45.25,-88.5
4.4,4.3,25.11,1988-04-21,"WI-433247",45.25,-88.5
3.9,4.28,21.78,1988-04-22,"WI-433247",45.25,-88.5
2.5,5.52,7.8,1988-04-23,"WI-433247",45.25,-88.5
6.8,3.26,18.12,1988-04-24,"WI-433247",45.25,-88.5
10.3,5.79,22.54,1988-04-25,"WI-433247",45.25,-88.5
6.8,5.52,22.99,1988-04-26,"WI-433247",45.25,-88.5
3.6,7.08,7.3,1988-04-27,"WI-433247",45.25,-88.5
8.9,5.8,24.52,1988-04-28,"WI-433247",45.25,-88.5
12,3.82,27.95,1988-04-29,"WI-433247",45.25,-88.5
12.4,3.14,28.11,1988-04-30,"WI-433247",45.25,-88.5
14.3,2.91,28.2,1988-05-01,"WI-433247",45.25,-88.5
15.2,3.54,27.55,1988-05-02,"WI-433247",45.25,-88.5
14.4,3.54,27.9,1988-05-03,"WI-433247",45.25,-88.5
14.3,3.82,23.74,1988-05-04,"WI-433247",45.25,-88.5
17.2,3.22,27.35,1988-05-05,"WI-433247",45.25,-88.5
15.1,4.56,27.19,1988-05-06,"WI-433247",45.25,-88.5
15.7,5.68,23.01,1988-05-07,"WI-433247",45.25,-88.5
18,6.72,19.73,1988-05-08,"WI-433247",45.25,-88.5
14.8,6.5,21.98,1988-05-09,"WI-433247",45.25,-88.5
13.9,6.8,24.92,1988-05-10,"WI-433247",45.25,-88.5
11.5,4.84,17.88,1988-05-11,"WI-433247",45.25,-88.5
13.3,8.42,15.96,1988-05-12,"WI-433247",45.25,-88.5
10,8.95,28.59,1988-05-13,"WI-433247",45.25,-88.5
11.4,5.63,26.49,1988-05-14,"WI-433247",45.25,-88.5
18.8,7.88,26.5,1988-05-15,"WI-433247",45.25,-88.5
11.3,5.3,18.29,1988-05-16,"WI-433247",45.25,-88.5
10.8,3.47,30.09,1988-05-17,"WI-433247",45.25,-88.5
12.7,3.96,29.81,1988-05-18,"WI-433247",45.25,-88.5
16.5,3.11,30.14,1988-05-19,"WI-433247",45.25,-88.5
18.6,3.55,28.4,1988-05-20,"WI-433247",45.25,-88.5
20.4,2.95,27.17,1988-05-21,"WI-433247",45.25,-88.5
19.9,4.25,21.35,1988-05-22,"WI-433247",45.25,-88.5
19,5.26,29.48,1988-05-23,"WI-433247",45.25,-88.5
12.1,5.9,30.34,1988-05-24,"WI-433247",45.25,-88.5
12.6,3.66,30.77,1988-05-25,"WI-433247",45.25,-88.5
20.1,5.66,22.69,1988-05-26,"WI-433247",45.25,-88.5
21.8,5.69,17.01,1988-05-27,"WI-433247",45.25,-88.5
23.6,3.44,24.84,1988-05-28,"WI-433247",45.25,-88.5
25.5,4.7,28.85,1988-05-29,"WI-433247",45.25,-88.5
25.3,4.26,26.38,1988-05-30,"WI-433247",45.25,-88.5
26.4,3.58,27.02,1988-05-31,"WI-433247",45.25,-88.5
26.2,3.99,25.5,1988-06-01,"WI-433247",45.25,-88.5
13.8,4.75,18.55,1988-06-02,"WI-433247",45.25,-88.5
16.3,3.42,30.43,1988-06-03,"WI-433247",45.25,-88.5
19.6,2.37,30.34,1988-06-04,"WI-433247",45.25,-88.5
25.5,3.49,25.64,1988-06-05,"WI-433247",45.25,-88.5
28.5,4.51,29.06,1988-06-06,"WI-433247",45.25,-88.5
26.7,5.89,29.78,1988-06-07,"WI-433247",45.25,-88.5
13,6.31,17.79,1988-06-08,"WI-433247",45.25,-88.5
14.2,5.05,31.24,1988-06-09,"WI-433247",45.25,-88.5
17.4,4,30.24,1988-06-10,"WI-433247",45.25,-88.5
22.8,4.87,30.56,1988-06-11,"WI-433247",45.25,-88.5
25,5.22,30.48,1988-06-12,"WI-433247",45.25,-88.5
27.1,5.86,29.13,1988-06-13,"WI-433247",45.25,-88.5
29.2,7,29.48,1988-06-14,"WI-433247",45.25,-88.5
22.7,6.17,25.08,1988-06-15,"WI-433247",45.25,-88.5
15.4,3.89,17.37,1988-06-16,"WI-433247",45.25,-88.5
17.1,3.52,25.51,1988-06-17,"WI-433247",45.25,-88.5
23.2,5.9,26.31,1988-06-18,"WI-433247",45.25,-88.5
26.3,7.08,24.8,1988-06-19,"WI-433247",45.25,-88.5
27,4,30.79,1988-06-20,"WI-433247",45.25,-88.5
24.8,3.42,24.08,1988-06-21,"WI-433247",45.25,-88.5
24.8,5.6,25.65,1988-06-22,"WI-433247",45.25,-88.5
18.3,3.61,24.4,1988-06-23,"WI-433247",45.25,-88.5
21.7,5.39,21.75,1988-06-24,"WI-433247",45.25,-88.5
25.6,7.41,29.37,1988-06-25,"WI-433247",45.25,-88.5
18.6,5.1,20.65,1988-06-26,"WI-433247",45.25,-88.5
19.3,2.63,23.33,1988-06-27,"WI-433247",45.25,-88.5
15.4,4.83,6.27,1988-06-28,"WI-433247",45.25,-88.5
15.1,4.43,31.56,1988-06-29,"WI-433247",45.25,-88.5
16.5,4.1,31.32,1988-06-30,"WI-433247",45.25,-88.5
17.3,3.08,30.73,1988-07-01,"WI-433247",45.25,-88.5
19.4,3.28,27.71,1988-07-02,"WI-433247",45.25,-88.5
22.3,3.32,29.24,1988-07-03,"WI-433247",45.25,-88.5
24.8,4.11,29.92,1988-07-04,"WI-433247",45.25,-88.5
26.5,3.11,24.97,1988-07-05,"WI-433247",45.25,-88.5
28.8,4.98,26.4,1988-07-06,"WI-433247",45.25,-88.5
30.1,4.88,29.06,1988-07-07,"WI-433247",45.25,-88.5
27.6,4.53,21.73,1988-07-08,"WI-433247",45.25,-88.5
22.9,2.31,14.6,1988-07-09,"WI-433247",45.25,-88.5
21.9,3.5,16.52,1988-07-10,"WI-433247",45.25,-88.5
19.2,3.47,21.27,1988-07-11,"WI-433247",45.25,-88.5
18.1,3.88,24.44,1988-07-12,"WI-433247",45.25,-88.5
22.3,7.46,17.39,1988-07-13,"WI-433247",45.25,-88.5
24.9,4.32,29.27,1988-07-14,"WI-433247",45.25,-88.5
23.7,5.41,16.11,1988-07-15,"WI-433247",45.25,-88.5
22.3,4.25,14.63,1988-07-16,"WI-433247",45.25,-88.5
23.4,3.61,25.06,1988-07-17,"WI-433247",45.25,-88.5
22.2,3.31,18.93,1988-07-18,"WI-433247",45.25,-88.5
22.1,2.91,24,1988-07-19,"WI-433247",45.25,-88.5
20.1,2.55,19.52,1988-07-20,"WI-433247",45.25,-88.5
18.5,2.81,22.57,1988-07-21,"WI-433247",45.25,-88.5
20.5,2.8,24.75,1988-07-22,"WI-433247",45.25,-88.5
22,2.86,24.52,1988-07-23,"WI-433247",45.25,-88.5
21.3,3.18,17.61,1988-07-24,"WI-433247",45.25,-88.5
21.3,4.61,23.68,1988-07-25,"WI-433247",45.25,-88.5
21.1,3.04,25.6,1988-07-26,"WI-433247",45.25,-88.5
23.5,4.05,20.94,1988-07-27,"WI-433247",45.25,-88.5
28.1,5.96,27.43,1988-07-28,"WI-433247",45.25,-88.5
28.7,5.59,24.72,1988-07-29,"WI-433247",45.25,-88.5
25.7,4.02,25.5,1988-07-30,"WI-433247",45.25,-88.5
23.6,5.8,23.74,1988-07-31,"WI-433247",45.25,-88.5
28.1,5.57,25.16,1988-08-01,"WI-433247",45.25,-88.5
28.6,5.19,23.01,1988-08-02,"WI-433247",45.25,-88.5
26.4,3.42,20.66,1988-08-03,"WI-433247",45.25,-88.5
25,4,17.2,1988-08-04,"WI-433247",45.25,-88.5
22.3,6.01,16.76,1988-08-05,"WI-433247",45.25,-88.5
23.9,4.4,22.97,1988-08-06,"WI-433247",45.25,-88.5
24.7,5.1,25.33,1988-08-07,"WI-433247",45.25,-88.5
21.9,3.72,4.57,1988-08-08,"WI-433247",45.25,-88.5
21.1,3.86,22.65,1988-08-09,"WI-433247",45.25,-88.5
21.6,2.96,25.32,1988-08-10,"WI-433247",45.25,-88.5
24.1,4.89,23.29,1988-08-11,"WI-433247",45.25,-88.5
25.1,4.11,20.75,1988-08-12,"WI-433247",45.25,-88.5
24.8,5.36,15.53,1988-08-13,"WI-433247",45.25,-88.5
24.5,7.95,20.23,1988-08-14,"WI-433247",45.25,-88.5
24,2.6,23.65,1988-08-15,"WI-433247",45.25,-88.5
27.5,5.24,23.62,1988-08-16,"WI-433247",45.25,-88.5
24.9,5.56,14.54,1988-08-17,"WI-433247",45.25,-88.5
17.4,5.5,8.31,1988-08-18,"WI-433247",45.25,-88.5
16.5,3.54,23.18,1988-08-19,"WI-433247",45.25,-88.5
17.1,3.39,16.33,1988-08-20,"WI-433247",45.25,-88.5
17.7,3.04,20.32,1988-08-21,"WI-433247",45.25,-88.5
19.1,5.73,9.33,1988-08-22,"WI-433247",45.25,-88.5
20.4,5.39,19.43,1988-08-23,"WI-433247",45.25,-88.5
18.5,7.31,17.33,1988-08-24,"WI-433247",45.25,-88.5
17,8.31,18.33,1988-08-25,"WI-433247",45.25,-88.5
16.8,4.89,17.18,1988-08-26,"WI-433247",45.25,-88.5
15.6,5.12,8.18,1988-08-27,"WI-433247",45.25,-88.5
13.2,5.39,15.95,1988-08-28,"WI-433247",45.25,-88.5
13.5,3.69,19.12,1988-08-29,"WI-433247",45.25,-88.5
14.7,3.2,17.56,1988-08-30,"WI-433247",45.25,-88.5
19.5,4.39,21.65,1988-08-31,"WI-433247",45.25,-88.5
21.6,5.84,16.93,1988-09-01,"WI-433247",45.25,-88.5
20.6,3.68,18.96,1988-09-02,"WI-433247",45.25,-88.5
16.4,4.48,12.16,1988-09-03,"WI-433247",45.25,-88.5
15,7.53,9.78,1988-09-04,"WI-433247",45.25,-88.5
10,5.37,15.81,1988-09-05,"WI-433247",45.25,-88.5
11,3.75,13.73,1988-09-06,"WI-433247",45.25,-88.5
14.7,6.01,21.72,1988-09-07,"WI-433247",45.25,-88.5
17.4,5.25,16.83,1988-09-08,"WI-433247",45.25,-88.5
17.3,7.53,21.66,1988-09-09,"WI-433247",45.25,-88.5
15.6,3.49,20.99,1988-09-10,"WI-433247",45.25,-88.5
17.9,5.38,18.19,1988-09-11,"WI-433247",45.25,-88.5
19.4,5.1,11.42,1988-09-12,"WI-433247",45.25,-88.5
15,5.22,17.94,1988-09-13,"WI-433247",45.25,-88.5
14.2,4.08,19.58,1988-09-14,"WI-433247",45.25,-88.5
11.6,3.72,15.13,1988-09-15,"WI-433247",45.25,-88.5
14.8,6.33,5.27,1988-09-16,"WI-433247",45.25,-88.5
19.5,4.53,17.5,1988-09-17,"WI-433247",45.25,-88.5
19.9,3.4,16.03,1988-09-18,"WI-433247",45.25,-88.5
18.4,9.87,1.85,1988-09-19,"WI-433247",45.25,-88.5
11.7,7.17,4.91,1988-09-20,"WI-433247",45.25,-88.5
12,3.01,13.8,1988-09-21,"WI-433247",45.25,-88.5
14.6,4.9,5.26,1988-09-22,"WI-433247",45.25,-88.5
13,5.37,18.66,1988-09-23,"WI-433247",45.25,-88.5
12.2,3.98,17.86,1988-09-24,"WI-433247",45.25,-88.5
14.2,4.29,17.75,1988-09-25,"WI-433247",45.25,-88.5
15,5.47,11.33,1988-09-26,"WI-433247",45.25,-88.5
14.5,4.52,9.33,1988-09-27,"WI-433247",45.25,-88.5
8.9,6.34,7.38,1988-09-28,"WI-433247",45.25,-88.5
12,4.24,5.93,1988-09-29,"WI-433247",45.25,-88.5
17.9,4.75,12.58,1988-09-30,"WI-433247",45.25,-88.5
16,3.96,2.2,1988-10-01,"WI-433247",45.25,-88.5
9.8,4.52,13.98,1988-10-02,"WI-433247",45.25,-88.5
5.9,6,10.79,1988-10-03,"WI-433247",45.25,-88.5
4.7,9.75,10.98,1988-10-04,"WI-433247",45.25,-88.5
3.6,4.95,11.02,1988-10-05,"WI-433247",45.25,-88.5
3.1,2.42,11.61,1988-10-06,"WI-433247",45.25,-88.5
7.3,4.41,12.92,1988-10-07,"WI-433247",45.25,-88.5
9.7,3.37,10.23,1988-10-08,"WI-433247",45.25,-88.5
9.5,4.32,12.9,1988-10-09,"WI-433247",45.25,-88.5
10,8.63,12.11,1988-10-10,"WI-433247",45.25,-88.5
2.8,7.08,10.72,1988-10-11,"WI-433247",45.25,-88.5
0.3,4.08,9.73,1988-10-12,"WI-433247",45.25,-88.5
2.6,4.58,14.01,1988-10-13,"WI-433247",45.25,-88.5
10.6,4.28,13.91,1988-10-14,"WI-433247",45.25,-88.5
13.6,3.6,13.47,1988-10-15,"WI-433247",45.25,-88.5
13.1,6.72,7.05,1988-10-16,"WI-433247",45.25,-88.5
7.1,5,3.73,1988-10-17,"WI-433247",45.25,-88.5
5.1,4.98,7.92,1988-10-18,"WI-433247",45.25,-88.5
4.5,4.12,8.76,1988-10-19,"WI-433247",45.25,-88.5
3.8,4.49,9.81,1988-10-20,"WI-433247",45.25,-88.5
5.1,5.88,5.43,1988-10-21,"WI-433247",45.25,-88.5
3.7,4.79,12.44,1988-10-22,"WI-433247",45.25,-88.5
2.5,4.11,1.03,1988-10-23,"WI-433247",45.25,-88.5
2.4,6.65,6.35,1988-10-24,"WI-433247",45.25,-88.5
0.4,6.81,6.71,1988-10-25,"WI-433247",45.25,-88.5
-0.1,4.71,8.87,1988-10-26,"WI-433247",45.25,-88.5
2.7,7.48,3.32,1988-10-27,"WI-433247",45.25,-88.5
-0.8,9.23,7.71,1988-10-28,"WI-433247",45.25,-88.5
-3.8,4.94,9.58,1988-10-29,"WI-433247",45.25,-88.5
-3.2,3.54,11.15,1988-10-30,"WI-433247",45.25,-88.5
1.4,5.44,5.24,1988-10-31,"WI-433247",45.25,-88.5
1.7,7.69,6.88,1988-11-01,"WI-433247",45.25,-88.5
0.6,3.31,9.03,1988-11-02,"WI-433247",45.25,-88.5
4.9,3.42,8.41,1988-11-03,"WI-433247",45.25,-88.5
5.2,5.5,1.63,1988-11-04,"WI-433247",45.25,-88.5
3.8,8.92,1.5,1988-11-05,"WI-433247",45.25,-88.5
1.3,9.73,2.22,1988-11-06,"WI-433247",45.25,-88.5
1,4.22,3.63,1988-11-07,"WI-433247",45.25,-88.5
2.3,3.98,7.56,1988-11-08,"WI-433247",45.25,-88.5
5.2,4.07,5,1988-11-09,"WI-433247",45.25,-88.5
2.9,6.3,5.61,1988-11-10,"WI-433247",45.25,-88.5
1.1,3.35,9.66,1988-11-11,"WI-433247",45.25,-88.5
1.1,5.66,1.3,1988-11-12,"WI-433247",45.25,-88.5
2.7,5.74,6.23,1988-11-13,"WI-433247",45.25,-88.5
1.9,6.18,8.85,1988-11-14,"WI-433247",45.25,-88.5
5,5.85,0.93,1988-11-15,"WI-433247",45.25,-88.5
5.4,9.38,2.51,1988-11-16,"WI-433247",45.25,-88.5
-2.5,8.02,4.94,1988-11-17,"WI-433247",45.25,-88.5
-2.1,4.31,6.31,1988-11-18,"WI-433247",45.25,-88.5
2.7,4.33,2.01,1988-11-19,"WI-433247",45.25,-88.5
0.1,5.42,4.53,1988-11-20,"WI-433247",45.25,-88.5
-1.9,3.69,6.16,1988-11-21,"WI-433247",45.25,-88.5
-2.4,3.16,4.99,1988-11-22,"WI-433247",45.25,-88.5
1,4.2,7.09,1988-11-23,"WI-433247",45.25,-88.5
3.7,4.1,7.82,1988-11-24,"WI-433247",45.25,-88.5
3.9,4.11,7.19,1988-11-25,"WI-433247",45.25,-88.5
3,6.19,0.59,1988-11-26,"WI-433247",45.25,-88.5
3,5.62,2.37,1988-11-27,"WI-433247",45.25,-88.5
-2.9,6.08,5.99,1988-11-28,"WI-433247",45.25,-88.5
-3.7,3.19,2.49,1988-11-29,"WI-433247",45.25,-88.5
-2.9,3.99,3.64,1988-11-30,"WI-433247",45.25,-88.5
-8.5,4.56,7.63,1988-12-01,"WI-433247",45.25,-88.5
-1.2,5.94,6.67,1988-12-02,"WI-433247",45.25,-88.5
0.5,7.72,4.68,1988-12-03,"WI-433247",45.25,-88.5
-2.5,4.75,5.68,1988-12-04,"WI-433247",45.25,-88.5
0.9,4.75,6.51,1988-12-05,"WI-433247",45.25,-88.5
3.2,5.89,7.23,1988-12-06,"WI-433247",45.25,-88.5
-1.3,5.9,5.14,1988-12-07,"WI-433247",45.25,-88.5
-8.1,4.71,5.89,1988-12-08,"WI-433247",45.25,-88.5
-13.2,4.05,7.16,1988-12-09,"WI-433247",45.25,-88.5
-15.1,4.81,6.85,1988-12-10,"WI-433247",45.25,-88.5
-16.9,3.61,7.45,1988-12-11,"WI-433247",45.25,-88.5
-12.1,6.31,2.88,1988-12-12,"WI-433247",45.25,-88.5
-1.4,5.95,4.49,1988-12-13,"WI-433247",45.25,-88.5
-2.9,7.84,3.48,1988-12-14,"WI-433247",45.25,-88.5
-14.3,5.04,6.83,1988-12-15,"WI-433247",45.25,-88.5
-16.8,4.08,3.68,1988-12-16,"WI-433247",45.25,-88.5
-11,5.55,5.7,1988-12-17,"WI-433247",45.25,-88.5
-9.4,4.61,2.37,1988-12-18,"WI-433247",45.25,-88.5
-3.7,3.24,6.8,1988-12-19,"WI-433247",45.25,-88.5
1.6,6.8,2.03,1988-12-20,"WI-433247",45.25,-88.5
-5.7,5.24,5.7,1988-12-21,"WI-433247",45.25,-88.5
-1.6,7.37,2.67,1988-12-22,"WI-433247",45.25,-88.5
1.1,8.88,2.98,1988-12-23,"WI-433247",45.25,-88.5
-3.4,6.29,5.3,1988-12-24,"WI-433247",45.25,-88.5
-12.2,6.07,6.96,1988-12-25,"WI-433247",45.25,-88.5
-9.4,5.83,2.44,1988-12-26,"WI-433247",45.25,-88.5
-4.4,6.63,3.61,1988-12-27,"WI-433247",45.25,-88.5
-13.2,4.75,6.78,1988-12-28,"WI-433247",45.25,-88.5
-17.4,3.61,6.75,1988-12-29,"WI-433247",45.25,-88.5
-9,2.83,5.01,1988-12-30,"WI-433247",45.25,-88.5
-9.5,2.58,6.66,1988-12-31,"WI-433247",45.25,-88.5
-3.8,4.22,3.26,1989-01-01,"WI-433247",45.25,-88.5
-11.6,4.47,6.74,1989-01-02,"WI-433247",45.25,-88.5
-12.6,5.11,4.35,1989-01-03,"WI-433247",45.25,-88.5
-11.7,4.21,4.16,1989-01-04,"WI-433247",45.25,-88.5
-9.9,3.54,6.18,1989-01-05,"WI-433247",45.25,-88.5
-2.9,3.98,2.76,1989-01-06,"WI-433247",45.25,-88.5
-0.6,5.83,1.19,1989-01-07,"WI-433247",45.25,-88.5
-11.1,8.23,6.39,1989-01-08,"WI-433247",45.25,-88.5
-15.1,3.4,7.08,1989-01-09,"WI-433247",45.25,-88.5
-10.7,4.25,5.71,1989-01-10,"WI-433247",45.25,-88.5
-8.5,5.87,4,1989-01-11,"WI-433247",45.25,-88.5
-7.4,7.42,8.3,1989-01-12,"WI-433247",45.25,-88.5
-10.1,5.17,8.37,1989-01-13,"WI-433247",45.25,-88.5
-4.5,6.03,5.08,1989-01-14,"WI-433247",45.25,-88.5
-2.6,6.41,8.45,1989-01-15,"WI-433247",45.25,-88.5
-5.1,6.23,6.24,1989-01-16,"WI-433247",45.25,-88.5
-2.2,7.21,7.03,1989-01-17,"WI-433247",45.25,-88.5
-2.4,5.35,5.55,1989-01-18,"WI-433247",45.25,-88.5
-1.6,6.32,5.77,1989-01-19,"WI-433247",45.25,-88.5
-9.5,5.96,9.25,1989-01-20,"WI-433247",45.25,-88.5
-6.7,6.85,8.85,1989-01-21,"WI-433247",45.25,-88.5
0.1,5.06,8.86,1989-01-22,"WI-433247",45.25,-88.5
0.9,3.92,8.87,1989-01-23,"WI-433247",45.25,-88.5
-2,5.5,6.26,1989-01-24,"WI-433247",45.25,-88.5
-3,4.5,2.33,1989-01-25,"WI-433247",45.25,-88.5
-3.7,7.13,6.65,1989-01-26,"WI-433247",45.25,-88.5
-2.6,7.41,9.53,1989-01-27,"WI-433247",45.25,-88.5
1.6,6.42,8.83,1989-01-28,"WI-433247",45.25,-88.5
-3,4.24,3.32,1989-01-29,"WI-433247",45.25,-88.5
1,5.6,7.97,1989-01-30,"WI-433247",45.25,-88.5
3.6,6.37,8.82,1989-01-31,"WI-433247",45.25,-88.5
-8.5,4.93,7.95,1989-02-01,"WI-433247",45.25,-88.5
-13.6,3.97,4.28,1989-02-02,"WI-433247",45.25,-88.5
-18.8,4.03,11.06,1989-02-03,"WI-433247",45.25,-88.5
-22.2,3.64,9.16,1989-02-04,"WI-433247",45.25,-88.5
-18.4,3.61,11.15,1989-02-05,"WI-433247",45.25,-88.5
-13.9,4.12,11.38,1989-02-06,"WI-433247",45.25,-88.5
-10.8,6.02,8.48,1989-02-07,"WI-433247",45.25,-88.5
-15,8.18,11.89,1989-02-08,"WI-433247",45.25,-88.5
-14.7,6.41,8.19,1989-02-09,"WI-433247",45.25,-88.5
-8.3,6.87,7,1989-02-10,"WI-433247",45.25,-88.5
-5.5,7.96,9.71,1989-02-11,"WI-433247",45.25,-88.5
-4.3,5.63,12.45,1989-02-12,"WI-433247",45.25,-88.5
-1.7,5.32,6.21,1989-02-13,"WI-433247",45.25,-88.5
-5.9,5.23,12.56,1989-02-14,"WI-433247",45.25,-88.5
-7.2,4.08,12.36,1989-02-15,"WI-433247",45.25,-88.5
-16.3,3,13.54,1989-02-16,"WI-433247",45.25,-88.5
-14.3,3.22,13.3,1989-02-17,"WI-433247",45.25,-88.5
-14.8,4,9.81,1989-02-18,"WI-433247",45.25,-88.5
-9.9,4.56,13.99,1989-02-19,"WI-433247",45.25,-88.5
-11,3.13,14.05,1989-02-20,"WI-433247",45.25,-88.5
-7.5,4.81,13.65,1989-02-21,"WI-433247",45.25,-88.5
-12.5,5.7,14.66,1989-02-22,"WI-433247",45.25,-88.5
-14.4,3.36,15.22,1989-02-23,"WI-433247",45.25,-88.5
-9.2,5.6,9.62,1989-02-24,"WI-433247",45.25,-88.5
0,4.34,6.87,1989-02-25,"WI-433247",45.25,-88.5
-5.9,6.04,10.77,1989-02-26,"WI-433247",45.25,-88.5
-12.2,3.05,14.17,1989-02-27,"WI-433247",45.25,-88.5
-9.2,6.71,9.51,1989-02-28,"WI-433247",45.25,-88.5
-15.7,5.51,15.52,1989-03-01,"WI-433247",45.25,-88.5
-17.9,2.91,9.51,1989-03-02,"WI-433247",45.25,-88.5
-14.1,6.99,2.93,1989-03-03,"WI-433247",45.25,-88.5
-10.5,6.41,3.24,1989-03-04,"WI-433247",45.25,-88.5
-10.4,6.02,17.21,1989-03-05,"WI-433247",45.25,-88.5
-11,4.12,17.43,1989-03-06,"WI-433247",45.25,-88.5
-12.5,3.62,17.17,1989-03-07,"WI-433247",45.25,-88.5
-8.4,3.4,15.03,1989-03-08,"WI-433247",45.25,-88.5
-2.4,2.97,13.79,1989-03-09,"WI-433247",45.25,-88.5
0.2,3.1,13.78,1989-03-10,"WI-433247",45.25,-88.5
2,5.07,15.65,1989-03-11,"WI-433247",45.25,-88.5
-3.5,4.57,15.57,1989-03-12,"WI-433247",45.25,-88.5
0.2,4.61,12.09,1989-03-13,"WI-433247",45.25,-88.5
0.2,6.96,3.92,1989-03-14,"WI-433247",45.25,-88.5
-8,7.67,14.79,1989-03-15,"WI-433247",45.25,-88.5
-7.6,5.9,13.12,1989-03-16,"WI-433247",45.25,-88.5
-10.4,4.06,7.69,1989-03-17,"WI-433247",45.25,-88.5
-9.4,3.7,17.76,1989-03-18,"WI-433247",45.25,-88.5
-10.1,3.89,19.32,1989-03-19,"WI-433247",45.25,-88.5
-4.2,4.62,11.51,1989-03-20,"WI-433247",45.25,-88.5
-9.3,4.24,20.3,1989-03-21,"WI-433247",45.25,-88.5
-7.5,4.71,17.64,1989-03-22,"WI-433247",45.25,-88.5
1.9,5.07,19.34,1989-03-23,"WI-433247",45.25,-88.5
4.3,3.42,14.86,1989-03-24,"WI-433247",45.25,-88.5
4.8,4.2,19.84,1989-03-25,"WI-433247",45.25,-88.5
6.1,3.67,15.68,1989-03-26,"WI-433247",45.25,-88.5
15.1,5.81,18.67,1989-03-27,"WI-433247",45.25,-88.5
10,5.66,7.41,1989-03-28,"WI-433247",45.25,-88.5
-0.2,4.29,20.92,1989-03-29,"WI-433247",45.25,-88.5
2,4.81,13.76,1989-03-30,"WI-433247",45.25,-88.5
0.1,5,11.67,1989-03-31,"WI-433247",45.25,-88.5
0.7,5.87,16.94,1989-04-01,"WI-433247",45.25,-88.5
7.9,6.99,22.55,1989-04-02,"WI-433247",45.25,-88.5
4.3,5.5,9.08,1989-04-03,"WI-433247",45.25,-88.5
5.1,4.83,13.6,1989-04-04,"WI-433247",45.25,-88.5
4.4,4.48,14.36,1989-04-05,"WI-433247",45.25,-88.5
4.3,3.81,20.58,1989-04-06,"WI-433247",45.25,-88.5
3.7,3.04,20,1989-04-07,"WI-433247",45.25,-88.5
-1.3,5.94,17.35,1989-04-08,"WI-433247",45.25,-88.5
-5.7,5.79,16.3,1989-04-09,"WI-433247",45.25,-88.5
-1.3,3.96,21.06,1989-04-10,"WI-433247",45.25,-88.5
1.6,5.46,15.64,1989-04-11,"WI-433247",45.25,-88.5
1.1,4.74,20.78,1989-04-12,"WI-433247",45.25,-88.5
4.2,5.47,22.62,1989-04-13,"WI-433247",45.25,-88.5
7.5,6.46,19.91,1989-04-14,"WI-433247",45.25,-88.5
6.4,3.83,24.22,1989-04-15,"WI-433247",45.25,-88.5
12.1,5.16,22.28,1989-04-16,"WI-433247",45.25,-88.5
5.4,6.65,20.73,1989-04-17,"WI-433247",45.25,-88.5
4.4,5.87,21.7,1989-04-18,"WI-433247",45.25,-88.5
7.4,4.88,24.39,1989-04-19,"WI-433247",45.25,-88.5
9,3.01,13.3,1989-04-20,"WI-433247",45.25,-88.5
8.2,3.61,25.35,1989-04-21,"WI-433247",45.25,-88.5
6.6,5.53,25.49,1989-04-22,"WI-433247",45.25,-88.5
6.8,4.16,25.91,1989-04-23,"WI-433247",45.25,-88.5
12,3.8,26.06,1989-04-24,"WI-433247",45.25,-88.5
14.8,2.62,21.93,1989-04-25,"WI-433247",45.25,-88.5
12.5,3.52,20.86,1989-04-26,"WI-433247",45.25,-88.5
11.1,4.84,11.42,1989-04-27,"WI-433247",45.25,-88.5
5.4,4.47,8.16,1989-04-28,"WI-433247",45.25,-88.5
3.7,4.71,8.82,1989-04-29,"WI-433247",45.25,-88.5
5.4,5.98,15.47,1989-04-30,"WI-433247",45.25,-88.5
5.6,2.69,15.47,1989-05-01,"WI-433247",45.25,-88.5
7.4,2.62,16.38,1989-05-02,"WI-433247",45.25,-88.5
12.1,4.12,20.4,1989-05-03,"WI-433247",45.25,-88.5
12.6,7.42,18.77,1989-05-04,"WI-433247",45.25,-88.5
4.8,7.67,10.5,1989-05-05,"WI-433247",45.25,-88.5
-1.3,3.68,11.11,1989-05-06,"WI-433247",45.25,-88.5
5.7,3.74,21.92,1989-05-07,"WI-433247",45.25,-88.5
8.2,2.92,19.79,1989-05-08,"WI-433247",45.25,-88.5
11,3.62,28.7,1989-05-09,"WI-433247",45.25,-88.5
11.6,4.22,28.71,1989-05-10,"WI-433247",45.25,-88.5
11.6,4.39,29.62,1989-05-11,"WI-433247",45.25,-88.5
14.2,5.28,26.83,1989-05-12,"WI-433247",45.25,-88.5
15.6,4.48,20.72,1989-05-13,"WI-433247",45.25,-88.5
14.9,2.58,22.72,1989-05-14,"WI-433247",45.25,-88.5
16.6,3.85,15.18,1989-05-15,"WI-433247",45.25,-88.5
18.8,3.69,25.61,1989-05-16,"WI-433247",45.25,-88.5
20.4,4.9,29.13,1989-05-17,"WI-433247",45.25,-88.5
19,6.87,20.57,1989-05-18,"WI-433247",45.25,-88.5
17.9,5.99,14.93,1989-05-19,"WI-433247",45.25,-88.5
16.8,6.59,13.86,1989-05-20,"WI-433247",45.25,-88.5
19,5.31,29.8,1989-05-21,"WI-433247",45.25,-88.5
19.5,3.08,28.13,1989-05-22,"WI-433247",45.25,-88.5
20.4,5.03,23.41,1989-05-23,"WI-433247",45.25,-88.5
18.9,5.63,23.32,1989-05-24,"WI-433247",45.25,-88.5
19.3,6.49,29.61,1989-05-25,"WI-433247",45.25,-88.5
13.3,8.13,23.44,1989-05-26,"WI-433247",45.25,-88.5
13.6,4.11,30.12,1989-05-27,"WI-433247",45.25,-88.5
16.6,5.66,27.08,1989-05-28,"WI-433247",45.25,-88.5
16.5,4.5,21.15,1989-05-29,"WI-433247",45.25,-88.5
11.3,3.91,3.92,1989-05-30,"WI-433247",45.25,-88.5
14.3,2.9,5.68,1989-05-31,"WI-433247",45.25,-88.5
18.4,4.24,20.83,1989-06-01,"WI-433247",45.25,-88.5
19.1,5.69,26.43,1989-06-02,"WI-433247",45.25,-88.5
15.2,4.03,20.71,1989-06-03,"WI-433247",45.25,-88.5
14.7,4.55,29.92,1989-06-04,"WI-433247",45.25,-88.5
14.2,5.95,26.55,1989-06-05,"WI-433247",45.25,-88.5
17,3.21,18.88,1989-06-06,"WI-433247",45.25,-88.5
19.7,5.97,27.92,1989-06-07,"WI-433247",45.25,-88.5
16.4,3.89,11.11,1989-06-08,"WI-433247",45.25,-88.5
11,5.22,12.32,1989-06-09,"WI-433247",45.25,-88.5
15.2,3.94,31.17,1989-06-10,"WI-433247",45.25,-88.5
17.5,4,30,1989-06-11,"WI-433247",45.25,-88.5
13.9,4.47,4.49,1989-06-12,"WI-433247",45.25,-88.5
11.8,4.4,3.44,1989-06-13,"WI-433247",45.25,-88.5
9.9,5.35,6.71,1989-06-14,"WI-433247",45.25,-88.5
11.3,3.93,12.48,1989-06-15,"WI-433247",45.25,-88.5
13.8,4.61,16.41,1989-06-16,"WI-433247",45.25,-88.5
17.1,3.16,22.63,1989-06-17,"WI-433247",45.25,-88.5
20.4,3.29,25.05,1989-06-18,"WI-433247",45.25,-88.5
22,3.18,26.23,1989-06-19,"WI-433247",45.25,-88.5
21.7,4.25,30.88,1989-06-20,"WI-433247",45.25,-88.5
20.1,4.55,29.78,1989-06-21,"WI-433247",45.25,-88.5
20.5,4.12,15.71,1989-06-22,"WI-433247",45.25,-88.5
22.2,3.3,20.85,1989-06-23,"WI-433247",45.25,-88.5
21.6,3,24.07,1989-06-24,"WI-433247",45.25,-88.5
19.3,4.36,15.96,1989-06-25,"WI-433247",45.25,-88.5
20,4.75,16.43,1989-06-26,"WI-433247",45.25,-88.5
21.1,4.63,29.97,1989-06-27,"WI-433247",45.25,-88.5
15.6,3.95,28.84,1989-06-28,"WI-433247",45.25,-88.5
15.3,3.24,31.04,1989-06-29,"WI-433247",45.25,-88.5
19.3,4.56,27.29,1989-06-30,"WI-433247",45.25,-88.5
22.5,3.94,27.69,1989-07-01,"WI-433247",45.25,-88.5
23.9,3.3,25.32,1989-07-02,"WI-433247",45.25,-88.5
25,4.29,23.46,1989-07-03,"WI-433247",45.25,-88.5
24.2,3.36,30.39,1989-07-04,"WI-433247",45.25,-88.5
25,3.52,30.19,1989-07-05,"WI-433247",45.25,-88.5
25.2,4.05,24.71,1989-07-06,"WI-433247",45.25,-88.5
23,4.02,27.69,1989-07-07,"WI-433247",45.25,-88.5
21.3,3.99,27.42,1989-07-08,"WI-433247",45.25,-88.5
26.9,5.76,28.69,1989-07-09,"WI-433247",45.25,-88.5
27.6,7.02,29.22,1989-07-10,"WI-433247",45.25,-88.5
20.2,3.81,19.63,1989-07-11,"WI-433247",45.25,-88.5
21,3.55,18.5,1989-07-12,"WI-433247",45.25,-88.5
19.3,4.83,24.61,1989-07-13,"WI-433247",45.25,-88.5
18.1,3.01,24.35,1989-07-14,"WI-433247",45.25,-88.5
18.2,2.85,26.56,1989-07-15,"WI-433247",45.25,-88.5
19.2,2.24,23.49,1989-07-16,"WI-433247",45.25,-88.5
20.9,2.26,23.89,1989-07-17,"WI-433247",45.25,-88.5
20.1,4.35,13.69,1989-07-18,"WI-433247",45.25,-88.5
19.3,5.32,17.35,1989-07-19,"WI-433247",45.25,-88.5
19.8,3.91,28.49,1989-07-20,"WI-433247",45.25,-88.5
20.6,3.28,26.15,1989-07-21,"WI-433247",45.25,-88.5
21.5,3.01,28.77,1989-07-22,"WI-433247",45.25,-88.5
22.8,2.22,23.73,1989-07-23,"WI-433247",45.25,-88.5
24.5,2.82,23.84,1989-07-24,"WI-433247",45.25,-88.5
25.6,2.9,23.99,1989-07-25,"WI-433247",45.25,-88.5
25.7,3.98,23.35,1989-07-26,"WI-433247",45.25,-88.5
24.6,5.39,23.72,1989-07-27,"WI-433247",45.25,-88.5
18.1,4.72,25.06,1989-07-28,"WI-433247",45.25,-88.5
14.8,4.05,6.54,1989-07-29,"WI-433247",45.25,-88.5
15.8,3.3,4.54,1989-07-30,"WI-433247",45.25,-88.5
19.8,1.98,18.74,1989-07-31,"WI-433247",45.25,-88.5
22.6,3.9,23.57,1989-08-01,"WI-433247",45.25,-88.5
25,4.75,26.82,1989-08-02,"WI-433247",45.25,-88.5
26.8,6.57,22.98,1989-08-03,"WI-433247",45.25,-88.5
26.5,3.51,20.8,1989-08-04,"WI-433247",45.25,-88.5
23.6,6.3,24.15,1989-08-05,"WI-433247",45.25,-88.5
14,5.95,10.71,1989-08-06,"WI-433247",45.25,-88.5
13.8,5.92,18.84,1989-08-07,"WI-433247",45.25,-88.5
18.1,4.86,19.98,1989-08-08,"WI-433247",45.25,-88.5
19.5,2.41,19.25,1989-08-09,"WI-433247",45.25,-88.5
21.6,2.83,21.14,1989-08-10,"WI-433247",45.25,-88.5
21.5,2.85,23.15,1989-08-11,"WI-433247",45.25,-88.5
20.6,2.66,21.94,1989-08-12,"WI-433247",45.25,-88.5
19,3.81,14.59,1989-08-13,"WI-433247",45.25,-88.5
18,3.88,12.7,1989-08-14,"WI-433247",45.25,-88.5
16.5,3.88,17.23,1989-08-15,"WI-433247",45.25,-88.5
16.8,3.42,18.26,1989-08-16,"WI-433247",45.25,-88.5
16.8,3.22,24.42,1989-08-17,"WI-433247",45.25,-88.5
17.7,3.2,24.29,1989-08-18,"WI-433247",45.25,-88.5
19.4,5.71,23.37,1989-08-19,"WI-433247",45.25,-88.5
20.8,4.52,18.41,1989-08-20,"WI-433247",45.25,-88.5
18.9,3.4,22.33,1989-08-21,"WI-433247",45.25,-88.5
20.8,5.1,12.32,1989-08-22,"WI-433247",45.25,-88.5
17.7,4.08,16.03,1989-08-23,"WI-433247",45.25,-88.5
15.9,3.21,17.07,1989-08-24,"WI-433247",45.25,-88.5
16.2,2.69,16.35,1989-08-25,"WI-433247",45.25,-88.5
18.5,2.83,12.4,1989-08-26,"WI-433247",45.25,-88.5
22,3.69,18.21,1989-08-27,"WI-433247",45.25,-88.5
19.8,3.35,8.05,1989-08-28,"WI-433247",45.25,-88.5
21.6,6.52,21.56,1989-08-29,"WI-433247",45.25,-88.5
17.6,4.61,19.48,1989-08-30,"WI-433247",45.25,-88.5
19,5.92,15.25,1989-08-31,"WI-433247",45.25,-88.5
17,5.08,12.79,1989-09-01,"WI-433247",45.25,-88.5
16.1,3,16.54,1989-09-02,"WI-433247",45.25,-88.5
16.6,3.91,16.67,1989-09-03,"WI-433247",45.25,-88.5
16.2,7.32,4.77,1989-09-04,"WI-433247",45.25,-88.5
19.4,4.49,21.16,1989-09-05,"WI-433247",45.25,-88.5
20,3.89,16.85,1989-09-06,"WI-433247",45.25,-88.5
21.7,4.34,9.22,1989-09-07,"WI-433247",45.25,-88.5
21,3.04,15.72,1989-09-08,"WI-433247",45.25,-88.5
15.4,5.22,5.41,1989-09-09,"WI-433247",45.25,-88.5
14.3,3.11,19.58,1989-09-10,"WI-433247",45.25,-88.5
13.8,4.22,13.44,1989-09-11,"WI-433247",45.25,-88.5
10.1,4.75,17.37,1989-09-12,"WI-433247",45.25,-88.5
11,2.64,11.65,1989-09-13,"WI-433247",45.25,-88.5
11.4,2.58,20.06,1989-09-14,"WI-433247",45.25,-88.5
13.3,3.13,20.23,1989-09-15,"WI-433247",45.25,-88.5
13.8,2.64,20.02,1989-09-16,"WI-433247",45.25,-88.5
15.8,3,19.45,1989-09-17,"WI-433247",45.25,-88.5
17.5,5,19.52,1989-09-18,"WI-433247",45.25,-88.5
18.3,4.9,18.74,1989-09-19,"WI-433247",45.25,-88.5
19.5,3.98,11.95,1989-09-20,"WI-433247",45.25,-88.5
19.4,4.1,17.81,1989-09-21,"WI-433247",45.25,-88.5
12.4,8.52,5.44,1989-09-22,"WI-433247",45.25,-88.5
4.6,7.3,14.52,1989-09-23,"WI-433247",45.25,-88.5
6.7,5.46,18.44,1989-09-24,"WI-433247",45.25,-88.5
11.5,6,17.18,1989-09-25,"WI-433247",45.25,-88.5
7.1,4.8,18.09,1989-09-26,"WI-433247",45.25,-88.5
9,5.65,16.89,1989-09-27,"WI-433247",45.25,-88.5
16.3,6.47,16.68,1989-09-28,"WI-433247",45.25,-88.5
13.7,4.48,17.34,1989-09-29,"WI-433247",45.25,-88.5
13.6,5.44,16.31,1989-09-30,"WI-433247",45.25,-88.5
17.7,6,16.75,1989-10-01,"WI-433247",45.25,-88.5
9.9,7.86,8.19,1989-10-02,"WI-433247",45.25,-88.5
3.4,5.28,15.75,1989-10-03,"WI-433247",45.25,-88.5
6.3,4.44,16.95,1989-10-04,"WI-433247",45.25,-88.5
7,6.04,2.33,1989-10-05,"WI-433247",45.25,-88.5
7.7,6.44,6.66,1989-10-06,"WI-433247",45.25,-88.5
4,4.3,8.08,1989-10-07,"WI-433247",45.25,-88.5
1.2,3.31,11.9,1989-10-08,"WI-433247",45.25,-88.5
3.2,4.32,12.96,1989-10-09,"WI-433247",45.25,-88.5
6.7,3.68,6.49,1989-10-10,"WI-433247",45.25,-88.5
12.4,7.11,14.26,1989-10-11,"WI-433247",45.25,-88.5
13.7,6.28,14.93,1989-10-12,"WI-433247",45.25,-88.5
13,4.49,12.42,1989-10-13,"WI-433247",45.25,-88.5
13.2,3.48,12.64,1989-10-14,"WI-433247",45.25,-88.5
10,3.5,5.4,1989-10-15,"WI-433247",45.25,-88.5
5.7,6.3,7.66,1989-10-16,"WI-433247",45.25,-88.5
2.3,5.26,5.01,1989-10-17,"WI-433247",45.25,-88.5
0.1,5.22,10.19,1989-10-18,"WI-433247",45.25,-88.5
0.6,5.29,10.47,1989-10-19,"WI-433247",45.25,-88.5
2.2,6.24,4.26,1989-10-20,"WI-433247",45.25,-88.5
4.8,7.2,9.68,1989-10-21,"WI-433247",45.25,-88.5
5.9,4.03,11.76,1989-10-22,"WI-433247",45.25,-88.5
11.9,3.7,12,1989-10-23,"WI-433247",45.25,-88.5
13.4,3.23,11.29,1989-10-24,"WI-433247",45.25,-88.5
16.7,3.89,10.56,1989-10-25,"WI-433247",45.25,-88.5
17.4,4.7,11.34,1989-10-26,"WI-433247",45.25,-88.5
15.2,6.09,11.3,1989-10-27,"WI-433247",45.25,-88.5
14.1,3.83,4.65,1989-10-28,"WI-433247",45.25,-88.5
14.7,5.53,9.05,1989-10-29,"WI-433247",45.25,-88.5
8.4,6.05,0.62,1989-10-30,"WI-433247",45.25,-88.5
2.9,5.47,2.64,1989-10-31,"WI-433247",45.25,-88.5
1.1,4.09,6.22,1989-11-01,"WI-433247",45.25,-88.5
-2,4.24,8.98,1989-11-02,"WI-433247",45.25,-88.5
-4.2,3.41,8.45,1989-11-03,"WI-433247",45.25,-88.5
1.8,4.29,4.34,1989-11-04,"WI-433247",45.25,-88.5
6.8,5,3.22,1989-11-05,"WI-433247",45.25,-88.5
1.9,4.86,7.01,1989-11-06,"WI-433247",45.25,-88.5
3.5,3.54,4.5,1989-11-07,"WI-433247",45.25,-88.5
5,6.2,3.79,1989-11-08,"WI-433247",45.25,-88.5
1.9,5.84,6.09,1989-11-09,"WI-433247",45.25,-88.5
1.4,5.83,6.17,1989-11-10,"WI-433247",45.25,-88.5
3.4,9.17,8.5,1989-11-11,"WI-433247",45.25,-88.5
-1.5,4.62,3.38,1989-11-12,"WI-433247",45.25,-88.5
2.7,4.1,7.54,1989-11-13,"WI-433247",45.25,-88.5
1.4,3.51,7.87,1989-11-14,"WI-433247",45.25,-88.5
0.6,6.33,3.09,1989-11-15,"WI-433247",45.25,-88.5
-6.5,8.08,5.19,1989-11-16,"WI-433247",45.25,-88.5
-10.9,5.12,6.42,1989-11-17,"WI-433247",45.25,-88.5
-10.2,4.79,9.01,1989-11-18,"WI-433247",45.25,-88.5
-0.8,7.18,4.75,1989-11-19,"WI-433247",45.25,-88.5
3,10.06,7.88,1989-11-20,"WI-433247",45.25,-88.5
-5.8,6.65,7.14,1989-11-21,"WI-433247",45.25,-88.5
-7.1,4.59,7.4,1989-11-22,"WI-433247",45.25,-88.5
-9.4,5.32,7.37,1989-11-23,"WI-433247",45.25,-88.5
-7.5,4.44,6.93,1989-11-24,"WI-433247",45.25,-88.5
1.2,4.36,5.24,1989-11-25,"WI-433247",45.25,-88.5
-0.6,3.8,7.81,1989-11-26,"WI-433247",45.25,-88.5
0.2,7.33,1.25,1989-11-27,"WI-433247",45.25,-88.5
-10.1,7.28,6.97,1989-11-28,"WI-433247",45.25,-88.5
-10.9,7.21,4.87,1989-11-29,"WI-433247",45.25,-88.5
-1.8,7.29,5.99,1989-11-30,"WI-433247",45.25,-88.5
-2.8,4.1,6.05,1989-12-01,"WI-433247",45.25,-88.5
-4.9,8.42,5.57,1989-12-02,"WI-433247",45.25,-88.5
-11.7,5.6,7.06,1989-12-03,"WI-433247",45.25,-88.5
-7.8,3.62,6.59,1989-12-04,"WI-433247",45.25,-88.5
-1.7,3.66,3.88,1989-12-05,"WI-433247",45.25,-88.5
-8.9,5.92,5.02,1989-12-06,"WI-433247",45.25,-88.5
-16.6,4.07,7.52,1989-12-07,"WI-433247",45.25,-88.5
-16.8,3.14,7.38,1989-12-08,"WI-433247",45.25,-88.5
-5.7,5.06,3.09,1989-12-09,"WI-433247",45.25,-88.5
-7.1,4.76,5.19,1989-12-10,"WI-433247",45.25,-88.5
-12.5,3.83,6.45,1989-12-11,"WI-433247",45.25,-88.5
-18,3.94,7.37,1989-12-12,"WI-433247",45.25,-88.5
-13.5,2.78,3.22,1989-12-13,"WI-433247",45.25,-88.5
-11.5,5.05,2.15,1989-12-14,"WI-433247",45.25,-88.5
-14.2,5.35,6.44,1989-12-15,"WI-433247",45.25,-88.5
-17,4.16,6.96,1989-12-16,"WI-433247",45.25,-88.5
-14.1,3.28,4.62,1989-12-17,"WI-433247",45.25,-88.5
-16.5,3.93,6.8,1989-12-18,"WI-433247",45.25,-88.5
-21.8,4.59,7.21,1989-12-19,"WI-433247",45.25,-88.5
-25.7,5.27,6.6,1989-12-20,"WI-433247",45.25,-88.5
-24.7,5.63,7.1,1989-12-21,"WI-433247",45.25,-88.5
-19.3,4.28,6.97,1989-12-22,"WI-433247",45.25,-88.5
-19.9,5.62,6.61,1989-12-23,"WI-433247",45.25,-88.5
-13.2,5.88,5.43,1989-12-24,"WI-433247",45.25,-88.5
-7.8,7.22,3.67,1989-12-25,"WI-433247",45.25,-88.5
-15.8,5.5,6.8,1989-12-26,"WI-433247",45.25,-88.5
-12,4.82,5.55,1989-12-27,"WI-433247",45.25,-88.5
-10.3,4.39,2.19,1989-12-28,"WI-433247",45.25,-88.5
-9.3,5.33,5.64,1989-12-29,"WI-433247",45.25,-88.5
-10.2,3.2,1.86,1989-12-30,"WI-433247",45.25,-88.5
-4.5,4.62,4.58,1989-12-31,"WI-433247",45.25,-88.5
-4.2,6.31,5.53,1990-01-01,"WI-433247",45.25,-88.5
-3.6,6.72,7.04,1990-01-02,"WI-433247",45.25,-88.5
-0.7,5.02,6.07,1990-01-03,"WI-433247",45.25,-88.5
-3.3,4.2,6.38,1990-01-04,"WI-433247",45.25,-88.5
-5.8,2.61,6.06,1990-01-05,"WI-433247",45.25,-88.5
-6.4,6.52,6.2,1990-01-06,"WI-433247",45.25,-88.5
-0.1,6.31,7.58,1990-01-07,"WI-433247",45.25,-88.5
0.8,4.75,7.26,1990-01-08,"WI-433247",45.25,-88.5
-0.2,5.14,6.07,1990-01-09,"WI-433247",45.25,-88.5
-4.9,6.9,4.53,1990-01-10,"WI-433247",45.25,-88.5
-1.4,9.54,4.69,1990-01-11,"WI-433247",45.25,-88.5
-7.4,8.34,7.98,1990-01-12,"WI-433247",45.25,-88.5
-10.4,3.24,8.17,1990-01-13,"WI-433247",45.25,-88.5
-3.1,3.07,4.9,1990-01-14,"WI-433247",45.25,-88.5
-1.6,3.06,7.88,1990-01-15,"WI-433247",45.25,-88.5
-1.9,3.3,8.09,1990-01-16,"WI-433247",45.25,-88.5
2.4,4.24,2.69,1990-01-17,"WI-433247",45.25,-88.5
-4.5,6.32,7.26,1990-01-18,"WI-433247",45.25,-88.5
-5.1,5.1,8.6,1990-01-19,"WI-433247",45.25,-88.5
-4.8,4.62,4.57,1990-01-20,"WI-433247",45.25,-88.5
-4.7,5.12,4.01,1990-01-21,"WI-433247",45.25,-88.5
-0.4,7.05,6.84,1990-01-22,"WI-433247",45.25,-88.5
-2.7,6.28,3.41,1990-01-23,"WI-433247",45.25,-88.5
0.2,5.32,5.9,1990-01-24,"WI-433247",45.25,-88.5
-4.4,7.03,3.17,1990-01-25,"WI-433247",45.25,-88.5
-6.8,5.1,9.12,1990-01-26,"WI-433247",45.25,-88.5
-2.3,8.91,4.66,1990-01-27,"WI-433247",45.25,-88.5
-5.8,6.38,10.05,1990-01-28,"WI-433247",45.25,-88.5
-2.6,5.49,9.99,1990-01-29,"WI-433247",45.25,-88.5
-2.9,6.67,5.46,1990-01-30,"WI-433247",45.25,-88.5
-8.8,4.49,7.93,1990-01-31,"WI-433247",45.25,-88.5
-3.5,4.81,9.15,1990-02-01,"WI-433247",45.25,-88.5
-11,3.72,10.21,1990-02-02,"WI-433247",45.25,-88.5
-10.1,2.14,6.08,1990-02-03,"WI-433247",45.25,-88.5
-7.3,3.4,11,1990-02-04,"WI-433247",45.25,-88.5
-0.6,5.1,10.54,1990-02-05,"WI-433247",45.25,-88.5
-0.8,3.55,7.37,1990-02-06,"WI-433247",45.25,-88.5
-0.7,4.61,11.43,1990-02-07,"WI-433247",45.25,-88.5
2.6,4.88,3.29,1990-02-08,"WI-433247",45.25,-88.5
-0.8,6.96,10.26,1990-02-09,"WI-433247",45.25,-88.5
-7.6,4.79,12.46,1990-02-10,"WI-433247",45.25,-88.5
-10.1,3.05,10.1,1990-02-11,"WI-433247",45.25,-88.5
-3.6,5.82,6.45,1990-02-12,"WI-433247",45.25,-88.5
-4.1,5.81,6.55,1990-02-13,"WI-433247",45.25,-88.5
-12.3,3.37,9.96,1990-02-14,"WI-433247",45.25,-88.5
-7.3,6.26,9.57,1990-02-15,"WI-433247",45.25,-88.5
-6.8,5.5,6.32,1990-02-16,"WI-433247",45.25,-88.5
-12.7,3.98,13.39,1990-02-17,"WI-433247",45.25,-88.5
-3.7,7.24,12.38,1990-02-18,"WI-433247",45.25,-88.5
-9.3,6.12,14.46,1990-02-19,"WI-433247",45.25,-88.5
-8.1,6.08,14.06,1990-02-20,"WI-433247",45.25,-88.5
1.6,6.38,11.38,1990-02-21,"WI-433247",45.25,-88.5
1.1,4.79,7.66,1990-02-22,"WI-433247",45.25,-88.5
-3.6,3.41,10.98,1990-02-23,"WI-433247",45.25,-88.5
-12.1,7.52,14.63,1990-02-24,"WI-433247",45.25,-88.5
-15.7,3.72,15.73,1990-02-25,"WI-433247",45.25,-88.5
-6.8,5.86,8.14,1990-02-26,"WI-433247",45.25,-88.5
-3.6,6.44,13.26,1990-02-27,"WI-433247",45.25,-88.5
-6.9,4.42,15.68,1990-02-28,"WI-433247",45.25,-88.5
2.4,8.23,16.17,1990-03-01,"WI-433247",45.25,-88.5
1.2,6.14,15.74,1990-03-02,"WI-433247",45.25,-88.5
-8.3,4.19,15.71,1990-03-03,"WI-433247",45.25,-88.5
-9.2,3.04,8.14,1990-03-04,"WI-433247",45.25,-88.5
-9.8,3.62,17.27,1990-03-05,"WI-433247",45.25,-88.5
-9.4,3.92,17.49,1990-03-06,"WI-433247",45.25,-88.5
-8,3.45,17.6,1990-03-07,"WI-433247",45.25,-88.5
-4,4.11,5.85,1990-03-08,"WI-433247",45.25,-88.5
2.8,3.47,9.7,1990-03-09,"WI-433247",45.25,-88.5
3.8,2.4,16.43,1990-03-10,"WI-433247",45.25,-88.5
1.1,5.05,1.43,1990-03-11,"WI-433247",45.25,-88.5
10.1,7.66,13.02,1990-03-12,"WI-433247",45.25,-88.5
11.1,4.43,15.38,1990-03-13,"WI-433247",45.25,-88.5
14,5.4,4.81,1990-03-14,"WI-433247",45.25,-88.5
11.6,10.26,8.01,1990-03-15,"WI-433247",45.25,-88.5
6.7,9.81,14.01,1990-03-16,"WI-433247",45.25,-88.5
0.2,6.1,8.14,1990-03-17,"WI-433247",45.25,-88.5
-3.8,5.64,15.54,1990-03-18,"WI-433247",45.25,-88.5
-5.4,3.4,19.09,1990-03-19,"WI-433247",45.25,-88.5
1.6,3.25,17.77,1990-03-20,"WI-433247",45.25,-88.5
3.5,3.05,9.78,1990-03-21,"WI-433247",45.25,-88.5
3.2,6.47,12.4,1990-03-22,"WI-433247",45.25,-88.5
-6.2,7.57,21.34,1990-03-23,"WI-433247",45.25,-88.5
-4.3,5.12,20.65,1990-03-24,"WI-433247",45.25,-88.5
1.3,8.31,18.59,1990-03-25,"WI-433247",45.25,-88.5
-2.3,5.61,20.76,1990-03-26,"WI-433247",45.25,-88.5
-0.8,2.78,21.73,1990-03-27,"WI-433247",45.25,-88.5
4,4.52,14.98,1990-03-28,"WI-433247",45.25,-88.5
4.9,4.94,18.71,1990-03-29,"WI-433247",45.25,-88.5
5.6,3.7,20.88,1990-03-30,"WI-433247",45.25,-88.5
6.5,3.08,21.05,1990-03-31,"WI-433247",45.25,-88.5
6.6,4.39,7.07,1990-04-01,"WI-433247",45.25,-88.5
0.4,7.61,18.2,1990-04-02,"WI-433247",45.25,-88.5
3.5,4.91,22.9,1990-04-03,"WI-433247",45.25,-88.5
5.6,6.33,19.59,1990-04-04,"WI-433247",45.25,-88.5
-0.8,6.53,17.8,1990-04-05,"WI-433247",45.25,-88.5
-2.5,5.05,20.68,1990-04-06,"WI-433247",45.25,-88.5
0.7,4.11,23.88,1990-04-07,"WI-433247",45.25,-88.5
6.6,4.44,21.54,1990-04-08,"WI-433247",45.25,-88.5
4.6,4.88,7.88,1990-04-09,"WI-433247",45.25,-88.5
3.8,5.91,18.62,1990-04-10,"WI-433247",45.25,-88.5
-0.7,5.23,17.76,1990-04-11,"WI-433247",45.25,-88.5
0.8,3.8,21.74,1990-04-12,"WI-433247",45.25,-88.5
5.9,4.97,20.02,1990-04-13,"WI-433247",45.25,-88.5
9.1,4.92,18.56,1990-04-14,"WI-433247",45.25,-88.5
5.6,6.23,21.74,1990-04-15,"WI-433247",45.25,-88.5
3,5.87,8.86,1990-04-16,"WI-433247",45.25,-88.5
1.1,6.74,23.45,1990-04-17,"WI-433247",45.25,-88.5
8,4.98,26.01,1990-04-18,"WI-433247",45.25,-88.5
9,7.24,16.59,1990-04-19,"WI-433247",45.25,-88.5
13.5,3.94,18.89,1990-04-20,"WI-433247",45.25,-88.5
13.9,3.91,21.91,1990-04-21,"WI-433247",45.25,-88.5
17.8,3.97,25.02,1990-04-22,"WI-433247",45.25,-88.5
18.2,5.93,23.63,1990-04-23,"WI-433247",45.25,-88.5
22.5,4.88,19.93,1990-04-24,"WI-433247",45.25,-88.5
24.9,6.83,23.9,1990-04-25,"WI-433247",45.25,-88.5
23.5,6.28,21.56,1990-04-26,"WI-433247",45.25,-88.5
22.1,6.22,21.43,1990-04-27,"WI-433247",45.25,-88.5
17.5,7.67,12.6,1990-04-28,"WI-433247",45.25,-88.5
13.8,4.44,24.27,1990-04-29,"WI-433247",45.25,-88.5
10.5,6.28,19.27,1990-04-30,"WI-433247",45.25,-88.5
5.5,8.09,20.66,1990-05-01,"WI-433247",45.25,-88.5
7,3.88,26.2,1990-05-02,"WI-433247",45.25,-88.5
10.7,3.41,25.81,1990-05-03,"WI-433247",45.25,-88.5
11,4.22,15.79,1990-05-04,"WI-433247",45.25,-88.5
11.9,4.25,24.68,1990-05-05,"WI-433247",45.25,-88.5
12,5.63,23.83,1990-05-06,"WI-433247",45.25,-88.5
19.6,6.62,26.4,1990-05-07,"WI-433247",45.25,-88.5
20.4,7.88,21.98,1990-05-08,"WI-433247",45.25,-88.5
5.7,7.13,3.42,1990-05-09,"WI-433247",45.25,-88.5
1.6,9.94,5.88,1990-05-10,"WI-433247",45.25,-88.5
7.6,4.76,29.24,1990-05-11,"WI-433247",45.25,-88.5
11.1,4.12,15.36,1990-05-12,"WI-433247",45.25,-88.5
12.6,3.51,24.94,1990-05-13,"WI-433247",45.25,-88.5
10.4,4.24,5.32,1990-05-14,"WI-433247",45.25,-88.5
11.2,5.9,21.07,1990-05-15,"WI-433247",45.25,-88.5
12,6.64,7.66,1990-05-16,"WI-433247",45.25,-88.5
10.8,8,16.52,1990-05-17,"WI-433247",45.25,-88.5
10.6,7.62,17,1990-05-18,"WI-433247",45.25,-88.5
6.5,5.73,5.4,1990-05-19,"WI-433247",45.25,-88.5
9.5,6.45,15.6,1990-05-20,"WI-433247",45.25,-88.5
11.4,3.44,21.82,1990-05-21,"WI-433247",45.25,-88.5
12.9,2.98,19.34,1990-05-22,"WI-433247",45.25,-88.5
13.2,2.8,13.92,1990-05-23,"WI-433247",45.25,-88.5
13.6,3.23,24.4,1990-05-24,"WI-433247",45.25,-88.5
13.7,5.25,22.65,1990-05-25,"WI-433247",45.25,-88.5
16.2,3.7,25.64,1990-05-26,"WI-433247",45.25,-88.5
17.1,2.47,24.2,1990-05-27,"WI-433247",45.25,-88.5
16.6,4.99,25.24,1990-05-28,"WI-433247",45.25,-88.5
12.4,4.39,31.27,1990-05-29,"WI-433247",45.25,-88.5
13.2,2.91,30.94,1990-05-30,"WI-433247",45.25,-88.5
17.7,3.81,30.86,1990-05-31,"WI-433247",45.25,-88.5
18.7,4.94,17.34,1990-06-01,"WI-433247",45.25,-88.5
21,7.62,9.8,1990-06-02,"WI-433247",45.25,-88.5
8.7,7.92,3.79,1990-06-03,"WI-433247",45.25,-88.5
11.5,4.8,28.73,1990-06-04,"WI-433247",45.25,-88.5
10.4,6.82,9.88,1990-06-05,"WI-433247",45.25,-88.5
17.7,6.85,24.87,1990-06-06,"WI-433247",45.25,-88.5
19,3.86,26.41,1990-06-07,"WI-433247",45.25,-88.5
17.6,5,14.89,1990-06-08,"WI-433247",45.25,-88.5
18.4,6.89,18.25,1990-06-09,"WI-433247",45.25,-88.5
20,4.75,22.87,1990-06-10,"WI-433247",45.25,-88.5
18,4.91,21.06,1990-06-11,"WI-433247",45.25,-88.5
20.8,7.48,14.34,1990-06-12,"WI-433247",45.25,-88.5
22.8,5.66,14.94,1990-06-13,"WI-433247",45.25,-88.5
23.1,3.67,29.84,1990-06-14,"WI-433247",45.25,-88.5
19.5,3.5,22.2,1990-06-15,"WI-433247",45.25,-88.5
15.5,5.13,6.97,1990-06-16,"WI-433247",45.25,-88.5
21.8,7.08,16.08,1990-06-17,"WI-433247",45.25,-88.5
18.6,8.96,20.89,1990-06-18,"WI-433247",45.25,-88.5
14.5,4.06,28.17,1990-06-19,"WI-433247",45.25,-88.5
19.3,4.65,24.96,1990-06-20,"WI-433247",45.25,-88.5
20,6.62,21.93,1990-06-21,"WI-433247",45.25,-88.5
15.3,5.81,7.35,1990-06-22,"WI-433247",45.25,-88.5
16.3,7.74,19.45,1990-06-23,"WI-433247",45.25,-88.5
18.3,3.94,31.56,1990-06-24,"WI-433247",45.25,-88.5
22.2,4.04,21.44,1990-06-25,"WI-433247",45.25,-88.5
24,5.4,26.01,1990-06-26,"WI-433247",45.25,-88.5
16.8,3.02,10.58,1990-06-27,"WI-433247",45.25,-88.5
17.1,5.64,5.52,1990-06-28,"WI-433247",45.25,-88.5
22.8,2.94,18.37,1990-06-29,"WI-433247",45.25,-88.5
23.2,5.45,26.47,1990-06-30,"WI-433247",45.25,-88.5
19.7,3.21,29.2,1990-07-01,"WI-433247",45.25,-88.5
22.1,3.22,29.27,1990-07-02,"WI-433247",45.25,-88.5
25.9,6.4,28.68,1990-07-03,"WI-433247",45.25,-88.5
27.4,5.91,23.85,1990-07-04,"WI-433247",45.25,-88.5
19.7,4.75,15.45,1990-07-05,"WI-433247",45.25,-88.5
16.1,3.42,26.91,1990-07-06,"WI-433247",45.25,-88.5
15.8,6,12.93,1990-07-07,"WI-433247",45.25,-88.5
22.8,6.64,15.42,1990-07-08,"WI-433247",45.25,-88.5
22,4.14,22.54,1990-07-09,"WI-433247",45.25,-88.5
19.7,3.86,22.57,1990-07-10,"WI-433247",45.25,-88.5
17.3,4.7,23.11,1990-07-11,"WI-433247",45.25,-88.5
17.2,6.01,27.36,1990-07-12,"WI-433247",45.25,-88.5
17.6,3.72,30.08,1990-07-13,"WI-433247",45.25,-88.5
16.7,4.6,21.97,1990-07-14,"WI-433247",45.25,-88.5
17.3,3.18,17.72,1990-07-15,"WI-433247",45.25,-88.5
21.3,4.48,23.35,1990-07-16,"WI-433247",45.25,-88.5
23.3,7.56,24.56,1990-07-17,"WI-433247",45.25,-88.5
25.4,7.17,27.88,1990-07-18,"WI-433247",45.25,-88.5
20.4,2.73,8.73,1990-07-19,"WI-433247",45.25,-88.5
21.2,4.06,23.29,1990-07-20,"WI-433247",45.25,-88.5
19.4,3.02,18.64,1990-07-21,"WI-433247",45.25,-88.5
17.2,2.58,14.98,1990-07-22,"WI-433247",45.25,-88.5
18.1,2.21,21.23,1990-07-23,"WI-433247",45.25,-88.5
19.8,2.47,22.38,1990-07-24,"WI-433247",45.25,-88.5
22,3.21,23.73,1990-07-25,"WI-433247",45.25,-88.5
23.3,4.92,20.21,1990-07-26,"WI-433247",45.25,-88.5
20.9,4.53,7.07,1990-07-27,"WI-433247",45.25,-88.5
22.2,3.54,11.11,1990-07-28,"WI-433247",45.25,-88.5
22,3.69,7.83,1990-07-29,"WI-433247",45.25,-88.5
18.6,5.2,25.39,1990-07-30,"WI-433247",45.25,-88.5
17.1,3.59,24.34,1990-07-31,"WI-433247",45.25,-88.5
19.8,3.74,27.68,1990-08-01,"WI-433247",45.25,-88.5
20.3,4.43,28.03,1990-08-02,"WI-433247",45.25,-88.5
20.4,3.04,11.22,1990-08-03,"WI-433247",45.25,-88.5
21.1,4.36,15.39,1990-08-04,"WI-433247",45.25,-88.5
16.9,4.95,21.23,1990-08-05,"WI-433247",45.25,-88.5
14.8,4.64,14.5,1990-08-06,"WI-433247",45.25,-88.5
17.2,3.42,24.99,1990-08-07,"WI-433247",45.25,-88.5
21,5,26.11,1990-08-08,"WI-433247",45.25,-88.5
21,5.11,21.86,1990-08-09,"WI-433247",45.25,-88.5
18.2,4,18.05,1990-08-10,"WI-433247",45.25,-88.5
16.1,2.06,10.68,1990-08-11,"WI-433247",45.25,-88.5
15.3,3.18,11.7,1990-08-12,"WI-433247",45.25,-88.5
15.9,3,26.12,1990-08-13,"WI-433247",45.25,-88.5
20.2,6.26,20.48,1990-08-14,"WI-433247",45.25,-88.5
21.2,3.08,18.63,1990-08-15,"WI-433247",45.25,-88.5
22.9,4.1,20.06,1990-08-16,"WI-433247",45.25,-88.5
22.7,3.45,14.21,1990-08-17,"WI-433247",45.25,-88.5
18.7,6.88,2.34,1990-08-18,"WI-433247",45.25,-88.5
13.3,6.27,3.28,1990-08-19,"WI-433247",45.25,-88.5
15.7,4.59,7.44,1990-08-20,"WI-433247",45.25,-88.5
16.4,3.45,18.35,1990-08-21,"WI-433247",45.25,-88.5
17.2,2.7,18.89,1990-08-22,"WI-433247",45.25,-88.5
17.8,3.52,17.33,1990-08-23,"WI-433247",45.25,-88.5
21.5,3.22,8.86,1990-08-24,"WI-433247",45.25,-88.5
22.9,5.28,9.59,1990-08-25,"WI-433247",45.25,-88.5
21.9,4.3,11.17,1990-08-26,"WI-433247",45.25,-88.5
21.8,4.6,8.26,1990-08-27,"WI-433247",45.25,-88.5
22.6,5.66,20.41,1990-08-28,"WI-433247",45.25,-88.5
18.6,3.86,19.12,1990-08-29,"WI-433247",45.25,-88.5
19.2,3.02,22.55,1990-08-30,"WI-433247",45.25,-88.5
18.8,4.6,14.64,1990-08-31,"WI-433247",45.25,-88.5
22,4.34,22.74,1990-09-01,"WI-433247",45.25,-88.5
18.7,3.04,17.35,1990-09-02,"WI-433247",45.25,-88.5
17.2,4.08,14.32,1990-09-03,"WI-433247",45.25,-88.5
22.8,5.15,12.95,1990-09-04,"WI-433247",45.25,-88.5
20.4,4.18,18.97,1990-09-05,"WI-433247",45.25,-88.5
21.1,3.62,12.57,1990-09-06,"WI-433247",45.25,-88.5
15.9,5.06,13.73,1990-09-07,"WI-433247",45.25,-88.5
16.2,3.31,13.36,1990-09-08,"WI-433247",45.25,-88.5
19.4,3.61,14.16,1990-09-09,"WI-433247",45.25,-88.5
18,3.13,16.83,1990-09-10,"WI-433247",45.25,-88.5
16.3,4.61,13.53,1990-09-11,"WI-433247",45.25,-88.5
20.5,5.66,15.77,1990-09-12,"WI-433247",45.25,-88.5
21.7,5.69,18.36,1990-09-13,"WI-433247",45.25,-88.5
15.1,6.71,8.62,1990-09-14,"WI-433247",45.25,-88.5
11.5,4.08,6.82,1990-09-15,"WI-433247",45.25,-88.5
9.8,5.39,10.85,1990-09-16,"WI-433247",45.25,-88.5
8.5,2.56,13.67,1990-09-17,"WI-433247",45.25,-88.5
10.4,4.32,9.08,1990-09-18,"WI-433247",45.25,-88.5
13.5,4.66,15.45,1990-09-19,"WI-433247",45.25,-88.5
12.6,2.87,14.45,1990-09-20,"WI-433247",45.25,-88.5
14,5.83,6.37,1990-09-21,"WI-433247",45.25,-88.5
8.3,7.67,7.26,1990-09-22,"WI-433247",45.25,-88.5
7.5,7.13,15.58,1990-09-23,"WI-433247",45.25,-88.5
13,6.15,16.86,1990-09-24,"WI-433247",45.25,-88.5
16.8,5.55,17.71,1990-09-25,"WI-433247",45.25,-88.5
15.6,3.02,16.19,1990-09-26,"WI-433247",45.25,-88.5
16,4.2,16.68,1990-09-27,"WI-433247",45.25,-88.5
13.4,3.3,13.22,1990-09-28,"WI-433247",45.25,-88.5
9.8,2.56,6.24,1990-09-29,"WI-433247",45.25,-88.5
8.8,3.77,10.06,1990-09-30,"WI-433247",45.25,-88.5
10.9,7.89,14.35,1990-10-01,"WI-433247",45.25,-88.5
11.4,4.46,16.45,1990-10-02,"WI-433247",45.25,-88.5
14.4,9.29,1.81,1990-10-03,"WI-433247",45.25,-88.5
11.4,10.01,15.27,1990-10-04,"WI-433247",45.25,-88.5
13.9,5.51,15.22,1990-10-05,"WI-433247",45.25,-88.5
14.9,5.19,11.68,1990-10-06,"WI-433247",45.25,-88.5
7.1,4.35,11.22,1990-10-07,"WI-433247",45.25,-88.5
3.4,3.57,5.01,1990-10-08,"WI-433247",45.25,-88.5
4.9,5.56,10.44,1990-10-09,"WI-433247",45.25,-88.5
1.9,5.74,2.62,1990-10-10,"WI-433247",45.25,-88.5
4.7,4.75,15.12,1990-10-11,"WI-433247",45.25,-88.5
5.2,3.26,3.74,1990-10-12,"WI-433247",45.25,-88.5
3.5,3.6,10.34,1990-10-13,"WI-433247",45.25,-88.5
9.8,4.81,9.72,1990-10-14,"WI-433247",45.25,-88.5
7.9,6.1,12.91,1990-10-15,"WI-433247",45.25,-88.5
10.1,4.96,12.45,1990-10-16,"WI-433247",45.25,-88.5
13.2,4.87,2.56,1990-10-17,"WI-433247",45.25,-88.5
3.3,10.84,4.8,1990-10-18,"WI-433247",45.25,-88.5
0.9,3.98,10.71,1990-10-19,"WI-433247",45.25,-88.5
7.1,4.83,10.42,1990-10-20,"WI-433247",45.25,-88.5
6.5,5.23,3.85,1990-10-21,"WI-433247",45.25,-88.5
4.1,4,11.97,1990-10-22,"WI-433247",45.25,-88.5
8.5,4.72,11.28,1990-10-23,"WI-433247",45.25,-88.5
5,5.05,9,1990-10-24,"WI-433247",45.25,-88.5
1.9,3.42,10.98,1990-10-25,"WI-433247",45.25,-88.5
4.5,5.44,11.85,1990-10-26,"WI-433247",45.25,-88.5
7.3,8.51,9.88,1990-10-27,"WI-433247",45.25,-88.5
2.3,5.77,11.05,1990-10-28,"WI-433247",45.25,-88.5
4.7,4.4,11.52,1990-10-29,"WI-433247",45.25,-88.5
6.9,3.61,11.16,1990-10-30,"WI-433247",45.25,-88.5
5.3,2.91,9.29,1990-10-31,"WI-433247",45.25,-88.5
13,5.36,9.48,1990-11-01,"WI-433247",45.25,-88.5
15.5,5.26,10.17,1990-11-02,"WI-433247",45.25,-88.5
6.3,3.76,1.16,1990-11-03,"WI-433247",45.25,-88.5
1.5,4.24,7.2,1990-11-04,"WI-433247",45.25,-88.5
0,5.69,1.83,1990-11-05,"WI-433247",45.25,-88.5
0.9,3.66,5.88,1990-11-06,"WI-433247",45.25,-88.5
-1.2,4.9,8.86,1990-11-07,"WI-433247",45.25,-88.5
-2.5,4.46,6.01,1990-11-08,"WI-433247",45.25,-88.5
0.3,5,5.63,1990-11-09,"WI-433247",45.25,-88.5
-0.2,7.22,8.37,1990-11-10,"WI-433247",45.25,-88.5
-0.6,8.13,6.63,1990-11-11,"WI-433247",45.25,-88.5
-1.5,4.38,9.09,1990-11-12,"WI-433247",45.25,-88.5
-2,2.82,8.95,1990-11-13,"WI-433247",45.25,-88.5
5.8,5.75,9.18,1990-11-14,"WI-433247",45.25,-88.5
11.9,5.49,8.73,1990-11-15,"WI-433247",45.25,-88.5
6.5,6.5,5.9,1990-11-16,"WI-433247",45.25,-88.5
2.3,3.61,8.76,1990-11-17,"WI-433247",45.25,-88.5
4.2,5.04,6.27,1990-11-18,"WI-433247",45.25,-88.5
5.1,3.05,8.35,1990-11-19,"WI-433247",45.25,-88.5
2.9,5.77,3.23,1990-11-20,"WI-433247",45.25,-88.5
11.9,7.57,0.89,1990-11-21,"WI-433247",45.25,-88.5
5.7,7.6,8.18,1990-11-22,"WI-433247",45.25,-88.5
0.7,7.15,3.74,1990-11-23,"WI-433247",45.25,-88.5
-2.4,6.72,3.19,1990-11-24,"WI-433247",45.25,-88.5
-2.6,7.57,4.73,1990-11-25,"WI-433247",45.25,-88.5
-1.4,5.57,5.5,1990-11-26,"WI-433247",45.25,-88.5
7.8,4.72,1.89,1990-11-27,"WI-433247",45.25,-88.5
-0.5,6.71,3.07,1990-11-28,"WI-433247",45.25,-88.5
-4,5.53,7.56,1990-11-29,"WI-433247",45.25,-88.5
1,6.22,6.56,1990-11-30,"WI-433247",45.25,-88.5
1.5,5.33,7.11,1990-12-01,"WI-433247",45.25,-88.5
-4.8,5.06,6.62,1990-12-02,"WI-433247",45.25,-88.5
-5.3,10.16,1.02,1990-12-03,"WI-433247",45.25,-88.5
-7.6,7.91,5.33,1990-12-04,"WI-433247",45.25,-88.5
-7.3,4.88,5.73,1990-12-05,"WI-433247",45.25,-88.5
-2.6,5.61,7.52,1990-12-06,"WI-433247",45.25,-88.5
-1.4,5.02,5.47,1990-12-07,"WI-433247",45.25,-88.5
-0.1,4.27,6.89,1990-12-08,"WI-433247",45.25,-88.5
3.6,6.07,6.54,1990-12-09,"WI-433247",45.25,-88.5
0.4,4.11,4.16,1990-12-10,"WI-433247",45.25,-88.5
0.8,3.62,3.54,1990-12-11,"WI-433247",45.25,-88.5
1.4,6.5,2.46,1990-12-12,"WI-433247",45.25,-88.5
-5.1,7.08,4.06,1990-12-13,"WI-433247",45.25,-88.5
-7.1,5.37,4.96,1990-12-14,"WI-433247",45.25,-88.5
-1.5,4.92,1.53,1990-12-15,"WI-433247",45.25,-88.5
-2.8,3.81,4.65,1990-12-16,"WI-433247",45.25,-88.5
-1.7,3.61,1.43,1990-12-17,"WI-433247",45.25,-88.5
-4.7,4.67,5.15,1990-12-18,"WI-433247",45.25,-88.5
-9.2,3.54,6.24,1990-12-19,"WI-433247",45.25,-88.5
0.6,5.48,1.73,1990-12-20,"WI-433247",45.25,-88.5
-2,2.69,3.19,1990-12-21,"WI-433247",45.25,-88.5
-13.8,5.8,5.11,1990-12-22,"WI-433247",45.25,-88.5
-23,4.18,7.15,1990-12-23,"WI-433247",45.25,-88.5
-20.5,5,7.38,1990-12-24,"WI-433247",45.25,-88.5
-16.3,5.55,6.08,1990-12-25,"WI-433247",45.25,-88.5
-24.2,4.77,7.56,1990-12-26,"WI-433247",45.25,-88.5
-12.9,4.92,6.27,1990-12-27,"WI-433247",45.25,-88.5
-3.7,4.85,2.33,1990-12-28,"WI-433247",45.25,-88.5
-4.6,4.06,3.83,1990-12-29,"WI-433247",45.25,-88.5
-16.2,4.6,4.14,1990-12-30,"WI-433247",45.25,-88.5
-18.3,4.61,7.35,1990-12-31,"WI-433247",45.25,-88.5
-8.7,4.82,6.22,1991-01-01,"WI-433247",45.25,-88.5
-17.1,4.43,5.3,1991-01-02,"WI-433247",45.25,-88.5
-18.2,4.9,7.63,1991-01-03,"WI-433247",45.25,-88.5
-16.1,5.21,7.71,1991-01-04,"WI-433247",45.25,-88.5
-11.2,3.37,3.8,1991-01-05,"WI-433247",45.25,-88.5
-13.1,3.61,7.46,1991-01-06,"WI-433247",45.25,-88.5
-17.1,3.41,7.61,1991-01-07,"WI-433247",45.25,-88.5
-6.7,3.77,1.55,1991-01-08,"WI-433247",45.25,-88.5
-8.1,3.11,4.9,1991-01-09,"WI-433247",45.25,-88.5
-12.8,4.4,3.84,1991-01-10,"WI-433247",45.25,-88.5
-5.2,4.1,3.14,1991-01-11,"WI-433247",45.25,-88.5
-4.2,3.61,4.68,1991-01-12,"WI-433247",45.25,-88.5
-6.6,4.47,3.96,1991-01-13,"WI-433247",45.25,-88.5
-1.3,4.82,3.82,1991-01-14,"WI-433247",45.25,-88.5
-4.5,2.39,7.57,1991-01-15,"WI-433247",45.25,-88.5
-3.8,3.69,6.63,1991-01-16,"WI-433247",45.25,-88.5
-2.8,4.7,4.08,1991-01-17,"WI-433247",45.25,-88.5
-4.1,6.61,7.37,1991-01-18,"WI-433247",45.25,-88.5
1.4,6.93,6.66,1991-01-19,"WI-433247",45.25,-88.5
-8.1,5.11,5.35,1991-01-20,"WI-433247",45.25,-88.5
-16.1,4.2,8.67,1991-01-21,"WI-433247",45.25,-88.5
-16.3,6.62,4.52,1991-01-22,"WI-433247",45.25,-88.5
-10.5,6.52,7.14,1991-01-23,"WI-433247",45.25,-88.5
-18.2,4.05,9.73,1991-01-24,"WI-433247",45.25,-88.5
-18.6,4.95,9.99,1991-01-25,"WI-433247",45.25,-88.5
-12.4,7.13,7.18,1991-01-26,"WI-433247",45.25,-88.5
-7.3,7.95,8,1991-01-27,"WI-433247",45.25,-88.5
-8.5,6.87,9.42,1991-01-28,"WI-433247",45.25,-88.5
-17.9,2.66,6.19,1991-01-29,"WI-433247",45.25,-88.5
-19.6,3.8,6.05,1991-01-30,"WI-433247",45.25,-88.5
-12.4,5.82,9.83,1991-01-31,"WI-433247",45.25,-88.5
-10.8,3.81,8.09,1991-02-01,"WI-433247",45.25,-88.5
-0.3,4.76,10.48,1991-02-02,"WI-433247",45.25,-88.5
4.1,5.8,10.17,1991-02-03,"WI-433247",45.25,-88.5
4.5,5.82,10.49,1991-02-04,"WI-433247",45.25,-88.5
2.9,3.64,9.3,1991-02-05,"WI-433247",45.25,-88.5
1,3.52,7.47,1991-02-06,"WI-433247",45.25,-88.5
2.8,4.55,11.31,1991-02-07,"WI-433247",45.25,-88.5
4.5,6.41,11.51,1991-02-08,"WI-433247",45.25,-88.5
1.9,4.19,11.72,1991-02-09,"WI-433247",45.25,-88.5
-6,6.6,11.87,1991-02-10,"WI-433247",45.25,-88.5
-10.8,4.64,12.5,1991-02-11,"WI-433247",45.25,-88.5
-8.4,4.84,6.24,1991-02-12,"WI-433247",45.25,-88.5
-5.4,3.58,10.75,1991-02-13,"WI-433247",45.25,-88.5
-9.1,7.43,6.6,1991-02-14,"WI-433247",45.25,-88.5
-15.2,7.19,13.48,1991-02-15,"WI-433247",45.25,-88.5
-10,6.54,8.58,1991-02-16,"WI-433247",45.25,-88.5
-7.2,3.06,13.71,1991-02-17,"WI-433247",45.25,-88.5
-3.9,5,5.66,1991-02-18,"WI-433247",45.25,-88.5
-0.8,5.81,6.76,1991-02-19,"WI-433247",45.25,-88.5
-1.9,4.74,9.08,1991-02-20,"WI-433247",45.25,-88.5
2.1,5.98,13.06,1991-02-21,"WI-433247",45.25,-88.5
-5.9,6.86,14.27,1991-02-22,"WI-433247",45.25,-88.5
-10.7,3.89,6.8,1991-02-23,"WI-433247",45.25,-88.5
-8.3,4.68,13.21,1991-02-24,"WI-433247",45.25,-88.5
-12.4,3.42,15.43,1991-02-25,"WI-433247",45.25,-88.5
-11,4.33,11.35,1991-02-26,"WI-433247",45.25,-88.5
-10.9,4.94,11.18,1991-02-27,"WI-433247",45.25,-88.5
-6.4,3.98,9.35,1991-02-28,"WI-433247",45.25,-88.5
0.1,4.07,4.99,1991-03-01,"WI-433247",45.25,-88.5
-5.8,8.02,9.21,1991-03-02,"WI-433247",45.25,-88.5
-9.5,3.77,15.63,1991-03-03,"WI-433247",45.25,-88.5
-5.1,2.79,15.99,1991-03-04,"WI-433247",45.25,-88.5
1.4,5.2,9.64,1991-03-05,"WI-433247",45.25,-88.5
-0.4,7.63,4.01,1991-03-06,"WI-433247",45.25,-88.5
-8.2,5.5,17.43,1991-03-07,"WI-433247",45.25,-88.5
-3.1,4.24,14.19,1991-03-08,"WI-433247",45.25,-88.5
-0.1,6.82,11.67,1991-03-09,"WI-433247",45.25,-88.5
-2.4,3.13,17.99,1991-03-10,"WI-433247",45.25,-88.5
-2,5.81,11.88,1991-03-11,"WI-433247",45.25,-88.5
-3.4,6.32,17.55,1991-03-12,"WI-433247",45.25,-88.5
-1.3,6.04,18.91,1991-03-13,"WI-433247",45.25,-88.5
-1.2,4.7,19.1,1991-03-14,"WI-433247",45.25,-88.5
0.1,2.95,19.03,1991-03-15,"WI-433247",45.25,-88.5
2,3,14.08,1991-03-16,"WI-433247",45.25,-88.5
3.3,3.63,12.64,1991-03-17,"WI-433247",45.25,-88.5
4.1,4.12,10.27,1991-03-18,"WI-433247",45.25,-88.5
6.1,4.7,19.18,1991-03-19,"WI-433247",45.25,-88.5
3.3,5.06,13.74,1991-03-20,"WI-433247",45.25,-88.5
2.3,5.5,6.02,1991-03-21,"WI-433247",45.25,-88.5
-0.2,6.51,3.97,1991-03-22,"WI-433247",45.25,-88.5
3,7.72,6.85,1991-03-23,"WI-433247",45.25,-88.5
2.8,5.31,11.67,1991-03-24,"WI-433247",45.25,-88.5
5.7,4.24,20,1991-03-25,"WI-433247",45.25,-88.5
11.3,5.05,14.77,1991-03-26,"WI-433247",45.25,-88.5
10.7,7.96,5.67,1991-03-27,"WI-433247",45.25,-88.5
-1.5,7.78,15.2,1991-03-28,"WI-433247",45.25,-88.5
-3.7,5.19,21.78,1991-03-29,"WI-433247",45.25,-88.5
-2,4.39,22.07,1991-03-30,"WI-433247",45.25,-88.5
2.6,5.39,15.74,1991-03-31,"WI-433247",45.25,-88.5
1.4,5.09,21.27,1991-04-01,"WI-433247",45.25,-88.5
3.8,3.89,22.73,1991-04-02,"WI-433247",45.25,-88.5
8.3,3.89,21.76,1991-04-03,"WI-433247",45.25,-88.5
10.7,3.62,11.16,1991-04-04,"WI-433247",45.25,-88.5
16,5.5,20.66,1991-04-05,"WI-433247",45.25,-88.5
21.2,6.15,21.46,1991-04-06,"WI-433247",45.25,-88.5
21.6,6.18,21.96,1991-04-07,"WI-433247",45.25,-88.5
8.8,5.23,5.92,1991-04-08,"WI-433247",45.25,-88.5
0.4,7.1,2.75,1991-04-09,"WI-433247",45.25,-88.5
1.2,7.03,24.21,1991-04-10,"WI-433247",45.25,-88.5
0.6,4.1,19.76,1991-04-11,"WI-433247",45.25,-88.5
1.3,5.19,7.71,1991-04-12,"WI-433247",45.25,-88.5
3.1,5.75,18.43,1991-04-13,"WI-433247",45.25,-88.5
3.4,6.18,2.6,1991-04-14,"WI-433247",45.25,-88.5
5.7,4.57,10.73,1991-04-15,"WI-433247",45.25,-88.5
7.1,6.26,18.15,1991-04-16,"WI-433247",45.25,-88.5
8.6,3.5,22.75,1991-04-17,"WI-433247",45.25,-88.5
8.7,2.92,17.54,1991-04-18,"WI-433247",45.25,-88.5
6.5,5.83,15.44,1991-04-19,"WI-433247",45.25,-88.5
4.9,4.1,26.51,1991-04-20,"WI-433247",45.25,-88.5
7.1,3.01,26.64,1991-04-21,"WI-433247",45.25,-88.5
8.6,3.22,24.98,1991-04-22,"WI-433247",45.25,-88.5
6.7,4.14,8.78,1991-04-23,"WI-433247",45.25,-88.5
10.7,3.94,25.55,1991-04-24,"WI-433247",45.25,-88.5
13.1,4.71,23.07,1991-04-25,"WI-433247",45.25,-88.5
13.5,5.02,20.46,1991-04-26,"WI-433247",45.25,-88.5
14.8,6.34,9.24,1991-04-27,"WI-433247",45.25,-88.5
17.2,3.89,25.48,1991-04-28,"WI-433247",45.25,-88.5
13.9,5.96,4.91,1991-04-29,"WI-433247",45.25,-88.5
9.6,9.55,11.54,1991-04-30,"WI-433247",45.25,-88.5
6.2,8.13,10.46,1991-05-01,"WI-433247",45.25,-88.5
5.9,5.89,14.25,1991-05-02,"WI-433247",45.25,-88.5
5.5,4.44,24.71,1991-05-03,"WI-433247",45.25,-88.5
5.9,4.34,9.18,1991-05-04,"WI-433247",45.25,-88.5
5.9,6.02,9.01,1991-05-05,"WI-433247",45.25,-88.5
6.1,7.61,8.73,1991-05-06,"WI-433247",45.25,-88.5
6.7,5.55,12.02,1991-05-07,"WI-433247",45.25,-88.5
5.8,3.12,11.17,1991-05-08,"WI-433247",45.25,-88.5
11.7,2.84,20.1,1991-05-09,"WI-433247",45.25,-88.5
17.5,4.64,25.53,1991-05-10,"WI-433247",45.25,-88.5
20.4,4.58,16.43,1991-05-11,"WI-433247",45.25,-88.5
23.3,3.05,20.62,1991-05-12,"WI-433247",45.25,-88.5
23.3,4.82,24.27,1991-05-13,"WI-433247",45.25,-88.5
22.8,4.02,28.54,1991-05-14,"WI-433247",45.25,-88.5
21.9,3.29,21.75,1991-05-15,"WI-433247",45.25,-88.5
20.9,3.26,13.41,1991-05-16,"WI-433247",45.25,-88.5
9.9,5.82,7.62,1991-05-17,"WI-433247",45.25,-88.5
8.2,5.85,21.85,1991-05-18,"WI-433247",45.25,-88.5
11.5,4.04,29.47,1991-05-19,"WI-433247",45.25,-88.5
15.3,3.07,29.45,1991-05-20,"WI-433247",45.25,-88.5
19.8,2.92,18.31,1991-05-21,"WI-433247",45.25,-88.5
21.5,3.61,18.56,1991-05-22,"WI-433247",45.25,-88.5
22.7,5.01,17.71,1991-05-23,"WI-433247",45.25,-88.5
22.2,3.61,16.74,1991-05-24,"WI-433247",45.25,-88.5
17.3,5.97,8.27,1991-05-25,"WI-433247",45.25,-88.5
19.1,6.53,14.82,1991-05-26,"WI-433247",45.25,-88.5
21.5,4.03,23.23,1991-05-27,"WI-433247",45.25,-88.5
21.3,4.06,15.73,1991-05-28,"WI-433247",45.25,-88.5
23.4,5.04,21.28,1991-05-29,"WI-433247",45.25,-88.5
21.9,3.24,16.82,1991-05-30,"WI-433247",45.25,-88.5
19.6,3.11,10.76,1991-05-31,"WI-433247",45.25,-88.5
20.2,3.45,24.83,1991-06-01,"WI-433247",45.25,-88.5
20.9,2.7,22.77,1991-06-02,"WI-433247",45.25,-88.5
19.1,5.19,22.4,1991-06-03,"WI-433247",45.25,-88.5
15.1,4.24,28.5,1991-06-04,"WI-433247",45.25,-88.5
16.6,3.41,25.86,1991-06-05,"WI-433247",45.25,-88.5
17.7,2.6,28.68,1991-06-06,"WI-433247",45.25,-88.5
19.9,2.81,23.79,1991-06-07,"WI-433247",45.25,-88.5
21,3.1,27.26,1991-06-08,"WI-433247",45.25,-88.5
21.8,5.09,19.29,1991-06-09,"WI-433247",45.25,-88.5
22.2,6.01,16.93,1991-06-10,"WI-433247",45.25,-88.5
20.8,4.26,24.24,1991-06-11,"WI-433247",45.25,-88.5
17.2,3.86,26.84,1991-06-12,"WI-433247",45.25,-88.5
19,4.03,27.16,1991-06-13,"WI-433247",45.25,-88.5
21.4,5,14.32,1991-06-14,"WI-433247",45.25,-88.5
21,5.36,10.44,1991-06-15,"WI-433247",45.25,-88.5
21.4,6.04,30.79,1991-06-16,"WI-433247",45.25,-88.5
21.5,3.04,30.25,1991-06-17,"WI-433247",45.25,-88.5
22.6,3.54,28.85,1991-06-18,"WI-433247",45.25,-88.5
23.3,3.31,30.1,1991-06-19,"WI-433247",45.25,-88.5
21.4,4.08,23.25,1991-06-20,"WI-433247",45.25,-88.5
14.7,5.33,12.41,1991-06-21,"WI-433247",45.25,-88.5
15.4,5.92,24.47,1991-06-22,"WI-433247",45.25,-88.5
16.5,4.05,30.87,1991-06-23,"WI-433247",45.25,-88.5
19.2,3.08,30.33,1991-06-24,"WI-433247",45.25,-88.5
22,3.53,24.52,1991-06-25,"WI-433247",45.25,-88.5
25.3,8.32,23.87,1991-06-26,"WI-433247",45.25,-88.5
29.6,6.44,27.14,1991-06-27,"WI-433247",45.25,-88.5
26.1,3.93,13.94,1991-06-28,"WI-433247",45.25,-88.5
24.3,4.54,24.15,1991-06-29,"WI-433247",45.25,-88.5
17,4.25,17.26,1991-06-30,"WI-433247",45.25,-88.5
16.3,4.91,8.09,1991-07-01,"WI-433247",45.25,-88.5
20.6,4.53,22.64,1991-07-02,"WI-433247",45.25,-88.5
19.5,3.62,19.51,1991-07-03,"WI-433247",45.25,-88.5
19.2,3.36,18.5,1991-07-04,"WI-433247",45.25,-88.5
20.9,4.39,21.94,1991-07-05,"WI-433247",45.25,-88.5
24.3,4.8,28.46,1991-07-06,"WI-433247",45.25,-88.5
21.7,4.41,22.44,1991-07-07,"WI-433247",45.25,-88.5
19.1,4.33,25.52,1991-07-08,"WI-433247",45.25,-88.5
19,2.33,22.85,1991-07-09,"WI-433247",45.25,-88.5
20.5,2.92,23.36,1991-07-10,"WI-433247",45.25,-88.5
20,3.22,20.73,1991-07-11,"WI-433247",45.25,-88.5
19.7,3.93,15.06,1991-07-12,"WI-433247",45.25,-88.5
18.6,5.57,23.34,1991-07-13,"WI-433247",45.25,-88.5
18.7,2.82,29.54,1991-07-14,"WI-433247",45.25,-88.5
21.2,4.02,28.38,1991-07-15,"WI-433247",45.25,-88.5
25.2,6.23,28.59,1991-07-16,"WI-433247",45.25,-88.5
25.5,5.5,23.6,1991-07-17,"WI-433247",45.25,-88.5
25.8,4.7,25.73,1991-07-18,"WI-433247",45.25,-88.5
26.5,5.22,21.07,1991-07-19,"WI-433247",45.25,-88.5
22.3,4.37,11.3,1991-07-20,"WI-433247",45.25,-88.5
22.3,3.76,15.46,1991-07-21,"WI-433247",45.25,-88.5
23.9,6.5,14.61,1991-07-22,"WI-433247",45.25,-88.5
20.9,6.26,28.07,1991-07-23,"WI-433247",45.25,-88.5
18.4,5.06,22.1,1991-07-24,"WI-433247",45.25,-88.5
15.2,2.92,20.06,1991-07-25,"WI-433247",45.25,-88.5
14.9,2.65,18.85,1991-07-26,"WI-433247",45.25,-88.5
16.5,2.16,20.9,1991-07-27,"WI-433247",45.25,-88.5
15.4,4.55,6.07,1991-07-28,"WI-433247",45.25,-88.5
15,5.14,11.04,1991-07-29,"WI-433247",45.25,-88.5
17.8,3.19,22.61,1991-07-30,"WI-433247",45.25,-88.5
21.5,5.39,21.94,1991-07-31,"WI-433247",45.25,-88.5
21.9,5.81,27.45,1991-08-01,"WI-433247",45.25,-88.5
16.9,2.83,3.12,1991-08-02,"WI-433247",45.25,-88.5
17.1,3.76,16.81,1991-08-03,"WI-433247",45.25,-88.5
17.1,4.41,26.76,1991-08-04,"WI-433247",45.25,-88.5
15.8,2.64,24.94,1991-08-05,"WI-433247",45.25,-88.5
16.5,4.4,19.58,1991-08-06,"WI-433247",45.25,-88.5
17.1,3.01,8.43,1991-08-07,"WI-433247",45.25,-88.5
17.6,4.16,14.54,1991-08-08,"WI-433247",45.25,-88.5
18.1,3.69,22.6,1991-08-09,"WI-433247",45.25,-88.5
19.9,4.15,26.09,1991-08-10,"WI-433247",45.25,-88.5
20,2.88,25.71,1991-08-11,"WI-433247",45.25,-88.5
20.6,2.5,23.47,1991-08-12,"WI-433247",45.25,-88.5
21.7,2.6,23.06,1991-08-13,"WI-433247",45.25,-88.5
23.4,2.87,21.99,1991-08-14,"WI-433247",45.25,-88.5
23.9,5.17,21.5,1991-08-15,"WI-433247",45.25,-88.5
22.5,5.11,17.71,1991-08-16,"WI-433247",45.25,-88.5
21.3,4.95,16.87,1991-08-17,"WI-433247",45.25,-88.5
16.6,4.11,13.03,1991-08-18,"WI-433247",45.25,-88.5
15.8,6.42,16.46,1991-08-19,"WI-433247",45.25,-88.5
15.8,2.32,24.46,1991-08-20,"WI-433247",45.25,-88.5
19.4,4.88,22.04,1991-08-21,"WI-433247",45.25,-88.5
21.3,4.32,24.35,1991-08-22,"WI-433247",45.25,-88.5
17.8,3.61,12.62,1991-08-23,"WI-433247",45.25,-88.5
20,4.39,13.98,1991-08-24,"WI-433247",45.25,-88.5
23.8,5.32,20.91,1991-08-25,"WI-433247",45.25,-88.5
26.9,6.3,20.1,1991-08-26,"WI-433247",45.25,-88.5
26.2,4.81,22.68,1991-08-27,"WI-433247",45.25,-88.5
26,3.45,22.6,1991-08-28,"WI-433247",45.25,-88.5
26.2,4.68,19.63,1991-08-29,"WI-433247",45.25,-88.5
26.7,5.02,21.92,1991-08-30,"WI-433247",45.25,-88.5
15.7,5.1,9.08,1991-08-31,"WI-433247",45.25,-88.5
14.5,3.5,20.91,1991-09-01,"WI-433247",45.25,-88.5
18.4,4.1,19.11,1991-09-02,"WI-433247",45.25,-88.5
20.3,6.59,11.4,1991-09-03,"WI-433247",45.25,-88.5
16.9,5.09,17.34,1991-09-04,"WI-433247",45.25,-88.5
14.9,5.1,13.49,1991-09-05,"WI-433247",45.25,-88.5
17.1,4.27,13.46,1991-09-06,"WI-433247",45.25,-88.5
19.4,3.21,11.99,1991-09-07,"WI-433247",45.25,-88.5
20.7,5.78,10.29,1991-09-08,"WI-433247",45.25,-88.5
21.8,6.65,8.76,1991-09-09,"WI-433247",45.25,-88.5
18.2,4.8,7.75,1991-09-10,"WI-433247",45.25,-88.5
13.4,2.44,11.26,1991-09-11,"WI-433247",45.25,-88.5
16,2.95,4.21,1991-09-12,"WI-433247",45.25,-88.5
19.5,2.46,13.88,1991-09-13,"WI-433247",45.25,-88.5
18.6,5.22,2.62,1991-09-14,"WI-433247",45.25,-88.5
23.7,4.92,12.24,1991-09-15,"WI-433247",45.25,-88.5
18.1,8.54,14.6,1991-09-16,"WI-433247",45.25,-88.5
14.1,4.61,14.24,1991-09-17,"WI-433247",45.25,-88.5
8.7,9.31,15.57,1991-09-18,"WI-433247",45.25,-88.5
5.1,4.85,12.54,1991-09-19,"WI-433247",45.25,-88.5
6.2,3.05,17.77,1991-09-20,"WI-433247",45.25,-88.5
8.9,4.95,19.42,1991-09-21,"WI-433247",45.25,-88.5
12,7,7.71,1991-09-22,"WI-433247",45.25,-88.5
8.8,7.46,11.06,1991-09-23,"WI-433247",45.25,-88.5
7.3,2.64,11.55,1991-09-24,"WI-433247",45.25,-88.5
8,6.69,9.1,1991-09-25,"WI-433247",45.25,-88.5
5.4,7.47,14.22,1991-09-26,"WI-433247",45.25,-88.5
3.3,3.86,10.95,1991-09-27,"WI-433247",45.25,-88.5
6.5,4.88,16.92,1991-09-28,"WI-433247",45.25,-88.5
6.7,4.1,16.25,1991-09-29,"WI-433247",45.25,-88.5
12.4,5.39,9.54,1991-09-30,"WI-433247",45.25,-88.5
8.6,3.74,4.45,1991-10-01,"WI-433247",45.25,-88.5
13.4,3.51,12.38,1991-10-02,"WI-433247",45.25,-88.5
9.1,3.18,11.24,1991-10-03,"WI-433247",45.25,-88.5
7,5.46,7.69,1991-10-04,"WI-433247",45.25,-88.5
5,8.66,5.96,1991-10-05,"WI-433247",45.25,-88.5
4.4,7.81,10.65,1991-10-06,"WI-433247",45.25,-88.5
5,4.62,13.05,1991-10-07,"WI-433247",45.25,-88.5
10.6,4.54,14.71,1991-10-08,"WI-433247",45.25,-88.5
11.5,5.62,13.84,1991-10-09,"WI-433247",45.25,-88.5
6.8,3.4,11.4,1991-10-10,"WI-433247",45.25,-88.5
8.7,5.32,13.25,1991-10-11,"WI-433247",45.25,-88.5
7.7,4.7,10.61,1991-10-12,"WI-433247",45.25,-88.5
5,4.92,11.75,1991-10-13,"WI-433247",45.25,-88.5
6.7,5.32,6.46,1991-10-14,"WI-433247",45.25,-88.5
2.3,5.63,10.23,1991-10-15,"WI-433247",45.25,-88.5
8.1,6.69,10.58,1991-10-16,"WI-433247",45.25,-88.5
15.1,7.38,13.25,1991-10-17,"WI-433247",45.25,-88.5
4.2,5.69,6.49,1991-10-18,"WI-433247",45.25,-88.5
1.8,4.6,13.25,1991-10-19,"WI-433247",45.25,-88.5
5.9,4.79,12.94,1991-10-20,"WI-433247",45.25,-88.5
9.3,5.8,10.98,1991-10-21,"WI-433247",45.25,-88.5
9.6,4.74,10.57,1991-10-22,"WI-433247",45.25,-88.5
16.2,4.7,11.21,1991-10-23,"WI-433247",45.25,-88.5
15.6,5.29,2.55,1991-10-24,"WI-433247",45.25,-88.5
7.9,4.39,6.14,1991-10-25,"WI-433247",45.25,-88.5
4.5,3.74,5.02,1991-10-26,"WI-433247",45.25,-88.5
5.2,3.6,7.58,1991-10-27,"WI-433247",45.25,-88.5
8.2,6.62,6.25,1991-10-28,"WI-433247",45.25,-88.5
10.7,5.66,1.54,1991-10-29,"WI-433247",45.25,-88.5
2.2,4.43,7.76,1991-10-30,"WI-433247",45.25,-88.5
1.1,4.05,5.82,1991-10-31,"WI-433247",45.25,-88.5
6.3,8.03,1.17,1991-11-01,"WI-433247",45.25,-88.5
-5.4,9.33,7.13,1991-11-02,"WI-433247",45.25,-88.5
-8.1,8.41,9.55,1991-11-03,"WI-433247",45.25,-88.5
-7.9,4.13,9.99,1991-11-04,"WI-433247",45.25,-88.5
-6.3,5.18,3.97,1991-11-05,"WI-433247",45.25,-88.5
-10.6,6.64,10.85,1991-11-06,"WI-433247",45.25,-88.5
-11.6,4.37,10.67,1991-11-07,"WI-433247",45.25,-88.5
-8.4,4.33,10.27,1991-11-08,"WI-433247",45.25,-88.5
-2.9,5.37,8.33,1991-11-09,"WI-433247",45.25,-88.5
-0.7,4.43,2.59,1991-11-10,"WI-433247",45.25,-88.5
-0.2,3.81,4.73,1991-11-11,"WI-433247",45.25,-88.5
-0.5,4.7,5.22,1991-11-12,"WI-433247",45.25,-88.5
3.1,4.67,8.27,1991-11-13,"WI-433247",45.25,-88.5
2.1,2.12,6.51,1991-11-14,"WI-433247",45.25,-88.5
3.9,4.79,4.5,1991-11-15,"WI-433247",45.25,-88.5
0.1,3.05,8.64,1991-11-16,"WI-433247",45.25,-88.5
0.5,4.74,7.74,1991-11-17,"WI-433247",45.25,-88.5
7.8,7.03,4.39,1991-11-18,"WI-433247",45.25,-88.5
4.5,3.98,6.82,1991-11-19,"WI-433247",45.25,-88.5
2.5,4.1,8.21,1991-11-20,"WI-433247",45.25,-88.5
3.3,4.8,3.39,1991-11-21,"WI-433247",45.25,-88.5
4.1,3.69,6.45,1991-11-22,"WI-433247",45.25,-88.5
0.2,6.34,1.44,1991-11-23,"WI-433247",45.25,-88.5
-3.9,7.74,5.38,1991-11-24,"WI-433247",45.25,-88.5
-7.2,4.1,5.83,1991-11-25,"WI-433247",45.25,-88.5
-9.7,4.46,7.02,1991-11-26,"WI-433247",45.25,-88.5
-2.9,6.52,3.91,1991-11-27,"WI-433247",45.25,-88.5
-7.4,4.5,5.64,1991-11-28,"WI-433247",45.25,-88.5
-3.4,4.63,1.97,1991-11-29,"WI-433247",45.25,-88.5
0.3,9.76,4.06,1991-11-30,"WI-433247",45.25,-88.5
-11.6,6.72,7.44,1991-12-01,"WI-433247",45.25,-88.5
-14.1,3.83,4.73,1991-12-02,"WI-433247",45.25,-88.5
-8,4.08,4.36,1991-12-03,"WI-433247",45.25,-88.5
-12.7,4.24,6.79,1991-12-04,"WI-433247",45.25,-88.5
-15.9,4.65,1.58,1991-12-05,"WI-433247",45.25,-88.5
-12.3,5.48,2.7,1991-12-06,"WI-433247",45.25,-88.5
1.6,6.21,6.47,1991-12-07,"WI-433247",45.25,-88.5
1.1,6.17,1.82,1991-12-08,"WI-433247",45.25,-88.5
-1,4.24,5.31,1991-12-09,"WI-433247",45.25,-88.5
0.4,5.88,6.18,1991-12-10,"WI-433247",45.25,-88.5
-1,4.52,6.94,1991-12-11,"WI-433247",45.25,-88.5
0.9,5.72,0.64,1991-12-12,"WI-433247",45.25,-88.5
-2.2,5.22,6.42,1991-12-13,"WI-433247",45.25,-88.5
-8.3,8.29,5.59,1991-12-14,"WI-433247",45.25,-88.5
-16.1,6.29,6.87,1991-12-15,"WI-433247",45.25,-88.5
-14.5,3.41,5.45,1991-12-16,"WI-433247",45.25,-88.5
-7,8.32,4.76,1991-12-17,"WI-433247",45.25,-88.5
-15,4.26,7.04,1991-12-18,"WI-433247",45.25,-88.5
-13.4,3.99,6.93,1991-12-19,"WI-433247",45.25,-88.5
-1.5,5.88,1.57,1991-12-20,"WI-433247",45.25,-88.5
-1.5,6.41,6.51,1991-12-21,"WI-433247",45.25,-88.5
0.6,6.91,6.51,1991-12-22,"WI-433247",45.25,-88.5
-2.7,5.39,4.58,1991-12-23,"WI-433247",45.25,-88.5
-3.2,5.83,6.63,1991-12-24,"WI-433247",45.25,-88.5
-5.8,4,6.13,1991-12-25,"WI-433247",45.25,-88.5
-1.3,4.43,4.67,1991-12-26,"WI-433247",45.25,-88.5
-2.1,2.62,4.35,1991-12-27,"WI-433247",45.25,-88.5
-3.9,2.69,4.54,1991-12-28,"WI-433247",45.25,-88.5
-3.6,3.04,4.35,1991-12-29,"WI-433247",45.25,-88.5
-1.6,2.98,2.55,1991-12-30,"WI-433247",45.25,-88.5
-1.2,2.18,2.59,1991-12-31,"WI-433247",45.25,-88.5
-1.2,2.14,2.78,1992-01-01,"WI-433247",45.25,-88.5
-0.5,2.4,1.83,1992-01-02,"WI-433247",45.25,-88.5
1.7,2.58,2.24,1992-01-03,"WI-433247",45.25,-88.5
0.9,4.02,4.84,1992-01-04,"WI-433247",45.25,-88.5
-1.7,2.67,2.99,1992-01-05,"WI-433247",45.25,-88.5
0.1,3.62,5.4,1992-01-06,"WI-433247",45.25,-88.5
-1.6,3.95,3.49,1992-01-07,"WI-433247",45.25,-88.5
-0.2,4.04,1.21,1992-01-08,"WI-433247",45.25,-88.5
-0.4,4.24,3.93,1992-01-09,"WI-433247",45.25,-88.5
-5.9,4.37,5.85,1992-01-10,"WI-433247",45.25,-88.5
-4.5,3.22,7.08,1992-01-11,"WI-433247",45.25,-88.5
0.8,4.22,5.32,1992-01-12,"WI-433247",45.25,-88.5
-4.6,5.01,4.24,1992-01-13,"WI-433247",45.25,-88.5
-12.6,4.95,8.19,1992-01-14,"WI-433247",45.25,-88.5
-19,4.31,8.06,1992-01-15,"WI-433247",45.25,-88.5
-18.2,4.08,5.76,1992-01-16,"WI-433247",45.25,-88.5
-13.5,6.8,7.8,1992-01-17,"WI-433247",45.25,-88.5
-20.6,5.95,8.61,1992-01-18,"WI-433247",45.25,-88.5
-18.4,3.91,2.69,1992-01-19,"WI-433247",45.25,-88.5
-11.4,6.66,7.28,1992-01-20,"WI-433247",45.25,-88.5
-5.6,5.81,8.17,1992-01-21,"WI-433247",45.25,-88.5
-3.9,3.26,2.76,1992-01-22,"WI-433247",45.25,-88.5
-2.3,7.42,3.59,1992-01-23,"WI-433247",45.25,-88.5
-13.8,7.38,9.3,1992-01-24,"WI-433247",45.25,-88.5
-12.6,3.14,8.87,1992-01-25,"WI-433247",45.25,-88.5
-11.6,3.18,5.6,1992-01-26,"WI-433247",45.25,-88.5
-5.2,3.91,7.55,1992-01-27,"WI-433247",45.25,-88.5
-8.1,4.92,9.06,1992-01-28,"WI-433247",45.25,-88.5
-2.4,5.11,7.31,1992-01-29,"WI-433247",45.25,-88.5
1.4,5.25,6.18,1992-01-30,"WI-433247",45.25,-88.5
-3.2,6.3,6.16,1992-01-31,"WI-433247",45.25,-88.5
-9.2,3.26,9.84,1992-02-01,"WI-433247",45.25,-88.5
-0.6,4.57,9.83,1992-02-02,"WI-433247",45.25,-88.5
-0.1,4.21,7.36,1992-02-03,"WI-433247",45.25,-88.5
-2.9,6.46,7.82,1992-02-04,"WI-433247",45.25,-88.5
-4.4,3.49,10.49,1992-02-05,"WI-433247",45.25,-88.5
-1.2,7.02,6.08,1992-02-06,"WI-433247",45.25,-88.5
-5.7,5.11,8.2,1992-02-07,"WI-433247",45.25,-88.5
-11.6,4.87,10.91,1992-02-08,"WI-433247",45.25,-88.5
-14.3,3.81,11.59,1992-02-09,"WI-433247",45.25,-88.5
-3,4.96,5.52,1992-02-10,"WI-433247",45.25,-88.5
-10.7,3.81,11.64,1992-02-11,"WI-433247",45.25,-88.5
-12.5,3.51,12.07,1992-02-12,"WI-433247",45.25,-88.5
-3.7,3.56,3.72,1992-02-13,"WI-433247",45.25,-88.5
-3.4,2.77,8.16,1992-02-14,"WI-433247",45.25,-88.5
-1.8,4.6,6.72,1992-02-15,"WI-433247",45.25,-88.5
-0.8,3.37,9.96,1992-02-16,"WI-433247",45.25,-88.5
-0.5,3.91,5.67,1992-02-17,"WI-433247",45.25,-88.5
-0.3,5.1,3.55,1992-02-18,"WI-433247",45.25,-88.5
0.6,4.72,8.51,1992-02-19,"WI-433247",45.25,-88.5
-1.5,6.79,3.21,1992-02-20,"WI-433247",45.25,-88.5
-4.9,5.78,11.71,1992-02-21,"WI-433247",45.25,-88.5
-2.1,2.91,4.55,1992-02-22,"WI-433247",45.25,-88.5
-1.1,3.04,5.98,1992-02-23,"WI-433247",45.25,-88.5
-1.8,3.41,3.38,1992-02-24,"WI-433247",45.25,-88.5
-1.5,4.88,9.44,1992-02-25,"WI-433247",45.25,-88.5
-0.9,5.21,12.71,1992-02-26,"WI-433247",45.25,-88.5
0.9,5.6,7.62,1992-02-27,"WI-433247",45.25,-88.5
-0.5,6.38,8.55,1992-02-28,"WI-433247",45.25,-88.5
-7.2,7.24,15.33,1992-02-29,"WI-433247",45.25,-88.5
4.3,7.03,14.79,1992-03-01,"WI-433247",45.25,-88.5
0.8,3.16,13.09,1992-03-02,"WI-433247",45.25,-88.5
0.2,2.34,11,1992-03-03,"WI-433247",45.25,-88.5
2,2,5.94,1992-03-04,"WI-433247",45.25,-88.5
2.3,5.13,4.44,1992-03-05,"WI-433247",45.25,-88.5
1.6,5.09,3.87,1992-03-06,"WI-433247",45.25,-88.5
3.2,2.69,4.88,1992-03-07,"WI-433247",45.25,-88.5
4.1,4.22,4.67,1992-03-08,"WI-433247",45.25,-88.5
-3.2,6.61,3.12,1992-03-09,"WI-433247",45.25,-88.5
-10.1,7.01,18.06,1992-03-10,"WI-433247",45.25,-88.5
-10.7,3.45,16.48,1992-03-11,"WI-433247",45.25,-88.5
-9.6,4.35,17.48,1992-03-12,"WI-433247",45.25,-88.5
-10.3,3.74,18.73,1992-03-13,"WI-433247",45.25,-88.5
-9.6,3.72,19.32,1992-03-14,"WI-433247",45.25,-88.5
-9.1,3.91,19.58,1992-03-15,"WI-433247",45.25,-88.5
-0.4,6.79,16.84,1992-03-16,"WI-433247",45.25,-88.5
-1.1,5.61,15,1992-03-17,"WI-433247",45.25,-88.5
-5.7,2.61,19.22,1992-03-18,"WI-433247",45.25,-88.5
-3.9,3.98,19.89,1992-03-19,"WI-433247",45.25,-88.5
-3.2,4.73,19.14,1992-03-20,"WI-433247",45.25,-88.5
-6.7,2.98,17.33,1992-03-21,"WI-433247",45.25,-88.5
-3.8,4.64,19.42,1992-03-22,"WI-433247",45.25,-88.5
0.4,3.26,14.14,1992-03-23,"WI-433247",45.25,-88.5
2.5,3.55,18.93,1992-03-24,"WI-433247",45.25,-88.5
4.8,6.46,15.43,1992-03-25,"WI-433247",45.25,-88.5
0,6.6,13.5,1992-03-26,"WI-433247",45.25,-88.5
-1.8,5.7,21.88,1992-03-27,"WI-433247",45.25,-88.5
0.8,3.13,20.12,1992-03-28,"WI-433247",45.25,-88.5
2,2.02,6.67,1992-03-29,"WI-433247",45.25,-88.5
4.9,5.72,20.65,1992-03-30,"WI-433247",45.25,-88.5
1.4,5.07,16.74,1992-03-31,"WI-433247",45.25,-88.5
-3.8,6.04,17.16,1992-04-01,"WI-433247",45.25,-88.5
-1.5,4.41,19.95,1992-04-02,"WI-433247",45.25,-88.5
3,2.84,13.75,1992-04-03,"WI-433247",45.25,-88.5
2.6,5.39,16.04,1992-04-04,"WI-433247",45.25,-88.5
4.6,4.21,22.01,1992-04-05,"WI-433247",45.25,-88.5
10.2,5.69,21.45,1992-04-06,"WI-433247",45.25,-88.5
8.1,5.88,21.33,1992-04-07,"WI-433247",45.25,-88.5
5,4.92,15.39,1992-04-08,"WI-433247",45.25,-88.5
7.3,5.02,19.59,1992-04-09,"WI-433247",45.25,-88.5
-0.2,6.51,5.67,1992-04-10,"WI-433247",45.25,-88.5
1.4,6.14,16.05,1992-04-11,"WI-433247",45.25,-88.5
-4.1,6.81,25.52,1992-04-12,"WI-433247",45.25,-88.5
-2.9,3.75,9.46,1992-04-13,"WI-433247",45.25,-88.5
2.4,2.98,17.79,1992-04-14,"WI-433247",45.25,-88.5
1.1,3.96,2.82,1992-04-15,"WI-433247",45.25,-88.5
2.7,4.84,4.87,1992-04-16,"WI-433247",45.25,-88.5
6.5,3.05,23.53,1992-04-17,"WI-433247",45.25,-88.5
5.8,3.9,4.82,1992-04-18,"WI-433247",45.25,-88.5
12.1,4.78,5.62,1992-04-19,"WI-433247",45.25,-88.5
15.9,5.52,10.47,1992-04-20,"WI-433247",45.25,-88.5
11.1,5.59,19.38,1992-04-21,"WI-433247",45.25,-88.5
5.1,5.44,9.7,1992-04-22,"WI-433247",45.25,-88.5
6.8,3.67,14.04,1992-04-23,"WI-433247",45.25,-88.5
4.2,3.32,4.92,1992-04-24,"WI-433247",45.25,-88.5
3.9,3.38,7.07,1992-04-25,"WI-433247",45.25,-88.5
4.9,4.73,16.04,1992-04-26,"WI-433247",45.25,-88.5
5.2,4.39,27.47,1992-04-27,"WI-433247",45.25,-88.5
8.4,5.78,23.38,1992-04-28,"WI-433247",45.25,-88.5
13.7,3.79,17.3,1992-04-29,"WI-433247",45.25,-88.5
9.5,3.94,20.22,1992-04-30,"WI-433247",45.25,-88.5
18.2,5.77,24.21,1992-05-01,"WI-433247",45.25,-88.5
16.3,9.53,23.32,1992-05-02,"WI-433247",45.25,-88.5
8.3,6.05,15.66,1992-05-03,"WI-433247",45.25,-88.5
7,3.42,19.3,1992-05-04,"WI-433247",45.25,-88.5
5.9,4.36,28.3,1992-05-05,"WI-433247",45.25,-88.5
9.1,4.72,28.09,1992-05-06,"WI-433247",45.25,-88.5
15.8,6.02,26.61,1992-05-07,"WI-433247",45.25,-88.5
17.8,3.88,28.2,1992-05-08,"WI-433247",45.25,-88.5
17.6,3.66,28.2,1992-05-09,"WI-433247",45.25,-88.5
18.3,5.51,27.31,1992-05-10,"WI-433247",45.25,-88.5
20.6,6.97,23.42,1992-05-11,"WI-433247",45.25,-88.5
18.9,4.44,11.37,1992-05-12,"WI-433247",45.25,-88.5
11.8,4.97,22.9,1992-05-13,"WI-433247",45.25,-88.5
9,3.98,20.19,1992-05-14,"WI-433247",45.25,-88.5
13,5.25,12.12,1992-05-15,"WI-433247",45.25,-88.5
16.8,8.2,13.99,1992-05-16,"WI-433247",45.25,-88.5
16.4,5.8,16.25,1992-05-17,"WI-433247",45.25,-88.5
10.9,3.12,29.52,1992-05-18,"WI-433247",45.25,-88.5
15,4.37,28.96,1992-05-19,"WI-433247",45.25,-88.5
19.9,3.71,28.9,1992-05-20,"WI-433247",45.25,-88.5
21.4,4.21,26.81,1992-05-21,"WI-433247",45.25,-88.5
22.3,5.24,24.47,1992-05-22,"WI-433247",45.25,-88.5
9.9,6.11,21.4,1992-05-23,"WI-433247",45.25,-88.5
5.4,5.16,26.68,1992-05-24,"WI-433247",45.25,-88.5
7.4,2.64,20.23,1992-05-25,"WI-433247",45.25,-88.5
9.5,2.82,23.45,1992-05-26,"WI-433247",45.25,-88.5
11.8,2.85,23.44,1992-05-27,"WI-433247",45.25,-88.5
14.7,3.26,22.39,1992-05-28,"WI-433247",45.25,-88.5
16.3,3.05,23.17,1992-05-29,"WI-433247",45.25,-88.5
16.6,2.3,19.11,1992-05-30,"WI-433247",45.25,-88.5
18.4,3.69,22.86,1992-05-31,"WI-433247",45.25,-88.5
16.7,2.62,27.3,1992-06-01,"WI-433247",45.25,-88.5
19.1,2.73,24.34,1992-06-02,"WI-433247",45.25,-88.5
21.2,3.04,23.71,1992-06-03,"WI-433247",45.25,-88.5
20.6,3.81,25.22,1992-06-04,"WI-433247",45.25,-88.5
20.6,3.47,25.77,1992-06-05,"WI-433247",45.25,-88.5
18.2,3.68,17.34,1992-06-06,"WI-433247",45.25,-88.5
15,4.28,16.68,1992-06-07,"WI-433247",45.25,-88.5
14.6,2.89,16.21,1992-06-08,"WI-433247",45.25,-88.5
17.2,3.11,25.47,1992-06-09,"WI-433247",45.25,-88.5
18.8,2.55,19.03,1992-06-10,"WI-433247",45.25,-88.5
22.8,2.01,23.62,1992-06-11,"WI-433247",45.25,-88.5
24.8,3.58,23.49,1992-06-12,"WI-433247",45.25,-88.5
24.8,4.05,24.92,1992-06-13,"WI-433247",45.25,-88.5
18.4,4.29,25.1,1992-06-14,"WI-433247",45.25,-88.5
16,4.43,20.49,1992-06-15,"WI-433247",45.25,-88.5
17.9,5.87,20.98,1992-06-16,"WI-433247",45.25,-88.5
20.6,7.92,11.92,1992-06-17,"WI-433247",45.25,-88.5
17.8,6.91,14.86,1992-06-18,"WI-433247",45.25,-88.5
10.5,4.84,24.92,1992-06-19,"WI-433247",45.25,-88.5
9.5,4.69,28.64,1992-06-20,"WI-433247",45.25,-88.5
11.2,3.63,31.29,1992-06-21,"WI-433247",45.25,-88.5
13,3.7,24.93,1992-06-22,"WI-433247",45.25,-88.5
10.8,4.19,4.72,1992-06-23,"WI-433247",45.25,-88.5
12.5,1.93,10.98,1992-06-24,"WI-433247",45.25,-88.5
13.6,2.52,15.45,1992-06-25,"WI-433247",45.25,-88.5
13.1,5.94,20.93,1992-06-26,"WI-433247",45.25,-88.5
14.7,3.11,30.48,1992-06-27,"WI-433247",45.25,-88.5
19.3,6.04,27.5,1992-06-28,"WI-433247",45.25,-88.5
16.6,3.4,18.78,1992-06-29,"WI-433247",45.25,-88.5
16.4,2.57,27.64,1992-06-30,"WI-433247",45.25,-88.5
16,4.73,21.64,1992-07-01,"WI-433247",45.25,-88.5
14,4.92,7.55,1992-07-02,"WI-433247",45.25,-88.5
16.5,7.02,15.42,1992-07-03,"WI-433247",45.25,-88.5
16.1,7.67,20.83,1992-07-04,"WI-433247",45.25,-88.5
15.5,6.11,19.29,1992-07-05,"WI-433247",45.25,-88.5
17.1,2.61,16.95,1992-07-06,"WI-433247",45.25,-88.5
18.5,4.4,13.57,1992-07-07,"WI-433247",45.25,-88.5
21,4.12,17.81,1992-07-08,"WI-433247",45.25,-88.5
20.7,4.44,21.63,1992-07-09,"WI-433247",45.25,-88.5
18.1,4.72,12.89,1992-07-10,"WI-433247",45.25,-88.5
15.4,3.2,12.39,1992-07-11,"WI-433247",45.25,-88.5
16.1,4.96,6.97,1992-07-12,"WI-433247",45.25,-88.5
14.6,3.5,18.13,1992-07-13,"WI-433247",45.25,-88.5
16.7,3.09,17.85,1992-07-14,"WI-433247",45.25,-88.5
18.1,3.6,20.65,1992-07-15,"WI-433247",45.25,-88.5
20.1,4.03,21.96,1992-07-16,"WI-433247",45.25,-88.5
19,3.97,21.86,1992-07-17,"WI-433247",45.25,-88.5
17.4,3.23,19.39,1992-07-18,"WI-433247",45.25,-88.5
18.7,6.32,20.88,1992-07-19,"WI-433247",45.25,-88.5
14.7,5.11,14.94,1992-07-20,"WI-433247",45.25,-88.5
14.4,3.05,20.04,1992-07-21,"WI-433247",45.25,-88.5
14.7,3.05,13.06,1992-07-22,"WI-433247",45.25,-88.5
15.8,3.28,20.75,1992-07-23,"WI-433247",45.25,-88.5
18,3.05,24.62,1992-07-24,"WI-433247",45.25,-88.5
19.5,3.26,16.78,1992-07-25,"WI-433247",45.25,-88.5
21.9,5.13,26.43,1992-07-26,"WI-433247",45.25,-88.5
16.9,3.66,24.38,1992-07-27,"WI-433247",45.25,-88.5
19.4,5.75,22.48,1992-07-28,"WI-433247",45.25,-88.5
16.2,3.76,22.34,1992-07-29,"WI-433247",45.25,-88.5
15.7,2.57,21.8,1992-07-30,"WI-433247",45.25,-88.5
18.1,3.05,21.8,1992-07-31,"WI-433247",45.25,-88.5
20.8,5.94,22.65,1992-08-01,"WI-433247",45.25,-88.5
19.3,4.63,22.58,1992-08-02,"WI-433247",45.25,-88.5
15.6,3.47,20.19,1992-08-03,"WI-433247",45.25,-88.5
16.4,4.25,23.57,1992-08-04,"WI-433247",45.25,-88.5
17.6,3.26,21.15,1992-08-05,"WI-433247",45.25,-88.5
18,3.21,24.13,1992-08-06,"WI-433247",45.25,-88.5
18.3,5.91,10.95,1992-08-07,"WI-433247",45.25,-88.5
21.4,4.86,21.16,1992-08-08,"WI-433247",45.25,-88.5
22.5,4.39,23.84,1992-08-09,"WI-433247",45.25,-88.5
24.2,7,25.07,1992-08-10,"WI-433247",45.25,-88.5
16.6,4.9,20.65,1992-08-11,"WI-433247",45.25,-88.5
13.3,2.72,17.84,1992-08-12,"WI-433247",45.25,-88.5
13.4,2.24,14.33,1992-08-13,"WI-433247",45.25,-88.5
13.7,2.69,17.67,1992-08-14,"WI-433247",45.25,-88.5
15,2.94,22.25,1992-08-15,"WI-433247",45.25,-88.5
16.7,2.97,16.4,1992-08-16,"WI-433247",45.25,-88.5
18,4.94,21.43,1992-08-17,"WI-433247",45.25,-88.5
18.1,4.65,21.36,1992-08-18,"WI-433247",45.25,-88.5
16.2,3.18,21.5,1992-08-19,"WI-433247",45.25,-88.5
17.7,4.18,24.6,1992-08-20,"WI-433247",45.25,-88.5
20.3,4.55,18.27,1992-08-21,"WI-433247",45.25,-88.5
22.2,5.06,23.49,1992-08-22,"WI-433247",45.25,-88.5
22.8,6.28,17.82,1992-08-23,"WI-433247",45.25,-88.5
25,5.69,20.15,1992-08-24,"WI-433247",45.25,-88.5
20.6,4.46,15.51,1992-08-25,"WI-433247",45.25,-88.5
13.6,5.43,18.1,1992-08-26,"WI-433247",45.25,-88.5
12.6,4.5,12.24,1992-08-27,"WI-433247",45.25,-88.5
13.1,4.5,12.93,1992-08-28,"WI-433247",45.25,-88.5
15.8,6.33,15.67,1992-08-29,"WI-433247",45.25,-88.5
14.2,9.14,11.4,1992-08-30,"WI-433247",45.25,-88.5
14.1,4.18,13.79,1992-08-31,"WI-433247",45.25,-88.5
13.9,3.64,21.27,1992-09-01,"WI-433247",45.25,-88.5
16.8,6.2,2.91,1992-09-02,"WI-433247",45.25,-88.5
16.9,5.2,21.45,1992-09-03,"WI-433247",45.25,-88.5
14.9,4.44,15.29,1992-09-04,"WI-433247",45.25,-88.5
19.8,6.81,17.75,1992-09-05,"WI-433247",45.25,-88.5
18.8,5.38,12.55,1992-09-06,"WI-433247",45.25,-88.5
15,4.47,9.68,1992-09-07,"WI-433247",45.25,-88.5
13.6,7,21.36,1992-09-08,"WI-433247",45.25,-88.5
12.6,6.1,5.39,1992-09-09,"WI-433247",45.25,-88.5
11.4,7.95,10.69,1992-09-10,"WI-433247",45.25,-88.5
11.7,3.92,18.15,1992-09-11,"WI-433247",45.25,-88.5
16,4.93,19.51,1992-09-12,"WI-433247",45.25,-88.5
18.1,6.31,9.62,1992-09-13,"WI-433247",45.25,-88.5
18.7,4.68,5.73,1992-09-14,"WI-433247",45.25,-88.5
18.6,3.49,6.03,1992-09-15,"WI-433247",45.25,-88.5
19.9,5.73,5,1992-09-16,"WI-433247",45.25,-88.5
18.9,5.1,12.81,1992-09-17,"WI-433247",45.25,-88.5
14,8.97,16.58,1992-09-18,"WI-433247",45.25,-88.5
9.1,4.27,15.45,1992-09-19,"WI-433247",45.25,-88.5
13.3,5.22,13.53,1992-09-20,"WI-433247",45.25,-88.5
15,5.52,10.31,1992-09-21,"WI-433247",45.25,-88.5
8,6.5,13.22,1992-09-22,"WI-433247",45.25,-88.5
7.5,4.1,18.04,1992-09-23,"WI-433247",45.25,-88.5
11.8,5.12,17.79,1992-09-24,"WI-433247",45.25,-88.5
13.5,4.91,17.22,1992-09-25,"WI-433247",45.25,-88.5
14.7,5.39,3.55,1992-09-26,"WI-433247",45.25,-88.5
12.1,6.32,17.34,1992-09-27,"WI-433247",45.25,-88.5
7.5,9.27,14.46,1992-09-28,"WI-433247",45.25,-88.5
6.1,2.69,15.28,1992-09-29,"WI-433247",45.25,-88.5
9.2,2.63,15.92,1992-09-30,"WI-433247",45.25,-88.5
14.3,4.08,16.26,1992-10-01,"WI-433247",45.25,-88.5
19.3,5.14,16.25,1992-10-02,"WI-433247",45.25,-88.5
13.6,4.24,16.07,1992-10-03,"WI-433247",45.25,-88.5
10.5,4.3,15.8,1992-10-04,"WI-433247",45.25,-88.5
10.4,3.41,14.94,1992-10-05,"WI-433247",45.25,-88.5
11.4,3.78,9.35,1992-10-06,"WI-433247",45.25,-88.5
12.6,2.85,10.12,1992-10-07,"WI-433247",45.25,-88.5
11.5,5.51,7.27,1992-10-08,"WI-433247",45.25,-88.5
8.1,6.38,6.78,1992-10-09,"WI-433247",45.25,-88.5
8.9,4.27,2.62,1992-10-10,"WI-433247",45.25,-88.5
9.9,4.53,9.82,1992-10-11,"WI-433247",45.25,-88.5
8.7,7.57,13.51,1992-10-12,"WI-433247",45.25,-88.5
5.5,5.68,14.59,1992-10-13,"WI-433247",45.25,-88.5
6.4,3.61,6.35,1992-10-14,"WI-433247",45.25,-88.5
5.3,4.8,10.06,1992-10-15,"WI-433247",45.25,-88.5
2,9.4,11.57,1992-10-16,"WI-433247",45.25,-88.5
0.9,6.04,10.59,1992-10-17,"WI-433247",45.25,-88.5
-0.9,5.66,9.72,1992-10-18,"WI-433247",45.25,-88.5
-0.8,3.3,11.96,1992-10-19,"WI-433247",45.25,-88.5
1.2,3.82,6.55,1992-10-20,"WI-433247",45.25,-88.5
3.7,3.04,12.5,1992-10-21,"WI-433247",45.25,-88.5
10.9,5.24,11.75,1992-10-22,"WI-433247",45.25,-88.5
17.4,5.25,9.68,1992-10-23,"WI-433247",45.25,-88.5
10.7,3.5,10.85,1992-10-24,"WI-433247",45.25,-88.5
7.8,4.82,7.31,1992-10-25,"WI-433247",45.25,-88.5
7.9,6.18,7.7,1992-10-26,"WI-433247",45.25,-88.5
3.1,2.2,11.58,1992-10-27,"WI-433247",45.25,-88.5
3.7,4.18,8.36,1992-10-28,"WI-433247",45.25,-88.5
0.6,3.64,6.6,1992-10-29,"WI-433247",45.25,-88.5
-0.2,1.92,10.33,1992-10-30,"WI-433247",45.25,-88.5
1,3.72,5.55,1992-10-31,"WI-433247",45.25,-88.5
2.3,7.96,3.34,1992-11-01,"WI-433247",45.25,-88.5
4,7.77,1.48,1992-11-02,"WI-433247",45.25,-88.5
2.1,6.25,3.79,1992-11-03,"WI-433247",45.25,-88.5
0.7,4.96,5.22,1992-11-04,"WI-433247",45.25,-88.5
-1.1,4.14,6.4,1992-11-05,"WI-433247",45.25,-88.5
-3.3,3.16,7.24,1992-11-06,"WI-433247",45.25,-88.5
-3.4,3.56,5.27,1992-11-07,"WI-433247",45.25,-88.5
-1.2,3.03,6.43,1992-11-08,"WI-433247",45.25,-88.5
4.3,3.2,2.66,1992-11-09,"WI-433247",45.25,-88.5
6.9,5.74,3.02,1992-11-10,"WI-433247",45.25,-88.5
2.5,3.86,9.44,1992-11-11,"WI-433247",45.25,-88.5
1.3,7.91,2.18,1992-11-12,"WI-433247",45.25,-88.5
-1.6,7.74,7.59,1992-11-13,"WI-433247",45.25,-88.5
-3.6,5.03,6.48,1992-11-14,"WI-433247",45.25,-88.5
-4.4,3.38,7.23,1992-11-15,"WI-433247",45.25,-88.5
-3.5,4.08,2.59,1992-11-16,"WI-433247",45.25,-88.5
-2.8,4.21,5.31,1992-11-17,"WI-433247",45.25,-88.5
-3.4,2.2,7.95,1992-11-18,"WI-433247",45.25,-88.5
0.2,4.03,5.02,1992-11-19,"WI-433247",45.25,-88.5
3.1,5.23,0.75,1992-11-20,"WI-433247",45.25,-88.5
4.2,5.87,4.46,1992-11-21,"WI-433247",45.25,-88.5
0.2,5.38,3.47,1992-11-22,"WI-433247",45.25,-88.5
-0.2,5.1,5.87,1992-11-23,"WI-433247",45.25,-88.5
-0.4,2.46,2.46,1992-11-24,"WI-433247",45.25,-88.5
-1,5.09,2.95,1992-11-25,"WI-433247",45.25,-88.5
-2.9,5.43,3.02,1992-11-26,"WI-433247",45.25,-88.5
-5.4,3.14,7.51,1992-11-27,"WI-433247",45.25,-88.5
-5.1,3.41,6.86,1992-11-28,"WI-433247",45.25,-88.5
-4.7,4,6.43,1992-11-29,"WI-433247",45.25,-88.5
-2.4,3.06,2.64,1992-11-30,"WI-433247",45.25,-88.5
-4.3,4.7,5.28,1992-12-01,"WI-433247",45.25,-88.5
-2.3,6.81,4.72,1992-12-02,"WI-433247",45.25,-88.5
-7.3,3.54,4.59,1992-12-03,"WI-433247",45.25,-88.5
-6.1,5.78,6.02,1992-12-04,"WI-433247",45.25,-88.5
-10.3,5.36,7.25,1992-12-05,"WI-433247",45.25,-88.5
-7,5.88,3.6,1992-12-06,"WI-433247",45.25,-88.5
-5.4,3.45,5.1,1992-12-07,"WI-433247",45.25,-88.5
-8.8,3.22,6.21,1992-12-08,"WI-433247",45.25,-88.5
-3.8,5.52,2.28,1992-12-09,"WI-433247",45.25,-88.5
-0.6,3.45,2.75,1992-12-10,"WI-433247",45.25,-88.5
0.5,3.62,3.98,1992-12-11,"WI-433247",45.25,-88.5
-1.3,2.53,3.7,1992-12-12,"WI-433247",45.25,-88.5
0.3,3.55,2.56,1992-12-13,"WI-433247",45.25,-88.5
0.5,3.31,1.91,1992-12-14,"WI-433247",45.25,-88.5
1.6,4.08,0.51,1992-12-15,"WI-433247",45.25,-88.5
0.5,5.32,3.31,1992-12-16,"WI-433247",45.25,-88.5
-4.6,3.26,3.87,1992-12-17,"WI-433247",45.25,-88.5
-6.7,4.22,3.24,1992-12-18,"WI-433247",45.25,-88.5
-4.7,6.64,3.55,1992-12-19,"WI-433247",45.25,-88.5
-16,5.81,6.98,1992-12-20,"WI-433247",45.25,-88.5
-5.6,5.34,3.17,1992-12-21,"WI-433247",45.25,-88.5
-3.8,5.26,3.52,1992-12-22,"WI-433247",45.25,-88.5
-10.1,6.22,4.17,1992-12-23,"WI-433247",45.25,-88.5
-17.7,6.77,5.25,1992-12-24,"WI-433247",45.25,-88.5
-12.6,10.09,7.07,1992-12-25,"WI-433247",45.25,-88.5
-18.6,5.76,7.03,1992-12-26,"WI-433247",45.25,-88.5
-6.8,4.73,5.54,1992-12-27,"WI-433247",45.25,-88.5
-6.8,3.41,6.26,1992-12-28,"WI-433247",45.25,-88.5
-1,3.58,1.27,1992-12-29,"WI-433247",45.25,-88.5
-0.3,2.89,1.22,1992-12-30,"WI-433247",45.25,-88.5
-7,4.87,5,1992-12-31,"WI-433247",45.25,-88.5
-17.9,4.11,7.39,1993-01-01,"WI-433247",45.25,-88.5
-11.9,5.03,2.3,1993-01-02,"WI-433247",45.25,-88.5
-0.2,4.4,1.83,1993-01-03,"WI-433247",45.25,-88.5
-1.6,4.65,3.01,1993-01-04,"WI-433247",45.25,-88.5
-9.9,3.77,5.29,1993-01-05,"WI-433247",45.25,-88.5
-12.6,4.56,5.99,1993-01-06,"WI-433247",45.25,-88.5
-15,3.47,6.38,1993-01-07,"WI-433247",45.25,-88.5
-15.2,3.4,7.56,1993-01-08,"WI-433247",45.25,-88.5
-12.5,4.31,5.07,1993-01-09,"WI-433247",45.25,-88.5
-13.5,3.97,5.02,1993-01-10,"WI-433247",45.25,-88.5
-12.4,2.83,4.9,1993-01-11,"WI-433247",45.25,-88.5
-6.9,5.8,1.57,1993-01-12,"WI-433247",45.25,-88.5
-6,5.94,4,1993-01-13,"WI-433247",45.25,-88.5
-7,3.52,5.35,1993-01-14,"WI-433247",45.25,-88.5
-9,3.67,5.36,1993-01-15,"WI-433247",45.25,-88.5
-7.5,5.66,4.76,1993-01-16,"WI-433247",45.25,-88.5
-10.7,5.52,8.27,1993-01-17,"WI-433247",45.25,-88.5
-11.8,3.72,7.69,1993-01-18,"WI-433247",45.25,-88.5
-7.8,3.89,8.17,1993-01-19,"WI-433247",45.25,-88.5
-7.4,3.55,7.88,1993-01-20,"WI-433247",45.25,-88.5
0.5,3.64,2.13,1993-01-21,"WI-433247",45.25,-88.5
0.3,5.65,5.3,1993-01-22,"WI-433247",45.25,-88.5
-0.2,5.68,3.06,1993-01-23,"WI-433247",45.25,-88.5
-5.8,6.14,7.7,1993-01-24,"WI-433247",45.25,-88.5
-11.9,3.58,9.51,1993-01-25,"WI-433247",45.25,-88.5
-4.8,7.21,3.06,1993-01-26,"WI-433247",45.25,-88.5
-5.4,4.06,6.69,1993-01-27,"WI-433247",45.25,-88.5
-5.6,7.21,5.56,1993-01-28,"WI-433247",45.25,-88.5
-12.5,7.51,10.11,1993-01-29,"WI-433247",45.25,-88.5
-3.3,8.11,5.99,1993-01-30,"WI-433247",45.25,-88.5
3.8,8.22,7.54,1993-01-31,"WI-433247",45.25,-88.5
-5.9,4.22,10.39,1993-02-01,"WI-433247",45.25,-88.5
-2.3,5.78,9.51,1993-02-02,"WI-433247",45.25,-88.5
1.6,4.73,9.35,1993-02-03,"WI-433247",45.25,-88.5
-0.7,5.45,10.77,1993-02-04,"WI-433247",45.25,-88.5
-1.8,5.32,3.9,1993-02-05,"WI-433247",45.25,-88.5
-11.7,3.97,9.48,1993-02-06,"WI-433247",45.25,-88.5
-2.5,4.75,5.18,1993-02-07,"WI-433247",45.25,-88.5
-8.9,3.98,11.49,1993-02-08,"WI-433247",45.25,-88.5
-5.5,3.68,7.04,1993-02-09,"WI-433247",45.25,-88.5
-2.6,5.03,5.63,1993-02-10,"WI-433247",45.25,-88.5
-10,5.56,8.11,1993-02-11,"WI-433247",45.25,-88.5
-6.7,4.22,8.73,1993-02-12,"WI-433247",45.25,-88.5
-3.5,2.98,9.62,1993-02-13,"WI-433247",45.25,-88.5
-6.6,4.26,10.03,1993-02-14,"WI-433247",45.25,-88.5
-11.8,2.98,13.28,1993-02-15,"WI-433247",45.25,-88.5
-11.6,3.65,10.14,1993-02-16,"WI-433247",45.25,-88.5
-17.5,4.69,13.43,1993-02-17,"WI-433247",45.25,-88.5
-17.5,4.49,13.16,1993-02-18,"WI-433247",45.25,-88.5
-15.1,2.06,13.31,1993-02-19,"WI-433247",45.25,-88.5
-12.1,3.22,12.92,1993-02-20,"WI-433247",45.25,-88.5
-7.9,5.73,5.54,1993-02-21,"WI-433247",45.25,-88.5
-7.8,5.08,8.6,1993-02-22,"WI-433247",45.25,-88.5
-11.5,3.89,12.03,1993-02-23,"WI-433247",45.25,-88.5
-15.1,3.98,15.18,1993-02-24,"WI-433247",45.25,-88.5
-15.2,2.69,12.95,1993-02-25,"WI-433247",45.25,-88.5
-11,3.63,15.6,1993-02-26,"WI-433247",45.25,-88.5
-8.7,3.2,13.55,1993-02-27,"WI-433247",45.25,-88.5
-5,4.94,13.04,1993-02-28,"WI-433247",45.25,-88.5
1.3,4.49,15.17,1993-03-01,"WI-433247",45.25,-88.5
4,4.39,15.63,1993-03-02,"WI-433247",45.25,-88.5
-0.1,4.75,13.59,1993-03-03,"WI-433247",45.25,-88.5
-0.4,4.88,12.06,1993-03-04,"WI-433247",45.25,-88.5
0.3,4.41,16.25,1993-03-05,"WI-433247",45.25,-88.5
0.8,2.51,14.84,1993-03-06,"WI-433247",45.25,-88.5
2,3.88,12,1993-03-07,"WI-433247",45.25,-88.5
1.3,5.65,9.93,1993-03-08,"WI-433247",45.25,-88.5
-0.1,2.91,8.17,1993-03-09,"WI-433247",45.25,-88.5
-0.9,4.38,9.18,1993-03-10,"WI-433247",45.25,-88.5
-6.3,4.81,17.77,1993-03-11,"WI-433247",45.25,-88.5
-9.3,4.69,16.54,1993-03-12,"WI-433247",45.25,-88.5
-11.5,4.65,19.11,1993-03-13,"WI-433247",45.25,-88.5
-12,4.22,19.16,1993-03-14,"WI-433247",45.25,-88.5
-8.6,5.51,9.49,1993-03-15,"WI-433247",45.25,-88.5
-0.7,6.62,7.51,1993-03-16,"WI-433247",45.25,-88.5
-12.2,5.73,19.9,1993-03-17,"WI-433247",45.25,-88.5
-10.1,4.5,20.19,1993-03-18,"WI-433247",45.25,-88.5
-2.6,4.04,9.28,1993-03-19,"WI-433247",45.25,-88.5
0.5,3.48,7.95,1993-03-20,"WI-433247",45.25,-88.5
-1.5,2.46,10.23,1993-03-21,"WI-433247",45.25,-88.5
-1.8,4.14,16.17,1993-03-22,"WI-433247",45.25,-88.5
0.9,4.62,14.57,1993-03-23,"WI-433247",45.25,-88.5
3.9,2.77,14.59,1993-03-24,"WI-433247",45.25,-88.5
5.9,3.05,18.23,1993-03-25,"WI-433247",45.25,-88.5
5.1,2.66,14.11,1993-03-26,"WI-433247",45.25,-88.5
4.3,2.34,18.94,1993-03-27,"WI-433247",45.25,-88.5
7.3,2.47,19.52,1993-03-28,"WI-433247",45.25,-88.5
9.5,2.6,19.3,1993-03-29,"WI-433247",45.25,-88.5
8.4,3.91,18.12,1993-03-30,"WI-433247",45.25,-88.5
2,8.59,4.55,1993-03-31,"WI-433247",45.25,-88.5
-2.3,7.26,16.92,1993-04-01,"WI-433247",45.25,-88.5
-0.4,4.8,17.16,1993-04-02,"WI-433247",45.25,-88.5
1.5,5.51,19.5,1993-04-03,"WI-433247",45.25,-88.5
3,2.8,22.33,1993-04-04,"WI-433247",45.25,-88.5
3.4,4.77,17.9,1993-04-05,"WI-433247",45.25,-88.5
5.4,2.42,13.86,1993-04-06,"WI-433247",45.25,-88.5
4.6,3.67,8.37,1993-04-07,"WI-433247",45.25,-88.5
6.7,3.94,2.2,1993-04-08,"WI-433247",45.25,-88.5
7.3,8.63,14.44,1993-04-09,"WI-433247",45.25,-88.5
7.2,4.48,17.88,1993-04-10,"WI-433247",45.25,-88.5
1.5,6.52,5.22,1993-04-11,"WI-433247",45.25,-88.5
4.1,3.79,19.09,1993-04-12,"WI-433247",45.25,-88.5
4.6,3.64,20.88,1993-04-13,"WI-433247",45.25,-88.5
3.1,5.49,7.44,1993-04-14,"WI-433247",45.25,-88.5
1.3,9.09,3.48,1993-04-15,"WI-433247",45.25,-88.5
-0.5,8.35,6.81,1993-04-16,"WI-433247",45.25,-88.5
1.4,4.74,26.11,1993-04-17,"WI-433247",45.25,-88.5
8.4,6.2,20.54,1993-04-18,"WI-433247",45.25,-88.5
3.2,7.38,6.89,1993-04-19,"WI-433247",45.25,-88.5
4.4,7.3,22.61,1993-04-20,"WI-433247",45.25,-88.5
6.7,4.56,23.21,1993-04-21,"WI-433247",45.25,-88.5
8.4,3,21.2,1993-04-22,"WI-433247",45.25,-88.5
10.4,5.02,21.44,1993-04-23,"WI-433247",45.25,-88.5
10.2,6.43,8.79,1993-04-24,"WI-433247",45.25,-88.5
7.3,6.51,20.76,1993-04-25,"WI-433247",45.25,-88.5
3.2,3.61,27.42,1993-04-26,"WI-433247",45.25,-88.5
5.1,6.4,9.33,1993-04-27,"WI-433247",45.25,-88.5
15.7,6.87,23.27,1993-04-28,"WI-433247",45.25,-88.5
8.8,4.89,19.25,1993-04-29,"WI-433247",45.25,-88.5
9.7,4.66,20.3,1993-04-30,"WI-433247",45.25,-88.5
8.2,4.67,20.71,1993-05-01,"WI-433247",45.25,-88.5
10.2,4.55,8.79,1993-05-02,"WI-433247",45.25,-88.5
10.7,3.58,3.24,1993-05-03,"WI-433247",45.25,-88.5
12.4,2.9,3.9,1993-05-04,"WI-433247",45.25,-88.5
18,4.18,24.17,1993-05-05,"WI-433247",45.25,-88.5
17.2,4.12,24.75,1993-05-06,"WI-433247",45.25,-88.5
16.3,3.79,16.49,1993-05-07,"WI-433247",45.25,-88.5
19.1,5.66,23.88,1993-05-08,"WI-433247",45.25,-88.5
21,4.84,24.47,1993-05-09,"WI-433247",45.25,-88.5
20.1,5.07,23.67,1993-05-10,"WI-433247",45.25,-88.5
19.1,3.86,23.23,1993-05-11,"WI-433247",45.25,-88.5
14.7,6.61,28.01,1993-05-12,"WI-433247",45.25,-88.5
12.2,4.12,27.62,1993-05-13,"WI-433247",45.25,-88.5
16.6,5.83,20.42,1993-05-14,"WI-433247",45.25,-88.5
11,8.62,22.37,1993-05-15,"WI-433247",45.25,-88.5
8.2,5,22.09,1993-05-16,"WI-433247",45.25,-88.5
9.4,3.82,20.85,1993-05-17,"WI-433247",45.25,-88.5
7.9,3.98,14.36,1993-05-18,"WI-433247",45.25,-88.5
9.3,3.7,24.66,1993-05-19,"WI-433247",45.25,-88.5
10.5,3.69,21.48,1993-05-20,"WI-433247",45.25,-88.5
11.7,3.62,22.49,1993-05-21,"WI-433247",45.25,-88.5
13.1,4.02,25.27,1993-05-22,"WI-433247",45.25,-88.5
14.3,3.51,3.77,1993-05-23,"WI-433247",45.25,-88.5
11.3,7.03,4.36,1993-05-24,"WI-433247",45.25,-88.5
12.8,6.69,17.19,1993-05-25,"WI-433247",45.25,-88.5
13.7,4.34,27.84,1993-05-26,"WI-433247",45.25,-88.5
10.8,5.19,11.74,1993-05-27,"WI-433247",45.25,-88.5
9.5,5.64,19.27,1993-05-28,"WI-433247",45.25,-88.5
10.9,3.11,28.45,1993-05-29,"WI-433247",45.25,-88.5
8.5,5.95,2.35,1993-05-30,"WI-433247",45.25,-88.5
9,6.08,18.18,1993-05-31,"WI-433247",45.25,-88.5
10.5,5.8,22.65,1993-06-01,"WI-433247",45.25,-88.5
12.6,3.86,22.95,1993-06-02,"WI-433247",45.25,-88.5
11.8,3.54,22.34,1993-06-03,"WI-433247",45.25,-88.5
11.3,3.45,21.67,1993-06-04,"WI-433247",45.25,-88.5
15.2,2.86,26.23,1993-06-05,"WI-433247",45.25,-88.5
15.1,3.89,11.99,1993-06-06,"WI-433247",45.25,-88.5
13.7,4.57,9.54,1993-06-07,"WI-433247",45.25,-88.5
17.7,5.57,14.03,1993-06-08,"WI-433247",45.25,-88.5
18.1,6.72,20.19,1993-06-09,"WI-433247",45.25,-88.5
19.7,3.32,24.39,1993-06-10,"WI-433247",45.25,-88.5
20,3.54,27.9,1993-06-11,"WI-433247",45.25,-88.5
19.6,4.17,28.23,1993-06-12,"WI-433247",45.25,-88.5
20.1,5.6,23.25,1993-06-13,"WI-433247",45.25,-88.5
19.8,7.4,24.53,1993-06-14,"WI-433247",45.25,-88.5
14.5,4.92,20.02,1993-06-15,"WI-433247",45.25,-88.5
11.3,3.93,8.24,1993-06-16,"WI-433247",45.25,-88.5
15.8,4.26,6.33,1993-06-17,"WI-433247",45.25,-88.5
14.1,4.16,5.42,1993-06-18,"WI-433247",45.25,-88.5
13.4,4.63,4.17,1993-06-19,"WI-433247",45.25,-88.5
16.2,5.44,7.75,1993-06-20,"WI-433247",45.25,-88.5
21.6,3.9,29.15,1993-06-21,"WI-433247",45.25,-88.5
20.9,3.66,30.45,1993-06-22,"WI-433247",45.25,-88.5
19.8,4.72,28.06,1993-06-23,"WI-433247",45.25,-88.5
22.2,6.91,22.87,1993-06-24,"WI-433247",45.25,-88.5
20.7,6.31,27.15,1993-06-25,"WI-433247",45.25,-88.5
19.5,8.81,24.22,1993-06-26,"WI-433247",45.25,-88.5
15.8,4.88,15.6,1993-06-27,"WI-433247",45.25,-88.5
15.4,2.91,19.23,1993-06-28,"WI-433247",45.25,-88.5
15.4,3.37,21.31,1993-06-29,"WI-433247",45.25,-88.5
17.3,4.51,20.77,1993-06-30,"WI-433247",45.25,-88.5
17.5,3.44,16.58,1993-07-01,"WI-433247",45.25,-88.5
20.1,3.45,14.59,1993-07-02,"WI-433247",45.25,-88.5
20.3,3.86,24.15,1993-07-03,"WI-433247",45.25,-88.5
23.6,8.03,20.42,1993-07-04,"WI-433247",45.25,-88.5
22,7.69,5.69,1993-07-05,"WI-433247",45.25,-88.5
22.2,8.03,27.4,1993-07-06,"WI-433247",45.25,-88.5
21.1,3.18,22.75,1993-07-07,"WI-433247",45.25,-88.5
20.1,3.55,12.8,1993-07-08,"WI-433247",45.25,-88.5
21.3,6.7,13.91,1993-07-09,"WI-433247",45.25,-88.5
21.8,3.47,27.42,1993-07-10,"WI-433247",45.25,-88.5
20.2,4.84,13.41,1993-07-11,"WI-433247",45.25,-88.5
17.9,4.68,20.53,1993-07-12,"WI-433247",45.25,-88.5
15.4,2.63,14.54,1993-07-13,"WI-433247",45.25,-88.5
17.8,2.75,16.84,1993-07-14,"WI-433247",45.25,-88.5
17.8,2.75,22.95,1993-07-15,"WI-433247",45.25,-88.5
19.2,2.98,28.31,1993-07-16,"WI-433247",45.25,-88.5
19.8,2.95,13.73,1993-07-17,"WI-433247",45.25,-88.5
19.5,3.29,5.76,1993-07-18,"WI-433247",45.25,-88.5
20.8,5.76,19.8,1993-07-19,"WI-433247",45.25,-88.5
18.8,5.11,22.71,1993-07-20,"WI-433247",45.25,-88.5
18.4,3.31,27.88,1993-07-21,"WI-433247",45.25,-88.5
17.8,2.86,27.46,1993-07-22,"WI-433247",45.25,-88.5
18.6,3.75,23.26,1993-07-23,"WI-433247",45.25,-88.5
21.4,4.61,15.58,1993-07-24,"WI-433247",45.25,-88.5
22.4,5.06,6.09,1993-07-25,"WI-433247",45.25,-88.5
22.7,8.5,14.32,1993-07-26,"WI-433247",45.25,-88.5
22.7,3.69,17.51,1993-07-27,"WI-433247",45.25,-88.5
22,6.6,21.37,1993-07-28,"WI-433247",45.25,-88.5
19.8,6.86,23.06,1993-07-29,"WI-433247",45.25,-88.5
20,3.54,23.94,1993-07-30,"WI-433247",45.25,-88.5
20.2,4.2,16.76,1993-07-31,"WI-433247",45.25,-88.5
22.5,5.4,22.84,1993-08-01,"WI-433247",45.25,-88.5
18.5,5.38,18.35,1993-08-02,"WI-433247",45.25,-88.5
15.5,5.38,16.77,1993-08-03,"WI-433247",45.25,-88.5
14.3,3.8,19.37,1993-08-04,"WI-433247",45.25,-88.5
14.8,3.35,20.97,1993-08-05,"WI-433247",45.25,-88.5
15.2,3.8,14.03,1993-08-06,"WI-433247",45.25,-88.5
16.1,2.92,19.67,1993-08-07,"WI-433247",45.25,-88.5
17.8,3.3,20.61,1993-08-08,"WI-433247",45.25,-88.5
18.8,6.99,7.54,1993-08-09,"WI-433247",45.25,-88.5
23.9,3.24,25.5,1993-08-10,"WI-433247",45.25,-88.5
22.9,2.68,23.09,1993-08-11,"WI-433247",45.25,-88.5
22.4,2.56,21.06,1993-08-12,"WI-433247",45.25,-88.5
21.7,2.91,15.99,1993-08-13,"WI-433247",45.25,-88.5
19.9,2.88,9.25,1993-08-14,"WI-433247",45.25,-88.5
20.8,3.74,6.49,1993-08-15,"WI-433247",45.25,-88.5
21.4,2.62,15.11,1993-08-16,"WI-433247",45.25,-88.5
21.3,2.44,16.41,1993-08-17,"WI-433247",45.25,-88.5
21,3.45,12.03,1993-08-18,"WI-433247",45.25,-88.5
23.5,3.64,19.79,1993-08-19,"WI-433247",45.25,-88.5
18.8,5.7,15.02,1993-08-20,"WI-433247",45.25,-88.5
16.2,2.84,25.46,1993-08-21,"WI-433247",45.25,-88.5
19.6,4.33,16.1,1993-08-22,"WI-433247",45.25,-88.5
22.9,4.4,12.61,1993-08-23,"WI-433247",45.25,-88.5
24,5.2,18.12,1993-08-24,"WI-433247",45.25,-88.5
24.4,2.96,22.73,1993-08-25,"WI-433247",45.25,-88.5
24.3,2.71,14.95,1993-08-26,"WI-433247",45.25,-88.5
22.4,5.51,12.57,1993-08-27,"WI-433247",45.25,-88.5
18.6,2.71,16.97,1993-08-28,"WI-433247",45.25,-88.5
18.2,3.3,13.6,1993-08-29,"WI-433247",45.25,-88.5
19.2,5.1,3.12,1993-08-30,"WI-433247",45.25,-88.5
16.1,4.38,23.03,1993-08-31,"WI-433247",45.25,-88.5
14.6,4.27,22.84,1993-09-01,"WI-433247",45.25,-88.5
17.7,5.46,13.52,1993-09-02,"WI-433247",45.25,-88.5
15.9,3.82,15.41,1993-09-03,"WI-433247",45.25,-88.5
15.2,6.83,17.16,1993-09-04,"WI-433247",45.25,-88.5
12,2.97,12.07,1993-09-05,"WI-433247",45.25,-88.5
12.5,4,17.87,1993-09-06,"WI-433247",45.25,-88.5
13.1,3.71,18.82,1993-09-07,"WI-433247",45.25,-88.5
13.2,5.33,18.24,1993-09-08,"WI-433247",45.25,-88.5
15.2,7.68,15.51,1993-09-09,"WI-433247",45.25,-88.5
9.7,6.87,16.08,1993-09-10,"WI-433247",45.25,-88.5
9.8,4.74,15.04,1993-09-11,"WI-433247",45.25,-88.5
17.4,4.61,14.6,1993-09-12,"WI-433247",45.25,-88.5
20.2,6.81,2.87,1993-09-13,"WI-433247",45.25,-88.5
12.4,5.52,2.46,1993-09-14,"WI-433247",45.25,-88.5
8.6,3.72,11.35,1993-09-15,"WI-433247",45.25,-88.5
9.6,4.07,8.22,1993-09-16,"WI-433247",45.25,-88.5
12.1,3.2,11.56,1993-09-17,"WI-433247",45.25,-88.5
11.6,3.7,16.53,1993-09-18,"WI-433247",45.25,-88.5
8.3,3.41,17.59,1993-09-19,"WI-433247",45.25,-88.5
9.9,4.61,4.48,1993-09-20,"WI-433247",45.25,-88.5
12.2,3.58,6.66,1993-09-21,"WI-433247",45.25,-88.5
13.8,5.28,4.51,1993-09-22,"WI-433247",45.25,-88.5
11.2,4.74,18.71,1993-09-23,"WI-433247",45.25,-88.5
10.8,4.3,18.5,1993-09-24,"WI-433247",45.25,-88.5
9.7,2.94,14.31,1993-09-25,"WI-433247",45.25,-88.5
10.6,4.24,12.07,1993-09-26,"WI-433247",45.25,-88.5
8,5,10.24,1993-09-27,"WI-433247",45.25,-88.5
5.9,5.13,10.47,1993-09-28,"WI-433247",45.25,-88.5
4.2,3.18,13.37,1993-09-29,"WI-433247",45.25,-88.5
5.4,6.76,12.81,1993-09-30,"WI-433247",45.25,-88.5
10,7.62,14.11,1993-10-01,"WI-433247",45.25,-88.5
2.9,6.48,15.92,1993-10-02,"WI-433247",45.25,-88.5
12.1,7.98,15.49,1993-10-03,"WI-433247",45.25,-88.5
8.5,6.74,11.71,1993-10-04,"WI-433247",45.25,-88.5
7.9,4.16,15.96,1993-10-05,"WI-433247",45.25,-88.5
14.7,5.25,12.84,1993-10-06,"WI-433247",45.25,-88.5
13.1,5.16,4.67,1993-10-07,"WI-433247",45.25,-88.5
4.7,5.61,1.6,1993-10-08,"WI-433247",45.25,-88.5
1.2,5.7,9.97,1993-10-09,"WI-433247",45.25,-88.5
3.8,4.3,15.06,1993-10-10,"WI-433247",45.25,-88.5
7.6,6.45,14.39,1993-10-11,"WI-433247",45.25,-88.5
4.3,4.62,6.96,1993-10-12,"WI-433247",45.25,-88.5
2,3.16,14.3,1993-10-13,"WI-433247",45.25,-88.5
8.7,4.78,13.46,1993-10-14,"WI-433247",45.25,-88.5
7.7,2.96,4.5,1993-10-15,"WI-433247",45.25,-88.5
10.7,3.28,6.67,1993-10-16,"WI-433247",45.25,-88.5
8.5,3.81,10.88,1993-10-17,"WI-433247",45.25,-88.5
6.6,2.59,3.77,1993-10-18,"WI-433247",45.25,-88.5
10.1,2.76,9.9,1993-10-19,"WI-433247",45.25,-88.5
8,3.24,3.34,1993-10-20,"WI-433247",45.25,-88.5
4.5,9.77,9.12,1993-10-21,"WI-433247",45.25,-88.5
5.1,4.22,12.63,1993-10-22,"WI-433247",45.25,-88.5
10.2,5.83,12.09,1993-10-23,"WI-433247",45.25,-88.5
12.8,5.66,11.4,1993-10-24,"WI-433247",45.25,-88.5
10.4,4.61,7.65,1993-10-25,"WI-433247",45.25,-88.5
8.1,4.97,3.55,1993-10-26,"WI-433247",45.25,-88.5
3.4,4.8,7.1,1993-10-27,"WI-433247",45.25,-88.5
4.7,7.14,5.75,1993-10-28,"WI-433247",45.25,-88.5
0.6,7.88,7.85,1993-10-29,"WI-433247",45.25,-88.5
0,5.32,8.07,1993-10-30,"WI-433247",45.25,-88.5
-0.4,4.03,6.32,1993-10-31,"WI-433247",45.25,-88.5
0.3,3.71,9.65,1993-11-01,"WI-433247",45.25,-88.5
3,5.09,4.22,1993-11-02,"WI-433247",45.25,-88.5
5.1,4.18,9.35,1993-11-03,"WI-433247",45.25,-88.5
4.9,5.51,2.43,1993-11-04,"WI-433247",45.25,-88.5
-0.8,7.02,4,1993-11-05,"WI-433247",45.25,-88.5
-5.6,4.34,8.13,1993-11-06,"WI-433247",45.25,-88.5
-4.7,5.25,8.51,1993-11-07,"WI-433247",45.25,-88.5
-0.5,3.83,7.01,1993-11-08,"WI-433247",45.25,-88.5
-1.2,3.71,8.37,1993-11-09,"WI-433247",45.25,-88.5
-0.5,2.84,7.6,1993-11-10,"WI-433247",45.25,-88.5
1.8,4.17,7.87,1993-11-11,"WI-433247",45.25,-88.5
-0.4,4.66,7.71,1993-11-12,"WI-433247",45.25,-88.5
7,5.59,2.24,1993-11-13,"WI-433247",45.25,-88.5
3.6,3.81,4.2,1993-11-14,"WI-433247",45.25,-88.5
1.3,4.4,6.94,1993-11-15,"WI-433247",45.25,-88.5
1.1,5.45,7.74,1993-11-16,"WI-433247",45.25,-88.5
2.1,4.15,8.86,1993-11-17,"WI-433247",45.25,-88.5
1.8,5.41,5.81,1993-11-18,"WI-433247",45.25,-88.5
1.3,9.12,6.78,1993-11-19,"WI-433247",45.25,-88.5
-3.7,7.21,7.34,1993-11-20,"WI-433247",45.25,-88.5
3.3,4.96,5.39,1993-11-21,"WI-433247",45.25,-88.5
-0.5,4.61,4.37,1993-11-22,"WI-433247",45.25,-88.5
-0.6,4.75,1.56,1993-11-23,"WI-433247",45.25,-88.5
-2,5.19,7.61,1993-11-24,"WI-433247",45.25,-88.5
-2,5.99,3.82,1993-11-25,"WI-433247",45.25,-88.5
-0.6,4.97,0.97,1993-11-26,"WI-433247",45.25,-88.5
-10.5,5.2,7.42,1993-11-27,"WI-433247",45.25,-88.5
-9.7,3.37,7.33,1993-11-28,"WI-433247",45.25,-88.5
-6.2,4.17,5.55,1993-11-29,"WI-433247",45.25,-88.5
-6.3,4.91,7,1993-11-30,"WI-433247",45.25,-88.5
-1.2,4.4,6.54,1993-12-01,"WI-433247",45.25,-88.5
2.7,4.81,2.85,1993-12-02,"WI-433247",45.25,-88.5
0.2,2.8,2.88,1993-12-03,"WI-433247",45.25,-88.5
-0.8,2.12,4.99,1993-12-04,"WI-433247",45.25,-88.5
-0.2,4.24,3.04,1993-12-05,"WI-433247",45.25,-88.5
-1.2,7.09,3.37,1993-12-06,"WI-433247",45.25,-88.5
-7.2,3.53,4.6,1993-12-07,"WI-433247",45.25,-88.5
-5.5,4.1,5.7,1993-12-08,"WI-433247",45.25,-88.5
1,4.33,6.1,1993-12-09,"WI-433247",45.25,-88.5
-2.9,7.78,3.61,1993-12-10,"WI-433247",45.25,-88.5
-9.1,5.31,7.22,1993-12-11,"WI-433247",45.25,-88.5
-2.7,5.66,5.55,1993-12-12,"WI-433247",45.25,-88.5
2.8,5.66,4.78,1993-12-13,"WI-433247",45.25,-88.5
2.6,5.22,2.56,1993-12-14,"WI-433247",45.25,-88.5
2.4,4.88,6.09,1993-12-15,"WI-433247",45.25,-88.5
0.3,3.36,3.39,1993-12-16,"WI-433247",45.25,-88.5
-0.1,1.79,1.68,1993-12-17,"WI-433247",45.25,-88.5
1.5,3.14,2.81,1993-12-18,"WI-433247",45.25,-88.5
0.4,3.3,2.19,1993-12-19,"WI-433247",45.25,-88.5
-1.2,3.82,3.56,1993-12-20,"WI-433247",45.25,-88.5
-6.5,4.02,4.57,1993-12-21,"WI-433247",45.25,-88.5
-9.1,4.03,4.31,1993-12-22,"WI-433247",45.25,-88.5
-10,3.94,5.01,1993-12-23,"WI-433247",45.25,-88.5
-17.7,4.37,7.38,1993-12-24,"WI-433247",45.25,-88.5
-18.6,7.34,6.15,1993-12-25,"WI-433247",45.25,-88.5
-23,3.98,7.36,1993-12-26,"WI-433247",45.25,-88.5
-20.2,4.16,7.41,1993-12-27,"WI-433247",45.25,-88.5
-18.4,5.59,7.13,1993-12-28,"WI-433247",45.25,-88.5
-13.3,8.06,6.29,1993-12-29,"WI-433247",45.25,-88.5
-14.3,5.04,6.18,1993-12-30,"WI-433247",45.25,-88.5
-4.7,4.78,4.87,1993-12-31,"WI-433247",45.25,-88.5
-6,5.52,5.33,1994-01-01,"WI-433247",45.25,-88.5
-14.3,2.61,5.43,1994-01-02,"WI-433247",45.25,-88.5
-11.6,2.72,4.11,1994-01-03,"WI-433247",45.25,-88.5
-12.2,5.52,4.47,1994-01-04,"WI-433247",45.25,-88.5
-18.9,4.44,7.4,1994-01-05,"WI-433247",45.25,-88.5
-13.1,5.49,3.77,1994-01-06,"WI-433247",45.25,-88.5
-13.6,4.72,2.83,1994-01-07,"WI-433247",45.25,-88.5
-14.6,5.2,7.74,1994-01-08,"WI-433247",45.25,-88.5
-18.8,2.83,7.91,1994-01-09,"WI-433247",45.25,-88.5
-7.4,5.46,4.27,1994-01-10,"WI-433247",45.25,-88.5
-10.3,5.66,8.05,1994-01-11,"WI-433247",45.25,-88.5
-8.1,6.1,4.19,1994-01-12,"WI-433247",45.25,-88.5
-16.9,4.39,7.71,1994-01-13,"WI-433247",45.25,-88.5
-25.5,4.53,7.3,1994-01-14,"WI-433247",45.25,-88.5
-26.8,4.13,8.68,1994-01-15,"WI-433247",45.25,-88.5
-23.9,2.7,2.82,1994-01-16,"WI-433247",45.25,-88.5
-21.6,6.04,7.17,1994-01-17,"WI-433247",45.25,-88.5
-29.1,4.76,8.93,1994-01-18,"WI-433247",45.25,-88.5
-26.5,4.62,9.17,1994-01-19,"WI-433247",45.25,-88.5
-19.4,4.84,9.18,1994-01-20,"WI-433247",45.25,-88.5
-9.7,6.61,8.61,1994-01-21,"WI-433247",45.25,-88.5
-7.8,3.92,5.58,1994-01-22,"WI-433247",45.25,-88.5
-5.1,4.21,6.99,1994-01-23,"WI-433247",45.25,-88.5
-6.6,3.31,7.11,1994-01-24,"WI-433247",45.25,-88.5
-11.7,5.38,4.3,1994-01-25,"WI-433247",45.25,-88.5
-16.8,4.95,9.58,1994-01-26,"WI-433247",45.25,-88.5
-13.9,4.02,1.58,1994-01-27,"WI-433247",45.25,-88.5
-8,5.36,2.03,1994-01-28,"WI-433247",45.25,-88.5
-14.7,4,8.08,1994-01-29,"WI-433247",45.25,-88.5
-19.7,2.93,10.73,1994-01-30,"WI-433247",45.25,-88.5
-18.6,3.33,10.63,1994-01-31,"WI-433247",45.25,-88.5
-18.4,3.8,10.25,1994-02-01,"WI-433247",45.25,-88.5
-14.1,5.7,6.61,1994-02-02,"WI-433247",45.25,-88.5
-17.2,6.1,10.54,1994-02-03,"WI-433247",45.25,-88.5
-16.7,5.33,11.23,1994-02-04,"WI-433247",45.25,-88.5
-14.2,5.81,11.01,1994-02-05,"WI-433247",45.25,-88.5
-15.3,3.96,11.24,1994-02-06,"WI-433247",45.25,-88.5
-21.9,4.1,9.67,1994-02-07,"WI-433247",45.25,-88.5
-20.4,4.02,4.94,1994-02-08,"WI-433247",45.25,-88.5
-18,3.3,11.73,1994-02-09,"WI-433247",45.25,-88.5
-16.9,5.04,8.36,1994-02-10,"WI-433247",45.25,-88.5
-9.5,3.38,11.2,1994-02-11,"WI-433247",45.25,-88.5
-6.7,3.25,4.36,1994-02-12,"WI-433247",45.25,-88.5
-8.2,3.84,9.22,1994-02-13,"WI-433247",45.25,-88.5
-8.2,3.54,12.15,1994-02-14,"WI-433247",45.25,-88.5
-1.6,6.58,12.28,1994-02-15,"WI-433247",45.25,-88.5
-4.9,5.29,9.4,1994-02-16,"WI-433247",45.25,-88.5
-0.2,3.57,12.92,1994-02-17,"WI-433247",45.25,-88.5
1.6,5.73,10.04,1994-02-18,"WI-433247",45.25,-88.5
7.5,6.91,3.43,1994-02-19,"WI-433247",45.25,-88.5
-0.3,4.74,10.19,1994-02-20,"WI-433247",45.25,-88.5
-6.2,4.2,13.98,1994-02-21,"WI-433247",45.25,-88.5
-10.9,5.23,12.19,1994-02-22,"WI-433247",45.25,-88.5
-10.9,7.76,5.12,1994-02-23,"WI-433247",45.25,-88.5
-10,4.95,13.06,1994-02-24,"WI-433247",45.25,-88.5
-13.4,5.58,6.29,1994-02-25,"WI-433247",45.25,-88.5
-13.2,4.6,15.38,1994-02-26,"WI-433247",45.25,-88.5
-12.2,3.62,14.99,1994-02-27,"WI-433247",45.25,-88.5
-5.9,3.08,13.03,1994-02-28,"WI-433247",45.25,-88.5
-5,3.3,14.95,1994-03-01,"WI-433247",45.25,-88.5
-2.5,3.08,14.73,1994-03-02,"WI-433247",45.25,-88.5
3.3,3.8,12.95,1994-03-03,"WI-433247",45.25,-88.5
4.8,6.08,14.61,1994-03-04,"WI-433247",45.25,-88.5
3.1,3.79,13.26,1994-03-05,"WI-433247",45.25,-88.5
4.5,5.21,12.08,1994-03-06,"WI-433247",45.25,-88.5
0.2,8.05,16.3,1994-03-07,"WI-433247",45.25,-88.5
-4.6,7.24,17.33,1994-03-08,"WI-433247",45.25,-88.5
-3.7,3.03,17.11,1994-03-09,"WI-433247",45.25,-88.5
-1.5,4.13,10.83,1994-03-10,"WI-433247",45.25,-88.5
-2.4,4.21,16.07,1994-03-11,"WI-433247",45.25,-88.5
2.4,3.5,12.48,1994-03-12,"WI-433247",45.25,-88.5
1.3,3.2,12.66,1994-03-13,"WI-433247",45.25,-88.5
4.3,6.49,9.55,1994-03-14,"WI-433247",45.25,-88.5
-0.2,7.47,13.65,1994-03-15,"WI-433247",45.25,-88.5
-4.7,4.93,19.81,1994-03-16,"WI-433247",45.25,-88.5
-5.1,4.61,10.89,1994-03-17,"WI-433247",45.25,-88.5
-2.4,4.08,12.84,1994-03-18,"WI-433247",45.25,-88.5
0.6,2.64,17.54,1994-03-19,"WI-433247",45.25,-88.5
4,4.34,14.4,1994-03-20,"WI-433247",45.25,-88.5
5.6,7.06,16.98,1994-03-21,"WI-433247",45.25,-88.5
9.1,6.71,18.93,1994-03-22,"WI-433247",45.25,-88.5
1.5,5.59,14.24,1994-03-23,"WI-433247",45.25,-88.5
-1.1,6.93,12.65,1994-03-24,"WI-433247",45.25,-88.5
0.3,3.18,21.46,1994-03-25,"WI-433247",45.25,-88.5
1.5,5,11.4,1994-03-26,"WI-433247",45.25,-88.5
3.5,4.49,12.54,1994-03-27,"WI-433247",45.25,-88.5
1.4,4.36,13.37,1994-03-28,"WI-433247",45.25,-88.5
-0.2,4.36,14.71,1994-03-29,"WI-433247",45.25,-88.5
0,4.84,22.11,1994-03-30,"WI-433247",45.25,-88.5
5.7,5.53,20.09,1994-03-31,"WI-433247",45.25,-88.5
6.7,3.48,20.88,1994-04-01,"WI-433247",45.25,-88.5
2.8,8.07,16.75,1994-04-02,"WI-433247",45.25,-88.5
2.1,5.2,22.99,1994-04-03,"WI-433247",45.25,-88.5
1.7,4.43,3.72,1994-04-04,"WI-433247",45.25,-88.5
-3.4,4.55,23.98,1994-04-05,"WI-433247",45.25,-88.5
-3.7,3.23,24.03,1994-04-06,"WI-433247",45.25,-88.5
1.3,3.81,18.72,1994-04-07,"WI-433247",45.25,-88.5
4.2,6.41,14.26,1994-04-08,"WI-433247",45.25,-88.5
6.5,8.71,15.75,1994-04-09,"WI-433247",45.25,-88.5
7.1,4.9,24.45,1994-04-10,"WI-433247",45.25,-88.5
6.1,3.5,21.69,1994-04-11,"WI-433247",45.25,-88.5
3.8,7.33,9.17,1994-04-12,"WI-433247",45.25,-88.5
7.1,5.12,11.77,1994-04-13,"WI-433247",45.25,-88.5
12.3,4.94,21.1,1994-04-14,"WI-433247",45.25,-88.5
9.8,9.06,9.33,1994-04-15,"WI-433247",45.25,-88.5
6.9,11.09,21.93,1994-04-16,"WI-433247",45.25,-88.5
9.3,7.28,25.88,1994-04-17,"WI-433247",45.25,-88.5
13.7,7.56,19.26,1994-04-18,"WI-433247",45.25,-88.5
9.6,8.22,23.57,1994-04-19,"WI-433247",45.25,-88.5
6.6,5.86,24.66,1994-04-20,"WI-433247",45.25,-88.5
7.1,3.67,25.89,1994-04-21,"WI-433247",45.25,-88.5
7.6,3.25,26.67,1994-04-22,"WI-433247",45.25,-88.5
13.7,7.86,25.01,1994-04-23,"WI-433247",45.25,-88.5
17.7,6.55,12.88,1994-04-24,"WI-433247",45.25,-88.5
6.7,3.94,3.78,1994-04-25,"WI-433247",45.25,-88.5
12.8,6.62,12.01,1994-04-26,"WI-433247",45.25,-88.5
5.9,5.95,23.88,1994-04-27,"WI-433247",45.25,-88.5
0.4,6.17,13.99,1994-04-28,"WI-433247",45.25,-88.5
3.4,6.67,13.95,1994-04-29,"WI-433247",45.25,-88.5
3.3,3.89,12.19,1994-04-30,"WI-433247",45.25,-88.5
6,5.39,25.58,1994-05-01,"WI-433247",45.25,-88.5
8.3,3.05,21.52,1994-05-02,"WI-433247",45.25,-88.5
10.8,4.85,20.12,1994-05-03,"WI-433247",45.25,-88.5
12.2,5.75,17.74,1994-05-04,"WI-433247",45.25,-88.5
8.4,5.78,25.05,1994-05-05,"WI-433247",45.25,-88.5
8.5,4.1,23.09,1994-05-06,"WI-433247",45.25,-88.5
10.4,3.18,24.21,1994-05-07,"WI-433247",45.25,-88.5
12.8,7.58,26.98,1994-05-08,"WI-433247",45.25,-88.5
11.9,7.22,25.74,1994-05-09,"WI-433247",45.25,-88.5
11.7,4.12,27.96,1994-05-10,"WI-433247",45.25,-88.5
14,9.12,22.23,1994-05-11,"WI-433247",45.25,-88.5
11.8,4.44,22.83,1994-05-12,"WI-433247",45.25,-88.5
12.5,4.95,24.74,1994-05-13,"WI-433247",45.25,-88.5
15.2,6.01,19.6,1994-05-14,"WI-433247",45.25,-88.5
12.1,7.14,18.99,1994-05-15,"WI-433247",45.25,-88.5
9.7,5.05,29.79,1994-05-16,"WI-433247",45.25,-88.5
11,3.04,29.42,1994-05-17,"WI-433247",45.25,-88.5
12.8,3.22,29.31,1994-05-18,"WI-433247",45.25,-88.5
15.8,3.13,29.13,1994-05-19,"WI-433247",45.25,-88.5
21.5,3.39,28.61,1994-05-20,"WI-433247",45.25,-88.5
23.8,4.56,29.03,1994-05-21,"WI-433247",45.25,-88.5
21.8,3.6,24.18,1994-05-22,"WI-433247",45.25,-88.5
18.9,3.5,26.66,1994-05-23,"WI-433247",45.25,-88.5
17.5,3.75,20.16,1994-05-24,"WI-433247",45.25,-88.5
13.9,5.92,16.1,1994-05-25,"WI-433247",45.25,-88.5
9.2,5.95,30.56,1994-05-26,"WI-433247",45.25,-88.5
11.2,3.96,24.75,1994-05-27,"WI-433247",45.25,-88.5
18.2,4.4,25.28,1994-05-28,"WI-433247",45.25,-88.5
18.7,5.73,14.43,1994-05-29,"WI-433247",45.25,-88.5
22.5,5.37,25.5,1994-05-30,"WI-433247",45.25,-88.5
19.9,8.46,26.38,1994-05-31,"WI-433247",45.25,-88.5
13.2,5.06,30.71,1994-06-01,"WI-433247",45.25,-88.5
13.5,3.72,31.07,1994-06-02,"WI-433247",45.25,-88.5
14.9,2.75,30.91,1994-06-03,"WI-433247",45.25,-88.5
18.9,3.8,29.07,1994-06-04,"WI-433247",45.25,-88.5
17.3,5.11,12.86,1994-06-05,"WI-433247",45.25,-88.5
18.6,3.34,19.72,1994-06-06,"WI-433247",45.25,-88.5
15.1,5.3,23.9,1994-06-07,"WI-433247",45.25,-88.5
12.1,4.3,31.56,1994-06-08,"WI-433247",45.25,-88.5
15.6,2.51,30.56,1994-06-09,"WI-433247",45.25,-88.5
16.6,3.61,16.17,1994-06-10,"WI-433247",45.25,-88.5
16.9,5.28,22.38,1994-06-11,"WI-433247",45.25,-88.5
19.4,6.02,25.46,1994-06-12,"WI-433247",45.25,-88.5
18.7,4.3,17.04,1994-06-13,"WI-433247",45.25,-88.5
19.9,6.56,16.56,1994-06-14,"WI-433247",45.25,-88.5
26.5,6.07,24.34,1994-06-15,"WI-433247",45.25,-88.5
26.6,5.16,27.91,1994-06-16,"WI-433247",45.25,-88.5
26.8,4.6,25.1,1994-06-17,"WI-433247",45.25,-88.5
24.3,3.34,17.38,1994-06-18,"WI-433247",45.25,-88.5
21,3.18,20.42,1994-06-19,"WI-433247",45.25,-88.5
22.9,4.42,16.32,1994-06-20,"WI-433247",45.25,-88.5
23.6,4.36,30.98,1994-06-21,"WI-433247",45.25,-88.5
22.8,3.24,24.19,1994-06-22,"WI-433247",45.25,-88.5
19.5,4.07,12.49,1994-06-23,"WI-433247",45.25,-88.5
19.7,3.86,21.41,1994-06-24,"WI-433247",45.25,-88.5
20.8,3.64,24.11,1994-06-25,"WI-433247",45.25,-88.5
20.2,3.89,27.39,1994-06-26,"WI-433247",45.25,-88.5
21.3,4.22,23.8,1994-06-27,"WI-433247",45.25,-88.5
19.3,4.78,18.24,1994-06-28,"WI-433247",45.25,-88.5
18.2,6.07,17.71,1994-06-29,"WI-433247",45.25,-88.5
18.5,4.1,21.37,1994-06-30,"WI-433247",45.25,-88.5
21.2,5.92,25.81,1994-07-01,"WI-433247",45.25,-88.5
16.8,4,30.72,1994-07-02,"WI-433247",45.25,-88.5
17.3,4.7,30.3,1994-07-03,"WI-433247",45.25,-88.5
19.1,5.25,4.15,1994-07-04,"WI-433247",45.25,-88.5
21.8,4.14,9.83,1994-07-05,"WI-433247",45.25,-88.5
23.7,3.11,18.64,1994-07-06,"WI-433247",45.25,-88.5
21.7,4.44,9.42,1994-07-07,"WI-433247",45.25,-88.5
20.7,4.9,11.75,1994-07-08,"WI-433247",45.25,-88.5
17,5.44,8.29,1994-07-09,"WI-433247",45.25,-88.5
17,3.21,27.73,1994-07-10,"WI-433247",45.25,-88.5
19.9,6.58,16.57,1994-07-11,"WI-433247",45.25,-88.5
22.7,5.59,28.13,1994-07-12,"WI-433247",45.25,-88.5
15.1,3.4,24.61,1994-07-13,"WI-433247",45.25,-88.5
15.3,4.5,9.57,1994-07-14,"WI-433247",45.25,-88.5
19.5,3.38,23.78,1994-07-15,"WI-433247",45.25,-88.5
20,2.69,22.18,1994-07-16,"WI-433247",45.25,-88.5
20.5,2.68,17.48,1994-07-17,"WI-433247",45.25,-88.5
21.1,2.79,24.69,1994-07-18,"WI-433247",45.25,-88.5
22,4,17.11,1994-07-19,"WI-433247",45.25,-88.5
23.2,5.35,26.52,1994-07-20,"WI-433247",45.25,-88.5
21,5.22,23.66,1994-07-21,"WI-433247",45.25,-88.5
20.2,3.94,20.55,1994-07-22,"WI-433247",45.25,-88.5
21.1,5.47,20.88,1994-07-23,"WI-433247",45.25,-88.5
20.2,3.73,24.87,1994-07-24,"WI-433247",45.25,-88.5
17.3,5.27,22.49,1994-07-25,"WI-433247",45.25,-88.5
16.3,3.42,16.28,1994-07-26,"WI-433247",45.25,-88.5
17.3,4.54,18.63,1994-07-27,"WI-433247",45.25,-88.5
18.9,2.22,24.33,1994-07-28,"WI-433247",45.25,-88.5
20.2,2.47,21.29,1994-07-29,"WI-433247",45.25,-88.5
21,4.58,23.75,1994-07-30,"WI-433247",45.25,-88.5
22.2,5.82,23.83,1994-07-31,"WI-433247",45.25,-88.5
21.9,3.85,21.53,1994-08-01,"WI-433247",45.25,-88.5
19.1,3.13,23.23,1994-08-02,"WI-433247",45.25,-88.5
20.1,4.77,13.16,1994-08-03,"WI-433247",45.25,-88.5
16.5,5.61,17.54,1994-08-04,"WI-433247",45.25,-88.5
14.4,3.08,25.67,1994-08-05,"WI-433247",45.25,-88.5
16.1,4.75,23.49,1994-08-06,"WI-433247",45.25,-88.5
18.4,4.97,24.34,1994-08-07,"WI-433247",45.25,-88.5
16.5,5.12,14.68,1994-08-08,"WI-433247",45.25,-88.5
13.4,2.94,15.03,1994-08-09,"WI-433247",45.25,-88.5
13.7,2.43,10.8,1994-08-10,"WI-433247",45.25,-88.5
17.1,2.47,16.09,1994-08-11,"WI-433247",45.25,-88.5
18.2,4.64,18.34,1994-08-12,"WI-433247",45.25,-88.5
19.8,6.36,18.04,1994-08-13,"WI-433247",45.25,-88.5
15,7.55,13.87,1994-08-14,"WI-433247",45.25,-88.5
18,3.72,18.98,1994-08-15,"WI-433247",45.25,-88.5
19.3,5,23.69,1994-08-16,"WI-433247",45.25,-88.5
20.3,2.79,21.86,1994-08-17,"WI-433247",45.25,-88.5
18.2,2.33,4.31,1994-08-18,"WI-433247",45.25,-88.5
18,3.31,11.65,1994-08-19,"WI-433247",45.25,-88.5
18.2,4.6,14.79,1994-08-20,"WI-433247",45.25,-88.5
19,3.83,19.66,1994-08-21,"WI-433247",45.25,-88.5
19.5,2.61,18.64,1994-08-22,"WI-433247",45.25,-88.5
19.8,6.38,17.68,1994-08-23,"WI-433247",45.25,-88.5
23,5.4,19.24,1994-08-24,"WI-433247",45.25,-88.5
22.5,3.01,20.11,1994-08-25,"WI-433247",45.25,-88.5
22.6,4.27,19.04,1994-08-26,"WI-433247",45.25,-88.5
22,7.87,13.53,1994-08-27,"WI-433247",45.25,-88.5
19,7.67,21.97,1994-08-28,"WI-433247",45.25,-88.5
16.2,4.07,18.59,1994-08-29,"WI-433247",45.25,-88.5
14.3,6.11,5.34,1994-08-30,"WI-433247",45.25,-88.5
13,5.85,14.02,1994-08-31,"WI-433247",45.25,-88.5
11.6,3.33,15.97,1994-09-01,"WI-433247",45.25,-88.5
12.5,2.08,17.28,1994-09-02,"WI-433247",45.25,-88.5
13.7,3.06,16.48,1994-09-03,"WI-433247",45.25,-88.5
14,6.32,8.32,1994-09-04,"WI-433247",45.25,-88.5
14.7,4.62,4.93,1994-09-05,"WI-433247",45.25,-88.5
16.6,5.2,18.3,1994-09-06,"WI-433247",45.25,-88.5
18,5.71,18.96,1994-09-07,"WI-433247",45.25,-88.5
18.6,3.41,19.92,1994-09-08,"WI-433247",45.25,-88.5
15.9,3.4,19.19,1994-09-09,"WI-433247",45.25,-88.5
16.6,3.4,18.4,1994-09-10,"WI-433247",45.25,-88.5
19.4,3.85,16.36,1994-09-11,"WI-433247",45.25,-88.5
21.7,4.2,13.52,1994-09-12,"WI-433247",45.25,-88.5
21.9,5.01,9.39,1994-09-13,"WI-433247",45.25,-88.5
19.3,3.77,3.84,1994-09-14,"WI-433247",45.25,-88.5
22.8,5.63,15.73,1994-09-15,"WI-433247",45.25,-88.5
21.3,5.03,13.49,1994-09-16,"WI-433247",45.25,-88.5
17.6,4.89,17.1,1994-09-17,"WI-433247",45.25,-88.5
17.3,3.21,17.1,1994-09-18,"WI-433247",45.25,-88.5
17.1,3.04,18.97,1994-09-19,"WI-433247",45.25,-88.5
19.3,3.4,15.62,1994-09-20,"WI-433247",45.25,-88.5
19.4,5.49,12.95,1994-09-21,"WI-433247",45.25,-88.5
17.5,4.78,9.87,1994-09-22,"WI-433247",45.25,-88.5
18,3.99,12.7,1994-09-23,"WI-433247",45.25,-88.5
17.5,3.14,9.89,1994-09-24,"WI-433247",45.25,-88.5
14.5,5.63,6.71,1994-09-25,"WI-433247",45.25,-88.5
9.3,6.86,2.74,1994-09-26,"WI-433247",45.25,-88.5
10.7,3.92,8.15,1994-09-27,"WI-433247",45.25,-88.5
10.8,7.32,11.66,1994-09-28,"WI-433247",45.25,-88.5
10.7,3.62,15.91,1994-09-29,"WI-433247",45.25,-88.5
11.8,3.22,10.92,1994-09-30,"WI-433247",45.25,-88.5
9.4,3.62,12.13,1994-10-01,"WI-433247",45.25,-88.5
7.4,3.49,13.08,1994-10-02,"WI-433247",45.25,-88.5
8.1,3.69,12.54,1994-10-03,"WI-433247",45.25,-88.5
7.8,3.48,5.76,1994-10-04,"WI-433247",45.25,-88.5
8.8,3.94,12.19,1994-10-05,"WI-433247",45.25,-88.5
15.4,5.23,14.63,1994-10-06,"WI-433247",45.25,-88.5
17.5,8.57,10.83,1994-10-07,"WI-433247",45.25,-88.5
11,5.68,3.67,1994-10-08,"WI-433247",45.25,-88.5
6.3,7.34,11.76,1994-10-09,"WI-433247",45.25,-88.5
6.4,3.14,15.17,1994-10-10,"WI-433247",45.25,-88.5
9,4.47,14.79,1994-10-11,"WI-433247",45.25,-88.5
9.7,3.11,14.79,1994-10-12,"WI-433247",45.25,-88.5
9.8,2.53,13.93,1994-10-13,"WI-433247",45.25,-88.5
10.6,3.55,10.52,1994-10-14,"WI-433247",45.25,-88.5
11.4,4.03,9.04,1994-10-15,"WI-433247",45.25,-88.5
13.5,3.7,9.81,1994-10-16,"WI-433247",45.25,-88.5
15.4,5.15,5.72,1994-10-17,"WI-433247",45.25,-88.5
16.8,5.32,4.27,1994-10-18,"WI-433247",45.25,-88.5
13.8,6.93,6.32,1994-10-19,"WI-433247",45.25,-88.5
11.4,5.26,4.55,1994-10-20,"WI-433247",45.25,-88.5
10.6,4.01,12.01,1994-10-21,"WI-433247",45.25,-88.5
12.4,7.28,10.56,1994-10-22,"WI-433247",45.25,-88.5
8,8.8,9.42,1994-10-23,"WI-433247",45.25,-88.5
5.2,7.75,7.95,1994-10-24,"WI-433247",45.25,-88.5
4.4,6.6,6.21,1994-10-25,"WI-433247",45.25,-88.5
4.2,3.4,7.97,1994-10-26,"WI-433247",45.25,-88.5
7.5,6.04,11.93,1994-10-27,"WI-433247",45.25,-88.5
11.3,6.4,5.12,1994-10-28,"WI-433247",45.25,-88.5
11.4,5.59,10.06,1994-10-29,"WI-433247",45.25,-88.5
8.4,6.53,11.64,1994-10-30,"WI-433247",45.25,-88.5
5.3,4.21,6.89,1994-10-31,"WI-433247",45.25,-88.5
4.4,4.03,10.56,1994-11-01,"WI-433247",45.25,-88.5
7,5.57,7.86,1994-11-02,"WI-433247",45.25,-88.5
8.4,3.4,3.04,1994-11-03,"WI-433247",45.25,-88.5
5.1,3.35,1.12,1994-11-04,"WI-433247",45.25,-88.5
5,3.5,6.02,1994-11-05,"WI-433247",45.25,-88.5
5.5,6.87,7.62,1994-11-06,"WI-433247",45.25,-88.5
5.3,7.06,7.96,1994-11-07,"WI-433247",45.25,-88.5
8.7,3.77,7.08,1994-11-08,"WI-433247",45.25,-88.5
5.1,3.32,6.27,1994-11-09,"WI-433247",45.25,-88.5
2.2,2.69,9.75,1994-11-10,"WI-433247",45.25,-88.5
4.8,5.32,8.96,1994-11-11,"WI-433247",45.25,-88.5
6.9,4.66,6.9,1994-11-12,"WI-433247",45.25,-88.5
9.5,5.86,1.58,1994-11-13,"WI-433247",45.25,-88.5
8.7,7.52,4.24,1994-11-14,"WI-433247",45.25,-88.5
1.8,4.22,9.27,1994-11-15,"WI-433247",45.25,-88.5
0.8,4.47,7.93,1994-11-16,"WI-433247",45.25,-88.5
5.3,6.02,8.03,1994-11-17,"WI-433247",45.25,-88.5
5.1,11.48,5.81,1994-11-18,"WI-433247",45.25,-88.5
0.9,5.64,7.71,1994-11-19,"WI-433247",45.25,-88.5
3.5,5.17,4.74,1994-11-20,"WI-433247",45.25,-88.5
4.5,9.59,1.99,1994-11-21,"WI-433247",45.25,-88.5
-2.1,8.66,8.5,1994-11-22,"WI-433247",45.25,-88.5
-2.2,6.97,8.03,1994-11-23,"WI-433247",45.25,-88.5
0.9,5.32,6.91,1994-11-24,"WI-433247",45.25,-88.5
-1,6.96,8,1994-11-25,"WI-433247",45.25,-88.5
-4.2,4.1,6.41,1994-11-26,"WI-433247",45.25,-88.5
-0.9,9.67,1.43,1994-11-27,"WI-433247",45.25,-88.5
-0.6,6.82,3.52,1994-11-28,"WI-433247",45.25,-88.5
-5.2,5,5.72,1994-11-29,"WI-433247",45.25,-88.5
-7.7,3.49,6.37,1994-11-30,"WI-433247",45.25,-88.5
-0.1,5.94,5.41,1994-12-01,"WI-433247",45.25,-88.5
2,4.97,7.4,1994-12-02,"WI-433247",45.25,-88.5
1.9,3.6,4.54,1994-12-03,"WI-433247",45.25,-88.5
1.1,2.89,3.51,1994-12-04,"WI-433247",45.25,-88.5
0.6,3.96,3.29,1994-12-05,"WI-433247",45.25,-88.5
-5.5,3.74,6.36,1994-12-06,"WI-433247",45.25,-88.5
-5.5,4.52,5.67,1994-12-07,"WI-433247",45.25,-88.5
-4.9,3,6.08,1994-12-08,"WI-433247",45.25,-88.5
-2.4,4.18,6.83,1994-12-09,"WI-433247",45.25,-88.5
-5.3,6.11,6.52,1994-12-10,"WI-433247",45.25,-88.5
-10.2,5.94,6.56,1994-12-11,"WI-433247",45.25,-88.5
-10,3.5,6.98,1994-12-12,"WI-433247",45.25,-88.5
-7.8,2.26,5.65,1994-12-13,"WI-433247",45.25,-88.5
-6.9,3,6.76,1994-12-14,"WI-433247",45.25,-88.5
-1.6,3.61,1.64,1994-12-15,"WI-433247",45.25,-88.5
-0.8,3.53,2.69,1994-12-16,"WI-433247",45.25,-88.5
-0.3,3.85,3.95,1994-12-17,"WI-433247",45.25,-88.5
-2.4,4.36,5.4,1994-12-18,"WI-433247",45.25,-88.5
-5.3,3.33,6.04,1994-12-19,"WI-433247",45.25,-88.5
-1.2,3.04,6.47,1994-12-20,"WI-433247",45.25,-88.5
1.5,4.34,6.58,1994-12-21,"WI-433247",45.25,-88.5
2.6,4.81,2.33,1994-12-22,"WI-433247",45.25,-88.5
1.4,3.72,4.9,1994-12-23,"WI-433247",45.25,-88.5
0.9,4.27,6.89,1994-12-24,"WI-433247",45.25,-88.5
0.6,4.14,6.34,1994-12-25,"WI-433247",45.25,-88.5
0.8,4.31,6.77,1994-12-26,"WI-433247",45.25,-88.5
2.7,5.32,5.7,1994-12-27,"WI-433247",45.25,-88.5
0.8,6,3.7,1994-12-28,"WI-433247",45.25,-88.5
-4.3,3.52,5.99,1994-12-29,"WI-433247",45.25,-88.5
-1.9,3.82,4.26,1994-12-30,"WI-433247",45.25,-88.5
-2.8,3.5,4.84,1994-12-31,"WI-433247",45.25,-88.5
-8.5,5.11,4.94,1995-01-01,"WI-433247",45.25,-88.5
-11.6,5.67,6.78,1995-01-02,"WI-433247",45.25,-88.5
-16.1,5.66,7.67,1995-01-03,"WI-433247",45.25,-88.5
-19.7,5.35,7.72,1995-01-04,"WI-433247",45.25,-88.5
-11.4,7.52,7.52,1995-01-05,"WI-433247",45.25,-88.5
-5.2,6.61,2.88,1995-01-06,"WI-433247",45.25,-88.5
-10.5,4.53,7.82,1995-01-07,"WI-433247",45.25,-88.5
-11.3,5.17,7.8,1995-01-08,"WI-433247",45.25,-88.5
-12.7,3.41,7.15,1995-01-09,"WI-433247",45.25,-88.5
-8.4,4.05,2.74,1995-01-10,"WI-433247",45.25,-88.5
-2,4.2,2.31,1995-01-11,"WI-433247",45.25,-88.5
0.8,2.58,0.98,1995-01-12,"WI-433247",45.25,-88.5
0.9,3,2.15,1995-01-13,"WI-433247",45.25,-88.5
-0.1,3.64,2.15,1995-01-14,"WI-433247",45.25,-88.5
-1.5,3.7,7.8,1995-01-15,"WI-433247",45.25,-88.5
-3.5,3.96,5.12,1995-01-16,"WI-433247",45.25,-88.5
-0.1,5.95,2.84,1995-01-17,"WI-433247",45.25,-88.5
-1.5,5.14,8.43,1995-01-18,"WI-433247",45.25,-88.5
-3.1,4.9,3.35,1995-01-19,"WI-433247",45.25,-88.5
-4.1,6.26,4.26,1995-01-20,"WI-433247",45.25,-88.5
-5.6,5.85,2.62,1995-01-21,"WI-433247",45.25,-88.5
-7,5.02,3.93,1995-01-22,"WI-433247",45.25,-88.5
-6.2,3.36,6.34,1995-01-23,"WI-433247",45.25,-88.5
-7.8,3.18,9.21,1995-01-24,"WI-433247",45.25,-88.5
-9.7,3.26,9.46,1995-01-25,"WI-433247",45.25,-88.5
-8.3,3.96,9.67,1995-01-26,"WI-433247",45.25,-88.5
-8.2,4.14,6.49,1995-01-27,"WI-433247",45.25,-88.5
-7.9,4.22,6.27,1995-01-28,"WI-433247",45.25,-88.5
-8.3,3.18,8.78,1995-01-29,"WI-433247",45.25,-88.5
-4.6,6.19,6.8,1995-01-30,"WI-433247",45.25,-88.5
0.2,7.26,9.17,1995-01-31,"WI-433247",45.25,-88.5
-1.3,3.75,6.14,1995-02-01,"WI-433247",45.25,-88.5
-5.5,2.62,9.96,1995-02-02,"WI-433247",45.25,-88.5
-2.4,5.91,3.28,1995-02-03,"WI-433247",45.25,-88.5
-12.1,6.2,10.88,1995-02-04,"WI-433247",45.25,-88.5
-18.6,4.85,11.81,1995-02-05,"WI-433247",45.25,-88.5
-15.1,4.14,10.9,1995-02-06,"WI-433247",45.25,-88.5
-14,5.7,11.61,1995-02-07,"WI-433247",45.25,-88.5
-12.4,5.56,11.38,1995-02-08,"WI-433247",45.25,-88.5
-3.6,5.8,9.61,1995-02-09,"WI-433247",45.25,-88.5
-6.7,9.31,9.9,1995-02-10,"WI-433247",45.25,-88.5
-20.8,7.46,12.14,1995-02-11,"WI-433247",45.25,-88.5
-17.1,5.6,12.33,1995-02-12,"WI-433247",45.25,-88.5
-16.5,6.03,12.61,1995-02-13,"WI-433247",45.25,-88.5
-14,3.85,12.5,1995-02-14,"WI-433247",45.25,-88.5
-4,6.23,5.66,1995-02-15,"WI-433247",45.25,-88.5
-9.2,3.26,12.73,1995-02-16,"WI-433247",45.25,-88.5
-3,5.37,11.53,1995-02-17,"WI-433247",45.25,-88.5
1.3,4.66,8.28,1995-02-18,"WI-433247",45.25,-88.5
0.7,4.32,11.2,1995-02-19,"WI-433247",45.25,-88.5
0.4,6.55,5.79,1995-02-20,"WI-433247",45.25,-88.5
-6.7,6.61,12.87,1995-02-21,"WI-433247",45.25,-88.5
0,3.91,11.06,1995-02-22,"WI-433247",45.25,-88.5
-0.8,7.77,11.69,1995-02-23,"WI-433247",45.25,-88.5
-4.5,4.81,9.94,1995-02-24,"WI-433247",45.25,-88.5
-7.9,5.07,8.18,1995-02-25,"WI-433247",45.25,-88.5
-10.3,4.61,8.58,1995-02-26,"WI-433247",45.25,-88.5
-3.7,3.85,14.11,1995-02-27,"WI-433247",45.25,-88.5
-7.2,5.24,12.87,1995-02-28,"WI-433247",45.25,-88.5
-14.4,4.92,15.75,1995-03-01,"WI-433247",45.25,-88.5
-15,4.52,16.8,1995-03-02,"WI-433247",45.25,-88.5
-6.2,5.58,16.46,1995-03-03,"WI-433247",45.25,-88.5
-4.8,4.48,13.59,1995-03-04,"WI-433247",45.25,-88.5
-4,5.02,6.83,1995-03-05,"WI-433247",45.25,-88.5
-7.6,3.86,7.9,1995-03-06,"WI-433247",45.25,-88.5
-6.3,4.87,12.04,1995-03-07,"WI-433247",45.25,-88.5
-9.7,3.85,16.2,1995-03-08,"WI-433247",45.25,-88.5
-11.9,3.96,17.67,1995-03-09,"WI-433247",45.25,-88.5
-0.9,4.22,16.92,1995-03-10,"WI-433247",45.25,-88.5
6.6,4.1,17.23,1995-03-11,"WI-433247",45.25,-88.5
10.4,6.22,17.1,1995-03-12,"WI-433247",45.25,-88.5
13.8,4.81,15.92,1995-03-13,"WI-433247",45.25,-88.5
12.9,3.92,13.97,1995-03-14,"WI-433247",45.25,-88.5
11.7,3.41,15.2,1995-03-15,"WI-433247",45.25,-88.5
7.6,3.55,17.73,1995-03-16,"WI-433247",45.25,-88.5
0.9,2.02,2.59,1995-03-17,"WI-433247",45.25,-88.5
1.5,2.5,5.53,1995-03-18,"WI-433247",45.25,-88.5
3.7,3.42,10.08,1995-03-19,"WI-433247",45.25,-88.5
2.1,7.39,1.9,1995-03-20,"WI-433247",45.25,-88.5
3.6,8.75,12.75,1995-03-21,"WI-433247",45.25,-88.5
3.6,4.37,18.53,1995-03-22,"WI-433247",45.25,-88.5
2.9,3.58,19.5,1995-03-23,"WI-433247",45.25,-88.5
3.6,2.38,21.17,1995-03-24,"WI-433247",45.25,-88.5
2.8,3.4,12.99,1995-03-25,"WI-433247",45.25,-88.5
3.8,4.37,6.88,1995-03-26,"WI-433247",45.25,-88.5
2.3,6.54,16.11,1995-03-27,"WI-433247",45.25,-88.5
3.2,4.49,12.64,1995-03-28,"WI-433247",45.25,-88.5
3.3,4.01,16.82,1995-03-29,"WI-433247",45.25,-88.5
1.2,3.82,16.81,1995-03-30,"WI-433247",45.25,-88.5
1.1,3.09,17.02,1995-03-31,"WI-433247",45.25,-88.5
1.2,4.03,13.32,1995-04-01,"WI-433247",45.25,-88.5
3.8,5.7,21.47,1995-04-02,"WI-433247",45.25,-88.5
6.5,8.44,19.77,1995-04-03,"WI-433247",45.25,-88.5
-8.5,7.92,23.82,1995-04-04,"WI-433247",45.25,-88.5
-5.4,4.33,9.82,1995-04-05,"WI-433247",45.25,-88.5
1.8,5.9,16.65,1995-04-06,"WI-433247",45.25,-88.5
1.4,2.64,15.53,1995-04-07,"WI-433247",45.25,-88.5
3.8,3.96,15.72,1995-04-08,"WI-433247",45.25,-88.5
1.1,5.17,22.24,1995-04-09,"WI-433247",45.25,-88.5
1,6.24,9.05,1995-04-10,"WI-433247",45.25,-88.5
2.2,5.76,3.95,1995-04-11,"WI-433247",45.25,-88.5
5.2,6.66,17.07,1995-04-12,"WI-433247",45.25,-88.5
5.2,8.31,15.24,1995-04-13,"WI-433247",45.25,-88.5
5.1,3.75,25.41,1995-04-14,"WI-433247",45.25,-88.5
3.2,5.33,18.58,1995-04-15,"WI-433247",45.25,-88.5
4.3,4.4,6.23,1995-04-16,"WI-433247",45.25,-88.5
7.5,4.24,22.31,1995-04-17,"WI-433247",45.25,-88.5
2.4,7.34,2.96,1995-04-18,"WI-433247",45.25,-88.5
5.2,6.24,19.02,1995-04-19,"WI-433247",45.25,-88.5
2.7,5.82,12.63,1995-04-20,"WI-433247",45.25,-88.5
3.8,4.97,11.07,1995-04-21,"WI-433247",45.25,-88.5
7.5,5.04,22.15,1995-04-22,"WI-433247",45.25,-88.5
6.9,4.02,22.65,1995-04-23,"WI-433247",45.25,-88.5
6.3,4.44,13.09,1995-04-24,"WI-433247",45.25,-88.5
6,3.84,22.27,1995-04-25,"WI-433247",45.25,-88.5
7.2,2.72,15.49,1995-04-26,"WI-433247",45.25,-88.5
6,5.53,9.49,1995-04-27,"WI-433247",45.25,-88.5
8.4,4.83,19.36,1995-04-28,"WI-433247",45.25,-88.5
8.5,3.41,20.45,1995-04-29,"WI-433247",45.25,-88.5
7,3.45,16.77,1995-04-30,"WI-433247",45.25,-88.5
8,4.11,19.62,1995-05-01,"WI-433247",45.25,-88.5
9.8,2.94,18.9,1995-05-02,"WI-433247",45.25,-88.5
11.1,2.06,17.66,1995-05-03,"WI-433247",45.25,-88.5
12.1,2.15,20.25,1995-05-04,"WI-433247",45.25,-88.5
11.4,5.42,23.97,1995-05-05,"WI-433247",45.25,-88.5
12,3.35,27.38,1995-05-06,"WI-433247",45.25,-88.5
11.8,4.62,15.57,1995-05-07,"WI-433247",45.25,-88.5
8.2,6.1,5.5,1995-05-08,"WI-433247",45.25,-88.5
5.7,6.6,6.44,1995-05-09,"WI-433247",45.25,-88.5
8.7,5.45,6.24,1995-05-10,"WI-433247",45.25,-88.5
13.9,4.9,22.91,1995-05-11,"WI-433247",45.25,-88.5
15.7,3.83,23.51,1995-05-12,"WI-433247",45.25,-88.5
13.7,6.52,8.45,1995-05-13,"WI-433247",45.25,-88.5
14.1,7.38,11.44,1995-05-14,"WI-433247",45.25,-88.5
15.1,6.83,24.09,1995-05-15,"WI-433247",45.25,-88.5
15.1,5.88,22.39,1995-05-16,"WI-433247",45.25,-88.5
11.4,6.58,29.97,1995-05-17,"WI-433247",45.25,-88.5
13.8,3.69,26.78,1995-05-18,"WI-433247",45.25,-88.5
17.2,5.55,24.46,1995-05-19,"WI-433247",45.25,-88.5
15.3,7.74,26.63,1995-05-20,"WI-433247",45.25,-88.5
11.7,6.65,18.34,1995-05-21,"WI-433247",45.25,-88.5
13.9,5,18.43,1995-05-22,"WI-433247",45.25,-88.5
13,4.8,11.82,1995-05-23,"WI-433247",45.25,-88.5
11.3,4.13,14.45,1995-05-24,"WI-433247",45.25,-88.5
12.2,2.72,18.41,1995-05-25,"WI-433247",45.25,-88.5
13.7,3.11,19.76,1995-05-26,"WI-433247",45.25,-88.5
13,5.46,13.19,1995-05-27,"WI-433247",45.25,-88.5
9.5,5.3,4.37,1995-05-28,"WI-433247",45.25,-88.5
14.8,5.44,17,1995-05-29,"WI-433247",45.25,-88.5
19.7,4.44,29.93,1995-05-30,"WI-433247",45.25,-88.5
21.7,3.98,29.28,1995-05-31,"WI-433247",45.25,-88.5
21,3.08,18.84,1995-06-01,"WI-433247",45.25,-88.5
20.1,3.11,22.72,1995-06-02,"WI-433247",45.25,-88.5
20.6,3,26.2,1995-06-03,"WI-433247",45.25,-88.5
20.4,3.01,24.28,1995-06-04,"WI-433247",45.25,-88.5
22.1,3.35,23.31,1995-06-05,"WI-433247",45.25,-88.5
21.3,4.12,21.4,1995-06-06,"WI-433247",45.25,-88.5
15.3,5.64,16.46,1995-06-07,"WI-433247",45.25,-88.5
9.4,5.11,17.83,1995-06-08,"WI-433247",45.25,-88.5
12.7,2.69,13.23,1995-06-09,"WI-433247",45.25,-88.5
12.2,3.8,6.09,1995-06-10,"WI-433247",45.25,-88.5
14.5,4.68,26.88,1995-06-11,"WI-433247",45.25,-88.5
16.6,3.62,30.27,1995-06-12,"WI-433247",45.25,-88.5
21,3.93,30.03,1995-06-13,"WI-433247",45.25,-88.5
19.8,2.87,27.89,1995-06-14,"WI-433247",45.25,-88.5
21.7,3.62,26.28,1995-06-15,"WI-433247",45.25,-88.5
24,5.32,30.09,1995-06-16,"WI-433247",45.25,-88.5
26.8,4.19,26.75,1995-06-17,"WI-433247",45.25,-88.5
29.5,3.34,27.36,1995-06-18,"WI-433247",45.25,-88.5
30.4,3.67,28.21,1995-06-19,"WI-433247",45.25,-88.5
28.6,3.65,26.27,1995-06-20,"WI-433247",45.25,-88.5
26.3,3.67,26.31,1995-06-21,"WI-433247",45.25,-88.5
26,2.9,26.2,1995-06-22,"WI-433247",45.25,-88.5
27.2,3.11,26.55,1995-06-23,"WI-433247",45.25,-88.5
27.5,3.88,28.82,1995-06-24,"WI-433247",45.25,-88.5
23.9,4.21,25.76,1995-06-25,"WI-433247",45.25,-88.5
21.5,5.12,17.68,1995-06-26,"WI-433247",45.25,-88.5
20.8,3.41,13.39,1995-06-27,"WI-433247",45.25,-88.5
21.4,1.66,15.68,1995-06-28,"WI-433247",45.25,-88.5
22.7,3.08,20.25,1995-06-29,"WI-433247",45.25,-88.5
20.1,5.7,24.04,1995-06-30,"WI-433247",45.25,-88.5
14,5.46,16.35,1995-07-01,"WI-433247",45.25,-88.5
16.9,4.74,22.82,1995-07-02,"WI-433247",45.25,-88.5
20.6,7.48,19.16,1995-07-03,"WI-433247",45.25,-88.5
21.8,6.14,17.75,1995-07-04,"WI-433247",45.25,-88.5
21.7,4.94,9.41,1995-07-05,"WI-433247",45.25,-88.5
16.8,5.58,5.38,1995-07-06,"WI-433247",45.25,-88.5
16.3,6.1,19.53,1995-07-07,"WI-433247",45.25,-88.5
16.6,3,17.63,1995-07-08,"WI-433247",45.25,-88.5
20.4,3.86,26.34,1995-07-09,"WI-433247",45.25,-88.5
21.2,4.25,20.19,1995-07-10,"WI-433247",45.25,-88.5
22.3,3.61,27.4,1995-07-11,"WI-433247",45.25,-88.5
25.3,6.4,21.88,1995-07-12,"WI-433247",45.25,-88.5
28.7,4.81,25.3,1995-07-13,"WI-433247",45.25,-88.5
30.5,4.74,26.24,1995-07-14,"WI-433247",45.25,-88.5
21.9,3.52,7.24,1995-07-15,"WI-433247",45.25,-88.5
20.2,3.99,12.19,1995-07-16,"WI-433247",45.25,-88.5
19.7,6.82,19.71,1995-07-17,"WI-433247",45.25,-88.5
19.7,4.9,22.93,1995-07-18,"WI-433247",45.25,-88.5
18.9,4.82,19.5,1995-07-19,"WI-433247",45.25,-88.5
20.4,3.45,23.97,1995-07-20,"WI-433247",45.25,-88.5
21.2,4.3,24.57,1995-07-21,"WI-433247",45.25,-88.5
22.3,4.47,18.37,1995-07-22,"WI-433247",45.25,-88.5
21.6,2.51,23.93,1995-07-23,"WI-433247",45.25,-88.5
23.2,3.83,23.63,1995-07-24,"WI-433247",45.25,-88.5
22.9,3.4,24.07,1995-07-25,"WI-433247",45.25,-88.5
20.3,3.35,19.4,1995-07-26,"WI-433247",45.25,-88.5
21.5,5.3,20.87,1995-07-27,"WI-433247",45.25,-88.5
24.2,5.52,24.99,1995-07-28,"WI-433247",45.25,-88.5
22.8,3.57,28.7,1995-07-29,"WI-433247",45.25,-88.5
25.9,5.68,27.21,1995-07-30,"WI-433247",45.25,-88.5
25,5.38,21.19,1995-07-31,"WI-433247",45.25,-88.5
18.5,2.91,18.71,1995-08-01,"WI-433247",45.25,-88.5
20.1,3.64,19.1,1995-08-02,"WI-433247",45.25,-88.5
23.6,3.01,16.44,1995-08-03,"WI-433247",45.25,-88.5
22.9,2.55,18.58,1995-08-04,"WI-433247",45.25,-88.5
22,2.89,18.33,1995-08-05,"WI-433247",45.25,-88.5
21.9,3.28,17.97,1995-08-06,"WI-433247",45.25,-88.5
21.8,3.58,11.46,1995-08-07,"WI-433247",45.25,-88.5
23.3,4.3,17.47,1995-08-08,"WI-433247",45.25,-88.5
22.4,7.53,6.48,1995-08-09,"WI-433247",45.25,-88.5
24.6,3.88,18.35,1995-08-10,"WI-433247",45.25,-88.5
23.5,4.47,13.18,1995-08-11,"WI-433247",45.25,-88.5
21.9,3.13,8.61,1995-08-12,"WI-433247",45.25,-88.5
22,3.11,8.46,1995-08-13,"WI-433247",45.25,-88.5
24.2,5,18.53,1995-08-14,"WI-433247",45.25,-88.5
21.5,3.83,23.43,1995-08-15,"WI-433247",45.25,-88.5
19.9,2.5,3.77,1995-08-16,"WI-433247",45.25,-88.5
22.3,3.61,6.97,1995-08-17,"WI-433247",45.25,-88.5
23,3.75,12.89,1995-08-18,"WI-433247",45.25,-88.5
21.5,4.09,12.83,1995-08-19,"WI-433247",45.25,-88.5
20.2,4.2,24.92,1995-08-20,"WI-433247",45.25,-88.5
21.8,5.99,25.23,1995-08-21,"WI-433247",45.25,-88.5
19.3,3.11,24.34,1995-08-22,"WI-433247",45.25,-88.5
22.6,5.1,17.53,1995-08-23,"WI-433247",45.25,-88.5
16.1,4.37,15.31,1995-08-24,"WI-433247",45.25,-88.5
19.6,6.81,10.55,1995-08-25,"WI-433247",45.25,-88.5
19.9,3.36,5.86,1995-08-26,"WI-433247",45.25,-88.5
17.8,5.43,8.1,1995-08-27,"WI-433247",45.25,-88.5
21,4.16,7.12,1995-08-28,"WI-433247",45.25,-88.5
20.6,3.26,21.29,1995-08-29,"WI-433247",45.25,-88.5
23,6.39,16.42,1995-08-30,"WI-433247",45.25,-88.5
20.8,5.26,21.61,1995-08-31,"WI-433247",45.25,-88.5
17.2,3.8,19.36,1995-09-01,"WI-433247",45.25,-88.5
19.4,4.82,16.81,1995-09-02,"WI-433247",45.25,-88.5
18.6,2.86,18.77,1995-09-03,"WI-433247",45.25,-88.5
20.9,3.25,19.6,1995-09-04,"WI-433247",45.25,-88.5
21.6,2.62,17.37,1995-09-05,"WI-433247",45.25,-88.5
21.1,7.22,11.42,1995-09-06,"WI-433247",45.25,-88.5
11.7,7.2,18.29,1995-09-07,"WI-433247",45.25,-88.5
10.3,2.5,19.39,1995-09-08,"WI-433247",45.25,-88.5
11.2,4.26,14.01,1995-09-09,"WI-433247",45.25,-88.5
10.1,2.78,21.32,1995-09-10,"WI-433247",45.25,-88.5
13.6,4.12,19.38,1995-09-11,"WI-433247",45.25,-88.5
16.9,5.06,17.7,1995-09-12,"WI-433247",45.25,-88.5
19.7,6.14,15.98,1995-09-13,"WI-433247",45.25,-88.5
11.9,3.55,9.82,1995-09-14,"WI-433247",45.25,-88.5
12.2,5.85,14.57,1995-09-15,"WI-433247",45.25,-88.5
17.7,7,12.73,1995-09-16,"WI-433247",45.25,-88.5
11.3,4.73,14.04,1995-09-17,"WI-433247",45.25,-88.5
12.6,3.61,14.05,1995-09-18,"WI-433247",45.25,-88.5
11,3.71,1.95,1995-09-19,"WI-433247",45.25,-88.5
8.8,4.46,9.45,1995-09-20,"WI-433247",45.25,-88.5
6.4,3.99,9.36,1995-09-21,"WI-433247",45.25,-88.5
3.8,6.98,15.44,1995-09-22,"WI-433247",45.25,-88.5
5,3.01,16.38,1995-09-23,"WI-433247",45.25,-88.5
7.3,3.91,16.84,1995-09-24,"WI-433247",45.25,-88.5
9.6,3.91,10.23,1995-09-25,"WI-433247",45.25,-88.5
13.1,3.54,15.21,1995-09-26,"WI-433247",45.25,-88.5
13.3,2.65,17.57,1995-09-27,"WI-433247",45.25,-88.5
15.3,4.43,13.29,1995-09-28,"WI-433247",45.25,-88.5
17.3,5.31,12.39,1995-09-29,"WI-433247",45.25,-88.5
19,6.89,11.36,1995-09-30,"WI-433247",45.25,-88.5
14.8,7.65,2.54,1995-10-01,"WI-433247",45.25,-88.5
10.1,5.54,15.69,1995-10-02,"WI-433247",45.25,-88.5
10.5,4.19,6.26,1995-10-03,"WI-433247",45.25,-88.5
11.1,3.01,14.16,1995-10-04,"WI-433247",45.25,-88.5
10.4,7.23,8.65,1995-10-05,"WI-433247",45.25,-88.5
7.8,6.16,0.81,1995-10-06,"WI-433247",45.25,-88.5
8.9,6.04,6.79,1995-10-07,"WI-433247",45.25,-88.5
8.1,2.75,13.56,1995-10-08,"WI-433247",45.25,-88.5
10.6,2.11,8.91,1995-10-09,"WI-433247",45.25,-88.5
12.8,4.48,14.43,1995-10-10,"WI-433247",45.25,-88.5
15.8,6.24,14.34,1995-10-11,"WI-433247",45.25,-88.5
18.8,6.33,14.3,1995-10-12,"WI-433247",45.25,-88.5
18.9,6.69,11.08,1995-10-13,"WI-433247",45.25,-88.5
8.2,7.47,7.39,1995-10-14,"WI-433247",45.25,-88.5
5.5,8.3,9.59,1995-10-15,"WI-433247",45.25,-88.5
6.9,5.11,14.42,1995-10-16,"WI-433247",45.25,-88.5
12.9,8.07,12.24,1995-10-17,"WI-433247",45.25,-88.5
9.3,6.05,13.1,1995-10-18,"WI-433247",45.25,-88.5
11,4.44,6.25,1995-10-19,"WI-433247",45.25,-88.5
7.2,6.55,4.23,1995-10-20,"WI-433247",45.25,-88.5
1.7,6.76,2.15,1995-10-21,"WI-433247",45.25,-88.5
3.5,6.04,7.16,1995-10-22,"WI-433247",45.25,-88.5
6.2,5.2,6.78,1995-10-23,"WI-433247",45.25,-88.5
5.7,8.77,5.31,1995-10-24,"WI-433247",45.25,-88.5
5.9,5.19,11.91,1995-10-25,"WI-433247",45.25,-88.5
7.2,3.42,9.44,1995-10-26,"WI-433247",45.25,-88.5
7.7,4.6,2.91,1995-10-27,"WI-433247",45.25,-88.5
5.1,6.04,9.97,1995-10-28,"WI-433247",45.25,-88.5
3.7,6.09,6.63,1995-10-29,"WI-433247",45.25,-88.5
1.3,4.26,8.9,1995-10-30,"WI-433247",45.25,-88.5
1.7,2.19,8.96,1995-10-31,"WI-433247",45.25,-88.5
3.3,4.64,0.89,1995-11-01,"WI-433247",45.25,-88.5
2.6,6.57,2.89,1995-11-02,"WI-433247",45.25,-88.5
-2.1,8.08,9.62,1995-11-03,"WI-433247",45.25,-88.5
-4.3,5.61,10.57,1995-11-04,"WI-433247",45.25,-88.5
0,5.38,10.26,1995-11-05,"WI-433247",45.25,-88.5
3,4.97,3.54,1995-11-06,"WI-433247",45.25,-88.5
-0.4,6.93,5.88,1995-11-07,"WI-433247",45.25,-88.5
-5.6,5.58,8.6,1995-11-08,"WI-433247",45.25,-88.5
-5.1,5.26,2.5,1995-11-09,"WI-433247",45.25,-88.5
1.5,5.34,5.8,1995-11-10,"WI-433247",45.25,-88.5
-4.9,7.27,5.77,1995-11-11,"WI-433247",45.25,-88.5
-7.1,4.46,7.9,1995-11-12,"WI-433247",45.25,-88.5
-5.5,3.06,8.96,1995-11-13,"WI-433247",45.25,-88.5
-4.8,2.12,8.21,1995-11-14,"WI-433247",45.25,-88.5
-2.6,5.59,8.6,1995-11-15,"WI-433247",45.25,-88.5
-1.6,4.76,6.08,1995-11-16,"WI-433247",45.25,-88.5
-3.5,2.01,2.61,1995-11-17,"WI-433247",45.25,-88.5
-0.9,2.84,7.72,1995-11-18,"WI-433247",45.25,-88.5
-0.3,3.96,7.26,1995-11-19,"WI-433247",45.25,-88.5
0.7,8.03,5.5,1995-11-20,"WI-433247",45.25,-88.5
-4.4,6.97,4.68,1995-11-21,"WI-433247",45.25,-88.5
-6.7,5.4,5.35,1995-11-22,"WI-433247",45.25,-88.5
-7.8,5.95,6.62,1995-11-23,"WI-433247",45.25,-88.5
-10.2,5.83,7.06,1995-11-24,"WI-433247",45.25,-88.5
-2.6,4.88,6.64,1995-11-25,"WI-433247",45.25,-88.5
-4.2,4.7,1.84,1995-11-26,"WI-433247",45.25,-88.5
-4.1,7.1,2.49,1995-11-27,"WI-433247",45.25,-88.5
-10.2,5.03,7.33,1995-11-28,"WI-433247",45.25,-88.5
-10.9,2.9,7.12,1995-11-29,"WI-433247",45.25,-88.5
-4.8,5.56,1.74,1995-11-30,"WI-433247",45.25,-88.5
-1.4,6.83,4.65,1995-12-01,"WI-433247",45.25,-88.5
-2.7,5.38,3.78,1995-12-02,"WI-433247",45.25,-88.5
1,5.69,7.4,1995-12-03,"WI-433247",45.25,-88.5
-4,5.78,4.73,1995-12-04,"WI-433247",45.25,-88.5
-3.7,9.73,5.21,1995-12-05,"WI-433247",45.25,-88.5
-12.2,8.57,7.75,1995-12-06,"WI-433247",45.25,-88.5
-15.3,5.38,7.3,1995-12-07,"WI-433247",45.25,-88.5
-13.1,4.2,3.42,1995-12-08,"WI-433247",45.25,-88.5
-19.6,8.31,4.54,1995-12-09,"WI-433247",45.25,-88.5
-20.2,6.78,7.56,1995-12-10,"WI-433247",45.25,-88.5
-21.5,5.65,7,1995-12-11,"WI-433247",45.25,-88.5
-17.5,3.55,7.2,1995-12-12,"WI-433247",45.25,-88.5
-11.5,6,3.16,1995-12-13,"WI-433247",45.25,-88.5
-1.3,5.3,4.19,1995-12-14,"WI-433247",45.25,-88.5
-5.6,4.67,6.34,1995-12-15,"WI-433247",45.25,-88.5
-11.2,3.94,6.79,1995-12-16,"WI-433247",45.25,-88.5
-7,2.4,5.07,1995-12-17,"WI-433247",45.25,-88.5
-2.1,3.47,3.45,1995-12-18,"WI-433247",45.25,-88.5
-4.4,5.34,4.3,1995-12-19,"WI-433247",45.25,-88.5
-7.8,6.23,6.02,1995-12-20,"WI-433247",45.25,-88.5
-6.7,4.22,4.13,1995-12-21,"WI-433247",45.25,-88.5
-4.3,3.9,3.25,1995-12-22,"WI-433247",45.25,-88.5
-4.5,3.72,5.34,1995-12-23,"WI-433247",45.25,-88.5
-4.9,5.01,3.42,1995-12-24,"WI-433247",45.25,-88.5
-9.7,4.49,5.53,1995-12-25,"WI-433247",45.25,-88.5
-12,3.77,5.3,1995-12-26,"WI-433247",45.25,-88.5
-10.5,4.11,7.08,1995-12-27,"WI-433247",45.25,-88.5
-10.7,4.81,6.24,1995-12-28,"WI-433247",45.25,-88.5
-7.4,4.37,7.13,1995-12-29,"WI-433247",45.25,-88.5
-1.8,3.61,3.93,1995-12-30,"WI-433247",45.25,-88.5
-1,3.38,3.51,1995-12-31,"WI-433247",45.25,-88.5
-2.7,4.57,3.48,1996-01-01,"WI-433247",45.25,-88.5
-11,4.65,6.6,1996-01-02,"WI-433247",45.25,-88.5
-14.8,3.31,7.62,1996-01-03,"WI-433247",45.25,-88.5
-14.4,3.72,7.3,1996-01-04,"WI-433247",45.25,-88.5
-16.2,3.36,7.65,1996-01-05,"WI-433247",45.25,-88.5
-18,3.35,7.77,1996-01-06,"WI-433247",45.25,-88.5
-16.6,3.27,7.87,1996-01-07,"WI-433247",45.25,-88.5
-9.4,5.48,6.45,1996-01-08,"WI-433247",45.25,-88.5
-6.3,5.91,5.54,1996-01-09,"WI-433247",45.25,-88.5
-12.3,3.35,7.48,1996-01-10,"WI-433247",45.25,-88.5
-5,2.8,3.51,1996-01-11,"WI-433247",45.25,-88.5
-1.3,4.03,5.14,1996-01-12,"WI-433247",45.25,-88.5
0.2,4.27,6.87,1996-01-13,"WI-433247",45.25,-88.5
-4.2,4.41,3.31,1996-01-14,"WI-433247",45.25,-88.5
-14.5,3.98,7.1,1996-01-15,"WI-433247",45.25,-88.5
-5.2,4.34,1.9,1996-01-16,"WI-433247",45.25,-88.5
0.7,5.28,6.08,1996-01-17,"WI-433247",45.25,-88.5
-1.4,8.81,0.67,1996-01-18,"WI-433247",45.25,-88.5
-18,7.38,9.14,1996-01-19,"WI-433247",45.25,-88.5
-20.6,4.05,8.76,1996-01-20,"WI-433247",45.25,-88.5
-10.9,5.63,7.73,1996-01-21,"WI-433247",45.25,-88.5
-4.4,5.27,4.97,1996-01-22,"WI-433247",45.25,-88.5
-13.7,4.03,6.4,1996-01-23,"WI-433247",45.25,-88.5
-13.3,5.13,9.63,1996-01-24,"WI-433247",45.25,-88.5
-19,3.44,5.09,1996-01-25,"WI-433247",45.25,-88.5
-13.5,8.49,5.02,1996-01-26,"WI-433247",45.25,-88.5
-8.9,10.46,8.97,1996-01-27,"WI-433247",45.25,-88.5
-13.3,4.21,5.57,1996-01-28,"WI-433247",45.25,-88.5
-8.7,9.71,7.11,1996-01-29,"WI-433247",45.25,-88.5
-20.1,6.75,10.71,1996-01-30,"WI-433247",45.25,-88.5
-23.5,3.49,10.57,1996-01-31,"WI-433247",45.25,-88.5
-22.9,4.52,10.74,1996-02-01,"WI-433247",45.25,-88.5
-28.4,4.41,11.25,1996-02-02,"WI-433247",45.25,-88.5
-27.1,3.83,11.15,1996-02-03,"WI-433247",45.25,-88.5
-22.9,5.17,11.19,1996-02-04,"WI-433247",45.25,-88.5
-16,5.72,11.58,1996-02-05,"WI-433247",45.25,-88.5
-11.9,6.17,7.05,1996-02-06,"WI-433247",45.25,-88.5
2.1,5.95,10.62,1996-02-07,"WI-433247",45.25,-88.5
3,3.89,10.6,1996-02-08,"WI-433247",45.25,-88.5
1.7,3,8.4,1996-02-09,"WI-433247",45.25,-88.5
1.9,6.21,7.64,1996-02-10,"WI-433247",45.25,-88.5
-4.3,8.37,7.53,1996-02-11,"WI-433247",45.25,-88.5
-10.4,4.61,12.54,1996-02-12,"WI-433247",45.25,-88.5
-8.1,4.63,5.44,1996-02-13,"WI-433247",45.25,-88.5
-5.9,4.49,8.06,1996-02-14,"WI-433247",45.25,-88.5
-9.7,3.93,9.56,1996-02-15,"WI-433247",45.25,-88.5
-9.6,4.66,13.23,1996-02-16,"WI-433247",45.25,-88.5
-9.7,5.73,12.59,1996-02-17,"WI-433247",45.25,-88.5
-13.2,3,10.86,1996-02-18,"WI-433247",45.25,-88.5
-2.8,5.66,8.82,1996-02-19,"WI-433247",45.25,-88.5
0.7,5.01,9.36,1996-02-20,"WI-433247",45.25,-88.5
-5.7,4.34,12.13,1996-02-21,"WI-433247",45.25,-88.5
-3.7,3.4,6.97,1996-02-22,"WI-433247",45.25,-88.5
0.8,7.08,1.43,1996-02-23,"WI-433247",45.25,-88.5
3.8,7.98,14.69,1996-02-24,"WI-433247",45.25,-88.5
-0.1,3.86,14.71,1996-02-25,"WI-433247",45.25,-88.5
-5.7,5.05,3.53,1996-02-26,"WI-433247",45.25,-88.5
-2.8,6.4,5.13,1996-02-27,"WI-433247",45.25,-88.5
-11.3,6.71,15.04,1996-02-28,"WI-433247",45.25,-88.5
-13.6,5.82,16.48,1996-02-29,"WI-433247",45.25,-88.5
-9.1,5.02,12.47,1996-03-01,"WI-433247",45.25,-88.5
-13.3,5.77,14.3,1996-03-02,"WI-433247",45.25,-88.5
-14.1,6.4,16.98,1996-03-03,"WI-433247",45.25,-88.5
-9.9,3.35,10.76,1996-03-04,"WI-433247",45.25,-88.5
-7.9,4.05,13.66,1996-03-05,"WI-433247",45.25,-88.5
-13.1,4.96,9.6,1996-03-06,"WI-433247",45.25,-88.5
-16.9,4.34,15.49,1996-03-07,"WI-433247",45.25,-88.5
-15.6,5.66,15.46,1996-03-08,"WI-433247",45.25,-88.5
-9.3,3.42,18.09,1996-03-09,"WI-433247",45.25,-88.5
-4.7,5.35,15.94,1996-03-10,"WI-433247",45.25,-88.5
2.3,4.97,10.79,1996-03-11,"WI-433247",45.25,-88.5
4.7,4.25,12.43,1996-03-12,"WI-433247",45.25,-88.5
5.2,3.62,17.57,1996-03-13,"WI-433247",45.25,-88.5
3.3,5.79,13.06,1996-03-14,"WI-433247",45.25,-88.5
0.4,6.19,9.86,1996-03-15,"WI-433247",45.25,-88.5
-1.7,3.36,11.57,1996-03-16,"WI-433247",45.25,-88.5
-0.4,2.73,9.45,1996-03-17,"WI-433247",45.25,-88.5
0.2,3.83,14.65,1996-03-18,"WI-433247",45.25,-88.5
-0.5,7.16,10.64,1996-03-19,"WI-433247",45.25,-88.5
-4.1,9.42,19.25,1996-03-20,"WI-433247",45.25,-88.5
-6,5.82,21.4,1996-03-21,"WI-433247",45.25,-88.5
-2.5,5.46,21.14,1996-03-22,"WI-433247",45.25,-88.5
-0.3,3.67,19.44,1996-03-23,"WI-433247",45.25,-88.5
0.1,4.36,3.27,1996-03-24,"WI-433247",45.25,-88.5
-6.3,8.28,8.57,1996-03-25,"WI-433247",45.25,-88.5
-14.5,7.16,20.2,1996-03-26,"WI-433247",45.25,-88.5
-8.2,5.03,21.29,1996-03-27,"WI-433247",45.25,-88.5
-1.9,3.04,21.86,1996-03-28,"WI-433247",45.25,-88.5
0.1,3.69,21.35,1996-03-29,"WI-433247",45.25,-88.5
0.8,3.75,6.13,1996-03-30,"WI-433247",45.25,-88.5
1.4,4.72,21.05,1996-03-31,"WI-433247",45.25,-88.5
-1.3,3.94,22.92,1996-04-01,"WI-433247",45.25,-88.5
-0.3,4.61,10.79,1996-04-02,"WI-433247",45.25,-88.5
-2.5,6.58,8.22,1996-04-03,"WI-433247",45.25,-88.5
-1.8,6.18,15.72,1996-04-04,"WI-433247",45.25,-88.5
-3,3.32,19.29,1996-04-05,"WI-433247",45.25,-88.5
-2.7,3.32,20.18,1996-04-06,"WI-433247",45.25,-88.5
-3.1,4.49,22.64,1996-04-07,"WI-433247",45.25,-88.5
-2,4,17.28,1996-04-08,"WI-433247",45.25,-88.5
2.7,4.51,21.55,1996-04-09,"WI-433247",45.25,-88.5
6.5,4.1,23.52,1996-04-10,"WI-433247",45.25,-88.5
10.2,5.39,20.46,1996-04-11,"WI-433247",45.25,-88.5
0.3,6.61,2.69,1996-04-12,"WI-433247",45.25,-88.5
0.1,6.51,16.08,1996-04-13,"WI-433247",45.25,-88.5
-0.1,3.96,19.9,1996-04-14,"WI-433247",45.25,-88.5
1.1,6.61,10.54,1996-04-15,"WI-433247",45.25,-88.5
3,6.35,20.97,1996-04-16,"WI-433247",45.25,-88.5
5.2,4.46,25.33,1996-04-17,"WI-433247",45.25,-88.5
12.4,5.2,19.39,1996-04-18,"WI-433247",45.25,-88.5
14.9,6.9,19.57,1996-04-19,"WI-433247",45.25,-88.5
10.1,5.3,11.61,1996-04-20,"WI-433247",45.25,-88.5
10.9,6.56,25.33,1996-04-21,"WI-433247",45.25,-88.5
7.5,4.89,13.85,1996-04-22,"WI-433247",45.25,-88.5
5.6,4.68,26.22,1996-04-23,"WI-433247",45.25,-88.5
7.8,4.88,24.4,1996-04-24,"WI-433247",45.25,-88.5
8.4,7.32,10.73,1996-04-25,"WI-433247",45.25,-88.5
1.5,7.96,22.73,1996-04-26,"WI-433247",45.25,-88.5
3.5,5.03,26.52,1996-04-27,"WI-433247",45.25,-88.5
6.5,3,27.04,1996-04-28,"WI-433247",45.25,-88.5
4,7.16,6.43,1996-04-29,"WI-433247",45.25,-88.5
1.8,8.64,11.58,1996-04-30,"WI-433247",45.25,-88.5
2.7,6.75,16.79,1996-05-01,"WI-433247",45.25,-88.5
7.2,4.4,27.89,1996-05-02,"WI-433247",45.25,-88.5
7,3.55,19.88,1996-05-03,"WI-433247",45.25,-88.5
7.9,3.31,17.75,1996-05-04,"WI-433247",45.25,-88.5
4.7,3.86,8.07,1996-05-05,"WI-433247",45.25,-88.5
7.4,4.57,23.98,1996-05-06,"WI-433247",45.25,-88.5
10,3.18,15.41,1996-05-07,"WI-433247",45.25,-88.5
7.3,3.22,4.94,1996-05-08,"WI-433247",45.25,-88.5
9.7,2.41,5.82,1996-05-09,"WI-433247",45.25,-88.5
7,5.85,5.93,1996-05-10,"WI-433247",45.25,-88.5
5.7,3.96,18.07,1996-05-11,"WI-433247",45.25,-88.5
5.9,3.57,24.01,1996-05-12,"WI-433247",45.25,-88.5
8.7,3.54,26.58,1996-05-13,"WI-433247",45.25,-88.5
9.5,5.44,16.96,1996-05-14,"WI-433247",45.25,-88.5
9.2,3.94,7.72,1996-05-15,"WI-433247",45.25,-88.5
13.4,3.4,13.15,1996-05-16,"WI-433247",45.25,-88.5
13.5,4.56,6.7,1996-05-17,"WI-433247",45.25,-88.5
21.9,7.45,24.36,1996-05-18,"WI-433247",45.25,-88.5
21.6,6.86,15.64,1996-05-19,"WI-433247",45.25,-88.5
19,4.65,21.65,1996-05-20,"WI-433247",45.25,-88.5
16.6,5.53,25.19,1996-05-21,"WI-433247",45.25,-88.5
16.8,5.66,26.81,1996-05-22,"WI-433247",45.25,-88.5
12.3,4.6,13.01,1996-05-23,"WI-433247",45.25,-88.5
10.9,5.03,24.64,1996-05-24,"WI-433247",45.25,-88.5
10.3,3.54,20.83,1996-05-25,"WI-433247",45.25,-88.5
12.8,3.51,25.63,1996-05-26,"WI-433247",45.25,-88.5
12.4,6.51,24.83,1996-05-27,"WI-433247",45.25,-88.5
15,5.42,30.2,1996-05-28,"WI-433247",45.25,-88.5
11.8,4.65,30.97,1996-05-29,"WI-433247",45.25,-88.5
13.5,2.93,30.75,1996-05-30,"WI-433247",45.25,-88.5
15.6,4.81,30.7,1996-05-31,"WI-433247",45.25,-88.5
17.2,5.04,18.52,1996-06-01,"WI-433247",45.25,-88.5
17.8,5.95,23.64,1996-06-02,"WI-433247",45.25,-88.5
13.6,4.68,14.07,1996-06-03,"WI-433247",45.25,-88.5
11.3,4.83,11.07,1996-06-04,"WI-433247",45.25,-88.5
13.7,3.98,18.55,1996-06-05,"WI-433247",45.25,-88.5
13.6,3.91,11.1,1996-06-06,"WI-433247",45.25,-88.5
13.3,6.28,12.31,1996-06-07,"WI-433247",45.25,-88.5
15.8,4.11,30.11,1996-06-08,"WI-433247",45.25,-88.5
16.1,5.07,24.22,1996-06-09,"WI-433247",45.25,-88.5
16.9,4.03,9.85,1996-06-10,"WI-433247",45.25,-88.5
19.2,2.59,21.55,1996-06-11,"WI-433247",45.25,-88.5
21.6,3.81,25.42,1996-06-12,"WI-433247",45.25,-88.5
23.9,4.06,25.18,1996-06-13,"WI-433247",45.25,-88.5
22.9,3.74,30.68,1996-06-14,"WI-433247",45.25,-88.5
20.9,3.35,29.55,1996-06-15,"WI-433247",45.25,-88.5
18.4,2.97,7.88,1996-06-16,"WI-433247",45.25,-88.5
15.5,7.07,2.54,1996-06-17,"WI-433247",45.25,-88.5
15.5,6.18,4.8,1996-06-18,"WI-433247",45.25,-88.5
16.9,4.17,7.14,1996-06-19,"WI-433247",45.25,-88.5
20.6,3.21,18.77,1996-06-20,"WI-433247",45.25,-88.5
17.6,4.53,7.26,1996-06-21,"WI-433247",45.25,-88.5
16.8,6.01,22.2,1996-06-22,"WI-433247",45.25,-88.5
11.5,3.64,7.67,1996-06-23,"WI-433247",45.25,-88.5
14.5,3.57,11.02,1996-06-24,"WI-433247",45.25,-88.5
17.5,2.91,20.4,1996-06-25,"WI-433247",45.25,-88.5
20.1,4.72,20.51,1996-06-26,"WI-433247",45.25,-88.5
24.4,3.18,25.28,1996-06-27,"WI-433247",45.25,-88.5
26.2,5.46,27.64,1996-06-28,"WI-433247",45.25,-88.5
27.6,6.17,23.02,1996-06-29,"WI-433247",45.25,-88.5
24.6,5.46,30.39,1996-06-30,"WI-433247",45.25,-88.5
21.7,3.36,30,1996-07-01,"WI-433247",45.25,-88.5
19.2,4.53,20.31,1996-07-02,"WI-433247",45.25,-88.5
18,3.49,31.02,1996-07-03,"WI-433247",45.25,-88.5
19.2,2.84,28.65,1996-07-04,"WI-433247",45.25,-88.5
22.9,4.59,28.03,1996-07-05,"WI-433247",45.25,-88.5
21.8,3.61,17.64,1996-07-06,"WI-433247",45.25,-88.5
21.4,4.84,25.34,1996-07-07,"WI-433247",45.25,-88.5
17.1,6.52,21.54,1996-07-08,"WI-433247",45.25,-88.5
14.5,4.08,24.58,1996-07-09,"WI-433247",45.25,-88.5
17.1,3.18,29.44,1996-07-10,"WI-433247",45.25,-88.5
16.9,3.79,12.93,1996-07-11,"WI-433247",45.25,-88.5
17.2,4.81,14.25,1996-07-12,"WI-433247",45.25,-88.5
17,3.42,19.12,1996-07-13,"WI-433247",45.25,-88.5
17,3.52,18.35,1996-07-14,"WI-433247",45.25,-88.5
18.4,4.42,22.56,1996-07-15,"WI-433247",45.25,-88.5
21.3,3.9,25.82,1996-07-16,"WI-433247",45.25,-88.5
21.6,5.41,17.91,1996-07-17,"WI-433247",45.25,-88.5
20.9,4.9,8.36,1996-07-18,"WI-433247",45.25,-88.5
18.2,4.98,19.52,1996-07-19,"WI-433247",45.25,-88.5
15.4,3.68,29.74,1996-07-20,"WI-433247",45.25,-88.5
18.1,3.55,26.6,1996-07-21,"WI-433247",45.25,-88.5
20.1,6.14,20.5,1996-07-22,"WI-433247",45.25,-88.5
19.2,6.1,23.71,1996-07-23,"WI-433247",45.25,-88.5
17.8,4.59,17.35,1996-07-24,"WI-433247",45.25,-88.5
17.3,5.24,21.88,1996-07-25,"WI-433247",45.25,-88.5
17.7,3.83,22.25,1996-07-26,"WI-433247",45.25,-88.5
16.3,3.42,18.14,1996-07-27,"WI-433247",45.25,-88.5
15.8,4.22,9.31,1996-07-28,"WI-433247",45.25,-88.5
17.1,3.71,17.22,1996-07-29,"WI-433247",45.25,-88.5
15.5,4.94,14.34,1996-07-30,"WI-433247",45.25,-88.5
16.3,3.57,15.19,1996-07-31,"WI-433247",45.25,-88.5
18.8,3.59,21.6,1996-08-01,"WI-433247",45.25,-88.5
19.1,2.02,23.3,1996-08-02,"WI-433247",45.25,-88.5
20.2,3.05,24.3,1996-08-03,"WI-433247",45.25,-88.5
21.4,4.94,21.73,1996-08-04,"WI-433247",45.25,-88.5
23.2,7.42,13.67,1996-08-05,"WI-433247",45.25,-88.5
24.8,4.62,17.66,1996-08-06,"WI-433247",45.25,-88.5
24.2,5.71,19.45,1996-08-07,"WI-433247",45.25,-88.5
20.1,5.19,24.04,1996-08-08,"WI-433247",45.25,-88.5
17.1,3.45,17.91,1996-08-09,"WI-433247",45.25,-88.5
15.6,2.77,15.15,1996-08-10,"WI-433247",45.25,-88.5
17.9,3.55,19.07,1996-08-11,"WI-433247",45.25,-88.5
21.6,4.1,22.66,1996-08-12,"WI-433247",45.25,-88.5
20.5,3.69,15.26,1996-08-13,"WI-433247",45.25,-88.5
20.3,4.33,16.47,1996-08-14,"WI-433247",45.25,-88.5
17.2,5.52,12.03,1996-08-15,"WI-433247",45.25,-88.5
18.1,2.75,23.43,1996-08-16,"WI-433247",45.25,-88.5
19.4,2.44,20.18,1996-08-17,"WI-433247",45.25,-88.5
19.5,3.14,24.65,1996-08-18,"WI-433247",45.25,-88.5
20.2,4.95,8.12,1996-08-19,"WI-433247",45.25,-88.5
21,3.81,22.87,1996-08-20,"WI-433247",45.25,-88.5
20.8,3.77,20.28,1996-08-21,"WI-433247",45.25,-88.5
21.3,4.79,7.06,1996-08-22,"WI-433247",45.25,-88.5
18.8,3.29,22.93,1996-08-23,"WI-433247",45.25,-88.5
20.6,5.94,23.93,1996-08-24,"WI-433247",45.25,-88.5
20.4,5.38,16.59,1996-08-25,"WI-433247",45.25,-88.5
16.6,3.97,11.81,1996-08-26,"WI-433247",45.25,-88.5
14.7,3.32,15.83,1996-08-27,"WI-433247",45.25,-88.5
16.3,2.52,22.19,1996-08-28,"WI-433247",45.25,-88.5
18.3,2.94,19.41,1996-08-29,"WI-433247",45.25,-88.5
17.7,2.78,18.06,1996-08-30,"WI-433247",45.25,-88.5
19.7,2.66,16.39,1996-08-31,"WI-433247",45.25,-88.5
19.6,3.03,17.33,1996-09-01,"WI-433247",45.25,-88.5
20.4,4.79,19.59,1996-09-02,"WI-433247",45.25,-88.5
20.6,3.42,17.57,1996-09-03,"WI-433247",45.25,-88.5
21.1,2.19,16.44,1996-09-04,"WI-433247",45.25,-88.5
20.8,3.26,15.6,1996-09-05,"WI-433247",45.25,-88.5
20.6,3.41,18.68,1996-09-06,"WI-433247",45.25,-88.5
20.2,2.42,14.89,1996-09-07,"WI-433247",45.25,-88.5
18.8,3.11,12.73,1996-09-08,"WI-433247",45.25,-88.5
17.7,3.61,14.49,1996-09-09,"WI-433247",45.25,-88.5
17.3,3.2,15.53,1996-09-10,"WI-433247",45.25,-88.5
15.3,5.75,14.5,1996-09-11,"WI-433247",45.25,-88.5
11.7,8.14,9.89,1996-09-12,"WI-433247",45.25,-88.5
9.8,7.2,9.46,1996-09-13,"WI-433247",45.25,-88.5
11.8,7.18,4.28,1996-09-14,"WI-433247",45.25,-88.5
13.3,3.89,10.16,1996-09-15,"WI-433247",45.25,-88.5
12.8,4.39,11.52,1996-09-16,"WI-433247",45.25,-88.5
12.9,5.4,11.84,1996-09-17,"WI-433247",45.25,-88.5
13.1,3.4,19.79,1996-09-18,"WI-433247",45.25,-88.5
12.6,3.45,19.77,1996-09-19,"WI-433247",45.25,-88.5
13.7,6.14,11.83,1996-09-20,"WI-433247",45.25,-88.5
14.6,4.34,11.46,1996-09-21,"WI-433247",45.25,-88.5
13.5,3.88,10.09,1996-09-22,"WI-433247",45.25,-88.5
13.1,2.78,10.89,1996-09-23,"WI-433247",45.25,-88.5
11.8,7.14,15.58,1996-09-24,"WI-433247",45.25,-88.5
10.9,3.4,15.29,1996-09-25,"WI-433247",45.25,-88.5
11.3,6.71,3.17,1996-09-26,"WI-433247",45.25,-88.5
12.4,6.86,8.59,1996-09-27,"WI-433247",45.25,-88.5
11.7,6.78,10.22,1996-09-28,"WI-433247",45.25,-88.5
8.9,6.35,16.26,1996-09-29,"WI-433247",45.25,-88.5
8.8,2.69,6.46,1996-09-30,"WI-433247",45.25,-88.5
16.1,5.82,15.85,1996-10-01,"WI-433247",45.25,-88.5
9.9,7.84,11.99,1996-10-02,"WI-433247",45.25,-88.5
4.7,3.28,15.26,1996-10-03,"WI-433247",45.25,-88.5
5.8,5.14,11.75,1996-10-04,"WI-433247",45.25,-88.5
11.1,4.5,11.86,1996-10-05,"WI-433247",45.25,-88.5
13.8,7,9.17,1996-10-06,"WI-433247",45.25,-88.5
6.5,4.83,9.65,1996-10-07,"WI-433247",45.25,-88.5
2.9,2.04,14.7,1996-10-08,"WI-433247",45.25,-88.5
6.2,5.14,6.79,1996-10-09,"WI-433247",45.25,-88.5
3.5,4.7,8.02,1996-10-10,"WI-433247",45.25,-88.5
5.9,6.22,13.78,1996-10-11,"WI-433247",45.25,-88.5
12,4.3,13.15,1996-10-12,"WI-433247",45.25,-88.5
14.6,4.49,13.64,1996-10-13,"WI-433247",45.25,-88.5
6.5,3.96,11.09,1996-10-14,"WI-433247",45.25,-88.5
10.7,3.77,8.45,1996-10-15,"WI-433247",45.25,-88.5
12.6,2.94,13.24,1996-10-16,"WI-433247",45.25,-88.5
13.6,7.5,3.21,1996-10-17,"WI-433247",45.25,-88.5
6.1,8.62,10.98,1996-10-18,"WI-433247",45.25,-88.5
4,3.26,13.41,1996-10-19,"WI-433247",45.25,-88.5
5.8,3.89,11.95,1996-10-20,"WI-433247",45.25,-88.5
9.7,2.47,5.98,1996-10-21,"WI-433247",45.25,-88.5
9.9,5.09,2.36,1996-10-22,"WI-433247",45.25,-88.5
8.4,5.51,2.68,1996-10-23,"WI-433247",45.25,-88.5
6,5.54,7.21,1996-10-24,"WI-433247",45.25,-88.5
7.8,3.98,8.87,1996-10-25,"WI-433247",45.25,-88.5
11.7,6.08,4.28,1996-10-26,"WI-433247",45.25,-88.5
12.1,7.91,6.87,1996-10-27,"WI-433247",45.25,-88.5
5.6,5.01,11.7,1996-10-28,"WI-433247",45.25,-88.5
4.4,5.86,2.08,1996-10-29,"WI-433247",45.25,-88.5
2.6,9.9,8.16,1996-10-30,"WI-433247",45.25,-88.5
-3.6,8.6,11.51,1996-10-31,"WI-433247",45.25,-88.5
-2.8,6.93,8.84,1996-11-01,"WI-433247",45.25,-88.5
-1.7,5.3,7.51,1996-11-02,"WI-433247",45.25,-88.5
1.3,4.86,10.52,1996-11-03,"WI-433247",45.25,-88.5
3.9,5.02,5.46,1996-11-04,"WI-433247",45.25,-88.5
5,2.53,9.55,1996-11-05,"WI-433247",45.25,-88.5
8.4,6.6,2.82,1996-11-06,"WI-433247",45.25,-88.5
3.9,6.41,5.5,1996-11-07,"WI-433247",45.25,-88.5
1.1,5.45,7.19,1996-11-08,"WI-433247",45.25,-88.5
-1.1,5.81,6.29,1996-11-09,"WI-433247",45.25,-88.5
-3.2,6.26,7.14,1996-11-10,"WI-433247",45.25,-88.5
-5.6,6,6.85,1996-11-11,"WI-433247",45.25,-88.5
-6.9,4.64,7.64,1996-11-12,"WI-433247",45.25,-88.5
-7.1,4.16,8.61,1996-11-13,"WI-433247",45.25,-88.5
-7.9,2.83,9.6,1996-11-14,"WI-433247",45.25,-88.5
-1.2,6.71,2.42,1996-11-15,"WI-433247",45.25,-88.5
4.9,5.7,4.72,1996-11-16,"WI-433247",45.25,-88.5
3.5,8.45,2.53,1996-11-17,"WI-433247",45.25,-88.5
-3.5,5.55,6.65,1996-11-18,"WI-433247",45.25,-88.5
-5.1,3.85,6.94,1996-11-19,"WI-433247",45.25,-88.5
-4.3,2.79,5.32,1996-11-20,"WI-433247",45.25,-88.5
-2.4,3.53,5.83,1996-11-21,"WI-433247",45.25,-88.5
-3.2,3.82,4.89,1996-11-22,"WI-433247",45.25,-88.5
-2.7,3.58,5.1,1996-11-23,"WI-433247",45.25,-88.5
-4,2.55,5.15,1996-11-24,"WI-433247",45.25,-88.5
-7.1,4.39,7.97,1996-11-25,"WI-433247",45.25,-88.5
-7.9,4.25,6.34,1996-11-26,"WI-433247",45.25,-88.5
-6.9,3.2,7.13,1996-11-27,"WI-433247",45.25,-88.5
-5.2,4.24,6.5,1996-11-28,"WI-433247",45.25,-88.5
-0.8,3.41,5.63,1996-11-29,"WI-433247",45.25,-88.5
1.9,4.04,1.81,1996-11-30,"WI-433247",45.25,-88.5
-2.4,4.82,3.73,1996-12-01,"WI-433247",45.25,-88.5
-6.2,4.77,7.07,1996-12-02,"WI-433247",45.25,-88.5
-4.4,3.13,4.37,1996-12-03,"WI-433247",45.25,-88.5
-5.9,2.75,5.48,1996-12-04,"WI-433247",45.25,-88.5
-1.2,5.28,2.03,1996-12-05,"WI-433247",45.25,-88.5
-0.7,3.6,2.43,1996-12-06,"WI-433247",45.25,-88.5
-2.6,4.7,7.15,1996-12-07,"WI-433247",45.25,-88.5
-2.4,7.62,5.02,1996-12-08,"WI-433247",45.25,-88.5
-4.4,4.95,5.35,1996-12-09,"WI-433247",45.25,-88.5
-3,4.8,4.23,1996-12-10,"WI-433247",45.25,-88.5
-1.2,4.77,3.48,1996-12-11,"WI-433247",45.25,-88.5
-0.6,4.51,1.49,1996-12-12,"WI-433247",45.25,-88.5
-1.1,4.1,6.71,1996-12-13,"WI-433247",45.25,-88.5
-4.2,4.59,7.07,1996-12-14,"WI-433247",45.25,-88.5
0.7,6.36,1.86,1996-12-15,"WI-433247",45.25,-88.5
-6.8,4.81,5.38,1996-12-16,"WI-433247",45.25,-88.5
-7,3.93,3.91,1996-12-17,"WI-433247",45.25,-88.5
-13.3,4.19,5.9,1996-12-18,"WI-433247",45.25,-88.5
-13.2,3.4,4.84,1996-12-19,"WI-433247",45.25,-88.5
-13.1,4.65,6.87,1996-12-20,"WI-433247",45.25,-88.5
-5.7,5.25,3.62,1996-12-21,"WI-433247",45.25,-88.5
-4.7,4.1,2.68,1996-12-22,"WI-433247",45.25,-88.5
-5.3,6.72,1.85,1996-12-23,"WI-433247",45.25,-88.5
-10.8,7.6,4.98,1996-12-24,"WI-433247",45.25,-88.5
-19.8,3.99,7.31,1996-12-25,"WI-433247",45.25,-88.5
-20.9,3.13,7.16,1996-12-26,"WI-433247",45.25,-88.5
-16.5,2.25,1.89,1996-12-27,"WI-433247",45.25,-88.5
-5.5,3.05,3.11,1996-12-28,"WI-433247",45.25,-88.5
-9.7,4.24,2.71,1996-12-29,"WI-433247",45.25,-88.5
-10,3.64,1.79,1996-12-30,"WI-433247",45.25,-88.5
-6.9,4.59,4,1996-12-31,"WI-433247",45.25,-88.5
-1.1,4.74,2.68,1997-01-01,"WI-433247",45.25,-88.5
0.9,4.41,3.56,1997-01-02,"WI-433247",45.25,-88.5
1.1,2.97,5.61,1997-01-03,"WI-433247",45.25,-88.5
-1.3,6.76,0.6,1997-01-04,"WI-433247",45.25,-88.5
-6.3,6.78,2.38,1997-01-05,"WI-433247",45.25,-88.5
-11.8,6,7.66,1997-01-06,"WI-433247",45.25,-88.5
-14.1,4.12,7.68,1997-01-07,"WI-433247",45.25,-88.5
-12.8,3.31,7.25,1997-01-08,"WI-433247",45.25,-88.5
-6.6,4.16,3.05,1997-01-09,"WI-433247",45.25,-88.5
-9,6.83,5.9,1997-01-10,"WI-433247",45.25,-88.5
-14.8,5.56,6.3,1997-01-11,"WI-433247",45.25,-88.5
-14.9,4.03,6.07,1997-01-12,"WI-433247",45.25,-88.5
-11.6,5.12,8.03,1997-01-13,"WI-433247",45.25,-88.5
-10.5,5.14,8.12,1997-01-14,"WI-433247",45.25,-88.5
-8.8,4.77,2.66,1997-01-15,"WI-433247",45.25,-88.5
-17.1,7.54,8.37,1997-01-16,"WI-433247",45.25,-88.5
-21.1,6.04,8.98,1997-01-17,"WI-433247",45.25,-88.5
-18.7,4.82,8.84,1997-01-18,"WI-433247",45.25,-88.5
-10.2,6.22,7.55,1997-01-19,"WI-433247",45.25,-88.5
-3.7,6.32,6.96,1997-01-20,"WI-433247",45.25,-88.5
-2.3,5.32,6.09,1997-01-21,"WI-433247",45.25,-88.5
-1,6.04,2.02,1997-01-22,"WI-433247",45.25,-88.5
-14.7,5.17,9.41,1997-01-23,"WI-433247",45.25,-88.5
-4.9,5.18,2.28,1997-01-24,"WI-433247",45.25,-88.5
-12.6,6.71,8.42,1997-01-25,"WI-433247",45.25,-88.5
-19.8,3.67,7.14,1997-01-26,"WI-433247",45.25,-88.5
-12.8,6,4.81,1997-01-27,"WI-433247",45.25,-88.5
-17.3,6.43,10.43,1997-01-28,"WI-433247",45.25,-88.5
-17.6,2.7,4.94,1997-01-29,"WI-433247",45.25,-88.5
-10.4,3.29,7.34,1997-01-30,"WI-433247",45.25,-88.5
-5.4,5.33,4.23,1997-01-31,"WI-433247",45.25,-88.5
-3.8,2.91,8.86,1997-02-01,"WI-433247",45.25,-88.5
0.1,4.11,5.94,1997-02-02,"WI-433247",45.25,-88.5
-5.2,2.6,9.15,1997-02-03,"WI-433247",45.25,-88.5
-3.8,6.49,1.94,1997-02-04,"WI-433247",45.25,-88.5
-3,6.31,10.84,1997-02-05,"WI-433247",45.25,-88.5
-3.6,4.4,8.05,1997-02-06,"WI-433247",45.25,-88.5
-5.5,3.72,5.88,1997-02-07,"WI-433247",45.25,-88.5
-8.8,3.35,10.73,1997-02-08,"WI-433247",45.25,-88.5
-7.8,4.43,11.37,1997-02-09,"WI-433247",45.25,-88.5
-5.1,3.32,6.45,1997-02-10,"WI-433247",45.25,-88.5
-5.8,4,7.3,1997-02-11,"WI-433247",45.25,-88.5
-10.5,5.36,12.79,1997-02-12,"WI-433247",45.25,-88.5
-12.4,4.34,10.95,1997-02-13,"WI-433247",45.25,-88.5
-5.7,4.57,6.92,1997-02-14,"WI-433247",45.25,-88.5
-9.7,3.61,11.63,1997-02-15,"WI-433247",45.25,-88.5
-11.1,4.72,13.6,1997-02-16,"WI-433247",45.25,-88.5
-4.1,5.66,10.36,1997-02-17,"WI-433247",45.25,-88.5
4.9,6.3,12.95,1997-02-18,"WI-433247",45.25,-88.5
-0.8,4.74,6.62,1997-02-19,"WI-433247",45.25,-88.5
-1.7,4.79,3.66,1997-02-20,"WI-433247",45.25,-88.5
-1.4,6.84,4.91,1997-02-21,"WI-433247",45.25,-88.5
-8.7,5.23,13.08,1997-02-22,"WI-433247",45.25,-88.5
-9.3,5.88,14.59,1997-02-23,"WI-433247",45.25,-88.5
-13.1,3.33,15.23,1997-02-24,"WI-433247",45.25,-88.5
-5,7.49,14.04,1997-02-25,"WI-433247",45.25,-88.5
1.2,6.59,7.86,1997-02-26,"WI-433247",45.25,-88.5
-2.5,5.22,13,1997-02-27,"WI-433247",45.25,-88.5
-1.7,4.59,6.04,1997-02-28,"WI-433247",45.25,-88.5
1.8,6,4.92,1997-03-01,"WI-433247",45.25,-88.5
-1.5,5.89,10.47,1997-03-02,"WI-433247",45.25,-88.5
-3.5,3.44,8.1,1997-03-03,"WI-433247",45.25,-88.5
-1.9,2.4,8.5,1997-03-04,"WI-433247",45.25,-88.5
-1.6,2.83,9.01,1997-03-05,"WI-433247",45.25,-88.5
-7.5,6.44,14.45,1997-03-06,"WI-433247",45.25,-88.5
-9.5,2.77,11.08,1997-03-07,"WI-433247",45.25,-88.5
-5.4,3.68,17.14,1997-03-08,"WI-433247",45.25,-88.5
-0.6,6.58,6.46,1997-03-09,"WI-433247",45.25,-88.5
-0.8,6.58,7.46,1997-03-10,"WI-433247",45.25,-88.5
-1.1,3.71,18.4,1997-03-11,"WI-433247",45.25,-88.5
-4.3,3.2,17.78,1997-03-12,"WI-433247",45.25,-88.5
-8.1,5.91,4.32,1997-03-13,"WI-433247",45.25,-88.5
-8.4,7.63,8.1,1997-03-14,"WI-433247",45.25,-88.5
-12.3,6.29,18.76,1997-03-15,"WI-433247",45.25,-88.5
-10.7,6.26,13.29,1997-03-16,"WI-433247",45.25,-88.5
0.9,6.41,17.51,1997-03-17,"WI-433247",45.25,-88.5
-2.8,3.2,15.97,1997-03-18,"WI-433247",45.25,-88.5
-1.9,4.84,12.93,1997-03-19,"WI-433247",45.25,-88.5
2.1,3.52,17.82,1997-03-20,"WI-433247",45.25,-88.5
3.1,5.22,15.42,1997-03-21,"WI-433247",45.25,-88.5
-0.7,3.61,10.3,1997-03-22,"WI-433247",45.25,-88.5
-3.2,4.08,17.92,1997-03-23,"WI-433247",45.25,-88.5
-4.2,5.6,14.64,1997-03-24,"WI-433247",45.25,-88.5
0.9,7.24,14.65,1997-03-25,"WI-433247",45.25,-88.5
3.7,6.28,20.87,1997-03-26,"WI-433247",45.25,-88.5
4.9,4.79,21,1997-03-27,"WI-433247",45.25,-88.5
4.4,3.59,12,1997-03-28,"WI-433247",45.25,-88.5
1.7,4.78,6.3,1997-03-29,"WI-433247",45.25,-88.5
-0.7,2.91,14.46,1997-03-30,"WI-433247",45.25,-88.5
-1.7,3.1,23.05,1997-03-31,"WI-433247",45.25,-88.5
3.9,4.63,21.84,1997-04-01,"WI-433247",45.25,-88.5
9.1,4.56,21.38,1997-04-02,"WI-433247",45.25,-88.5
8,4.9,22.8,1997-04-03,"WI-433247",45.25,-88.5
11,3.12,16.66,1997-04-04,"WI-433247",45.25,-88.5
10.4,8.46,2.06,1997-04-05,"WI-433247",45.25,-88.5
4.9,9.46,14.35,1997-04-06,"WI-433247",45.25,-88.5
-4.9,10.35,24.31,1997-04-07,"WI-433247",45.25,-88.5
-6.2,5.88,21.2,1997-04-08,"WI-433247",45.25,-88.5
-2.7,3.62,25.03,1997-04-09,"WI-433247",45.25,-88.5
0.7,3.16,20.95,1997-04-10,"WI-433247",45.25,-88.5
2.1,3.14,21.35,1997-04-11,"WI-433247",45.25,-88.5
1.1,4.42,10.69,1997-04-12,"WI-433247",45.25,-88.5
3.9,4.32,20.04,1997-04-13,"WI-433247",45.25,-88.5
5.1,5.51,17.85,1997-04-14,"WI-433247",45.25,-88.5
9,6.78,22.42,1997-04-15,"WI-433247",45.25,-88.5
0.4,4.71,12.5,1997-04-16,"WI-433247",45.25,-88.5
3.6,4.43,26.01,1997-04-17,"WI-433247",45.25,-88.5
4.4,2.82,18.17,1997-04-18,"WI-433247",45.25,-88.5
6.7,1.9,8.95,1997-04-19,"WI-433247",45.25,-88.5
6.3,3.2,14.4,1997-04-20,"WI-433247",45.25,-88.5
6.1,3.24,21.24,1997-04-21,"WI-433247",45.25,-88.5
6.9,3.72,15.66,1997-04-22,"WI-433247",45.25,-88.5
7.1,3.64,20.15,1997-04-23,"WI-433247",45.25,-88.5
7.4,3.96,20.72,1997-04-24,"WI-433247",45.25,-88.5
8.7,3.47,25.38,1997-04-25,"WI-433247",45.25,-88.5
10.7,3.69,19.77,1997-04-26,"WI-433247",45.25,-88.5
11.5,4.78,18.72,1997-04-27,"WI-433247",45.25,-88.5
10.7,4.11,24.14,1997-04-28,"WI-433247",45.25,-88.5
14.8,6.82,21.91,1997-04-29,"WI-433247",45.25,-88.5
4.6,7.38,3.62,1997-04-30,"WI-433247",45.25,-88.5
7.3,7.41,27.18,1997-05-01,"WI-433247",45.25,-88.5
7.6,4.12,14.5,1997-05-02,"WI-433247",45.25,-88.5
9.9,5.8,23.21,1997-05-03,"WI-433247",45.25,-88.5
10.3,5.96,26.27,1997-05-04,"WI-433247",45.25,-88.5
11.9,9.23,15.26,1997-05-05,"WI-433247",45.25,-88.5
9.7,7.86,27.61,1997-05-06,"WI-433247",45.25,-88.5
9.4,5.41,22.55,1997-05-07,"WI-433247",45.25,-88.5
11.2,7.75,19.19,1997-05-08,"WI-433247",45.25,-88.5
7.1,9.09,19.43,1997-05-09,"WI-433247",45.25,-88.5
10.5,3.36,24.19,1997-05-10,"WI-433247",45.25,-88.5
11.8,7.43,21.42,1997-05-11,"WI-433247",45.25,-88.5
3.5,8.2,15.44,1997-05-12,"WI-433247",45.25,-88.5
5.4,3.67,17.17,1997-05-13,"WI-433247",45.25,-88.5
5.5,4.71,11.72,1997-05-14,"WI-433247",45.25,-88.5
5.2,7.75,18.72,1997-05-15,"WI-433247",45.25,-88.5
3.7,4.53,12.59,1997-05-16,"WI-433247",45.25,-88.5
8.1,3.89,22.36,1997-05-17,"WI-433247",45.25,-88.5
8.4,4.83,10.97,1997-05-18,"WI-433247",45.25,-88.5
8.6,6.95,15.24,1997-05-19,"WI-433247",45.25,-88.5
7.5,5.66,24.07,1997-05-20,"WI-433247",45.25,-88.5
9.2,3.98,27.33,1997-05-21,"WI-433247",45.25,-88.5
10,2.61,23.36,1997-05-22,"WI-433247",45.25,-88.5
13.6,4.74,23.02,1997-05-23,"WI-433247",45.25,-88.5
12.5,3.92,4.83,1997-05-24,"WI-433247",45.25,-88.5
10.3,6.1,28.03,1997-05-25,"WI-433247",45.25,-88.5
10.4,5.26,30.02,1997-05-26,"WI-433247",45.25,-88.5
11.9,4.74,30.44,1997-05-27,"WI-433247",45.25,-88.5
12.8,4.92,23.83,1997-05-28,"WI-433247",45.25,-88.5
10.9,4.4,6.07,1997-05-29,"WI-433247",45.25,-88.5
13.3,3.58,10.01,1997-05-30,"WI-433247",45.25,-88.5
15.8,2.97,27.41,1997-05-31,"WI-433247",45.25,-88.5
18.3,3.85,29.6,1997-06-01,"WI-433247",45.25,-88.5
17.7,5.93,30.44,1997-06-02,"WI-433247",45.25,-88.5
17.1,4.92,27.94,1997-06-03,"WI-433247",45.25,-88.5
17.4,2.38,23.21,1997-06-04,"WI-433247",45.25,-88.5
15.2,4.01,12.27,1997-06-05,"WI-433247",45.25,-88.5
15.5,3.31,16.95,1997-06-06,"WI-433247",45.25,-88.5
15.2,4.62,14.79,1997-06-07,"WI-433247",45.25,-88.5
16.9,3.5,30.16,1997-06-08,"WI-433247",45.25,-88.5
19.5,2.42,28.21,1997-06-09,"WI-433247",45.25,-88.5
21.1,2.44,26.5,1997-06-10,"WI-433247",45.25,-88.5
19.4,2.21,23.1,1997-06-11,"WI-433247",45.25,-88.5
19.2,2.62,24.54,1997-06-12,"WI-433247",45.25,-88.5
17.5,4.75,25.69,1997-06-13,"WI-433247",45.25,-88.5
14.6,3.27,31.45,1997-06-14,"WI-433247",45.25,-88.5
15.9,6.74,13.85,1997-06-15,"WI-433247",45.25,-88.5
16.4,5.12,22.34,1997-06-16,"WI-433247",45.25,-88.5
13.8,3.88,30.71,1997-06-17,"WI-433247",45.25,-88.5
13.8,2.51,9.47,1997-06-18,"WI-433247",45.25,-88.5
14.7,2.92,11.58,1997-06-19,"WI-433247",45.25,-88.5
19,3.42,17,1997-06-20,"WI-433247",45.25,-88.5
20.5,3.18,21.8,1997-06-21,"WI-433247",45.25,-88.5
22,2.97,28.34,1997-06-22,"WI-433247",45.25,-88.5
23.2,5.08,18.26,1997-06-23,"WI-433247",45.25,-88.5
25.1,7.57,21.85,1997-06-24,"WI-433247",45.25,-88.5
22.6,6.07,27.89,1997-06-25,"WI-433247",45.25,-88.5
20.5,4.29,26.74,1997-06-26,"WI-433247",45.25,-88.5
21.8,4.03,25.12,1997-06-27,"WI-433247",45.25,-88.5
22.4,4.25,25.88,1997-06-28,"WI-433247",45.25,-88.5
21.3,3.5,19.81,1997-06-29,"WI-433247",45.25,-88.5
19,3.38,8.78,1997-06-30,"WI-433247",45.25,-88.5
21.8,3.59,20.9,1997-07-01,"WI-433247",45.25,-88.5
19.1,7.12,17.11,1997-07-02,"WI-433247",45.25,-88.5
15.3,6.3,13.61,1997-07-03,"WI-433247",45.25,-88.5
14.6,4.27,21.11,1997-07-04,"WI-433247",45.25,-88.5
17.5,5.91,23.4,1997-07-05,"WI-433247",45.25,-88.5
14.1,3.88,18.17,1997-07-06,"WI-433247",45.25,-88.5
13.3,4.07,26.86,1997-07-07,"WI-433247",45.25,-88.5
12.9,4.73,7.17,1997-07-08,"WI-433247",45.25,-88.5
16,2.86,28.2,1997-07-09,"WI-433247",45.25,-88.5
17.3,2.75,27.5,1997-07-10,"WI-433247",45.25,-88.5
19.4,3.44,28.44,1997-07-11,"WI-433247",45.25,-88.5
22.1,4.14,24.31,1997-07-12,"WI-433247",45.25,-88.5
23.5,3.8,14.09,1997-07-13,"WI-433247",45.25,-88.5
23.5,4.96,19.5,1997-07-14,"WI-433247",45.25,-88.5
23,5.03,25.65,1997-07-15,"WI-433247",45.25,-88.5
22.3,4.53,21.25,1997-07-16,"WI-433247",45.25,-88.5
23.8,5.01,25.47,1997-07-17,"WI-433247",45.25,-88.5
22.2,4.02,23.82,1997-07-18,"WI-433247",45.25,-88.5
16.7,3.76,25.35,1997-07-19,"WI-433247",45.25,-88.5
18.5,2.82,13.98,1997-07-20,"WI-433247",45.25,-88.5
18.6,3.83,17.67,1997-07-21,"WI-433247",45.25,-88.5
17.2,4.63,19.78,1997-07-22,"WI-433247",45.25,-88.5
16.8,2.98,8.02,1997-07-23,"WI-433247",45.25,-88.5
19,2.11,17.78,1997-07-24,"WI-433247",45.25,-88.5
19.8,3.76,9.35,1997-07-25,"WI-433247",45.25,-88.5
23.2,2.42,21.96,1997-07-26,"WI-433247",45.25,-88.5
23.6,3.77,22.27,1997-07-27,"WI-433247",45.25,-88.5
19.7,3.9,22.46,1997-07-28,"WI-433247",45.25,-88.5
16.5,3.41,20.88,1997-07-29,"WI-433247",45.25,-88.5
18.3,1.87,27.18,1997-07-30,"WI-433247",45.25,-88.5
19,4.03,26.86,1997-07-31,"WI-433247",45.25,-88.5
20.9,4.9,14,1997-08-01,"WI-433247",45.25,-88.5
23.1,4.19,25.92,1997-08-02,"WI-433247",45.25,-88.5
18.6,2.42,9.67,1997-08-03,"WI-433247",45.25,-88.5
16.6,5.1,17.01,1997-08-04,"WI-433247",45.25,-88.5
15.9,3.38,20.02,1997-08-05,"WI-433247",45.25,-88.5
17.8,3.26,21.15,1997-08-06,"WI-433247",45.25,-88.5
19.7,3.49,20.11,1997-08-07,"WI-433247",45.25,-88.5
20.5,4.84,21.9,1997-08-08,"WI-433247",45.25,-88.5
20,5.32,19.67,1997-08-09,"WI-433247",45.25,-88.5
18.1,3.96,16.95,1997-08-10,"WI-433247",45.25,-88.5
14.5,2.9,24.32,1997-08-11,"WI-433247",45.25,-88.5
14.1,2.25,8.69,1997-08-12,"WI-433247",45.25,-88.5
15.8,3.55,20.55,1997-08-13,"WI-433247",45.25,-88.5
14.2,4.83,15.55,1997-08-14,"WI-433247",45.25,-88.5
19.7,4.9,13.61,1997-08-15,"WI-433247",45.25,-88.5
19.7,5.02,18.15,1997-08-16,"WI-433247",45.25,-88.5
12.2,4.56,5.42,1997-08-17,"WI-433247",45.25,-88.5
13.4,2.61,17.06,1997-08-18,"WI-433247",45.25,-88.5
14.8,2.56,13.55,1997-08-19,"WI-433247",45.25,-88.5
14,4.97,6.58,1997-08-20,"WI-433247",45.25,-88.5
14.9,3.89,17.23,1997-08-21,"WI-433247",45.25,-88.5
15.6,4.37,19.43,1997-08-22,"WI-433247",45.25,-88.5
14.9,3.47,16.06,1997-08-23,"WI-433247",45.25,-88.5
15.8,3.5,14.7,1997-08-24,"WI-433247",45.25,-88.5
15.8,3.31,16.95,1997-08-25,"WI-433247",45.25,-88.5
17.8,3.23,10.36,1997-08-26,"WI-433247",45.25,-88.5
20.8,4.63,22.98,1997-08-27,"WI-433247",45.25,-88.5
16.4,3.3,11.19,1997-08-28,"WI-433247",45.25,-88.5
15.5,2.5,11.75,1997-08-29,"WI-433247",45.25,-88.5
15.6,3.51,3.79,1997-08-30,"WI-433247",45.25,-88.5
19.8,3.57,15.25,1997-08-31,"WI-433247",45.25,-88.5
20.8,5.76,20.29,1997-09-01,"WI-433247",45.25,-88.5
15.5,5.54,13.07,1997-09-02,"WI-433247",45.25,-88.5
12.3,4.08,22.26,1997-09-03,"WI-433247",45.25,-88.5
13.3,3.61,22.28,1997-09-04,"WI-433247",45.25,-88.5
14.3,6.78,9.89,1997-09-05,"WI-433247",45.25,-88.5
19.1,4.7,14.63,1997-09-06,"WI-433247",45.25,-88.5
15.5,3.33,9.22,1997-09-07,"WI-433247",45.25,-88.5
16.5,2.24,10.94,1997-09-08,"WI-433247",45.25,-88.5
14.8,3.35,5.89,1997-09-09,"WI-433247",45.25,-88.5
14.6,5.87,16.29,1997-09-10,"WI-433247",45.25,-88.5
14.3,4.2,19.08,1997-09-11,"WI-433247",45.25,-88.5
13.8,2.43,20.42,1997-09-12,"WI-433247",45.25,-88.5
15.6,3.36,14.17,1997-09-13,"WI-433247",45.25,-88.5
18.3,3.14,16.03,1997-09-14,"WI-433247",45.25,-88.5
18.5,3.24,10.55,1997-09-15,"WI-433247",45.25,-88.5
19.1,7.3,6.48,1997-09-16,"WI-433247",45.25,-88.5
18.2,7.21,19.81,1997-09-17,"WI-433247",45.25,-88.5
17.8,6.51,14.56,1997-09-18,"WI-433247",45.25,-88.5
18.2,5.88,8.03,1997-09-19,"WI-433247",45.25,-88.5
11.4,5.05,11.09,1997-09-20,"WI-433247",45.25,-88.5
9.9,3.47,18.82,1997-09-21,"WI-433247",45.25,-88.5
12.5,4.82,11.94,1997-09-22,"WI-433247",45.25,-88.5
11.8,4.2,17.21,1997-09-23,"WI-433247",45.25,-88.5
12.2,7.05,18.44,1997-09-24,"WI-433247",45.25,-88.5
16.6,6.7,15.85,1997-09-25,"WI-433247",45.25,-88.5
12.5,3.09,17.16,1997-09-26,"WI-433247",45.25,-88.5
14.2,5.02,10.11,1997-09-27,"WI-433247",45.25,-88.5
16.4,8.45,13.56,1997-09-28,"WI-433247",45.25,-88.5
14.3,9.56,9.3,1997-09-29,"WI-433247",45.25,-88.5
11.4,6.68,8.43,1997-09-30,"WI-433247",45.25,-88.5
6.5,4.07,16.36,1997-10-01,"WI-433247",45.25,-88.5
14.3,4.33,14.17,1997-10-02,"WI-433247",45.25,-88.5
16.4,5.54,13.76,1997-10-03,"WI-433247",45.25,-88.5
18.2,5.9,16.35,1997-10-04,"WI-433247",45.25,-88.5
16.9,8.87,12.77,1997-10-05,"WI-433247",45.25,-88.5
14.3,4.7,9.78,1997-10-06,"WI-433247",45.25,-88.5
16.1,4.59,7.55,1997-10-07,"WI-433247",45.25,-88.5
20.2,6.41,11.77,1997-10-08,"WI-433247",45.25,-88.5
15.2,8.47,10.87,1997-10-09,"WI-433247",45.25,-88.5
8.8,5.01,14.76,1997-10-10,"WI-433247",45.25,-88.5
12.4,5.92,10.64,1997-10-11,"WI-433247",45.25,-88.5
17.7,6.79,7.93,1997-10-12,"WI-433247",45.25,-88.5
11.8,8.45,4.64,1997-10-13,"WI-433247",45.25,-88.5
3.6,7.2,8.67,1997-10-14,"WI-433247",45.25,-88.5
5.5,3,12.99,1997-10-15,"WI-433247",45.25,-88.5
6.9,2.26,9.62,1997-10-16,"WI-433247",45.25,-88.5
7,3.54,13.47,1997-10-17,"WI-433247",45.25,-88.5
8.5,5.26,13.08,1997-10-18,"WI-433247",45.25,-88.5
7.5,5.12,3,1997-10-19,"WI-433247",45.25,-88.5
3.3,5.09,7.61,1997-10-20,"WI-433247",45.25,-88.5
1.1,7.75,11.43,1997-10-21,"WI-433247",45.25,-88.5
-1,3.61,8.56,1997-10-22,"WI-433247",45.25,-88.5
0.2,2.19,10.53,1997-10-23,"WI-433247",45.25,-88.5
1.2,4.05,3.9,1997-10-24,"WI-433247",45.25,-88.5
-0.1,3.71,9.52,1997-10-25,"WI-433247",45.25,-88.5
-1.2,5.09,6.62,1997-10-26,"WI-433247",45.25,-88.5
-0.9,4.41,11.69,1997-10-27,"WI-433247",45.25,-88.5
1.9,4.79,9.49,1997-10-28,"WI-433247",45.25,-88.5
3.6,4.95,10.49,1997-10-29,"WI-433247",45.25,-88.5
5.8,5.35,5.18,1997-10-30,"WI-433247",45.25,-88.5
10.4,4.36,10.4,1997-10-31,"WI-433247",45.25,-88.5
9.4,4.96,2.82,1997-11-01,"WI-433247",45.25,-88.5
3.2,3.61,4.02,1997-11-02,"WI-433247",45.25,-88.5
2,4.14,5.08,1997-11-03,"WI-433247",45.25,-88.5
2,3.24,5.34,1997-11-04,"WI-433247",45.25,-88.5
1.9,2.56,4.51,1997-11-05,"WI-433247",45.25,-88.5
2.5,3.42,5.79,1997-11-06,"WI-433247",45.25,-88.5
3,2.06,5.03,1997-11-07,"WI-433247",45.25,-88.5
3.5,2.3,7.31,1997-11-08,"WI-433247",45.25,-88.5
3.5,3.35,2.08,1997-11-09,"WI-433247",45.25,-88.5
-0.2,5.27,8.28,1997-11-10,"WI-433247",45.25,-88.5
-3.1,4.93,7.52,1997-11-11,"WI-433247",45.25,-88.5
-5.3,4.48,9.81,1997-11-12,"WI-433247",45.25,-88.5
-3.1,3.76,5.5,1997-11-13,"WI-433247",45.25,-88.5
-0.7,4.83,5.67,1997-11-14,"WI-433247",45.25,-88.5
-2.7,4.83,4.79,1997-11-15,"WI-433247",45.25,-88.5
-3.9,6.66,9.05,1997-11-16,"WI-433247",45.25,-88.5
-3.4,6.01,8.98,1997-11-17,"WI-433247",45.25,-88.5
-1.6,4.28,4.68,1997-11-18,"WI-433247",45.25,-88.5
-3.8,4.16,8.25,1997-11-19,"WI-433247",45.25,-88.5
-2.6,3,7.75,1997-11-20,"WI-433247",45.25,-88.5
-4.1,2.82,8.56,1997-11-21,"WI-433247",45.25,-88.5
-2.5,6.02,2.03,1997-11-22,"WI-433247",45.25,-88.5
-7.4,6.24,6.78,1997-11-23,"WI-433247",45.25,-88.5
-8.4,5.16,8.2,1997-11-24,"WI-433247",45.25,-88.5
2.6,6.2,5.71,1997-11-25,"WI-433247",45.25,-88.5
3.2,6.46,6.07,1997-11-26,"WI-433247",45.25,-88.5
0.9,6.54,3.58,1997-11-27,"WI-433247",45.25,-88.5
1.9,3.05,6.86,1997-11-28,"WI-433247",45.25,-88.5
1.3,1.7,2.73,1997-11-29,"WI-433247",45.25,-88.5
1.7,5.1,4.28,1997-11-30,"WI-433247",45.25,-88.5
0.1,3.67,3.94,1997-12-01,"WI-433247",45.25,-88.5
-1.3,2.34,3.45,1997-12-02,"WI-433247",45.25,-88.5
-0.5,2.51,1.32,1997-12-03,"WI-433247",45.25,-88.5
-1,5.72,3.85,1997-12-04,"WI-433247",45.25,-88.5
-2.7,5.41,4.35,1997-12-05,"WI-433247",45.25,-88.5
0.2,6.39,4.29,1997-12-06,"WI-433247",45.25,-88.5
-0.3,3.64,3.95,1997-12-07,"WI-433247",45.25,-88.5
-2.2,2.65,3.69,1997-12-08,"WI-433247",45.25,-88.5
-0.4,4.6,2.09,1997-12-09,"WI-433247",45.25,-88.5
0,4.97,3.91,1997-12-10,"WI-433247",45.25,-88.5
-1,3.57,3.32,1997-12-11,"WI-433247",45.25,-88.5
-2.5,6.01,4.27,1997-12-12,"WI-433247",45.25,-88.5
-1.8,5.73,6.52,1997-12-13,"WI-433247",45.25,-88.5
-1.1,5.48,5.59,1997-12-14,"WI-433247",45.25,-88.5
3,7.06,6.94,1997-12-15,"WI-433247",45.25,-88.5
2.6,5.22,5.65,1997-12-16,"WI-433247",45.25,-88.5
-0.4,4.05,6.7,1997-12-17,"WI-433247",45.25,-88.5
2,4.6,5.53,1997-12-18,"WI-433247",45.25,-88.5
1.1,4.52,4.3,1997-12-19,"WI-433247",45.25,-88.5
-2.5,3.54,3.3,1997-12-20,"WI-433247",45.25,-88.5
-5.3,2.8,6.76,1997-12-21,"WI-433247",45.25,-88.5
-1.6,2.95,3.45,1997-12-22,"WI-433247",45.25,-88.5
-2.1,3.55,5.5,1997-12-23,"WI-433247",45.25,-88.5
-4.5,3.14,4.37,1997-12-24,"WI-433247",45.25,-88.5
-1.5,3.88,3.84,1997-12-25,"WI-433247",45.25,-88.5
-2.1,6.13,4.24,1997-12-26,"WI-433247",45.25,-88.5
-8,4.29,7.16,1997-12-27,"WI-433247",45.25,-88.5
-5.2,3.35,2.03,1997-12-28,"WI-433247",45.25,-88.5
-5,3.54,3.54,1997-12-29,"WI-433247",45.25,-88.5
-7.9,5.17,5.81,1997-12-30,"WI-433247",45.25,-88.5
-11.6,5.15,7.25,1997-12-31,"WI-433247",45.25,-88.5
-3.3,6.08,5.24,1998-01-01,"WI-433247",45.25,-88.5
1.9,6.79,3.37,1998-01-02,"WI-433247",45.25,-88.5
2.3,5.1,2.84,1998-01-03,"WI-433247",45.25,-88.5
-5.3,4.55,2.22,1998-01-04,"WI-433247",45.25,-88.5
-1.5,4.32,1.44,1998-01-05,"WI-433247",45.25,-88.5
-0.4,2.61,2.69,1998-01-06,"WI-433247",45.25,-88.5
-1.9,3.94,6.01,1998-01-07,"WI-433247",45.25,-88.5
-2.5,6.62,3.18,1998-01-08,"WI-433247",45.25,-88.5
-4.2,6.32,4.54,1998-01-09,"WI-433247",45.25,-88.5
-18.5,6.77,7.78,1998-01-10,"WI-433247",45.25,-88.5
-16.8,4.6,7.86,1998-01-11,"WI-433247",45.25,-88.5
-13,5.26,2.11,1998-01-12,"WI-433247",45.25,-88.5
-21.3,5.22,8.54,1998-01-13,"WI-433247",45.25,-88.5
-13.6,3.21,1.98,1998-01-14,"WI-433247",45.25,-88.5
-8,3.49,5.21,1998-01-15,"WI-433247",45.25,-88.5
-5.5,3.61,3.05,1998-01-16,"WI-433247",45.25,-88.5
-4.4,2.02,4.06,1998-01-17,"WI-433247",45.25,-88.5
-4.8,4.37,5.2,1998-01-18,"WI-433247",45.25,-88.5
-7.6,3.4,7.06,1998-01-19,"WI-433247",45.25,-88.5
-8.4,2.5,6.81,1998-01-20,"WI-433247",45.25,-88.5
-6.6,4.65,3.84,1998-01-21,"WI-433247",45.25,-88.5
-5.2,4.21,2.83,1998-01-22,"WI-433247",45.25,-88.5
-5,3.47,6.21,1998-01-23,"WI-433247",45.25,-88.5
-6.3,3.41,6.27,1998-01-24,"WI-433247",45.25,-88.5
-6.3,4.48,4.27,1998-01-25,"WI-433247",45.25,-88.5
-6.6,4.61,3.16,1998-01-26,"WI-433247",45.25,-88.5
0,2.91,6.95,1998-01-27,"WI-433247",45.25,-88.5
-2,2.47,4.78,1998-01-28,"WI-433247",45.25,-88.5
-1.1,3.67,7.51,1998-01-29,"WI-433247",45.25,-88.5
-3.5,3.05,9.4,1998-01-30,"WI-433247",45.25,-88.5
-1.9,4.96,8.05,1998-01-31,"WI-433247",45.25,-88.5
2.1,4.88,2.46,1998-02-01,"WI-433247",45.25,-88.5
-1.5,5.1,9.42,1998-02-02,"WI-433247",45.25,-88.5
-7.4,2.84,9.92,1998-02-03,"WI-433247",45.25,-88.5
-6.3,3.24,9.74,1998-02-04,"WI-433247",45.25,-88.5
-3.5,2.7,11.15,1998-02-05,"WI-433247",45.25,-88.5
-2.9,3.45,11.21,1998-02-06,"WI-433247",45.25,-88.5
-3.9,2.02,11.2,1998-02-07,"WI-433247",45.25,-88.5
-3.2,2.71,11.45,1998-02-08,"WI-433247",45.25,-88.5
-3.4,2.65,10.91,1998-02-09,"WI-433247",45.25,-88.5
-1.9,2.51,7.42,1998-02-10,"WI-433247",45.25,-88.5
1.4,4.85,3.73,1998-02-11,"WI-433247",45.25,-88.5
-1.8,4.94,11.23,1998-02-12,"WI-433247",45.25,-88.5
-4.9,3.83,4.58,1998-02-13,"WI-433247",45.25,-88.5
-3.8,4.51,6.74,1998-02-14,"WI-433247",45.25,-88.5
2.3,4.64,3.73,1998-02-15,"WI-433247",45.25,-88.5
3.2,5.63,7.13,1998-02-16,"WI-433247",45.25,-88.5
1.2,6.71,3.72,1998-02-17,"WI-433247",45.25,-88.5
2.3,5.69,4.44,1998-02-18,"WI-433247",45.25,-88.5
2,3.01,4.5,1998-02-19,"WI-433247",45.25,-88.5
0.6,4,7.66,1998-02-20,"WI-433247",45.25,-88.5
-0.2,2.02,7.15,1998-02-21,"WI-433247",45.25,-88.5
1.4,3.3,10.42,1998-02-22,"WI-433247",45.25,-88.5
1.5,3.4,10,1998-02-23,"WI-433247",45.25,-88.5
3.8,5.28,11.23,1998-02-24,"WI-433247",45.25,-88.5
1.3,5.63,12.35,1998-02-25,"WI-433247",45.25,-88.5
5.3,6.89,11.97,1998-02-26,"WI-433247",45.25,-88.5
3.8,6.21,2.3,1998-02-27,"WI-433247",45.25,-88.5
3,4.47,12.16,1998-02-28,"WI-433247",45.25,-88.5
2.6,4.03,11.08,1998-03-01,"WI-433247",45.25,-88.5
0.1,4.74,7.12,1998-03-02,"WI-433247",45.25,-88.5
-3.8,4.7,11.21,1998-03-03,"WI-433247",45.25,-88.5
-3.1,3.71,10.47,1998-03-04,"WI-433247",45.25,-88.5
-2.1,3.29,10.36,1998-03-05,"WI-433247",45.25,-88.5
-0.7,4.09,10.06,1998-03-06,"WI-433247",45.25,-88.5
-1.1,3.23,16.44,1998-03-07,"WI-433247",45.25,-88.5
-1.2,7.53,4.41,1998-03-08,"WI-433247",45.25,-88.5
-6.8,9.24,13.81,1998-03-09,"WI-433247",45.25,-88.5
-11.5,5.91,18.23,1998-03-10,"WI-433247",45.25,-88.5
-11.6,6.22,18.84,1998-03-11,"WI-433247",45.25,-88.5
-6.6,5.3,18.68,1998-03-12,"WI-433247",45.25,-88.5
-5.5,6.04,9.37,1998-03-13,"WI-433247",45.25,-88.5
-5.5,6.16,14.48,1998-03-14,"WI-433247",45.25,-88.5
-10.2,3.54,15.95,1998-03-15,"WI-433247",45.25,-88.5
-8.1,3.22,16.35,1998-03-16,"WI-433247",45.25,-88.5
-3.5,5.3,14.64,1998-03-17,"WI-433247",45.25,-88.5
-0.9,7.27,3.28,1998-03-18,"WI-433247",45.25,-88.5
-0.9,6.26,12.42,1998-03-19,"WI-433247",45.25,-88.5
-2.3,4.47,20.33,1998-03-20,"WI-433247",45.25,-88.5
-1.5,4.05,19.07,1998-03-21,"WI-433247",45.25,-88.5
-0.7,3.67,18.51,1998-03-22,"WI-433247",45.25,-88.5
-1.5,3.96,17.25,1998-03-23,"WI-433247",45.25,-88.5
-0.6,3.69,20.29,1998-03-24,"WI-433247",45.25,-88.5
5.2,5.1,12.37,1998-03-25,"WI-433247",45.25,-88.5
11.9,5.6,8.46,1998-03-26,"WI-433247",45.25,-88.5
15.7,9.22,8.32,1998-03-27,"WI-433247",45.25,-88.5
12.8,6,11.4,1998-03-28,"WI-433247",45.25,-88.5
9.2,5.12,10.18,1998-03-29,"WI-433247",45.25,-88.5
9.5,5.01,2.92,1998-03-30,"WI-433247",45.25,-88.5
2.7,7.96,3.42,1998-03-31,"WI-433247",45.25,-88.5
5,4.12,14.37,1998-04-01,"WI-433247",45.25,-88.5
4.9,4.82,12.14,1998-04-02,"WI-433247",45.25,-88.5
5.5,5.1,21.99,1998-04-03,"WI-433247",45.25,-88.5
5.9,3.61,23.22,1998-04-04,"WI-433247",45.25,-88.5
5.5,3.68,23.21,1998-04-05,"WI-433247",45.25,-88.5
5,3.85,15.86,1998-04-06,"WI-433247",45.25,-88.5
6.9,5.86,17.99,1998-04-07,"WI-433247",45.25,-88.5
6.9,7.27,14.5,1998-04-08,"WI-433247",45.25,-88.5
7.1,5.94,23.76,1998-04-09,"WI-433247",45.25,-88.5
6.6,4,23.81,1998-04-10,"WI-433247",45.25,-88.5
10.7,4.21,21.37,1998-04-11,"WI-433247",45.25,-88.5
15,8.22,20.5,1998-04-12,"WI-433247",45.25,-88.5
15,7.28,17.94,1998-04-13,"WI-433247",45.25,-88.5
12.1,4.89,21.61,1998-04-14,"WI-433247",45.25,-88.5
4.5,4.68,8.52,1998-04-15,"WI-433247",45.25,-88.5
0.6,6.82,8.36,1998-04-16,"WI-433247",45.25,-88.5
3.8,7.44,19.96,1998-04-17,"WI-433247",45.25,-88.5
8.3,5.99,22.55,1998-04-18,"WI-433247",45.25,-88.5
8.9,2.84,21.01,1998-04-19,"WI-433247",45.25,-88.5
8.4,2.3,18.01,1998-04-20,"WI-433247",45.25,-88.5
10.5,3,22.13,1998-04-21,"WI-433247",45.25,-88.5
12.3,2.14,21.47,1998-04-22,"WI-433247",45.25,-88.5
14.1,4.84,25.88,1998-04-23,"WI-433247",45.25,-88.5
13.5,4.7,25.95,1998-04-24,"WI-433247",45.25,-88.5
7.2,5.11,22.55,1998-04-25,"WI-433247",45.25,-88.5
7.9,6.68,24.2,1998-04-26,"WI-433247",45.25,-88.5
6.8,3.72,27.61,1998-04-27,"WI-433247",45.25,-88.5
8.9,3.69,27.5,1998-04-28,"WI-433247",45.25,-88.5
11.9,4.11,24.84,1998-04-29,"WI-433247",45.25,-88.5
13.8,3.55,23.93,1998-04-30,"WI-433247",45.25,-88.5
13.4,4.75,13.2,1998-05-01,"WI-433247",45.25,-88.5
12.1,3.97,12.39,1998-05-02,"WI-433247",45.25,-88.5
13.9,4,19.35,1998-05-03,"WI-433247",45.25,-88.5
15.1,4.2,23.71,1998-05-04,"WI-433247",45.25,-88.5
16,5.04,26.32,1998-05-05,"WI-433247",45.25,-88.5
15.7,3.91,27.44,1998-05-06,"WI-433247",45.25,-88.5
14.9,5.99,15.53,1998-05-07,"WI-433247",45.25,-88.5
15.8,5.22,26.92,1998-05-08,"WI-433247",45.25,-88.5
13.5,3.76,25.75,1998-05-09,"WI-433247",45.25,-88.5
14,3.36,28.66,1998-05-10,"WI-433247",45.25,-88.5
15.6,3.94,25.87,1998-05-11,"WI-433247",45.25,-88.5
16,6.09,22.23,1998-05-12,"WI-433247",45.25,-88.5
17.4,4.25,20.89,1998-05-13,"WI-433247",45.25,-88.5
19.4,5.2,28,1998-05-14,"WI-433247",45.25,-88.5
22.6,6.91,21.88,1998-05-15,"WI-433247",45.25,-88.5
21.1,8.83,23.17,1998-05-16,"WI-433247",45.25,-88.5
22,5.28,25.3,1998-05-17,"WI-433247",45.25,-88.5
23.4,5.02,24.34,1998-05-18,"WI-433247",45.25,-88.5
24,5.73,28.64,1998-05-19,"WI-433247",45.25,-88.5
17.9,4.39,28.23,1998-05-20,"WI-433247",45.25,-88.5
13.9,4.37,25.75,1998-05-21,"WI-433247",45.25,-88.5
10.8,4.22,26.91,1998-05-22,"WI-433247",45.25,-88.5
13.8,3.98,28.83,1998-05-23,"WI-433247",45.25,-88.5
13.6,3.74,18.09,1998-05-24,"WI-433247",45.25,-88.5
16.9,3.19,24.59,1998-05-25,"WI-433247",45.25,-88.5
15.1,3.1,23.83,1998-05-26,"WI-433247",45.25,-88.5
18.8,4.74,24.35,1998-05-27,"WI-433247",45.25,-88.5
22.9,8.22,23.68,1998-05-28,"WI-433247",45.25,-88.5
20.3,5.64,29.91,1998-05-29,"WI-433247",45.25,-88.5
11.4,4.02,15.25,1998-05-30,"WI-433247",45.25,-88.5
12.7,6.77,19.26,1998-05-31,"WI-433247",45.25,-88.5
13.9,8.42,27.8,1998-06-01,"WI-433247",45.25,-88.5
10.9,6.89,12.93,1998-06-02,"WI-433247",45.25,-88.5
10.3,5.82,22.8,1998-06-03,"WI-433247",45.25,-88.5
10.3,4.32,22.25,1998-06-04,"WI-433247",45.25,-88.5
9.3,3.29,18.81,1998-06-05,"WI-433247",45.25,-88.5
9.3,3.09,20.75,1998-06-06,"WI-433247",45.25,-88.5
11.3,3.5,25.29,1998-06-07,"WI-433247",45.25,-88.5
13.2,3.71,19.3,1998-06-08,"WI-433247",45.25,-88.5
12.3,5.64,11.66,1998-06-09,"WI-433247",45.25,-88.5
13.4,3.26,6.35,1998-06-10,"WI-433247",45.25,-88.5
14.5,5.67,7.5,1998-06-11,"WI-433247",45.25,-88.5
17.5,6.43,17.88,1998-06-12,"WI-433247",45.25,-88.5
18.9,3.86,23.69,1998-06-13,"WI-433247",45.25,-88.5
19.1,4.05,26.4,1998-06-14,"WI-433247",45.25,-88.5
20.3,3.73,24.85,1998-06-15,"WI-433247",45.25,-88.5
19.6,4.25,22.72,1998-06-16,"WI-433247",45.25,-88.5
20.3,2.94,25.91,1998-06-17,"WI-433247",45.25,-88.5
19.2,6.43,18.89,1998-06-18,"WI-433247",45.25,-88.5
20,7.14,22.45,1998-06-19,"WI-433247",45.25,-88.5
22.9,5.11,27.81,1998-06-20,"WI-433247",45.25,-88.5
22.9,5.46,24,1998-06-21,"WI-433247",45.25,-88.5
22.1,5.91,26.68,1998-06-22,"WI-433247",45.25,-88.5
21,3.41,25.05,1998-06-23,"WI-433247",45.25,-88.5
20.1,3.97,10.47,1998-06-24,"WI-433247",45.25,-88.5
22.4,4.7,15.64,1998-06-25,"WI-433247",45.25,-88.5
22.7,5.15,23.75,1998-06-26,"WI-433247",45.25,-88.5
19.7,3.82,7.56,1998-06-27,"WI-433247",45.25,-88.5
21.9,5.19,24.31,1998-06-28,"WI-433247",45.25,-88.5
22.3,7.7,27.93,1998-06-29,"WI-433247",45.25,-88.5
20.3,5.57,23.61,1998-06-30,"WI-433247",45.25,-88.5
19.7,3.69,30.36,1998-07-01,"WI-433247",45.25,-88.5
20.7,2.83,26.37,1998-07-02,"WI-433247",45.25,-88.5
19.4,4.3,9.53,1998-07-03,"WI-433247",45.25,-88.5
18.5,4.33,26.02,1998-07-04,"WI-433247",45.25,-88.5
17.6,2.97,24,1998-07-05,"WI-433247",45.25,-88.5
18.1,3.76,11.08,1998-07-06,"WI-433247",45.25,-88.5
18.4,4.03,16.92,1998-07-07,"WI-433247",45.25,-88.5
20.4,2.22,21.8,1998-07-08,"WI-433247",45.25,-88.5
21.2,3.91,23.89,1998-07-09,"WI-433247",45.25,-88.5
18.3,3.82,26.36,1998-07-10,"WI-433247",45.25,-88.5
18.8,2.91,26.36,1998-07-11,"WI-433247",45.25,-88.5
22.3,3.69,28.62,1998-07-12,"WI-433247",45.25,-88.5
25.1,4.61,26.92,1998-07-13,"WI-433247",45.25,-88.5
26.3,4.29,23.21,1998-07-14,"WI-433247",45.25,-88.5
23.9,4.16,19.09,1998-07-15,"WI-433247",45.25,-88.5
21.2,3.47,20.71,1998-07-16,"WI-433247",45.25,-88.5
20.7,2.83,25.74,1998-07-17,"WI-433247",45.25,-88.5
20.4,3.18,27.63,1998-07-18,"WI-433247",45.25,-88.5
23.5,5.15,20.15,1998-07-19,"WI-433247",45.25,-88.5
23.6,6.62,24.59,1998-07-20,"WI-433247",45.25,-88.5
25,5.95,26.16,1998-07-21,"WI-433247",45.25,-88.5
21.3,4.97,23.09,1998-07-22,"WI-433247",45.25,-88.5
18.4,5.68,22.18,1998-07-23,"WI-433247",45.25,-88.5
17.2,3.5,16.63,1998-07-24,"WI-433247",45.25,-88.5
17.4,2.8,20.29,1998-07-25,"WI-433247",45.25,-88.5
19.9,5.08,20.82,1998-07-26,"WI-433247",45.25,-88.5
22.8,5.83,27.24,1998-07-27,"WI-433247",45.25,-88.5
21.3,6.69,20.5,1998-07-28,"WI-433247",45.25,-88.5
20.2,4.96,23.81,1998-07-29,"WI-433247",45.25,-88.5
20,3.82,22.26,1998-07-30,"WI-433247",45.25,-88.5
18.1,2.61,21.65,1998-07-31,"WI-433247",45.25,-88.5
19.2,2.52,25.07,1998-08-01,"WI-433247",45.25,-88.5
20.3,2.82,18.78,1998-08-02,"WI-433247",45.25,-88.5
20.1,2.88,11.18,1998-08-03,"WI-433247",45.25,-88.5
20.7,5.53,11.51,1998-08-04,"WI-433247",45.25,-88.5
19.8,4.34,7.17,1998-08-05,"WI-433247",45.25,-88.5
20.1,5.37,8.24,1998-08-06,"WI-433247",45.25,-88.5
21.2,3.54,11.12,1998-08-07,"WI-433247",45.25,-88.5
22.1,3.44,16.84,1998-08-08,"WI-433247",45.25,-88.5
23.4,3.81,20.66,1998-08-09,"WI-433247",45.25,-88.5
22.7,4.08,24.23,1998-08-10,"WI-433247",45.25,-88.5
18.2,3.66,13.19,1998-08-11,"WI-433247",45.25,-88.5
17.9,2.36,22.8,1998-08-12,"WI-433247",45.25,-88.5
19.6,2.8,19.31,1998-08-13,"WI-433247",45.25,-88.5
20.2,5.06,20.86,1998-08-14,"WI-433247",45.25,-88.5
18.3,3.36,20.38,1998-08-15,"WI-433247",45.25,-88.5
18.8,4.24,25.14,1998-08-16,"WI-433247",45.25,-88.5
20.8,5.11,13.94,1998-08-17,"WI-433247",45.25,-88.5
15.9,3.73,24.61,1998-08-18,"WI-433247",45.25,-88.5
18.6,4.52,21.91,1998-08-19,"WI-433247",45.25,-88.5
23.8,5.06,18.02,1998-08-20,"WI-433247",45.25,-88.5
22.8,3.71,20.1,1998-08-21,"WI-433247",45.25,-88.5
19.7,3.68,11.4,1998-08-22,"WI-433247",45.25,-88.5
23.7,4.9,16.28,1998-08-23,"WI-433247",45.25,-88.5
22.8,4.75,20,1998-08-24,"WI-433247",45.25,-88.5
21.2,4.8,18.29,1998-08-25,"WI-433247",45.25,-88.5
20.4,2.68,20.38,1998-08-26,"WI-433247",45.25,-88.5
21.1,5.43,18.87,1998-08-27,"WI-433247",45.25,-88.5
22.8,4.3,18.63,1998-08-28,"WI-433247",45.25,-88.5
20.8,5.77,18.82,1998-08-29,"WI-433247",45.25,-88.5
17.7,4.4,18.48,1998-08-30,"WI-433247",45.25,-88.5
17.3,2.61,16.89,1998-08-31,"WI-433247",45.25,-88.5
17,5.99,13.07,1998-09-01,"WI-433247",45.25,-88.5
14.9,5.04,15.2,1998-09-02,"WI-433247",45.25,-88.5
15.9,2.9,21.77,1998-09-03,"WI-433247",45.25,-88.5
17.5,3.98,21.93,1998-09-04,"WI-433247",45.25,-88.5
22.4,5.87,21.81,1998-09-05,"WI-433247",45.25,-88.5
22.9,4.81,16.82,1998-09-06,"WI-433247",45.25,-88.5
16,5.29,17.07,1998-09-07,"WI-433247",45.25,-88.5
13.5,5.43,11.32,1998-09-08,"WI-433247",45.25,-88.5
13.8,2.56,21.1,1998-09-09,"WI-433247",45.25,-88.5
18.7,5.56,20.6,1998-09-10,"WI-433247",45.25,-88.5
24.2,5.37,20.46,1998-09-11,"WI-433247",45.25,-88.5
20.6,3.41,8.37,1998-09-12,"WI-433247",45.25,-88.5
21.7,3.54,16.03,1998-09-13,"WI-433247",45.25,-88.5
19.6,4.33,4.14,1998-09-14,"WI-433247",45.25,-88.5
19,6.07,17.28,1998-09-15,"WI-433247",45.25,-88.5
16.2,2.72,19.85,1998-09-16,"WI-433247",45.25,-88.5
18.9,2.78,19.34,1998-09-17,"WI-433247",45.25,-88.5
19.8,3.11,18.96,1998-09-18,"WI-433247",45.25,-88.5
21.1,3.54,16.8,1998-09-19,"WI-433247",45.25,-88.5
20.6,5,10.47,1998-09-20,"WI-433247",45.25,-88.5
12.4,4.89,6.15,1998-09-21,"WI-433247",45.25,-88.5
9.8,5.32,13.85,1998-09-22,"WI-433247",45.25,-88.5
10.8,4.24,16.39,1998-09-23,"WI-433247",45.25,-88.5
14.1,4.75,11.04,1998-09-24,"WI-433247",45.25,-88.5
17.5,6.79,11.33,1998-09-25,"WI-433247",45.25,-88.5
20.2,6.26,9.22,1998-09-26,"WI-433247",45.25,-88.5
17.3,5.2,12.25,1998-09-27,"WI-433247",45.25,-88.5
14.2,4.06,15.08,1998-09-28,"WI-433247",45.25,-88.5
15.8,4.61,11.42,1998-09-29,"WI-433247",45.25,-88.5
9.2,6.34,6.8,1998-09-30,"WI-433247",45.25,-88.5
7.7,5.82,14.45,1998-10-01,"WI-433247",45.25,-88.5
7.9,3.28,14.24,1998-10-02,"WI-433247",45.25,-88.5
8.4,4.88,6.61,1998-10-03,"WI-433247",45.25,-88.5
8.7,4.96,11.07,1998-10-04,"WI-433247",45.25,-88.5
11,6.24,1.84,1998-10-05,"WI-433247",45.25,-88.5
13.7,5.95,1.5,1998-10-06,"WI-433247",45.25,-88.5
10.6,4.92,4.66,1998-10-07,"WI-433247",45.25,-88.5
8.6,2.73,12.2,1998-10-08,"WI-433247",45.25,-88.5
8.9,3.7,15.29,1998-10-09,"WI-433247",45.25,-88.5
11.4,2.62,14.53,1998-10-10,"WI-433247",45.25,-88.5
11.6,4.56,10.68,1998-10-11,"WI-433247",45.25,-88.5
10.9,5.93,11.01,1998-10-12,"WI-433247",45.25,-88.5
6.2,6.44,7.35,1998-10-13,"WI-433247",45.25,-88.5
5.2,4.23,8.04,1998-10-14,"WI-433247",45.25,-88.5
8.7,4.41,9.68,1998-10-15,"WI-433247",45.25,-88.5
15,4.72,11.61,1998-10-16,"WI-433247",45.25,-88.5
18,7.72,2.85,1998-10-17,"WI-433247",45.25,-88.5
9.8,9.7,9.04,1998-10-18,"WI-433247",45.25,-88.5
8.2,7.41,12.97,1998-10-19,"WI-433247",45.25,-88.5
5.8,5.11,8.69,1998-10-20,"WI-433247",45.25,-88.5
4.4,5.77,10.78,1998-10-21,"WI-433247",45.25,-88.5
4.5,4.71,12.77,1998-10-22,"WI-433247",45.25,-88.5
12.1,5.28,12.55,1998-10-23,"WI-433247",45.25,-88.5
12.7,4.85,12.05,1998-10-24,"WI-433247",45.25,-88.5
10.8,2.91,8.25,1998-10-25,"WI-433247",45.25,-88.5
12.1,3.02,9.32,1998-10-26,"WI-433247",45.25,-88.5
12,4.29,3.29,1998-10-27,"WI-433247",45.25,-88.5
9.8,4.37,11.95,1998-10-28,"WI-433247",45.25,-88.5
7.3,4.74,7.96,1998-10-29,"WI-433247",45.25,-88.5
10.3,3.44,1.27,1998-10-30,"WI-433247",45.25,-88.5
9.6,3.71,3.12,1998-10-31,"WI-433247",45.25,-88.5
6.9,4.08,6.97,1998-11-01,"WI-433247",45.25,-88.5
2.5,5.17,6.78,1998-11-02,"WI-433247",45.25,-88.5
0.6,4.52,5.36,1998-11-03,"WI-433247",45.25,-88.5
-0.3,4.03,6.04,1998-11-04,"WI-433247",45.25,-88.5
-0.7,2.97,6.94,1998-11-05,"WI-433247",45.25,-88.5
0.9,3.76,6.29,1998-11-06,"WI-433247",45.25,-88.5
2.3,2.91,6.82,1998-11-07,"WI-433247",45.25,-88.5
2.1,1.7,4.72,1998-11-08,"WI-433247",45.25,-88.5
2.8,4.92,6.42,1998-11-09,"WI-433247",45.25,-88.5
4.9,11.6,1.87,1998-11-10,"WI-433247",45.25,-88.5
1.5,9.53,5.23,1998-11-11,"WI-433247",45.25,-88.5
-1.7,5.51,9.72,1998-11-12,"WI-433247",45.25,-88.5
-0.9,4.8,7.29,1998-11-13,"WI-433247",45.25,-88.5
3.6,5.42,5.02,1998-11-14,"WI-433247",45.25,-88.5
1.4,4.85,8.38,1998-11-15,"WI-433247",45.25,-88.5
0.8,4.41,2.33,1998-11-16,"WI-433247",45.25,-88.5
0.2,2.78,5.09,1998-11-17,"WI-433247",45.25,-88.5
3.4,6.22,4,1998-11-18,"WI-433247",45.25,-88.5
1.9,7.67,3.92,1998-11-19,"WI-433247",45.25,-88.5
-1.2,4.74,3.73,1998-11-20,"WI-433247",45.25,-88.5
-1.9,5.55,8.45,1998-11-21,"WI-433247",45.25,-88.5
5.9,6.42,6.05,1998-11-22,"WI-433247",45.25,-88.5
6.5,8.53,7.41,1998-11-23,"WI-433247",45.25,-88.5
3.5,6.26,6.85,1998-11-24,"WI-433247",45.25,-88.5
7.1,5.82,4.97,1998-11-25,"WI-433247",45.25,-88.5
4.8,5.95,7.78,1998-11-26,"WI-433247",45.25,-88.5
4.2,3.92,7.68,1998-11-27,"WI-433247",45.25,-88.5
5.2,2.75,7.04,1998-11-28,"WI-433247",45.25,-88.5
10.6,5.14,0.85,1998-11-29,"WI-433247",45.25,-88.5
9.6,6.81,2.91,1998-11-30,"WI-433247",45.25,-88.5
6.3,7.38,7.3,1998-12-01,"WI-433247",45.25,-88.5
9.3,6.86,7,1998-12-02,"WI-433247",45.25,-88.5
9.7,3.96,5.76,1998-12-03,"WI-433247",45.25,-88.5
5.4,3.51,7.09,1998-12-04,"WI-433247",45.25,-88.5
7.4,3.96,0.77,1998-12-05,"WI-433247",45.25,-88.5
5.3,4.61,3.95,1998-12-06,"WI-433247",45.25,-88.5
-1.9,3.8,7.2,1998-12-07,"WI-433247",45.25,-88.5
-0.9,4.59,7.16,1998-12-08,"WI-433247",45.25,-88.5
0.4,4.55,6.69,1998-12-09,"WI-433247",45.25,-88.5
-0.1,4.93,5.43,1998-12-10,"WI-433247",45.25,-88.5
2,5.86,6.99,1998-12-11,"WI-433247",45.25,-88.5
3.4,5.54,6.69,1998-12-12,"WI-433247",45.25,-88.5
1.3,3.76,6.96,1998-12-13,"WI-433247",45.25,-88.5
2.5,6.98,6.73,1998-12-14,"WI-433247",45.25,-88.5
4.5,7.03,6.11,1998-12-15,"WI-433247",45.25,-88.5
0.2,4.08,4.08,1998-12-16,"WI-433247",45.25,-88.5
-2.8,4.6,6.23,1998-12-17,"WI-433247",45.25,-88.5
-1,6.06,1.34,1998-12-18,"WI-433247",45.25,-88.5
-3.1,6,4.11,1998-12-19,"WI-433247",45.25,-88.5
-6,2.85,2.32,1998-12-20,"WI-433247",45.25,-88.5
-12,6.07,6.81,1998-12-21,"WI-433247",45.25,-88.5
-19.6,6.67,7.46,1998-12-22,"WI-433247",45.25,-88.5
-13.9,5.98,7.21,1998-12-23,"WI-433247",45.25,-88.5
-13.7,6.3,7.28,1998-12-24,"WI-433247",45.25,-88.5
-10.2,5.88,5.86,1998-12-25,"WI-433247",45.25,-88.5
-13,5.19,7.33,1998-12-26,"WI-433247",45.25,-88.5
-5.8,7.3,4.86,1998-12-27,"WI-433247",45.25,-88.5
-7.7,5.1,6.79,1998-12-28,"WI-433247",45.25,-88.5
-9.4,8.17,6.75,1998-12-29,"WI-433247",45.25,-88.5
-18.8,4.66,7.39,1998-12-30,"WI-433247",45.25,-88.5
-17.5,4.75,7.59,1998-12-31,"WI-433247",45.25,-88.5
-19.1,3.77,6.78,1999-01-01,"WI-433247",45.25,-88.5
-11.3,7.52,1.65,1999-01-02,"WI-433247",45.25,-88.5
-10.9,6.48,4.32,1999-01-03,"WI-433247",45.25,-88.5
-14.1,4.86,7.25,1999-01-04,"WI-433247",45.25,-88.5
-19.4,3.98,6.59,1999-01-05,"WI-433247",45.25,-88.5
-15.6,5.91,7.13,1999-01-06,"WI-433247",45.25,-88.5
-20.6,4.81,7.98,1999-01-07,"WI-433247",45.25,-88.5
-15.6,3.47,3.52,1999-01-08,"WI-433247",45.25,-88.5
-19,3.89,8.17,1999-01-09,"WI-433247",45.25,-88.5
-19.2,5.88,7.82,1999-01-10,"WI-433247",45.25,-88.5
-21.9,3.68,3.56,1999-01-11,"WI-433247",45.25,-88.5
-17.9,4.35,3.95,1999-01-12,"WI-433247",45.25,-88.5
-20.4,4.74,6.13,1999-01-13,"WI-433247",45.25,-88.5
-14.9,4.06,4.49,1999-01-14,"WI-433247",45.25,-88.5
-12.8,5.23,5.25,1999-01-15,"WI-433247",45.25,-88.5
0.6,7.47,8.01,1999-01-16,"WI-433247",45.25,-88.5
-2,4.83,5.34,1999-01-17,"WI-433247",45.25,-88.5
0.5,7.67,2.34,1999-01-18,"WI-433247",45.25,-88.5
-5.6,7.04,8.42,1999-01-19,"WI-433247",45.25,-88.5
-3.8,3.19,7.91,1999-01-20,"WI-433247",45.25,-88.5
-4.1,4.72,7.25,1999-01-21,"WI-433247",45.25,-88.5
-1.3,6.86,1.21,1999-01-22,"WI-433247",45.25,-88.5
-2.1,5.64,1.43,1999-01-23,"WI-433247",45.25,-88.5
-3.6,5.52,7.33,1999-01-24,"WI-433247",45.25,-88.5
-6.4,4.75,8.78,1999-01-25,"WI-433247",45.25,-88.5
-6.8,5,6.59,1999-01-26,"WI-433247",45.25,-88.5
-2.5,5.25,1.79,1999-01-27,"WI-433247",45.25,-88.5
-4,2.97,5.89,1999-01-28,"WI-433247",45.25,-88.5
-5,5.59,9.47,1999-01-29,"WI-433247",45.25,-88.5
-4.2,3.55,10.17,1999-01-30,"WI-433247",45.25,-88.5
-5.8,3.16,10.17,1999-01-31,"WI-433247",45.25,-88.5
-3.2,3.01,1.35,1999-02-01,"WI-433247",45.25,-88.5
1.9,5.43,7.12,1999-02-02,"WI-433247",45.25,-88.5
1.3,5.25,4.83,1999-02-03,"WI-433247",45.25,-88.5
-6.9,6.51,11.14,1999-02-04,"WI-433247",45.25,-88.5
-5.7,4.34,5.14,1999-02-05,"WI-433247",45.25,-88.5
-1.6,4,6.56,1999-02-06,"WI-433247",45.25,-88.5
-3.2,2.86,9.89,1999-02-07,"WI-433247",45.25,-88.5
0.2,5.46,5.88,1999-02-08,"WI-433247",45.25,-88.5
2.6,8.42,10.88,1999-02-09,"WI-433247",45.25,-88.5
1,4.96,8.87,1999-02-10,"WI-433247",45.25,-88.5
5.7,8.6,1.88,1999-02-11,"WI-433247",45.25,-88.5
-10.1,8.49,10.51,1999-02-12,"WI-433247",45.25,-88.5
-7.8,6.11,12.93,1999-02-13,"WI-433247",45.25,-88.5
-2.3,5.3,12.34,1999-02-14,"WI-433247",45.25,-88.5
-0.1,3.88,10.47,1999-02-15,"WI-433247",45.25,-88.5
-1.4,4.81,2.99,1999-02-16,"WI-433247",45.25,-88.5
-9.4,4.47,12.55,1999-02-17,"WI-433247",45.25,-88.5
-11.9,2.78,13.91,1999-02-18,"WI-433247",45.25,-88.5
-10.6,2.91,13.37,1999-02-19,"WI-433247",45.25,-88.5
-9.2,3.81,14.16,1999-02-20,"WI-433247",45.25,-88.5
-9.5,4.03,14.84,1999-02-21,"WI-433247",45.25,-88.5
-11.7,3.24,14.52,1999-02-22,"WI-433247",45.25,-88.5
-10.1,3.51,11.89,1999-02-23,"WI-433247",45.25,-88.5
-7.2,4.78,5.4,1999-02-24,"WI-433247",45.25,-88.5
-2.4,2.44,8.52,1999-02-25,"WI-433247",45.25,-88.5
-0.4,3.81,12.33,1999-02-26,"WI-433247",45.25,-88.5
2,3.31,3.39,1999-02-27,"WI-433247",45.25,-88.5
1.9,8.45,7.39,1999-02-28,"WI-433247",45.25,-88.5
-1.2,5.32,15.76,1999-03-01,"WI-433247",45.25,-88.5
-1,5.41,7.65,1999-03-02,"WI-433247",45.25,-88.5
-4.8,6.63,12.05,1999-03-03,"WI-433247",45.25,-88.5
-8.2,3.41,14.64,1999-03-04,"WI-433247",45.25,-88.5
-8.2,5.26,15.07,1999-03-05,"WI-433247",45.25,-88.5
-10.2,5.25,16.34,1999-03-06,"WI-433247",45.25,-88.5
-11.5,3.06,17.78,1999-03-07,"WI-433247",45.25,-88.5
-6.6,5.05,9.41,1999-03-08,"WI-433247",45.25,-88.5
-3.8,6.28,8.34,1999-03-09,"WI-433247",45.25,-88.5
-4.2,3.94,18.07,1999-03-10,"WI-433247",45.25,-88.5
-4.5,3.49,18.24,1999-03-11,"WI-433247",45.25,-88.5
-4.4,2.9,18.86,1999-03-12,"WI-433247",45.25,-88.5
-2.8,2.42,16.61,1999-03-13,"WI-433247",45.25,-88.5
-3.5,2.96,18.81,1999-03-14,"WI-433247",45.25,-88.5
2.2,5.38,18.54,1999-03-15,"WI-433247",45.25,-88.5
5.6,5.53,18.84,1999-03-16,"WI-433247",45.25,-88.5
5,9.44,17.07,1999-03-17,"WI-433247",45.25,-88.5
1.1,9.31,10.53,1999-03-18,"WI-433247",45.25,-88.5
1,4.08,19.41,1999-03-19,"WI-433247",45.25,-88.5
2.8,6.97,13.35,1999-03-20,"WI-433247",45.25,-88.5
-1.4,7.78,13.86,1999-03-21,"WI-433247",45.25,-88.5
-1.6,4.49,20.09,1999-03-22,"WI-433247",45.25,-88.5
2.6,8.72,19.58,1999-03-23,"WI-433247",45.25,-88.5
-1.2,4.61,19.01,1999-03-24,"WI-433247",45.25,-88.5
-1.2,3.41,20.74,1999-03-25,"WI-433247",45.25,-88.5
2.5,3.22,21.13,1999-03-26,"WI-433247",45.25,-88.5
5.4,4.9,21.3,1999-03-27,"WI-433247",45.25,-88.5
5.3,8.27,10.21,1999-03-28,"WI-433247",45.25,-88.5
7,8.1,21.63,1999-03-29,"WI-433247",45.25,-88.5
11.1,6.62,18.49,1999-03-30,"WI-433247",45.25,-88.5
15.8,8.1,19.9,1999-03-31,"WI-433247",45.25,-88.5
11.8,3.77,5.52,1999-04-01,"WI-433247",45.25,-88.5
13.1,5.19,11.88,1999-04-02,"WI-433247",45.25,-88.5
8.5,4.55,6.73,1999-04-03,"WI-433247",45.25,-88.5
2.3,6,3.91,1999-04-04,"WI-433247",45.25,-88.5
2.6,5.97,5.35,1999-04-05,"WI-433247",45.25,-88.5
6.5,8.54,7.19,1999-04-06,"WI-433247",45.25,-88.5
9.8,6.7,16.07,1999-04-07,"WI-433247",45.25,-88.5
9.9,6.59,21.47,1999-04-08,"WI-433247",45.25,-88.5
8.1,6.75,19.5,1999-04-09,"WI-433247",45.25,-88.5
4.9,7.36,21.79,1999-04-10,"WI-433247",45.25,-88.5
3.6,5.44,10.66,1999-04-11,"WI-433247",45.25,-88.5
7.2,2.82,21.21,1999-04-12,"WI-433247",45.25,-88.5
8.3,3.4,22.86,1999-04-13,"WI-433247",45.25,-88.5
11.9,3,20.83,1999-04-14,"WI-433247",45.25,-88.5
11.3,4.52,12.34,1999-04-15,"WI-433247",45.25,-88.5
9.5,6,20.29,1999-04-16,"WI-433247",45.25,-88.5
4.5,5.41,9.08,1999-04-17,"WI-433247",45.25,-88.5
5.2,3.04,14.77,1999-04-18,"WI-433247",45.25,-88.5
6.5,1.61,15.21,1999-04-19,"WI-433247",45.25,-88.5
6.6,3.31,14.67,1999-04-20,"WI-433247",45.25,-88.5
9,4.3,11.19,1999-04-21,"WI-433247",45.25,-88.5
5.9,6.35,4.63,1999-04-22,"WI-433247",45.25,-88.5
7.7,5.95,22.57,1999-04-23,"WI-433247",45.25,-88.5
7.3,3.16,26.95,1999-04-24,"WI-433247",45.25,-88.5
11.9,3.98,26.8,1999-04-25,"WI-433247",45.25,-88.5
14.3,4.37,26.12,1999-04-26,"WI-433247",45.25,-88.5
10.4,5.72,24.2,1999-04-27,"WI-433247",45.25,-88.5
10.1,6.25,27.64,1999-04-28,"WI-433247",45.25,-88.5
12.6,3.91,27.37,1999-04-29,"WI-433247",45.25,-88.5
14.2,2.9,27.52,1999-04-30,"WI-433247",45.25,-88.5
16.1,3.49,27.47,1999-05-01,"WI-433247",45.25,-88.5
16.1,4.69,27.85,1999-05-02,"WI-433247",45.25,-88.5
17.1,6.78,25.46,1999-05-03,"WI-433247",45.25,-88.5
18.2,7.38,25.73,1999-05-04,"WI-433247",45.25,-88.5
16.3,6.5,7.93,1999-05-05,"WI-433247",45.25,-88.5
13.4,7.71,3.82,1999-05-06,"WI-433247",45.25,-88.5
10.6,7.83,3.37,1999-05-07,"WI-433247",45.25,-88.5
10.5,4.47,11.99,1999-05-08,"WI-433247",45.25,-88.5
11.2,2.95,28.11,1999-05-09,"WI-433247",45.25,-88.5
10.1,5.04,26.39,1999-05-10,"WI-433247",45.25,-88.5
11.5,5.12,17.52,1999-05-11,"WI-433247",45.25,-88.5
9.3,5.9,13.05,1999-05-12,"WI-433247",45.25,-88.5
10.8,4.92,28.6,1999-05-13,"WI-433247",45.25,-88.5
11.9,4.73,29.15,1999-05-14,"WI-433247",45.25,-88.5
14.3,5.38,18.76,1999-05-15,"WI-433247",45.25,-88.5
16.5,4.24,11.17,1999-05-16,"WI-433247",45.25,-88.5
17.4,5.46,10.11,1999-05-17,"WI-433247",45.25,-88.5
14.3,6,18.18,1999-05-18,"WI-433247",45.25,-88.5
13.5,3.66,26.47,1999-05-19,"WI-433247",45.25,-88.5
15.1,5.78,19.57,1999-05-20,"WI-433247",45.25,-88.5
17.5,4.67,13.98,1999-05-21,"WI-433247",45.25,-88.5
15,3.54,21.13,1999-05-22,"WI-433247",45.25,-88.5
11.4,5.59,14.3,1999-05-23,"WI-433247",45.25,-88.5
7.7,9.02,12.71,1999-05-24,"WI-433247",45.25,-88.5
9.7,9.24,12.31,1999-05-25,"WI-433247",45.25,-88.5
14.4,4.3,30.81,1999-05-26,"WI-433247",45.25,-88.5
18.4,4.91,28.32,1999-05-27,"WI-433247",45.25,-88.5
20.1,3.23,30.39,1999-05-28,"WI-433247",45.25,-88.5
22.5,5.06,26.24,1999-05-29,"WI-433247",45.25,-88.5
22,5.44,26.68,1999-05-30,"WI-433247",45.25,-88.5
19.4,4.03,11.1,1999-05-31,"WI-433247",45.25,-88.5
11.2,3.37,7.97,1999-06-01,"WI-433247",45.25,-88.5
13.5,5.79,23.01,1999-06-02,"WI-433247",45.25,-88.5
14.6,3.67,27.55,1999-06-03,"WI-433247",45.25,-88.5
14.4,4.7,16.74,1999-06-04,"WI-433247",45.25,-88.5
20.8,7.92,13.93,1999-06-05,"WI-433247",45.25,-88.5
24.1,5.88,24.12,1999-06-06,"WI-433247",45.25,-88.5
21.9,7.3,22.54,1999-06-07,"WI-433247",45.25,-88.5
22.2,4.23,27.96,1999-06-08,"WI-433247",45.25,-88.5
22.4,2.94,20.13,1999-06-09,"WI-433247",45.25,-88.5
22.9,3.62,22.23,1999-06-10,"WI-433247",45.25,-88.5
21.3,4.24,14.05,1999-06-11,"WI-433247",45.25,-88.5
20.4,3.69,18.9,1999-06-12,"WI-433247",45.25,-88.5
18.9,3.44,16.44,1999-06-13,"WI-433247",45.25,-88.5
13,5.12,22.46,1999-06-14,"WI-433247",45.25,-88.5
11.5,4.46,22.86,1999-06-15,"WI-433247",45.25,-88.5
10.8,2.69,20.89,1999-06-16,"WI-433247",45.25,-88.5
12.8,2.92,20.26,1999-06-17,"WI-433247",45.25,-88.5
16.4,3.26,25.69,1999-06-18,"WI-433247",45.25,-88.5
16.5,3.57,19.52,1999-06-19,"WI-433247",45.25,-88.5
18.3,2.87,21.16,1999-06-20,"WI-433247",45.25,-88.5
19.3,4.08,23.39,1999-06-21,"WI-433247",45.25,-88.5
20.9,4.5,23.26,1999-06-22,"WI-433247",45.25,-88.5
21.4,7.72,12.35,1999-06-23,"WI-433247",45.25,-88.5
22.7,4.3,28.93,1999-06-24,"WI-433247",45.25,-88.5
23.3,3.64,29.11,1999-06-25,"WI-433247",45.25,-88.5
23.7,4.59,28.85,1999-06-26,"WI-433247",45.25,-88.5
22.6,3.13,22.02,1999-06-27,"WI-433247",45.25,-88.5
17,5.83,17.32,1999-06-28,"WI-433247",45.25,-88.5
15.6,5.09,18.12,1999-06-29,"WI-433247",45.25,-88.5
17.1,4.57,15.75,1999-06-30,"WI-433247",45.25,-88.5
17.6,3.81,18.95,1999-07-01,"WI-433247",45.25,-88.5
19.7,4.05,23.46,1999-07-02,"WI-433247",45.25,-88.5
22.3,3.96,8.65,1999-07-03,"WI-433247",45.25,-88.5
27.7,5.62,25.13,1999-07-04,"WI-433247",45.25,-88.5
27.4,6.93,22.7,1999-07-05,"WI-433247",45.25,-88.5
22.3,6.28,30.14,1999-07-06,"WI-433247",45.25,-88.5
21.5,6.93,26.16,1999-07-07,"WI-433247",45.25,-88.5
17,4.85,10.61,1999-07-08,"WI-433247",45.25,-88.5
18.6,7.47,20.6,1999-07-09,"WI-433247",45.25,-88.5
17.1,4.36,28.11,1999-07-10,"WI-433247",45.25,-88.5
18.7,2.85,24.93,1999-07-11,"WI-433247",45.25,-88.5
20.1,3.71,25.09,1999-07-12,"WI-433247",45.25,-88.5
20.7,6.33,25.51,1999-07-13,"WI-433247",45.25,-88.5
22.1,6.15,20.6,1999-07-14,"WI-433247",45.25,-88.5
25.3,4.81,25.44,1999-07-15,"WI-433247",45.25,-88.5
25.2,5.66,22.99,1999-07-16,"WI-433247",45.25,-88.5
22.5,3.67,27.88,1999-07-17,"WI-433247",45.25,-88.5
20,3.57,17.43,1999-07-18,"WI-433247",45.25,-88.5
21,3.98,19.4,1999-07-19,"WI-433247",45.25,-88.5
19.9,2.76,17.38,1999-07-20,"WI-433247",45.25,-88.5
21.3,2.71,15.37,1999-07-21,"WI-433247",45.25,-88.5
23.8,2.77,28.18,1999-07-22,"WI-433247",45.25,-88.5
24.7,4.95,20.05,1999-07-23,"WI-433247",45.25,-88.5
25.5,5.29,27,1999-07-24,"WI-433247",45.25,-88.5
24.5,3.11,28.34,1999-07-25,"WI-433247",45.25,-88.5
23.8,3.8,18.1,1999-07-26,"WI-433247",45.25,-88.5
21.8,3.32,28.16,1999-07-27,"WI-433247",45.25,-88.5
23.8,4.74,25.08,1999-07-28,"WI-433247",45.25,-88.5
25,6.99,24.4,1999-07-29,"WI-433247",45.25,-88.5
26.6,4.12,26.24,1999-07-30,"WI-433247",45.25,-88.5
24,5.19,26.31,1999-07-31,"WI-433247",45.25,-88.5
19.2,4.6,20.89,1999-08-01,"WI-433247",45.25,-88.5
18.5,4.3,22.72,1999-08-02,"WI-433247",45.25,-88.5
17.8,3.94,13.9,1999-08-03,"WI-433247",45.25,-88.5
18.1,4.52,22.12,1999-08-04,"WI-433247",45.25,-88.5
17.8,3.83,21.33,1999-08-05,"WI-433247",45.25,-88.5
19.8,4.32,25.79,1999-08-06,"WI-433247",45.25,-88.5
18.8,5.21,17.72,1999-08-07,"WI-433247",45.25,-88.5
16.3,5.06,20.39,1999-08-08,"WI-433247",45.25,-88.5
14.4,4.62,10.29,1999-08-09,"WI-433247",45.25,-88.5
19.3,4.55,16.66,1999-08-10,"WI-433247",45.25,-88.5
20.4,3.67,19.65,1999-08-11,"WI-433247",45.25,-88.5
19.3,5.8,14.23,1999-08-12,"WI-433247",45.25,-88.5
17.6,7,10.84,1999-08-13,"WI-433247",45.25,-88.5
16.3,3.05,19.55,1999-08-14,"WI-433247",45.25,-88.5
17.5,4.94,24.23,1999-08-15,"WI-433247",45.25,-88.5
21.9,6.18,23.01,1999-08-16,"WI-433247",45.25,-88.5
20.2,5.1,16.57,1999-08-17,"WI-433247",45.25,-88.5
16.4,2.6,14.4,1999-08-18,"WI-433247",45.25,-88.5
17.6,3.02,17.24,1999-08-19,"WI-433247",45.25,-88.5
17.5,2.04,19.29,1999-08-20,"WI-433247",45.25,-88.5
18.8,2.19,16.74,1999-08-21,"WI-433247",45.25,-88.5
18.1,4.74,16.19,1999-08-22,"WI-433247",45.25,-88.5
18,4.14,11.41,1999-08-23,"WI-433247",45.25,-88.5
20.7,3.93,19.32,1999-08-24,"WI-433247",45.25,-88.5
20.6,2.6,17.92,1999-08-25,"WI-433247",45.25,-88.5
21.3,2.81,19.64,1999-08-26,"WI-433247",45.25,-88.5
23.3,2.86,18.26,1999-08-27,"WI-433247",45.25,-88.5
21.8,4.47,22.98,1999-08-28,"WI-433247",45.25,-88.5
15.3,3.85,23.04,1999-08-29,"WI-433247",45.25,-88.5
13.7,3.36,20.08,1999-08-30,"WI-433247",45.25,-88.5
16.9,3.85,22.29,1999-08-31,"WI-433247",45.25,-88.5
19.4,3.54,22.78,1999-09-01,"WI-433247",45.25,-88.5
21.8,3.1,18.28,1999-09-02,"WI-433247",45.25,-88.5
23.4,3.21,19.85,1999-09-03,"WI-433247",45.25,-88.5
23.4,4.43,19.54,1999-09-04,"WI-433247",45.25,-88.5
20.3,3.9,14.67,1999-09-05,"WI-433247",45.25,-88.5
16.1,3.76,21.07,1999-09-06,"WI-433247",45.25,-88.5
17.5,4.11,21.04,1999-09-07,"WI-433247",45.25,-88.5
19,5.41,18.69,1999-09-08,"WI-433247",45.25,-88.5
12.9,6.04,16.64,1999-09-09,"WI-433247",45.25,-88.5
13.3,7.21,8.39,1999-09-10,"WI-433247",45.25,-88.5
13.4,3.44,20.59,1999-09-11,"WI-433247",45.25,-88.5
15.6,5.24,9.5,1999-09-12,"WI-433247",45.25,-88.5
12.6,7.02,12.47,1999-09-13,"WI-433247",45.25,-88.5
11.9,5.98,16.78,1999-09-14,"WI-433247",45.25,-88.5
11.4,3.97,14.2,1999-09-15,"WI-433247",45.25,-88.5
11.5,2.75,17.25,1999-09-16,"WI-433247",45.25,-88.5
13.2,2.77,19.94,1999-09-17,"WI-433247",45.25,-88.5
15.5,4.64,19.27,1999-09-18,"WI-433247",45.25,-88.5
14.3,5.74,10.34,1999-09-19,"WI-433247",45.25,-88.5
8.9,5.92,11.09,1999-09-20,"WI-433247",45.25,-88.5
7.4,3.36,17.73,1999-09-21,"WI-433247",45.25,-88.5
14.3,5.08,17.51,1999-09-22,"WI-433247",45.25,-88.5
15.3,4.87,10.64,1999-09-23,"WI-433247",45.25,-88.5
9.5,2.86,15.16,1999-09-24,"WI-433247",45.25,-88.5
12.4,4.68,17.11,1999-09-25,"WI-433247",45.25,-88.5
18.8,9.14,12.46,1999-09-26,"WI-433247",45.25,-88.5
12.5,2.88,5.22,1999-09-27,"WI-433247",45.25,-88.5
10.8,3.44,3.78,1999-09-28,"WI-433247",45.25,-88.5
9.7,5.07,15.93,1999-09-29,"WI-433247",45.25,-88.5
10,8.11,14.67,1999-09-30,"WI-433247",45.25,-88.5
7.5,6.45,11.37,1999-10-01,"WI-433247",45.25,-88.5
5.4,5.33,16.48,1999-10-02,"WI-433247",45.25,-88.5
3.3,2.26,9.72,1999-10-03,"WI-433247",45.25,-88.5
4.8,4.58,13.88,1999-10-04,"WI-433247",45.25,-88.5
9.1,5.28,14.18,1999-10-05,"WI-433247",45.25,-88.5
4.4,3.54,16.44,1999-10-06,"WI-433247",45.25,-88.5
8.5,5.85,7.47,1999-10-07,"WI-433247",45.25,-88.5
13.3,5.66,4.75,1999-10-08,"WI-433247",45.25,-88.5
13.8,4.66,15.21,1999-10-09,"WI-433247",45.25,-88.5
13.5,4.25,14.45,1999-10-10,"WI-433247",45.25,-88.5
10.1,3.54,14.66,1999-10-11,"WI-433247",45.25,-88.5
13.4,5.81,8.75,1999-10-12,"WI-433247",45.25,-88.5
7.3,7.5,8.58,1999-10-13,"WI-433247",45.25,-88.5
5.1,5.4,5.97,1999-10-14,"WI-433247",45.25,-88.5
10.7,3.67,11.7,1999-10-15,"WI-433247",45.25,-88.5
10.8,5.54,7.24,1999-10-16,"WI-433247",45.25,-88.5
4.8,4.83,7.68,1999-10-17,"WI-433247",45.25,-88.5
3.8,3.22,5.81,1999-10-18,"WI-433247",45.25,-88.5
6.2,5.28,9.79,1999-10-19,"WI-433247",45.25,-88.5
4.3,4.55,12.68,1999-10-20,"WI-433247",45.25,-88.5
10.3,6.1,10.71,1999-10-21,"WI-433247",45.25,-88.5
5.3,8.88,6.61,1999-10-22,"WI-433247",45.25,-88.5
2.9,8.6,5.79,1999-10-23,"WI-433247",45.25,-88.5
2.3,4.46,12.63,1999-10-24,"WI-433247",45.25,-88.5
8.9,6.46,11.22,1999-10-25,"WI-433247",45.25,-88.5
6.4,5.79,5.22,1999-10-26,"WI-433247",45.25,-88.5
5.2,4.87,11.47,1999-10-27,"WI-433247",45.25,-88.5
7.4,5.12,12.09,1999-10-28,"WI-433247",45.25,-88.5
8.9,4.8,8.21,1999-10-29,"WI-433247",45.25,-88.5
14.2,5.41,5.74,1999-10-30,"WI-433247",45.25,-88.5
10.2,3.91,11.09,1999-10-31,"WI-433247",45.25,-88.5
9.9,7.94,10.79,1999-11-01,"WI-433247",45.25,-88.5
2.5,6.71,8.42,1999-11-02,"WI-433247",45.25,-88.5
-0.3,5.03,10.64,1999-11-03,"WI-433247",45.25,-88.5
4.1,6.03,10.21,1999-11-04,"WI-433247",45.25,-88.5
8.6,6.47,9.92,1999-11-05,"WI-433247",45.25,-88.5
3.3,4.02,9.12,1999-11-06,"WI-433247",45.25,-88.5
2.9,4.16,9.89,1999-11-07,"WI-433247",45.25,-88.5
11,5.52,9.85,1999-11-08,"WI-433247",45.25,-88.5
16.6,6.54,9.56,1999-11-09,"WI-433247",45.25,-88.5
6.4,6.26,3,1999-11-10,"WI-433247",45.25,-88.5
2,3.98,6.46,1999-11-11,"WI-433247",45.25,-88.5
5.9,3.73,7.03,1999-11-12,"WI-433247",45.25,-88.5
10.4,6.67,8.32,1999-11-13,"WI-433247",45.25,-88.5
5.4,7.3,9.28,1999-11-14,"WI-433247",45.25,-88.5
1,3.64,6.46,1999-11-15,"WI-433247",45.25,-88.5
0.4,4.2,7.12,1999-11-16,"WI-433247",45.25,-88.5
0.7,3.61,8.74,1999-11-17,"WI-433247",45.25,-88.5
4,3.7,7.76,1999-11-18,"WI-433247",45.25,-88.5
9.5,4.97,7.3,1999-11-19,"WI-433247",45.25,-88.5
3.5,4.14,5.18,1999-11-20,"WI-433247",45.25,-88.5
5.2,5.2,6.75,1999-11-21,"WI-433247",45.25,-88.5
7.7,4.43,7.47,1999-11-22,"WI-433247",45.25,-88.5
6.5,7.06,0.56,1999-11-23,"WI-433247",45.25,-88.5
2.5,7.89,6.79,1999-11-24,"WI-433247",45.25,-88.5
1.3,4.4,8.11,1999-11-25,"WI-433247",45.25,-88.5
1.5,4.51,3.11,1999-11-26,"WI-433247",45.25,-88.5
1.4,7.16,6.48,1999-11-27,"WI-433247",45.25,-88.5
-0.3,5.41,7.48,1999-11-28,"WI-433247",45.25,-88.5
-2.2,5.87,5.77,1999-11-29,"WI-433247",45.25,-88.5
-3.8,4.36,7.79,1999-11-30,"WI-433247",45.25,-88.5
0.6,5.41,5.14,1999-12-01,"WI-433247",45.25,-88.5
2.5,2.31,2.27,1999-12-02,"WI-433247",45.25,-88.5
5.9,2.98,1.34,1999-12-03,"WI-433247",45.25,-88.5
3.3,3.11,1.5,1999-12-04,"WI-433247",45.25,-88.5
-0.6,5.29,3.51,1999-12-05,"WI-433247",45.25,-88.5
-2.6,3.86,7.02,1999-12-06,"WI-433247",45.25,-88.5
-1.5,4.1,7.13,1999-12-07,"WI-433247",45.25,-88.5
1.1,3.55,6.17,1999-12-08,"WI-433247",45.25,-88.5
1.4,3.53,2.65,1999-12-09,"WI-433247",45.25,-88.5
-1,6.62,6.87,1999-12-10,"WI-433247",45.25,-88.5
-2.8,4.2,5.73,1999-12-11,"WI-433247",45.25,-88.5
-0.2,3,6.44,1999-12-12,"WI-433247",45.25,-88.5
-1.1,2.42,6.91,1999-12-13,"WI-433247",45.25,-88.5
0.4,5.12,3.08,1999-12-14,"WI-433247",45.25,-88.5
-0.3,5.17,1.89,1999-12-15,"WI-433247",45.25,-88.5
-9.8,5.38,6.7,1999-12-16,"WI-433247",45.25,-88.5
-13.7,3.26,5.81,1999-12-17,"WI-433247",45.25,-88.5
-13.8,3.08,6.95,1999-12-18,"WI-433247",45.25,-88.5
-4.7,4.4,3.95,1999-12-19,"WI-433247",45.25,-88.5
-10.4,7.69,6.24,1999-12-20,"WI-433247",45.25,-88.5
-21,5.01,7.33,1999-12-21,"WI-433247",45.25,-88.5
-19.7,4.21,7.39,1999-12-22,"WI-433247",45.25,-88.5
-19.7,4.55,6.79,1999-12-23,"WI-433247",45.25,-88.5
-14.1,4.05,7.02,1999-12-24,"WI-433247",45.25,-88.5
-5.4,8.93,4.77,1999-12-25,"WI-433247",45.25,-88.5
-6.1,10.08,5.65,1999-12-26,"WI-433247",45.25,-88.5
-11,5.57,7.14,1999-12-27,"WI-433247",45.25,-88.5
-7.5,7.11,3.86,1999-12-28,"WI-433247",45.25,-88.5
-0.6,7.13,4.14,1999-12-29,"WI-433247",45.25,-88.5
-5.6,4.92,6.36,1999-12-30,"WI-433247",45.25,-88.5
-3.2,5.98,5.06,1999-12-31,"WI-433247",45.25,-88.5
-1.5,5.19,6,2000-01-01,"WI-433247",45.25,-88.5
-2.3,6.21,1.13,2000-01-02,"WI-433247",45.25,-88.5
-5,5.19,3.61,2000-01-03,"WI-433247",45.25,-88.5
-6.3,6.75,6.05,2000-01-04,"WI-433247",45.25,-88.5
-12.3,5.98,4.07,2000-01-05,"WI-433247",45.25,-88.5
-4.3,7.11,4.24,2000-01-06,"WI-433247",45.25,-88.5
-12.2,4.61,6.79,2000-01-07,"WI-433247",45.25,-88.5
-3.3,4.88,7.46,2000-01-08,"WI-433247",45.25,-88.5
-5.1,2.79,7.18,2000-01-09,"WI-433247",45.25,-88.5
1.9,5.66,2.59,2000-01-10,"WI-433247",45.25,-88.5
-5,6.26,5.52,2000-01-11,"WI-433247",45.25,-88.5
-13.7,4.47,4.13,2000-01-12,"WI-433247",45.25,-88.5
-11.6,4.16,6.53,2000-01-13,"WI-433247",45.25,-88.5
-13.2,3.41,4.89,2000-01-14,"WI-433247",45.25,-88.5
-6.5,5.99,6.72,2000-01-15,"WI-433247",45.25,-88.5
-10.6,7.26,8.86,2000-01-16,"WI-433247",45.25,-88.5
-11,4.77,2.39,2000-01-17,"WI-433247",45.25,-88.5
-7.2,5.84,6.78,2000-01-18,"WI-433247",45.25,-88.5
-10.9,4.54,3.64,2000-01-19,"WI-433247",45.25,-88.5
-17.1,4.24,8.81,2000-01-20,"WI-433247",45.25,-88.5
-18.7,3.89,9.13,2000-01-21,"WI-433247",45.25,-88.5
-14,3.88,3.96,2000-01-22,"WI-433247",45.25,-88.5
-14,5.57,8.46,2000-01-23,"WI-433247",45.25,-88.5
-14.2,4.32,9.11,2000-01-24,"WI-433247",45.25,-88.5
-11.8,5.08,8.84,2000-01-25,"WI-433247",45.25,-88.5
-14.6,4.37,9.82,2000-01-26,"WI-433247",45.25,-88.5
-14.3,3.18,9.84,2000-01-27,"WI-433247",45.25,-88.5
-9.7,3.4,10.07,2000-01-28,"WI-433247",45.25,-88.5
-10.7,2.56,9.21,2000-01-29,"WI-433247",45.25,-88.5
-5.3,3.9,6.91,2000-01-30,"WI-433247",45.25,-88.5
-5,5.53,5.2,2000-01-31,"WI-433247",45.25,-88.5
-5.7,5.03,9.99,2000-02-01,"WI-433247",45.25,-88.5
-8.6,4.75,5.31,2000-02-02,"WI-433247",45.25,-88.5
-1.4,4.43,4.28,2000-02-03,"WI-433247",45.25,-88.5
-4.4,4.88,10.86,2000-02-04,"WI-433247",45.25,-88.5
-4.4,6.32,10.18,2000-02-05,"WI-433247",45.25,-88.5
-6.9,5.76,9.83,2000-02-06,"WI-433247",45.25,-88.5
-5.8,4.87,9.84,2000-02-07,"WI-433247",45.25,-88.5
-6.8,6.86,10.11,2000-02-08,"WI-433247",45.25,-88.5
-0.5,6.26,5.08,2000-02-09,"WI-433247",45.25,-88.5
-7.3,4.4,3.87,2000-02-10,"WI-433247",45.25,-88.5
-11.7,4.12,12.72,2000-02-11,"WI-433247",45.25,-88.5
-14.5,2.97,6.55,2000-02-12,"WI-433247",45.25,-88.5
-9.1,4.64,10.56,2000-02-13,"WI-433247",45.25,-88.5
-8,3.74,10.94,2000-02-14,"WI-433247",45.25,-88.5
-4.8,5.3,2.78,2000-02-15,"WI-433247",45.25,-88.5
-8,6.1,13.2,2000-02-16,"WI-433247",45.25,-88.5
-13.1,2.65,8.13,2000-02-17,"WI-433247",45.25,-88.5
-5.2,3.26,8.66,2000-02-18,"WI-433247",45.25,-88.5
-5.7,4.9,9.54,2000-02-19,"WI-433247",45.25,-88.5
-2.8,4.43,12.32,2000-02-20,"WI-433247",45.25,-88.5
-0.6,3.92,12.98,2000-02-21,"WI-433247",45.25,-88.5
3.3,3.58,11.1,2000-02-22,"WI-433247",45.25,-88.5
3.5,3.09,4.51,2000-02-23,"WI-433247",45.25,-88.5
4.2,3.14,10.43,2000-02-24,"WI-433247",45.25,-88.5
3.9,4.57,4.01,2000-02-25,"WI-433247",45.25,-88.5
11.3,8.88,10.05,2000-02-26,"WI-433247",45.25,-88.5
4.2,7.73,7.77,2000-02-27,"WI-433247",45.25,-88.5
2.8,4.63,13.69,2000-02-28,"WI-433247",45.25,-88.5
8.9,5.92,12.8,2000-02-29,"WI-433247",45.25,-88.5
3.1,7.29,6.25,2000-03-01,"WI-433247",45.25,-88.5
1.6,5.32,15.38,2000-03-02,"WI-433247",45.25,-88.5
4,4.31,16.13,2000-03-03,"WI-433247",45.25,-88.5
7.4,4.55,15.44,2000-03-04,"WI-433247",45.25,-88.5
5.1,3.33,15.79,2000-03-05,"WI-433247",45.25,-88.5
8,4.6,14.99,2000-03-06,"WI-433247",45.25,-88.5
14.5,4.65,16.18,2000-03-07,"WI-433247",45.25,-88.5
16.6,4.52,11.46,2000-03-08,"WI-433247",45.25,-88.5
-3.3,8.58,12.02,2000-03-09,"WI-433247",45.25,-88.5
-5.6,4.22,16.67,2000-03-10,"WI-433247",45.25,-88.5
-2,2.39,18.47,2000-03-11,"WI-433247",45.25,-88.5
-1.4,3.7,17.41,2000-03-12,"WI-433247",45.25,-88.5
-0.7,4.61,12.9,2000-03-13,"WI-433247",45.25,-88.5
2.9,6.4,13.36,2000-03-14,"WI-433247",45.25,-88.5
-0.7,5.73,7.82,2000-03-15,"WI-433247",45.25,-88.5
-4.6,5.21,18.89,2000-03-16,"WI-433247",45.25,-88.5
-5,3.78,19.53,2000-03-17,"WI-433247",45.25,-88.5
-1.2,4.28,8.69,2000-03-18,"WI-433247",45.25,-88.5
0.8,4.02,12.86,2000-03-19,"WI-433247",45.25,-88.5
1.8,3.97,2.6,2000-03-20,"WI-433247",45.25,-88.5
4.7,2.19,2.76,2000-03-21,"WI-433247",45.25,-88.5
8.8,4.56,8.91,2000-03-22,"WI-433247",45.25,-88.5
9.5,4.07,12.95,2000-03-23,"WI-433247",45.25,-88.5
9.2,4.81,7.88,2000-03-24,"WI-433247",45.25,-88.5
8.8,11.1,16.27,2000-03-25,"WI-433247",45.25,-88.5
7.2,8.23,18.16,2000-03-26,"WI-433247",45.25,-88.5
4.1,8.77,16.44,2000-03-27,"WI-433247",45.25,-88.5
2.9,6.36,14.1,2000-03-28,"WI-433247",45.25,-88.5
2.7,4.21,19.56,2000-03-29,"WI-433247",45.25,-88.5
4.3,2.84,22.63,2000-03-30,"WI-433247",45.25,-88.5
9.1,4.28,20,2000-03-31,"WI-433247",45.25,-88.5
8.5,5.32,13.11,2000-04-01,"WI-433247",45.25,-88.5
8.9,5.46,17.82,2000-04-02,"WI-433247",45.25,-88.5
6.8,7.32,17.74,2000-04-03,"WI-433247",45.25,-88.5
1.1,7.42,18.05,2000-04-04,"WI-433247",45.25,-88.5
3.3,5.95,16.94,2000-04-05,"WI-433247",45.25,-88.5
5.9,9.49,16.58,2000-04-06,"WI-433247",45.25,-88.5
0.2,5.95,12.36,2000-04-07,"WI-433247",45.25,-88.5
1.7,5.8,21.72,2000-04-08,"WI-433247",45.25,-88.5
3.2,7.22,23.13,2000-04-09,"WI-433247",45.25,-88.5
0.6,4.19,23.9,2000-04-10,"WI-433247",45.25,-88.5
0.3,3.28,13.56,2000-04-11,"WI-433247",45.25,-88.5
2.4,3.98,22.54,2000-04-12,"WI-433247",45.25,-88.5
5.1,5.09,9.04,2000-04-13,"WI-433247",45.25,-88.5
11.7,4.62,16.97,2000-04-14,"WI-433247",45.25,-88.5
1,4.72,3.78,2000-04-15,"WI-433247",45.25,-88.5
-0.5,5.17,2.92,2000-04-16,"WI-433247",45.25,-88.5
0.8,4.88,3.28,2000-04-17,"WI-433247",45.25,-88.5
7.6,4.22,17.64,2000-04-18,"WI-433247",45.25,-88.5
7.4,5.2,9.78,2000-04-19,"WI-433247",45.25,-88.5
2.9,8.28,2.28,2000-04-20,"WI-433247",45.25,-88.5
7.8,6.23,27.22,2000-04-21,"WI-433247",45.25,-88.5
8.7,3.31,25.28,2000-04-22,"WI-433247",45.25,-88.5
11.3,4.1,25.23,2000-04-23,"WI-433247",45.25,-88.5
11.1,3.68,26.69,2000-04-24,"WI-433247",45.25,-88.5
10.5,3.33,26.99,2000-04-25,"WI-433247",45.25,-88.5
13.5,3.88,26.21,2000-04-26,"WI-433247",45.25,-88.5
14.3,3.4,26.01,2000-04-27,"WI-433247",45.25,-88.5
8.7,4.94,14.05,2000-04-28,"WI-433247",45.25,-88.5
7.5,4.44,26.09,2000-04-29,"WI-433247",45.25,-88.5
11.1,4.53,25.78,2000-04-30,"WI-433247",45.25,-88.5
13.1,4.74,18.24,2000-05-01,"WI-433247",45.25,-88.5
11.1,3.2,21.07,2000-05-02,"WI-433247",45.25,-88.5
15.3,5.95,24.55,2000-05-03,"WI-433247",45.25,-88.5
21.1,5.06,22.34,2000-05-04,"WI-433247",45.25,-88.5
22.8,5.3,24.33,2000-05-05,"WI-433247",45.25,-88.5
22.4,6.13,20.8,2000-05-06,"WI-433247",45.25,-88.5
23.3,4.39,22.01,2000-05-07,"WI-433247",45.25,-88.5
19.3,6.5,14.25,2000-05-08,"WI-433247",45.25,-88.5
14.4,4.02,16.81,2000-05-09,"WI-433247",45.25,-88.5
12.3,3.67,23.64,2000-05-10,"WI-433247",45.25,-88.5
11.8,4.79,4.84,2000-05-11,"WI-433247",45.25,-88.5
14.5,5.31,7.98,2000-05-12,"WI-433247",45.25,-88.5
8.9,8.72,13.59,2000-05-13,"WI-433247",45.25,-88.5
7.8,7.12,18.18,2000-05-14,"WI-433247",45.25,-88.5
10.6,3.96,22.45,2000-05-15,"WI-433247",45.25,-88.5
11.5,3.65,17.45,2000-05-16,"WI-433247",45.25,-88.5
11.3,3.45,12.55,2000-05-17,"WI-433247",45.25,-88.5
8.3,6.04,9.81,2000-05-18,"WI-433247",45.25,-88.5
7.2,4.09,30.1,2000-05-19,"WI-433247",45.25,-88.5
10.7,3.22,29.88,2000-05-20,"WI-433247",45.25,-88.5
13.5,4.16,20.72,2000-05-21,"WI-433247",45.25,-88.5
15.4,3.32,17.22,2000-05-22,"WI-433247",45.25,-88.5
17.7,5.85,24.68,2000-05-23,"WI-433247",45.25,-88.5
15.6,8.08,25.82,2000-05-24,"WI-433247",45.25,-88.5
13.7,5.88,25.39,2000-05-25,"WI-433247",45.25,-88.5
12.6,3.75,26.83,2000-05-26,"WI-433247",45.25,-88.5
11.6,6.31,12.8,2000-05-27,"WI-433247",45.25,-88.5
13.2,4.49,21.35,2000-05-28,"WI-433247",45.25,-88.5
14.3,3.21,26.59,2000-05-29,"WI-433247",45.25,-88.5
14.7,4.32,10.17,2000-05-30,"WI-433247",45.25,-88.5
17.2,3.47,23.56,2000-05-31,"WI-433247",45.25,-88.5
12.8,5.77,3.5,2000-06-01,"WI-433247",45.25,-88.5
13,6.56,16.68,2000-06-02,"WI-433247",45.25,-88.5
12.5,2.62,23.1,2000-06-03,"WI-433247",45.25,-88.5
12.2,3.94,13.38,2000-06-04,"WI-433247",45.25,-88.5
12.5,3.69,24.09,2000-06-05,"WI-433247",45.25,-88.5
15.7,3.36,26.02,2000-06-06,"WI-433247",45.25,-88.5
16.5,5,21.33,2000-06-07,"WI-433247",45.25,-88.5
23.3,3.71,28.98,2000-06-08,"WI-433247",45.25,-88.5
21.6,5.32,27.15,2000-06-09,"WI-433247",45.25,-88.5
23.8,6.39,18.69,2000-06-10,"WI-433247",45.25,-88.5
19.7,3.98,19.22,2000-06-11,"WI-433247",45.25,-88.5
11.8,3.75,24.38,2000-06-12,"WI-433247",45.25,-88.5
15.6,4.57,22.18,2000-06-13,"WI-433247",45.25,-88.5
18.7,6.57,13.74,2000-06-14,"WI-433247",45.25,-88.5
17.4,6.7,16.61,2000-06-15,"WI-433247",45.25,-88.5
16.1,7.51,19.82,2000-06-16,"WI-433247",45.25,-88.5
13.8,4.3,25.95,2000-06-17,"WI-433247",45.25,-88.5
15.8,5.95,22.18,2000-06-18,"WI-433247",45.25,-88.5
18.6,3.85,22.1,2000-06-19,"WI-433247",45.25,-88.5
19.2,7.02,7.32,2000-06-20,"WI-433247",45.25,-88.5
19.6,9.44,25.63,2000-06-21,"WI-433247",45.25,-88.5
19.1,6.76,19.6,2000-06-22,"WI-433247",45.25,-88.5
19,3.73,20.4,2000-06-23,"WI-433247",45.25,-88.5
20.1,3.96,16.92,2000-06-24,"WI-433247",45.25,-88.5
20.5,2.94,26.66,2000-06-25,"WI-433247",45.25,-88.5
19.2,5.87,21.31,2000-06-26,"WI-433247",45.25,-88.5
16.4,4.84,23.58,2000-06-27,"WI-433247",45.25,-88.5
15.2,4.16,22.69,2000-06-28,"WI-433247",45.25,-88.5
16.3,4.52,23.82,2000-06-29,"WI-433247",45.25,-88.5
19.8,4.3,27.36,2000-06-30,"WI-433247",45.25,-88.5
22,6.65,27.93,2000-07-01,"WI-433247",45.25,-88.5
20.2,5.72,11.59,2000-07-02,"WI-433247",45.25,-88.5
16.8,4.04,29.78,2000-07-03,"WI-433247",45.25,-88.5
20.3,2.88,20.36,2000-07-04,"WI-433247",45.25,-88.5
20.4,3.16,16.55,2000-07-05,"WI-433247",45.25,-88.5
18.3,4.38,14.88,2000-07-06,"WI-433247",45.25,-88.5
16.2,3.54,19.65,2000-07-07,"WI-433247",45.25,-88.5
19.1,4.56,7.71,2000-07-08,"WI-433247",45.25,-88.5
23.9,5.75,20.16,2000-07-09,"WI-433247",45.25,-88.5
21,3.75,22.19,2000-07-10,"WI-433247",45.25,-88.5
18.6,2.98,26.57,2000-07-11,"WI-433247",45.25,-88.5
19.4,4.6,16.61,2000-07-12,"WI-433247",45.25,-88.5
22.3,4.3,24.81,2000-07-13,"WI-433247",45.25,-88.5
22,5.96,23.07,2000-07-14,"WI-433247",45.25,-88.5
20.9,4.27,25.55,2000-07-15,"WI-433247",45.25,-88.5
21.4,3.4,28.04,2000-07-16,"WI-433247",45.25,-88.5
19.8,5.85,28.35,2000-07-17,"WI-433247",45.25,-88.5
12.3,4.14,10.08,2000-07-18,"WI-433247",45.25,-88.5
14.9,2.5,28.95,2000-07-19,"WI-433247",45.25,-88.5
16.4,5.24,20.19,2000-07-20,"WI-433247",45.25,-88.5
15.2,5.45,18.96,2000-07-21,"WI-433247",45.25,-88.5
14.5,2.92,15.17,2000-07-22,"WI-433247",45.25,-88.5
16.8,1.68,22.37,2000-07-23,"WI-433247",45.25,-88.5
18.8,3.86,24.08,2000-07-24,"WI-433247",45.25,-88.5
20.4,5.86,23.32,2000-07-25,"WI-433247",45.25,-88.5
19.8,5.23,14.15,2000-07-26,"WI-433247",45.25,-88.5
19.9,2.86,17.83,2000-07-27,"WI-433247",45.25,-88.5
19.2,4.55,12.37,2000-07-28,"WI-433247",45.25,-88.5
20.2,4.85,17.92,2000-07-29,"WI-433247",45.25,-88.5
21,3.64,23.72,2000-07-30,"WI-433247",45.25,-88.5
21.8,3.83,22.8,2000-07-31,"WI-433247",45.25,-88.5
21.3,2.82,21.26,2000-08-01,"WI-433247",45.25,-88.5
19.7,5.02,22.55,2000-08-02,"WI-433247",45.25,-88.5
16.4,1.91,20.65,2000-08-03,"WI-433247",45.25,-88.5
19.4,2.66,19.75,2000-08-04,"WI-433247",45.25,-88.5
18.4,5.12,15.9,2000-08-05,"WI-433247",45.25,-88.5
20.2,5.28,12.27,2000-08-06,"WI-433247",45.25,-88.5
21.2,6.15,20.31,2000-08-07,"WI-433247",45.25,-88.5
19.8,3.51,12.89,2000-08-08,"WI-433247",45.25,-88.5
20,4.22,19.45,2000-08-09,"WI-433247",45.25,-88.5
20.5,4.39,21.95,2000-08-10,"WI-433247",45.25,-88.5
19.5,2.56,21.64,2000-08-11,"WI-433247",45.25,-88.5
19.9,4.82,19.86,2000-08-12,"WI-433247",45.25,-88.5
22.3,3.61,14.25,2000-08-13,"WI-433247",45.25,-88.5
20.1,4.22,13.54,2000-08-14,"WI-433247",45.25,-88.5
22,5.96,23.99,2000-08-15,"WI-433247",45.25,-88.5
16.7,4.16,25.27,2000-08-16,"WI-433247",45.25,-88.5
15.8,3.54,11.66,2000-08-17,"WI-433247",45.25,-88.5
17.2,5.1,19.27,2000-08-18,"WI-433247",45.25,-88.5
14,2.72,25.23,2000-08-19,"WI-433247",45.25,-88.5
14.4,3.26,22.72,2000-08-20,"WI-433247",45.25,-88.5
17.5,4.92,20.02,2000-08-21,"WI-433247",45.25,-88.5
20.1,2.52,11.14,2000-08-22,"WI-433247",45.25,-88.5
19.5,2.91,18.25,2000-08-23,"WI-433247",45.25,-88.5
18.9,2.91,23.69,2000-08-24,"WI-433247",45.25,-88.5
21,4.94,15.94,2000-08-25,"WI-433247",45.25,-88.5
19.9,4.05,15.98,2000-08-26,"WI-433247",45.25,-88.5
18.1,4.17,15.78,2000-08-27,"WI-433247",45.25,-88.5
19.6,5.12,15.71,2000-08-28,"WI-433247",45.25,-88.5
19.6,5.1,21.9,2000-08-29,"WI-433247",45.25,-88.5
17.4,4.62,19.46,2000-08-30,"WI-433247",45.25,-88.5
24.4,5.82,16.36,2000-08-31,"WI-433247",45.25,-88.5
16.7,4.36,4.11,2000-09-01,"WI-433247",45.25,-88.5
15,3.4,4.3,2000-09-02,"WI-433247",45.25,-88.5
17.6,4.53,8.66,2000-09-03,"WI-433247",45.25,-88.5
13.7,4.92,20.08,2000-09-04,"WI-433247",45.25,-88.5
11.5,3.23,17.17,2000-09-05,"WI-433247",45.25,-88.5
13.4,4.4,20.35,2000-09-06,"WI-433247",45.25,-88.5
17.5,6.77,14.06,2000-09-07,"WI-433247",45.25,-88.5
16.4,3.49,21.65,2000-09-08,"WI-433247",45.25,-88.5
19.8,6.6,16.21,2000-09-09,"WI-433247",45.25,-88.5
23.1,5.19,15.01,2000-09-10,"WI-433247",45.25,-88.5
20.2,7.24,13.59,2000-09-11,"WI-433247",45.25,-88.5
14.6,6.02,21.02,2000-09-12,"WI-433247",45.25,-88.5
16.8,5.07,18.05,2000-09-13,"WI-433247",45.25,-88.5
13.8,5.97,17.73,2000-09-14,"WI-433247",45.25,-88.5
9.6,6.03,13.83,2000-09-15,"WI-433247",45.25,-88.5
11.3,4.97,19.21,2000-09-16,"WI-433247",45.25,-88.5
16.2,4.92,19.22,2000-09-17,"WI-433247",45.25,-88.5
19.9,6.93,18.01,2000-09-18,"WI-433247",45.25,-88.5
19.6,7.28,13.15,2000-09-19,"WI-433247",45.25,-88.5
13.1,6.26,11.16,2000-09-20,"WI-433247",45.25,-88.5
9,6.8,13.97,2000-09-21,"WI-433247",45.25,-88.5
7.9,4.8,3.57,2000-09-22,"WI-433247",45.25,-88.5
9.8,4.55,9.1,2000-09-23,"WI-433247",45.25,-88.5
6,3.51,16.68,2000-09-24,"WI-433247",45.25,-88.5
8,3.05,17,2000-09-25,"WI-433247",45.25,-88.5
12.6,5.37,17.81,2000-09-26,"WI-433247",45.25,-88.5
9,3.18,10.41,2000-09-27,"WI-433247",45.25,-88.5
8.2,4.48,14.38,2000-09-28,"WI-433247",45.25,-88.5
16.5,7.19,16.71,2000-09-29,"WI-433247",45.25,-88.5
18.2,6.6,14.28,2000-09-30,"WI-433247",45.25,-88.5
18.3,5.32,13.67,2000-10-01,"WI-433247",45.25,-88.5
14.9,5.88,10.07,2000-10-02,"WI-433247",45.25,-88.5
11.5,3.98,12.04,2000-10-03,"WI-433247",45.25,-88.5
8.7,4.03,16.5,2000-10-04,"WI-433247",45.25,-88.5
5.8,3.22,6.6,2000-10-05,"WI-433247",45.25,-88.5
2.9,7.07,13.59,2000-10-06,"WI-433247",45.25,-88.5
2.5,7.22,7.98,2000-10-07,"WI-433247",45.25,-88.5
2.8,4.97,10.27,2000-10-08,"WI-433247",45.25,-88.5
6.2,4.83,15.76,2000-10-09,"WI-433247",45.25,-88.5
8.8,4.6,15.48,2000-10-10,"WI-433247",45.25,-88.5
10.4,4.33,15.38,2000-10-11,"WI-433247",45.25,-88.5
13.3,4.53,13.98,2000-10-12,"WI-433247",45.25,-88.5
17,4.6,11.93,2000-10-13,"WI-433247",45.25,-88.5
16.3,6.82,11.71,2000-10-14,"WI-433247",45.25,-88.5
8.8,1.93,3.98,2000-10-15,"WI-433247",45.25,-88.5
8.3,2.16,6.81,2000-10-16,"WI-433247",45.25,-88.5
9.1,3.26,9.87,2000-10-17,"WI-433247",45.25,-88.5
11.7,3.71,13.36,2000-10-18,"WI-433247",45.25,-88.5
12.4,5.58,13.01,2000-10-19,"WI-433247",45.25,-88.5
16.7,6.08,11.49,2000-10-20,"WI-433247",45.25,-88.5
7.9,3.98,12.84,2000-10-21,"WI-433247",45.25,-88.5
9.1,3.33,9.14,2000-10-22,"WI-433247",45.25,-88.5
13.4,3.26,3.67,2000-10-23,"WI-433247",45.25,-88.5
14.2,2.64,9.48,2000-10-24,"WI-433247",45.25,-88.5
13,4.4,5.87,2000-10-25,"WI-433247",45.25,-88.5
16.3,6.62,7.41,2000-10-26,"WI-433247",45.25,-88.5
9.6,5.55,2.55,2000-10-27,"WI-433247",45.25,-88.5
3.7,4.76,9.06,2000-10-28,"WI-433247",45.25,-88.5
3.2,3.45,11.35,2000-10-29,"WI-433247",45.25,-88.5
6.4,3.82,11.2,2000-10-30,"WI-433247",45.25,-88.5
12,2.46,6.7,2000-10-31,"WI-433247",45.25,-88.5
12.7,5.1,9.23,2000-11-01,"WI-433247",45.25,-88.5
13.2,6.66,10.24,2000-11-02,"WI-433247",45.25,-88.5
6.2,6.92,4.34,2000-11-03,"WI-433247",45.25,-88.5
5,3.81,10.43,2000-11-04,"WI-433247",45.25,-88.5
5.8,4.02,10.27,2000-11-05,"WI-433247",45.25,-88.5
8.7,6.74,4.95,2000-11-06,"WI-433247",45.25,-88.5
7.3,6.78,3.33,2000-11-07,"WI-433247",45.25,-88.5
2.3,5.38,9.52,2000-11-08,"WI-433247",45.25,-88.5
1.4,4.72,3.47,2000-11-09,"WI-433247",45.25,-88.5
4,5.28,6.29,2000-11-10,"WI-433247",45.25,-88.5
2.2,2.89,4.77,2000-11-11,"WI-433247",45.25,-88.5
2.9,4.46,3.44,2000-11-12,"WI-433247",45.25,-88.5
2.8,3.83,1.55,2000-11-13,"WI-433247",45.25,-88.5
0.3,6.3,4.73,2000-11-14,"WI-433247",45.25,-88.5
-1,4.6,8.44,2000-11-15,"WI-433247",45.25,-88.5
-1.6,5.6,3.9,2000-11-16,"WI-433247",45.25,-88.5
-4.4,4.61,7.39,2000-11-17,"WI-433247",45.25,-88.5
-6.1,4,5.09,2000-11-18,"WI-433247",45.25,-88.5
-4.9,3.18,4.11,2000-11-19,"WI-433247",45.25,-88.5
-4.9,8.05,7.28,2000-11-20,"WI-433247",45.25,-88.5
-10.2,5.11,8.77,2000-11-21,"WI-433247",45.25,-88.5
-8.7,5.14,8.2,2000-11-22,"WI-433247",45.25,-88.5
-7.3,2.96,5.24,2000-11-23,"WI-433247",45.25,-88.5
-3.2,3.66,7.98,2000-11-24,"WI-433247",45.25,-88.5
-0.8,3.74,6.48,2000-11-25,"WI-433247",45.25,-88.5
0.6,3.63,6.44,2000-11-26,"WI-433247",45.25,-88.5
-0.2,3.11,4.81,2000-11-27,"WI-433247",45.25,-88.5
0.3,3.32,4.03,2000-11-28,"WI-433247",45.25,-88.5
0.2,4.63,2.82,2000-11-29,"WI-433247",45.25,-88.5
-1.1,2.73,5.19,2000-11-30,"WI-433247",45.25,-88.5
-3.9,3.81,4.91,2000-12-01,"WI-433247",45.25,-88.5
-6.7,3.35,7.66,2000-12-02,"WI-433247",45.25,-88.5
-5,5.77,7.6,2000-12-03,"WI-433247",45.25,-88.5
-2,7.08,3.13,2000-12-04,"WI-433247",45.25,-88.5
-12.6,7.47,7.1,2000-12-05,"WI-433247",45.25,-88.5
-15.5,4.71,4.56,2000-12-06,"WI-433247",45.25,-88.5
-12.9,3.31,4,2000-12-07,"WI-433247",45.25,-88.5
-12.8,4.12,6.92,2000-12-08,"WI-433247",45.25,-88.5
-13,4.03,4.75,2000-12-09,"WI-433247",45.25,-88.5
-9.4,4.94,6.53,2000-12-10,"WI-433247",45.25,-88.5
-14.8,5.9,2.95,2000-12-11,"WI-433247",45.25,-88.5
-14.2,5.66,7.4,2000-12-12,"WI-433247",45.25,-88.5
-16.3,3.47,4.71,2000-12-13,"WI-433247",45.25,-88.5
-11,3.06,6.83,2000-12-14,"WI-433247",45.25,-88.5
-9.5,5.08,2.89,2000-12-15,"WI-433247",45.25,-88.5
-2.6,4.84,1.58,2000-12-16,"WI-433247",45.25,-88.5
-8.5,5.95,5.64,2000-12-17,"WI-433247",45.25,-88.5
-11,5.04,2.49,2000-12-18,"WI-433247",45.25,-88.5
-9.2,5.07,5.89,2000-12-19,"WI-433247",45.25,-88.5
-13.5,3.22,4.42,2000-12-20,"WI-433247",45.25,-88.5
-13.3,4.11,5.94,2000-12-21,"WI-433247",45.25,-88.5
-13.6,6.44,6.68,2000-12-22,"WI-433247",45.25,-88.5
-15.7,4.24,3.54,2000-12-23,"WI-433247",45.25,-88.5
-14.5,5.55,7.04,2000-12-24,"WI-433247",45.25,-88.5
-17.9,4.61,7.07,2000-12-25,"WI-433247",45.25,-88.5
-12,4.48,5.96,2000-12-26,"WI-433247",45.25,-88.5
-15.6,3.92,7.22,2000-12-27,"WI-433247",45.25,-88.5
-15.3,3.18,5.49,2000-12-28,"WI-433247",45.25,-88.5
-7.5,4.96,3.61,2000-12-29,"WI-433247",45.25,-88.5
-4.8,6.13,5.07,2000-12-30,"WI-433247",45.25,-88.5
-9.3,3.65,6.98,2000-12-31,"WI-433247",45.25,-88.5
-12.1,3.3,7.28,2001-01-01,"WI-433247",45.25,-88.5
-10.5,5.61,7.39,2001-01-02,"WI-433247",45.25,-88.5
-8.4,5.52,5.1,2001-01-03,"WI-433247",45.25,-88.5
-6.9,6.06,4.24,2001-01-04,"WI-433247",45.25,-88.5
-0.5,8.06,5.43,2001-01-05,"WI-433247",45.25,-88.5
-5,3.61,2.33,2001-01-06,"WI-433247",45.25,-88.5
-6.3,5.3,5.85,2001-01-07,"WI-433247",45.25,-88.5
-11.9,3.22,7.84,2001-01-08,"WI-433247",45.25,-88.5
-7.9,6.03,7.65,2001-01-09,"WI-433247",45.25,-88.5
-0.4,6.58,7.87,2001-01-10,"WI-433247",45.25,-88.5
-1.4,3.21,6.53,2001-01-11,"WI-433247",45.25,-88.5
1.6,2.86,4.98,2001-01-12,"WI-433247",45.25,-88.5
1.2,3.31,3.41,2001-01-13,"WI-433247",45.25,-88.5
0.6,5.11,1.93,2001-01-14,"WI-433247",45.25,-88.5
0.4,4.02,2.65,2001-01-15,"WI-433247",45.25,-88.5
-5,3.75,5.84,2001-01-16,"WI-433247",45.25,-88.5
-8.7,4.72,7.16,2001-01-17,"WI-433247",45.25,-88.5
-6.2,4.96,4.45,2001-01-18,"WI-433247",45.25,-88.5
-12.6,4.82,9.22,2001-01-19,"WI-433247",45.25,-88.5
-11.7,4.2,9.21,2001-01-20,"WI-433247",45.25,-88.5
-9.4,3.27,8.95,2001-01-21,"WI-433247",45.25,-88.5
-7.3,5.55,6.92,2001-01-22,"WI-433247",45.25,-88.5
-2.1,5.17,7.42,2001-01-23,"WI-433247",45.25,-88.5
-6.2,5.14,6.06,2001-01-24,"WI-433247",45.25,-88.5
-8,5.16,9.72,2001-01-25,"WI-433247",45.25,-88.5
-6.6,6.14,4.37,2001-01-26,"WI-433247",45.25,-88.5
-10.2,5.69,9.58,2001-01-27,"WI-433247",45.25,-88.5
-5.9,3.44,9,2001-01-28,"WI-433247",45.25,-88.5
-4.4,4.93,6.47,2001-01-29,"WI-433247",45.25,-88.5
2.1,4.98,3.71,2001-01-30,"WI-433247",45.25,-88.5
-0.3,4.42,5.27,2001-01-31,"WI-433247",45.25,-88.5
-7.5,5.39,9.24,2001-02-01,"WI-433247",45.25,-88.5
-14.1,4.78,11.05,2001-02-02,"WI-433247",45.25,-88.5
-10.7,3.77,6.84,2001-02-03,"WI-433247",45.25,-88.5
-4.3,2.82,4.26,2001-02-04,"WI-433247",45.25,-88.5
-3.9,2.69,7.34,2001-02-05,"WI-433247",45.25,-88.5
-2.2,4.24,8.15,2001-02-06,"WI-433247",45.25,-88.5
-6,3.32,6.97,2001-02-07,"WI-433247",45.25,-88.5
-3.8,4.74,2.42,2001-02-08,"WI-433247",45.25,-88.5
-5.4,7.03,4.17,2001-02-09,"WI-433247",45.25,-88.5
-12.6,5.23,12.44,2001-02-10,"WI-433247",45.25,-88.5
-15.5,2.68,11.66,2001-02-11,"WI-433247",45.25,-88.5
-6,2.77,5.46,2001-02-12,"WI-433247",45.25,-88.5
-2.8,4.24,9.64,2001-02-13,"WI-433247",45.25,-88.5
-5.7,4.68,8.2,2001-02-14,"WI-433247",45.25,-88.5
-11.3,3.12,12.93,2001-02-15,"WI-433247",45.25,-88.5
-8.3,6.76,12.88,2001-02-16,"WI-433247",45.25,-88.5
-14.2,5.09,14,2001-02-17,"WI-433247",45.25,-88.5
-10.7,5.94,14.21,2001-02-18,"WI-433247",45.25,-88.5
-2.8,5.95,6.83,2001-02-19,"WI-433247",45.25,-88.5
-10,7.23,14.26,2001-02-20,"WI-433247",45.25,-88.5
-15.7,4.62,14.96,2001-02-21,"WI-433247",45.25,-88.5
-10.9,5.8,7.25,2001-02-22,"WI-433247",45.25,-88.5
-8.8,4.34,14.98,2001-02-23,"WI-433247",45.25,-88.5
-4.1,4.7,2.51,2001-02-24,"WI-433247",45.25,-88.5
0.5,9.31,7.14,2001-02-25,"WI-433247",45.25,-88.5
-5.1,4.7,11.1,2001-02-26,"WI-433247",45.25,-88.5
-11.5,4.48,16.22,2001-02-27,"WI-433247",45.25,-88.5
-11,4.99,12,2001-02-28,"WI-433247",45.25,-88.5
-3.1,3.9,11.45,2001-03-01,"WI-433247",45.25,-88.5
1.6,5.22,15.39,2001-03-02,"WI-433247",45.25,-88.5
0.5,5.53,14.28,2001-03-03,"WI-433247",45.25,-88.5
-7.5,5.08,16.04,2001-03-04,"WI-433247",45.25,-88.5
-8.7,7.28,16.52,2001-03-05,"WI-433247",45.25,-88.5
-3.5,5.58,16.26,2001-03-06,"WI-433247",45.25,-88.5
-2.8,5.61,14.26,2001-03-07,"WI-433247",45.25,-88.5
-2.6,6.46,13.03,2001-03-08,"WI-433247",45.25,-88.5
-4.6,3.12,14.49,2001-03-09,"WI-433247",45.25,-88.5
-3.5,4.46,8.54,2001-03-10,"WI-433247",45.25,-88.5
-4.9,4.3,15.48,2001-03-11,"WI-433247",45.25,-88.5
-4.5,4.71,3.58,2001-03-12,"WI-433247",45.25,-88.5
-0.2,7.05,12.81,2001-03-13,"WI-433247",45.25,-88.5
0.6,4.65,9.91,2001-03-14,"WI-433247",45.25,-88.5
-0.1,4.24,16.13,2001-03-15,"WI-433247",45.25,-88.5
-2.7,4.72,14.71,2001-03-16,"WI-433247",45.25,-88.5
-1.9,3.31,19.41,2001-03-17,"WI-433247",45.25,-88.5
-1.3,2.97,20.28,2001-03-18,"WI-433247",45.25,-88.5
0.2,4.46,16.94,2001-03-19,"WI-433247",45.25,-88.5
1.4,3.61,20.4,2001-03-20,"WI-433247",45.25,-88.5
3.1,3.01,19.89,2001-03-21,"WI-433247",45.25,-88.5
1.8,4.08,17.07,2001-03-22,"WI-433247",45.25,-88.5
-0.1,5.87,16.08,2001-03-23,"WI-433247",45.25,-88.5
-7.7,5.32,18.57,2001-03-24,"WI-433247",45.25,-88.5
-10.6,6.04,18.44,2001-03-25,"WI-433247",45.25,-88.5
-5.9,3.96,15.5,2001-03-26,"WI-433247",45.25,-88.5
-1.1,2.79,20.22,2001-03-27,"WI-433247",45.25,-88.5
0.8,3.83,15.56,2001-03-28,"WI-433247",45.25,-88.5
2.7,3.89,14.29,2001-03-29,"WI-433247",45.25,-88.5
2.3,3.18,11.94,2001-03-30,"WI-433247",45.25,-88.5
3,3.98,17.2,2001-03-31,"WI-433247",45.25,-88.5
2.7,5.92,11.32,2001-04-01,"WI-433247",45.25,-88.5
1.2,2.83,13.68,2001-04-02,"WI-433247",45.25,-88.5
2.5,3.2,21.45,2001-04-03,"WI-433247",45.25,-88.5
3.5,3.4,22.87,2001-04-04,"WI-433247",45.25,-88.5
4.4,4.1,4.82,2001-04-05,"WI-433247",45.25,-88.5
8.3,4.8,17.99,2001-04-06,"WI-433247",45.25,-88.5
8.9,9.44,8.86,2001-04-07,"WI-433247",45.25,-88.5
7.5,7.75,16.94,2001-04-08,"WI-433247",45.25,-88.5
4.4,4.47,6.31,2001-04-09,"WI-433247",45.25,-88.5
7.3,3.98,22.26,2001-04-10,"WI-433247",45.25,-88.5
6,5.95,2.65,2001-04-11,"WI-433247",45.25,-88.5
9.6,7.68,6.67,2001-04-12,"WI-433247",45.25,-88.5
7.8,6.41,24.23,2001-04-13,"WI-433247",45.25,-88.5
10.3,6.71,23.25,2001-04-14,"WI-433247",45.25,-88.5
6.2,5.91,11.04,2001-04-15,"WI-433247",45.25,-88.5
-0.2,6.5,15.42,2001-04-16,"WI-433247",45.25,-88.5
2.6,7.2,26.34,2001-04-17,"WI-433247",45.25,-88.5
6.2,3.22,22.74,2001-04-18,"WI-433247",45.25,-88.5
9.7,5.18,23.51,2001-04-19,"WI-433247",45.25,-88.5
11.1,5.58,10.2,2001-04-20,"WI-433247",45.25,-88.5
13.5,9.57,11.37,2001-04-21,"WI-433247",45.25,-88.5
6.6,4.43,16.48,2001-04-22,"WI-433247",45.25,-88.5
13.1,9.98,18.26,2001-04-23,"WI-433247",45.25,-88.5
8.9,7.16,24.63,2001-04-24,"WI-433247",45.25,-88.5
12.3,5.24,22.11,2001-04-25,"WI-433247",45.25,-88.5
16,6.31,22.26,2001-04-26,"WI-433247",45.25,-88.5
11.2,5.26,24.89,2001-04-27,"WI-433247",45.25,-88.5
10,4.1,26.57,2001-04-28,"WI-433247",45.25,-88.5
15.6,6.42,25.82,2001-04-29,"WI-433247",45.25,-88.5
20.1,8.97,25.01,2001-04-30,"WI-433247",45.25,-88.5
19,5.66,14.09,2001-05-01,"WI-433247",45.25,-88.5
16.9,4.88,7.41,2001-05-02,"WI-433247",45.25,-88.5
15.5,3.23,16.6,2001-05-03,"WI-433247",45.25,-88.5
13.8,3.62,19.7,2001-05-04,"WI-433247",45.25,-88.5
11.6,5.35,17.96,2001-05-05,"WI-433247",45.25,-88.5
12.1,5.15,12.21,2001-05-06,"WI-433247",45.25,-88.5
14.4,5.37,9.27,2001-05-07,"WI-433247",45.25,-88.5
14.9,9.06,26,2001-05-08,"WI-433247",45.25,-88.5
15.4,4.21,26.01,2001-05-09,"WI-433247",45.25,-88.5
18.5,7.12,17.11,2001-05-10,"WI-433247",45.25,-88.5
10.8,4.51,21.6,2001-05-11,"WI-433247",45.25,-88.5
10.1,3.54,28.2,2001-05-12,"WI-433247",45.25,-88.5
13.5,3.83,21.16,2001-05-13,"WI-433247",45.25,-88.5
12.4,6.62,12.96,2001-05-14,"WI-433247",45.25,-88.5
15.7,5.01,20.37,2001-05-15,"WI-433247",45.25,-88.5
20,3.3,26.61,2001-05-16,"WI-433247",45.25,-88.5
18.8,6.24,26.02,2001-05-17,"WI-433247",45.25,-88.5
17.7,3.22,26.87,2001-05-18,"WI-433247",45.25,-88.5
18.1,3.76,26.24,2001-05-19,"WI-433247",45.25,-88.5
18.5,5.69,25.6,2001-05-20,"WI-433247",45.25,-88.5
14.3,6.06,3.7,2001-05-21,"WI-433247",45.25,-88.5
10.3,5.78,21,2001-05-22,"WI-433247",45.25,-88.5
7.2,5.61,11.57,2001-05-23,"WI-433247",45.25,-88.5
10.1,5.63,8.88,2001-05-24,"WI-433247",45.25,-88.5
11.8,4.12,23.21,2001-05-25,"WI-433247",45.25,-88.5
10.4,3.07,21.66,2001-05-26,"WI-433247",45.25,-88.5
10.9,4.84,15.66,2001-05-27,"WI-433247",45.25,-88.5
14.1,3.22,24.75,2001-05-28,"WI-433247",45.25,-88.5
12.8,3.76,28.53,2001-05-29,"WI-433247",45.25,-88.5
12.2,2.61,30.73,2001-05-30,"WI-433247",45.25,-88.5
12,3.2,23.12,2001-05-31,"WI-433247",45.25,-88.5
9.7,3.59,8.91,2001-06-01,"WI-433247",45.25,-88.5
8.5,5.8,5.76,2001-06-02,"WI-433247",45.25,-88.5
8.9,4.88,12.17,2001-06-03,"WI-433247",45.25,-88.5
9.9,3.58,11.82,2001-06-04,"WI-433247",45.25,-88.5
10.9,3.95,12.24,2001-06-05,"WI-433247",45.25,-88.5
14.4,3.59,19.96,2001-06-06,"WI-433247",45.25,-88.5
15.7,2.53,19.92,2001-06-07,"WI-433247",45.25,-88.5
16.7,2.6,23.31,2001-06-08,"WI-433247",45.25,-88.5
18.7,4.12,24.13,2001-06-09,"WI-433247",45.25,-88.5
17.7,4.02,11.66,2001-06-10,"WI-433247",45.25,-88.5
20.8,3.16,26.92,2001-06-11,"WI-433247",45.25,-88.5
20.9,6.11,16.11,2001-06-12,"WI-433247",45.25,-88.5
23.2,6.33,19.76,2001-06-13,"WI-433247",45.25,-88.5
25.3,6.51,27.23,2001-06-14,"WI-433247",45.25,-88.5
19.3,5.54,10.12,2001-06-15,"WI-433247",45.25,-88.5
18.3,4.57,27.19,2001-06-16,"WI-433247",45.25,-88.5
17.9,3.89,24.99,2001-06-17,"WI-433247",45.25,-88.5
19.1,6.77,12.64,2001-06-18,"WI-433247",45.25,-88.5
19.3,7.75,26.89,2001-06-19,"WI-433247",45.25,-88.5
18.4,3.3,26.14,2001-06-20,"WI-433247",45.25,-88.5
16.1,3.86,20.92,2001-06-21,"WI-433247",45.25,-88.5
14.4,4.3,18.42,2001-06-22,"WI-433247",45.25,-88.5
17.7,3.16,30.67,2001-06-23,"WI-433247",45.25,-88.5
19.5,4.05,27.13,2001-06-24,"WI-433247",45.25,-88.5
22.7,5.08,29.62,2001-06-25,"WI-433247",45.25,-88.5
25.1,4.44,28.64,2001-06-26,"WI-433247",45.25,-88.5
24.9,3.24,23.28,2001-06-27,"WI-433247",45.25,-88.5
24.3,3.76,28.77,2001-06-28,"WI-433247",45.25,-88.5
24.5,5.01,27.91,2001-06-29,"WI-433247",45.25,-88.5
25,4.96,26.05,2001-06-30,"WI-433247",45.25,-88.5
14.1,6.21,28.7,2001-07-01,"WI-433247",45.25,-88.5
13.3,3.86,21.64,2001-07-02,"WI-433247",45.25,-88.5
19.7,4.46,23.81,2001-07-03,"WI-433247",45.25,-88.5
20.1,5.81,30.03,2001-07-04,"WI-433247",45.25,-88.5
15.6,4.24,31.12,2001-07-05,"WI-433247",45.25,-88.5
16.6,4.81,20.2,2001-07-06,"WI-433247",45.25,-88.5
23.1,4.44,24.43,2001-07-07,"WI-433247",45.25,-88.5
23.2,3.72,24.63,2001-07-08,"WI-433247",45.25,-88.5
23.9,6.05,25.46,2001-07-09,"WI-433247",45.25,-88.5
21.3,5.61,26.43,2001-07-10,"WI-433247",45.25,-88.5
18.5,3.5,20.19,2001-07-11,"WI-433247",45.25,-88.5
19.3,3.93,24.48,2001-07-12,"WI-433247",45.25,-88.5
20.3,4.17,30.12,2001-07-13,"WI-433247",45.25,-88.5
22.1,2.81,22.69,2001-07-14,"WI-433247",45.25,-88.5
22.5,2.91,18.16,2001-07-15,"WI-433247",45.25,-88.5
23.7,3.28,24.09,2001-07-16,"WI-433247",45.25,-88.5
22.7,3.02,22.86,2001-07-17,"WI-433247",45.25,-88.5
22.8,3.28,17.67,2001-07-18,"WI-433247",45.25,-88.5
23.1,3.21,20.83,2001-07-19,"WI-433247",45.25,-88.5
24.2,2.77,21.43,2001-07-20,"WI-433247",45.25,-88.5
26.2,2.51,25.65,2001-07-21,"WI-433247",45.25,-88.5
25.9,3.31,23.51,2001-07-22,"WI-433247",45.25,-88.5
25.3,4.65,16.82,2001-07-23,"WI-433247",45.25,-88.5
23.5,4,24.85,2001-07-24,"WI-433247",45.25,-88.5
18,4.32,16.89,2001-07-25,"WI-433247",45.25,-88.5
16.5,4.27,19.25,2001-07-26,"WI-433247",45.25,-88.5
16.8,4.25,21.57,2001-07-27,"WI-433247",45.25,-88.5
17.5,3.47,5.17,2001-07-28,"WI-433247",45.25,-88.5
20.1,2.2,16.91,2001-07-29,"WI-433247",45.25,-88.5
22.1,4.24,23.35,2001-07-30,"WI-433247",45.25,-88.5
26.1,4.15,24.09,2001-07-31,"WI-433247",45.25,-88.5
25.6,5.8,12.23,2001-08-01,"WI-433247",45.25,-88.5
25.5,3.09,21.13,2001-08-02,"WI-433247",45.25,-88.5
23.5,2.41,23.97,2001-08-03,"WI-433247",45.25,-88.5
24.6,3.05,25.56,2001-08-04,"WI-433247",45.25,-88.5
26,4.65,23.07,2001-08-05,"WI-433247",45.25,-88.5
28.6,6.11,20.06,2001-08-06,"WI-433247",45.25,-88.5
28.6,2.91,26.29,2001-08-07,"WI-433247",45.25,-88.5
28.3,4.97,22.81,2001-08-08,"WI-433247",45.25,-88.5
25.2,6.14,19.56,2001-08-09,"WI-433247",45.25,-88.5
18.3,4.05,22.28,2001-08-10,"WI-433247",45.25,-88.5
18.8,2.92,20.72,2001-08-11,"WI-433247",45.25,-88.5
18.8,3.89,21.29,2001-08-12,"WI-433247",45.25,-88.5
17,3.28,21.99,2001-08-13,"WI-433247",45.25,-88.5
17.8,3.96,25.68,2001-08-14,"WI-433247",45.25,-88.5
18,6.08,8.52,2001-08-15,"WI-433247",45.25,-88.5
16.2,5.69,10.41,2001-08-16,"WI-433247",45.25,-88.5
18.6,5.74,21.19,2001-08-17,"WI-433247",45.25,-88.5
17.7,4.27,14.81,2001-08-18,"WI-433247",45.25,-88.5
18.7,5.24,18.98,2001-08-19,"WI-433247",45.25,-88.5
18.9,2.95,18.86,2001-08-20,"WI-433247",45.25,-88.5
19.5,5.09,21.6,2001-08-21,"WI-433247",45.25,-88.5
21,3.06,15.79,2001-08-22,"WI-433247",45.25,-88.5
21.4,3.94,19.16,2001-08-23,"WI-433247",45.25,-88.5
18.7,3.2,16.05,2001-08-24,"WI-433247",45.25,-88.5
19.5,3.81,2.76,2001-08-25,"WI-433247",45.25,-88.5
21,3.68,23.47,2001-08-26,"WI-433247",45.25,-88.5
21,4.92,15.75,2001-08-27,"WI-433247",45.25,-88.5
18.9,2.8,17.79,2001-08-28,"WI-433247",45.25,-88.5
19.6,5.59,19.36,2001-08-29,"WI-433247",45.25,-88.5
21.4,6.16,15.4,2001-08-30,"WI-433247",45.25,-88.5
14.9,4,8.81,2001-08-31,"WI-433247",45.25,-88.5
13,3.54,17.03,2001-09-01,"WI-433247",45.25,-88.5
18.4,5.78,21.79,2001-09-02,"WI-433247",45.25,-88.5
21.7,5.39,18.82,2001-09-03,"WI-433247",45.25,-88.5
16,2.92,17.64,2001-09-04,"WI-433247",45.25,-88.5
16.8,3.61,21.68,2001-09-05,"WI-433247",45.25,-88.5
19.9,5.49,16.85,2001-09-06,"WI-433247",45.25,-88.5
21.7,6.04,7.8,2001-09-07,"WI-433247",45.25,-88.5
20.1,7.42,11.51,2001-09-08,"WI-433247",45.25,-88.5
14.8,3.82,5.41,2001-09-09,"WI-433247",45.25,-88.5
14.3,6.55,15.82,2001-09-10,"WI-433247",45.25,-88.5
14.6,3.77,17.43,2001-09-11,"WI-433247",45.25,-88.5
16.4,4.6,10.39,2001-09-12,"WI-433247",45.25,-88.5
10.9,2.77,15.28,2001-09-13,"WI-433247",45.25,-88.5
9.5,2.39,13.1,2001-09-14,"WI-433247",45.25,-88.5
12.1,2.31,18.19,2001-09-15,"WI-433247",45.25,-88.5
13.1,2.95,11.65,2001-09-16,"WI-433247",45.25,-88.5
14.8,2.27,7.74,2001-09-17,"WI-433247",45.25,-88.5
15,3.01,10.56,2001-09-18,"WI-433247",45.25,-88.5
13.8,5.5,3.1,2001-09-19,"WI-433247",45.25,-88.5
14.9,6.11,17.45,2001-09-20,"WI-433247",45.25,-88.5
14.4,3.64,8.17,2001-09-21,"WI-433247",45.25,-88.5
14.5,2.83,12.49,2001-09-22,"WI-433247",45.25,-88.5
10.7,6.96,7.43,2001-09-23,"WI-433247",45.25,-88.5
6.8,6.65,12.5,2001-09-24,"WI-433247",45.25,-88.5
8.8,5.9,16.75,2001-09-25,"WI-433247",45.25,-88.5
12.8,6.33,15.03,2001-09-26,"WI-433247",45.25,-88.5
10.5,3.31,16.71,2001-09-27,"WI-433247",45.25,-88.5
9.2,2.78,13.69,2001-09-28,"WI-433247",45.25,-88.5
9.1,2.51,16.01,2001-09-29,"WI-433247",45.25,-88.5
12.9,3.76,16.45,2001-09-30,"WI-433247",45.25,-88.5
15.6,3.4,12,2001-10-01,"WI-433247",45.25,-88.5
15.7,4.59,15.33,2001-10-02,"WI-433247",45.25,-88.5
14.8,4.97,8,2001-10-03,"WI-433247",45.25,-88.5
11.2,5.54,11.65,2001-10-04,"WI-433247",45.25,-88.5
6.9,4.98,13.48,2001-10-05,"WI-433247",45.25,-88.5
2.5,6.7,14.48,2001-10-06,"WI-433247",45.25,-88.5
2.7,3.42,15.42,2001-10-07,"WI-433247",45.25,-88.5
7.7,6.4,11.92,2001-10-08,"WI-433247",45.25,-88.5
13.5,6.38,7.97,2001-10-09,"WI-433247",45.25,-88.5
14.8,7.88,2.42,2001-10-10,"WI-433247",45.25,-88.5
12.2,6.65,14.8,2001-10-11,"WI-433247",45.25,-88.5
8.5,3.89,6.3,2001-10-12,"WI-433247",45.25,-88.5
9.2,5.87,1.61,2001-10-13,"WI-433247",45.25,-88.5
10,5.41,11.74,2001-10-14,"WI-433247",45.25,-88.5
7.5,5.45,11.21,2001-10-15,"WI-433247",45.25,-88.5
4.4,5.9,11.41,2001-10-16,"WI-433247",45.25,-88.5
3.3,3.75,13.59,2001-10-17,"WI-433247",45.25,-88.5
6.6,6.22,7.47,2001-10-18,"WI-433247",45.25,-88.5
7.4,5.35,12.5,2001-10-19,"WI-433247",45.25,-88.5
9,6.48,12.29,2001-10-20,"WI-433247",45.25,-88.5
7.3,3.85,12.54,2001-10-21,"WI-433247",45.25,-88.5
7.8,3.61,10.58,2001-10-22,"WI-433247",45.25,-88.5
10,4.35,3.37,2001-10-23,"WI-433247",45.25,-88.5
8.6,6.79,1.96,2001-10-24,"WI-433247",45.25,-88.5
2.1,11.31,4.48,2001-10-25,"WI-433247",45.25,-88.5
2.6,9.82,8.7,2001-10-26,"WI-433247",45.25,-88.5
1.9,4.75,11.46,2001-10-27,"WI-433247",45.25,-88.5
5.2,6.26,11.59,2001-10-28,"WI-433247",45.25,-88.5
6.1,4.7,9.15,2001-10-29,"WI-433247",45.25,-88.5
3.8,4.63,8.57,2001-10-30,"WI-433247",45.25,-88.5
10.5,6.1,6.94,2001-10-31,"WI-433247",45.25,-88.5
14.2,6.77,6.92,2001-11-01,"WI-433247",45.25,-88.5
10.7,7.55,10.48,2001-11-02,"WI-433247",45.25,-88.5
7.3,4.3,9.16,2001-11-03,"WI-433247",45.25,-88.5
6.8,4.37,10.89,2001-11-04,"WI-433247",45.25,-88.5
4.3,4.17,10.27,2001-11-05,"WI-433247",45.25,-88.5
11.2,5.06,9.71,2001-11-06,"WI-433247",45.25,-88.5
7,4.08,6.28,2001-11-07,"WI-433247",45.25,-88.5
5.4,8.34,4.18,2001-11-08,"WI-433247",45.25,-88.5
3.5,5.24,8.92,2001-11-09,"WI-433247",45.25,-88.5
4.9,6.13,5.06,2001-11-10,"WI-433247",45.25,-88.5
1.7,3.1,9,2001-11-11,"WI-433247",45.25,-88.5
3.2,4.16,9.35,2001-11-12,"WI-433247",45.25,-88.5
7.4,5.23,3.09,2001-11-13,"WI-433247",45.25,-88.5
12.1,3.76,4.27,2001-11-14,"WI-433247",45.25,-88.5
14.2,5.15,6.4,2001-11-15,"WI-433247",45.25,-88.5
5.8,3.58,8.6,2001-11-16,"WI-433247",45.25,-88.5
7,4.24,6.97,2001-11-17,"WI-433247",45.25,-88.5
12.2,5.24,5.09,2001-11-18,"WI-433247",45.25,-88.5
2.9,6.36,7.19,2001-11-19,"WI-433247",45.25,-88.5
0.1,5.08,5.73,2001-11-20,"WI-433247",45.25,-88.5
3.6,4.53,8.25,2001-11-21,"WI-433247",45.25,-88.5
3.3,3.71,4.89,2001-11-22,"WI-433247",45.25,-88.5
7.6,3.64,4.85,2001-11-23,"WI-433247",45.25,-88.5
10.2,6.56,0.6,2001-11-24,"WI-433247",45.25,-88.5
6.4,6.11,1.08,2001-11-25,"WI-433247",45.25,-88.5
1.5,5.68,2.94,2001-11-26,"WI-433247",45.25,-88.5
0.4,5.74,1.1,2001-11-27,"WI-433247",45.25,-88.5
-2.8,4.44,2.21,2001-11-28,"WI-433247",45.25,-88.5
0.4,2.8,2.43,2001-11-29,"WI-433247",45.25,-88.5
1,4.24,0.91,2001-11-30,"WI-433247",45.25,-88.5
-0.1,5.94,4.44,2001-12-01,"WI-433247",45.25,-88.5
-1.7,4.9,5.45,2001-12-02,"WI-433247",45.25,-88.5
2.3,5.06,7.4,2001-12-03,"WI-433247",45.25,-88.5
6.7,3.23,2.67,2001-12-04,"WI-433247",45.25,-88.5
10.6,9.41,2,2001-12-05,"WI-433247",45.25,-88.5
2.6,9.88,5.35,2001-12-06,"WI-433247",45.25,-88.5
-1.4,3.1,6.92,2001-12-07,"WI-433247",45.25,-88.5
-1.1,5.12,4.65,2001-12-08,"WI-433247",45.25,-88.5
-2.2,5.69,6.99,2001-12-09,"WI-433247",45.25,-88.5
2.2,5.7,6.49,2001-12-10,"WI-433247",45.25,-88.5
1.1,4.18,5.74,2001-12-11,"WI-433247",45.25,-88.5
1.6,4.02,1.78,2001-12-12,"WI-433247",45.25,-88.5
-0.2,3.77,3.28,2001-12-13,"WI-433247",45.25,-88.5
-2.7,2.12,4.41,2001-12-14,"WI-433247",45.25,-88.5
-0.8,4.41,5.99,2001-12-15,"WI-433247",45.25,-88.5
3.4,4.22,0.61,2001-12-16,"WI-433247",45.25,-88.5
1.8,3.55,2.84,2001-12-17,"WI-433247",45.25,-88.5
0.7,3.88,5.39,2001-12-18,"WI-433247",45.25,-88.5
-0.8,6.44,2.77,2001-12-19,"WI-433247",45.25,-88.5
-2.8,5.82,6.98,2001-12-20,"WI-433247",45.25,-88.5
-4.8,4.03,6.55,2001-12-21,"WI-433247",45.25,-88.5
1.3,5.54,2.76,2001-12-22,"WI-433247",45.25,-88.5
-2.5,5.29,2.84,2001-12-23,"WI-433247",45.25,-88.5
-6.3,6.07,4.52,2001-12-24,"WI-433247",45.25,-88.5
-8.6,4.54,6.33,2001-12-25,"WI-433247",45.25,-88.5
-10.2,4.34,6.14,2001-12-26,"WI-433247",45.25,-88.5
-7.6,5.02,5.15,2001-12-27,"WI-433247",45.25,-88.5
-9.9,4.16,6.38,2001-12-28,"WI-433247",45.25,-88.5
-10.4,5.73,6.74,2001-12-29,"WI-433247",45.25,-88.5
-10.8,6,6.83,2001-12-30,"WI-433247",45.25,-88.5
-10.6,5.64,6.37,2001-12-31,"WI-433247",45.25,-88.5
-8.1,3.19,5.83,2002-01-01,"WI-433247",45.25,-88.5
-9.6,4.73,7.37,2002-01-02,"WI-433247",45.25,-88.5
-9.6,5.26,7.47,2002-01-03,"WI-433247",45.25,-88.5
-3.7,5.77,6.72,2002-01-04,"WI-433247",45.25,-88.5
-0.9,3.62,6.9,2002-01-05,"WI-433247",45.25,-88.5
-3.8,5.45,4.05,2002-01-06,"WI-433247",45.25,-88.5
-7.9,5.52,7.53,2002-01-07,"WI-433247",45.25,-88.5
-0.8,5.25,5.15,2002-01-08,"WI-433247",45.25,-88.5
5.4,6.41,7.41,2002-01-09,"WI-433247",45.25,-88.5
2.7,5.19,3.55,2002-01-10,"WI-433247",45.25,-88.5
1.2,4.79,7.2,2002-01-11,"WI-433247",45.25,-88.5
-0.1,7.22,5.82,2002-01-12,"WI-433247",45.25,-88.5
-2.5,4.72,6.09,2002-01-13,"WI-433247",45.25,-88.5
-2.2,5.07,2.83,2002-01-14,"WI-433247",45.25,-88.5
-3.5,4.08,6.08,2002-01-15,"WI-433247",45.25,-88.5
-5.9,3.76,4.45,2002-01-16,"WI-433247",45.25,-88.5
-9.4,5.71,6.91,2002-01-17,"WI-433247",45.25,-88.5
-14.6,5.1,9.03,2002-01-18,"WI-433247",45.25,-88.5
-10.4,6.69,7.03,2002-01-19,"WI-433247",45.25,-88.5
-5.5,4.23,5.57,2002-01-20,"WI-433247",45.25,-88.5
-3.4,5.77,7.06,2002-01-21,"WI-433247",45.25,-88.5
-1,6.07,7.77,2002-01-22,"WI-433247",45.25,-88.5
-0.6,4.11,7.89,2002-01-23,"WI-433247",45.25,-88.5
-3.5,5.23,7.71,2002-01-24,"WI-433247",45.25,-88.5
1,6.59,7.62,2002-01-25,"WI-433247",45.25,-88.5
2.3,4.74,8.88,2002-01-26,"WI-433247",45.25,-88.5
2.6,3.45,8.31,2002-01-27,"WI-433247",45.25,-88.5
-3.2,4.52,6.49,2002-01-28,"WI-433247",45.25,-88.5
-7.9,4.39,5.36,2002-01-29,"WI-433247",45.25,-88.5
-7.1,2.72,5.75,2002-01-30,"WI-433247",45.25,-88.5
-5.6,4.9,3.12,2002-01-31,"WI-433247",45.25,-88.5
-5.2,6.98,8.73,2002-02-01,"WI-433247",45.25,-88.5
-8.8,5.64,6.49,2002-02-02,"WI-433247",45.25,-88.5
-5.3,6.28,7.1,2002-02-03,"WI-433247",45.25,-88.5
-11.6,5.42,11.36,2002-02-04,"WI-433247",45.25,-88.5
-6.9,5.99,10.64,2002-02-05,"WI-433247",45.25,-88.5
-2.3,6.3,11.27,2002-02-06,"WI-433247",45.25,-88.5
1.7,6.4,11.1,2002-02-07,"WI-433247",45.25,-88.5
1,4.2,11.49,2002-02-08,"WI-433247",45.25,-88.5
1,5.1,3.43,2002-02-09,"WI-433247",45.25,-88.5
-2.8,6.43,10.27,2002-02-10,"WI-433247",45.25,-88.5
-5.5,8.4,7.14,2002-02-11,"WI-433247",45.25,-88.5
-3.2,9.7,10.72,2002-02-12,"WI-433247",45.25,-88.5
-5.3,6.51,12.45,2002-02-13,"WI-433247",45.25,-88.5
2.6,6.83,8.51,2002-02-14,"WI-433247",45.25,-88.5
1.8,5.46,10.23,2002-02-15,"WI-433247",45.25,-88.5
0.1,6.73,9.28,2002-02-16,"WI-433247",45.25,-88.5
-3.8,4.31,13.62,2002-02-17,"WI-433247",45.25,-88.5
2.6,5.16,11.12,2002-02-18,"WI-433247",45.25,-88.5
2.3,4.05,2.74,2002-02-19,"WI-433247",45.25,-88.5
-0.2,7.13,2.18,2002-02-20,"WI-433247",45.25,-88.5
-5.3,6.99,13.44,2002-02-21,"WI-433247",45.25,-88.5
-5.8,4.98,14.26,2002-02-22,"WI-433247",45.25,-88.5
-0.5,5.1,5.65,2002-02-23,"WI-433247",45.25,-88.5
2.1,5.72,6.31,2002-02-24,"WI-433247",45.25,-88.5
-3.7,5.91,11.65,2002-02-25,"WI-433247",45.25,-88.5
-8.6,6.13,8.91,2002-02-26,"WI-433247",45.25,-88.5
-8.1,5.35,16.07,2002-02-27,"WI-433247",45.25,-88.5
-6.7,5.71,11.38,2002-02-28,"WI-433247",45.25,-88.5
-10.3,3.81,14.5,2002-03-01,"WI-433247",45.25,-88.5
-9.2,6.75,6.62,2002-03-02,"WI-433247",45.25,-88.5
-14.8,6.87,16.74,2002-03-03,"WI-433247",45.25,-88.5
-16.2,3.66,13.59,2002-03-04,"WI-433247",45.25,-88.5
-9.1,4.2,16.02,2002-03-05,"WI-433247",45.25,-88.5
-6.5,3.45,11.45,2002-03-06,"WI-433247",45.25,-88.5
-8.2,4.61,11.08,2002-03-07,"WI-433247",45.25,-88.5
-2.8,5.25,4.27,2002-03-08,"WI-433247",45.25,-88.5
-1.4,9.33,3.92,2002-03-09,"WI-433247",45.25,-88.5
-10.1,9.28,18.3,2002-03-10,"WI-433247",45.25,-88.5
-4.4,3.95,11.33,2002-03-11,"WI-433247",45.25,-88.5
-2,5.55,16.42,2002-03-12,"WI-433247",45.25,-88.5
3.2,5.69,15.36,2002-03-13,"WI-433247",45.25,-88.5
-3.7,8.01,4.67,2002-03-14,"WI-433247",45.25,-88.5
-2.6,7.87,16.47,2002-03-15,"WI-433247",45.25,-88.5
-4.9,2.83,19.7,2002-03-16,"WI-433247",45.25,-88.5
-4.2,4.67,13.08,2002-03-17,"WI-433247",45.25,-88.5
1.1,2.64,15.25,2002-03-18,"WI-433247",45.25,-88.5
0,2.62,7.76,2002-03-19,"WI-433247",45.25,-88.5
0.3,4.62,12.54,2002-03-20,"WI-433247",45.25,-88.5
-10,7.24,20.03,2002-03-21,"WI-433247",45.25,-88.5
-7.7,6.13,19.45,2002-03-22,"WI-433247",45.25,-88.5
-4.4,5.91,19.73,2002-03-23,"WI-433247",45.25,-88.5
-8.7,4.56,20.56,2002-03-24,"WI-433247",45.25,-88.5
-9.4,4.12,22.08,2002-03-25,"WI-433247",45.25,-88.5
-5,3.64,22.1,2002-03-26,"WI-433247",45.25,-88.5
-2.8,3.62,22.15,2002-03-27,"WI-433247",45.25,-88.5
1.9,6.3,10.11,2002-03-28,"WI-433247",45.25,-88.5
4.8,4.63,20.89,2002-03-29,"WI-433247",45.25,-88.5
2.9,6.31,19.62,2002-03-30,"WI-433247",45.25,-88.5
0,6.28,18.39,2002-03-31,"WI-433247",45.25,-88.5
-1.6,3.04,20.06,2002-04-01,"WI-433247",45.25,-88.5
-0.4,4.33,8.92,2002-04-02,"WI-433247",45.25,-88.5
-1.9,4.13,15.65,2002-04-03,"WI-433247",45.25,-88.5
-2.6,3.21,15.62,2002-04-04,"WI-433247",45.25,-88.5
-1.9,4.96,18.87,2002-04-05,"WI-433247",45.25,-88.5
-1.8,5.22,22.07,2002-04-06,"WI-433247",45.25,-88.5
3.8,5.73,5.81,2002-04-07,"WI-433247",45.25,-88.5
5,4.46,3.25,2002-04-08,"WI-433247",45.25,-88.5
4.7,4.1,22.61,2002-04-09,"WI-433247",45.25,-88.5
5.1,4.39,10.21,2002-04-10,"WI-433247",45.25,-88.5
10.6,4.4,10.22,2002-04-11,"WI-433247",45.25,-88.5
9.8,4.6,23.24,2002-04-12,"WI-433247",45.25,-88.5
10.3,3.72,23.65,2002-04-13,"WI-433247",45.25,-88.5
12.6,6.43,15,2002-04-14,"WI-433247",45.25,-88.5
19.5,6.51,22.26,2002-04-15,"WI-433247",45.25,-88.5
23.6,7.4,22,2002-04-16,"WI-433247",45.25,-88.5
20.4,6.3,23.92,2002-04-17,"WI-433247",45.25,-88.5
15,7.82,15.46,2002-04-18,"WI-433247",45.25,-88.5
9.7,6.33,20.04,2002-04-19,"WI-433247",45.25,-88.5
5,3.64,23.16,2002-04-20,"WI-433247",45.25,-88.5
0.6,6.32,9.04,2002-04-21,"WI-433247",45.25,-88.5
2.5,3.72,16.1,2002-04-22,"WI-433247",45.25,-88.5
5.8,4.2,25.88,2002-04-23,"WI-433247",45.25,-88.5
8.2,7.62,10.42,2002-04-24,"WI-433247",45.25,-88.5
2.6,9.21,22.13,2002-04-25,"WI-433247",45.25,-88.5
4,4.16,27.76,2002-04-26,"WI-433247",45.25,-88.5
2.2,6.55,7.89,2002-04-27,"WI-433247",45.25,-88.5
2.7,7.18,13.8,2002-04-28,"WI-433247",45.25,-88.5
5.5,5.06,14.45,2002-04-29,"WI-433247",45.25,-88.5
7.7,5.89,25.96,2002-04-30,"WI-433247",45.25,-88.5
7.2,2.9,20.42,2002-05-01,"WI-433247",45.25,-88.5
4.3,7.04,23.66,2002-05-02,"WI-433247",45.25,-88.5
6.5,4.17,28.53,2002-05-03,"WI-433247",45.25,-88.5
9.6,7.42,25.27,2002-05-04,"WI-433247",45.25,-88.5
8.7,4.3,26.29,2002-05-05,"WI-433247",45.25,-88.5
10,4.1,7.11,2002-05-06,"WI-433247",45.25,-88.5
8.7,4.7,26.51,2002-05-07,"WI-433247",45.25,-88.5
5.8,5.06,4.72,2002-05-08,"WI-433247",45.25,-88.5
9.4,10.26,21.1,2002-05-09,"WI-433247",45.25,-88.5
8.3,8.71,25.42,2002-05-10,"WI-433247",45.25,-88.5
6.7,5.88,12.64,2002-05-11,"WI-433247",45.25,-88.5
4.9,4.74,4.51,2002-05-12,"WI-433247",45.25,-88.5
8.7,3.75,19.58,2002-05-13,"WI-433247",45.25,-88.5
9.4,4.96,23.74,2002-05-14,"WI-433247",45.25,-88.5
13,9.17,23.27,2002-05-15,"WI-433247",45.25,-88.5
10.8,5.21,20.02,2002-05-16,"WI-433247",45.25,-88.5
4.4,4.61,20.29,2002-05-17,"WI-433247",45.25,-88.5
4.4,4.22,23.12,2002-05-18,"WI-433247",45.25,-88.5
4.2,3.47,21.93,2002-05-19,"WI-433247",45.25,-88.5
4.9,2.28,20.13,2002-05-20,"WI-433247",45.25,-88.5
9.5,3.65,29.86,2002-05-21,"WI-433247",45.25,-88.5
14.1,7.14,29.14,2002-05-22,"WI-433247",45.25,-88.5
17.4,8.32,19.34,2002-05-23,"WI-433247",45.25,-88.5
8,5,23.99,2002-05-24,"WI-433247",45.25,-88.5
4.6,3.34,7.34,2002-05-25,"WI-433247",45.25,-88.5
12.3,6.19,18.36,2002-05-26,"WI-433247",45.25,-88.5
15.4,2.53,20.82,2002-05-27,"WI-433247",45.25,-88.5
17.3,3.36,26.45,2002-05-28,"WI-433247",45.25,-88.5
18.1,2.15,21.17,2002-05-29,"WI-433247",45.25,-88.5
19.4,4.6,17.73,2002-05-30,"WI-433247",45.25,-88.5
21.8,5.39,30.09,2002-05-31,"WI-433247",45.25,-88.5
20.6,4.81,25.05,2002-06-01,"WI-433247",45.25,-88.5
12.7,4.28,22.1,2002-06-02,"WI-433247",45.25,-88.5
7.5,4.83,5.92,2002-06-03,"WI-433247",45.25,-88.5
9.9,2.92,4.95,2002-06-04,"WI-433247",45.25,-88.5
13.9,3.23,28.2,2002-06-05,"WI-433247",45.25,-88.5
15.8,3.95,27.96,2002-06-06,"WI-433247",45.25,-88.5
18.6,6.24,26.26,2002-06-07,"WI-433247",45.25,-88.5
19.9,4.47,11,2002-06-08,"WI-433247",45.25,-88.5
18.8,4.39,21.57,2002-06-09,"WI-433247",45.25,-88.5
21.9,5.68,26.77,2002-06-10,"WI-433247",45.25,-88.5
21.3,5.05,10.63,2002-06-11,"WI-433247",45.25,-88.5
15.8,3.41,15.8,2002-06-12,"WI-433247",45.25,-88.5
15.5,3.22,15.84,2002-06-13,"WI-433247",45.25,-88.5
14,5.44,10.32,2002-06-14,"WI-433247",45.25,-88.5
14.6,6.65,22.74,2002-06-15,"WI-433247",45.25,-88.5
15.7,4.83,24.92,2002-06-16,"WI-433247",45.25,-88.5
15.7,2.97,27.67,2002-06-17,"WI-433247",45.25,-88.5
16.9,4.7,29.06,2002-06-18,"WI-433247",45.25,-88.5
20.2,7.65,22.15,2002-06-19,"WI-433247",45.25,-88.5
23.5,5.76,21.88,2002-06-20,"WI-433247",45.25,-88.5
18,2.83,11.22,2002-06-21,"WI-433247",45.25,-88.5
19.8,3.31,14.37,2002-06-22,"WI-433247",45.25,-88.5
24.2,4.47,19.67,2002-06-23,"WI-433247",45.25,-88.5
24,4.59,27.57,2002-06-24,"WI-433247",45.25,-88.5
25.1,4.08,25.97,2002-06-25,"WI-433247",45.25,-88.5
22.4,5.34,20.72,2002-06-26,"WI-433247",45.25,-88.5
21.6,4.92,29.03,2002-06-27,"WI-433247",45.25,-88.5
22.6,2.28,23.56,2002-06-28,"WI-433247",45.25,-88.5
23.9,4.75,28.92,2002-06-29,"WI-433247",45.25,-88.5
27,5.64,26.9,2002-06-30,"WI-433247",45.25,-88.5
29,5.02,26.91,2002-07-01,"WI-433247",45.25,-88.5
26.9,5.22,22.24,2002-07-02,"WI-433247",45.25,-88.5
24.9,4.24,15.84,2002-07-03,"WI-433247",45.25,-88.5
21.3,3.71,28.62,2002-07-04,"WI-433247",45.25,-88.5
17.2,3.71,28.95,2002-07-05,"WI-433247",45.25,-88.5
21,2.14,27.06,2002-07-06,"WI-433247",45.25,-88.5
24,3.29,21.41,2002-07-07,"WI-433247",45.25,-88.5
24,3.89,13.69,2002-07-08,"WI-433247",45.25,-88.5
21.9,4.17,27.13,2002-07-09,"WI-433247",45.25,-88.5
17.4,5.32,16.73,2002-07-10,"WI-433247",45.25,-88.5
18.1,3.69,28.81,2002-07-11,"WI-433247",45.25,-88.5
19.3,2.33,27.61,2002-07-12,"WI-433247",45.25,-88.5
21.4,2.91,27.85,2002-07-13,"WI-433247",45.25,-88.5
22.8,3.49,22.24,2002-07-14,"WI-433247",45.25,-88.5
24.9,2.78,24.04,2002-07-15,"WI-433247",45.25,-88.5
25.5,4.39,28.74,2002-07-16,"WI-433247",45.25,-88.5
26,3.49,23.8,2002-07-17,"WI-433247",45.25,-88.5
20.8,2.86,15.12,2002-07-18,"WI-433247",45.25,-88.5
21.7,2.52,27.64,2002-07-19,"WI-433247",45.25,-88.5
22.5,4.83,27.07,2002-07-20,"WI-433247",45.25,-88.5
28.5,5.38,26.83,2002-07-21,"WI-433247",45.25,-88.5
23.4,5.57,25.6,2002-07-22,"WI-433247",45.25,-88.5
16.9,5.05,28.69,2002-07-23,"WI-433247",45.25,-88.5
18.7,3.57,23.73,2002-07-24,"WI-433247",45.25,-88.5
17.9,4.92,10.34,2002-07-25,"WI-433247",45.25,-88.5
22.8,3.62,23.26,2002-07-26,"WI-433247",45.25,-88.5
23.7,4.2,23.5,2002-07-27,"WI-433247",45.25,-88.5
25.8,4.2,24.58,2002-07-28,"WI-433247",45.25,-88.5
22.9,4.83,14.47,2002-07-29,"WI-433247",45.25,-88.5
24,5.12,25.05,2002-07-30,"WI-433247",45.25,-88.5
23.1,4.11,15.79,2002-07-31,"WI-433247",45.25,-88.5
23.8,6.26,19.66,2002-08-01,"WI-433247",45.25,-88.5
19,3.56,27.45,2002-08-02,"WI-433247",45.25,-88.5
19,3.47,19.66,2002-08-03,"WI-433247",45.25,-88.5
21.9,4.23,13.54,2002-08-04,"WI-433247",45.25,-88.5
20.3,4.69,25.24,2002-08-05,"WI-433247",45.25,-88.5
15.7,3.7,24.58,2002-08-06,"WI-433247",45.25,-88.5
16.4,2.56,22.83,2002-08-07,"WI-433247",45.25,-88.5
19.2,2.14,24.4,2002-08-08,"WI-433247",45.25,-88.5
21.5,3.74,24.83,2002-08-09,"WI-433247",45.25,-88.5
22.5,6.08,21.06,2002-08-10,"WI-433247",45.25,-88.5
23.5,5.41,24.61,2002-08-11,"WI-433247",45.25,-88.5
22.6,5.02,17.63,2002-08-12,"WI-433247",45.25,-88.5
19.2,3.31,6.45,2002-08-13,"WI-433247",45.25,-88.5
19.5,4.8,25.09,2002-08-14,"WI-433247",45.25,-88.5
20.8,7.67,21.6,2002-08-15,"WI-433247",45.25,-88.5
20.5,5.05,24.47,2002-08-16,"WI-433247",45.25,-88.5
19.7,7.5,13.82,2002-08-17,"WI-433247",45.25,-88.5
16.5,4.31,24.72,2002-08-18,"WI-433247",45.25,-88.5
16.8,3.42,22.97,2002-08-19,"WI-433247",45.25,-88.5
16.9,3.85,25.26,2002-08-20,"WI-433247",45.25,-88.5
17.6,4.64,2.39,2002-08-21,"WI-433247",45.25,-88.5
19.1,4.34,10.94,2002-08-22,"WI-433247",45.25,-88.5
17.1,3.31,4.69,2002-08-23,"WI-433247",45.25,-88.5
20.2,4.11,20.12,2002-08-24,"WI-433247",45.25,-88.5
19.2,2.34,18.1,2002-08-25,"WI-433247",45.25,-88.5
20.7,4.72,21.93,2002-08-26,"WI-433247",45.25,-88.5
17.2,4.7,11.86,2002-08-27,"WI-433247",45.25,-88.5
16.7,2.48,11.75,2002-08-28,"WI-433247",45.25,-88.5
18.2,2.11,18.01,2002-08-29,"WI-433247",45.25,-88.5
18.2,2.66,21.02,2002-08-30,"WI-433247",45.25,-88.5
19.5,3.52,15.87,2002-08-31,"WI-433247",45.25,-88.5
21.2,4.81,20.55,2002-09-01,"WI-433247",45.25,-88.5
21.4,7.02,12.3,2002-09-02,"WI-433247",45.25,-88.5
19.4,6.72,22.7,2002-09-03,"WI-433247",45.25,-88.5
18.6,3.52,22.18,2002-09-04,"WI-433247",45.25,-88.5
18.4,4.02,17.84,2002-09-05,"WI-433247",45.25,-88.5
18.1,3.14,12.38,2002-09-06,"WI-433247",45.25,-88.5
23,3.94,20.66,2002-09-07,"WI-433247",45.25,-88.5
23.8,4.22,21.21,2002-09-08,"WI-433247",45.25,-88.5
24.5,4.1,19.09,2002-09-09,"WI-433247",45.25,-88.5
19,6.36,12.86,2002-09-10,"WI-433247",45.25,-88.5
16.7,3.19,17.82,2002-09-11,"WI-433247",45.25,-88.5
17.8,5.24,20.35,2002-09-12,"WI-433247",45.25,-88.5
17.9,4.1,10.94,2002-09-13,"WI-433247",45.25,-88.5
15.7,4.71,3.61,2002-09-14,"WI-433247",45.25,-88.5
12.9,3.8,16.96,2002-09-15,"WI-433247",45.25,-88.5
15,4.81,19.83,2002-09-16,"WI-433247",45.25,-88.5
17.6,3.1,19.22,2002-09-17,"WI-433247",45.25,-88.5
16.5,3.11,8.06,2002-09-18,"WI-433247",45.25,-88.5
20.1,5.3,6.55,2002-09-19,"WI-433247",45.25,-88.5
18,4.75,3.39,2002-09-20,"WI-433247",45.25,-88.5
14.3,5.11,17.23,2002-09-21,"WI-433247",45.25,-88.5
10.4,5.85,17.47,2002-09-22,"WI-433247",45.25,-88.5
8.1,6.02,10.83,2002-09-23,"WI-433247",45.25,-88.5
8.8,5.94,18.45,2002-09-24,"WI-433247",45.25,-88.5
11.1,3.77,6.88,2002-09-25,"WI-433247",45.25,-88.5
9.4,4.03,5.01,2002-09-26,"WI-433247",45.25,-88.5
10.7,3.5,13.13,2002-09-27,"WI-433247",45.25,-88.5
9.9,3.86,10.6,2002-09-28,"WI-433247",45.25,-88.5
13.2,3.7,5.22,2002-09-29,"WI-433247",45.25,-88.5
19.8,5.67,11.15,2002-09-30,"WI-433247",45.25,-88.5
20,4.98,16.46,2002-10-01,"WI-433247",45.25,-88.5
12,4.4,7.6,2002-10-02,"WI-433247",45.25,-88.5
9,2.91,12.88,2002-10-03,"WI-433247",45.25,-88.5
13.5,8.3,3.9,2002-10-04,"WI-433247",45.25,-88.5
8.7,5.72,15.16,2002-10-05,"WI-433247",45.25,-88.5
8.9,7.24,6.84,2002-10-06,"WI-433247",45.25,-88.5
4.8,5.89,13.04,2002-10-07,"WI-433247",45.25,-88.5
8.8,5.17,6.94,2002-10-08,"WI-433247",45.25,-88.5
8.6,3.82,14.5,2002-10-09,"WI-433247",45.25,-88.5
7.1,3.47,4.53,2002-10-10,"WI-433247",45.25,-88.5
13.8,5.3,13.86,2002-10-11,"WI-433247",45.25,-88.5
10.7,6.19,3.44,2002-10-12,"WI-433247",45.25,-88.5
3.7,8.22,12.77,2002-10-13,"WI-433247",45.25,-88.5
4.8,6.51,14.32,2002-10-14,"WI-433247",45.25,-88.5
5.3,5.49,9.6,2002-10-15,"WI-433247",45.25,-88.5
0.7,2.48,13.58,2002-10-16,"WI-433247",45.25,-88.5
0.7,2.79,8.93,2002-10-17,"WI-433247",45.25,-88.5
1.4,4.83,2.24,2002-10-18,"WI-433247",45.25,-88.5
3.7,5.33,7.59,2002-10-19,"WI-433247",45.25,-88.5
1.1,4.98,9.77,2002-10-20,"WI-433247",45.25,-88.5
-0.4,3.75,1.77,2002-10-21,"WI-433247",45.25,-88.5
0.9,4.71,3.1,2002-10-22,"WI-433247",45.25,-88.5
-1.6,3.35,10.4,2002-10-23,"WI-433247",45.25,-88.5
-1.4,2.44,8.79,2002-10-24,"WI-433247",45.25,-88.5
2,3.96,4.44,2002-10-25,"WI-433247",45.25,-88.5
3.3,4.52,6.19,2002-10-26,"WI-433247",45.25,-88.5
1.4,4.27,10.17,2002-10-27,"WI-433247",45.25,-88.5
0.6,3.08,10.65,2002-10-28,"WI-433247",45.25,-88.5
2.1,3.26,8.57,2002-10-29,"WI-433247",45.25,-88.5
2.1,2.72,7.72,2002-10-30,"WI-433247",45.25,-88.5
-0.4,4.79,10.63,2002-10-31,"WI-433247",45.25,-88.5
-1.9,5.41,7.94,2002-11-01,"WI-433247",45.25,-88.5
0.3,5.3,6.34,2002-11-02,"WI-433247",45.25,-88.5
0.9,4.53,10.49,2002-11-03,"WI-433247",45.25,-88.5
1.2,4.44,6.5,2002-11-04,"WI-433247",45.25,-88.5
0.5,3.07,2.29,2002-11-05,"WI-433247",45.25,-88.5
1.6,5.61,7.68,2002-11-06,"WI-433247",45.25,-88.5
2.5,6.94,7.24,2002-11-07,"WI-433247",45.25,-88.5
8.1,5.2,7.78,2002-11-08,"WI-433247",45.25,-88.5
8.1,4.9,7.47,2002-11-09,"WI-433247",45.25,-88.5
8.1,4.3,3.26,2002-11-10,"WI-433247",45.25,-88.5
0.7,4.37,5.16,2002-11-11,"WI-433247",45.25,-88.5
0.9,5.1,9.22,2002-11-12,"WI-433247",45.25,-88.5
-0.2,3.24,7.38,2002-11-13,"WI-433247",45.25,-88.5
0,4.54,4.97,2002-11-14,"WI-433247",45.25,-88.5
-4.4,2.78,7.38,2002-11-15,"WI-433247",45.25,-88.5
-4.5,2.53,5.22,2002-11-16,"WI-433247",45.25,-88.5
-3.4,2.41,8.29,2002-11-17,"WI-433247",45.25,-88.5
-1.6,3.71,8.12,2002-11-18,"WI-433247",45.25,-88.5
2.8,5.04,7.1,2002-11-19,"WI-433247",45.25,-88.5
1.8,2.73,5.14,2002-11-20,"WI-433247",45.25,-88.5
1.2,4.87,5.45,2002-11-21,"WI-433247",45.25,-88.5
-0.6,4.46,5.49,2002-11-22,"WI-433247",45.25,-88.5
1.1,6.96,3.87,2002-11-23,"WI-433247",45.25,-88.5
-2.1,4.94,6.65,2002-11-24,"WI-433247",45.25,-88.5
-4,4.81,6.21,2002-11-25,"WI-433247",45.25,-88.5
-5,3.1,5.88,2002-11-26,"WI-433247",45.25,-88.5
-6.3,3.67,6.57,2002-11-27,"WI-433247",45.25,-88.5
-2.8,6.37,7.36,2002-11-28,"WI-433247",45.25,-88.5
3.5,8.76,6.91,2002-11-29,"WI-433247",45.25,-88.5
-6,8.27,5.58,2002-11-30,"WI-433247",45.25,-88.5
-7.3,4.46,3.46,2002-12-01,"WI-433247",45.25,-88.5
-9.5,4.24,7.65,2002-12-02,"WI-433247",45.25,-88.5
-11.2,3,7.4,2002-12-03,"WI-433247",45.25,-88.5
-9.8,3.06,7.15,2002-12-04,"WI-433247",45.25,-88.5
-10.8,4.2,6.35,2002-12-05,"WI-433247",45.25,-88.5
-8.8,5.82,7.19,2002-12-06,"WI-433247",45.25,-88.5
-3,5.6,4.96,2002-12-07,"WI-433247",45.25,-88.5
-10,5.73,7.06,2002-12-08,"WI-433247",45.25,-88.5
-7.4,6.59,5.83,2002-12-09,"WI-433247",45.25,-88.5
-0.3,4.84,6.88,2002-12-10,"WI-433247",45.25,-88.5
0.2,3.75,6.94,2002-12-11,"WI-433247",45.25,-88.5
0.8,3.92,2.12,2002-12-12,"WI-433247",45.25,-88.5
1.2,2.36,3.21,2002-12-13,"WI-433247",45.25,-88.5
1.6,4.97,5.66,2002-12-14,"WI-433247",45.25,-88.5
-0.5,5.06,2.73,2002-12-15,"WI-433247",45.25,-88.5
-6.3,4.9,3.72,2002-12-16,"WI-433247",45.25,-88.5
-1.7,5.41,3.97,2002-12-17,"WI-433247",45.25,-88.5
3.4,6.14,0.69,2002-12-18,"WI-433247",45.25,-88.5
3.5,5.23,3.1,2002-12-19,"WI-433247",45.25,-88.5
-1.1,6.11,3.83,2002-12-20,"WI-433247",45.25,-88.5
-3.6,7.81,5.98,2002-12-21,"WI-433247",45.25,-88.5
-4.1,6.96,4.68,2002-12-22,"WI-433247",45.25,-88.5
-6.4,6.94,5.08,2002-12-23,"WI-433247",45.25,-88.5
-6.8,3.22,5.63,2002-12-24,"WI-433247",45.25,-88.5
-3.9,4.5,6.35,2002-12-25,"WI-433247",45.25,-88.5
-4.8,4.7,6.76,2002-12-26,"WI-433247",45.25,-88.5
-2.6,5.97,6.58,2002-12-27,"WI-433247",45.25,-88.5
-0.9,5.32,2.71,2002-12-28,"WI-433247",45.25,-88.5
-2.6,5.13,4.19,2002-12-29,"WI-433247",45.25,-88.5
1.6,6,0.97,2002-12-30,"WI-433247",45.25,-88.5
-5.7,6.26,7.13,2002-12-31,"WI-433247",45.25,-88.5
-7.4,4.41,4.32,2003-01-01,"WI-433247",45.25,-88.5
-6.1,4.22,3.74,2003-01-02,"WI-433247",45.25,-88.5
-6.9,3.01,7.44,2003-01-03,"WI-433247",45.25,-88.5
-6.4,2.42,3.73,2003-01-04,"WI-433247",45.25,-88.5
-1.9,4.57,2.41,2003-01-05,"WI-433247",45.25,-88.5
-4.7,5.74,6.9,2003-01-06,"WI-433247",45.25,-88.5
2,6.86,6.69,2003-01-07,"WI-433247",45.25,-88.5
5.5,8.49,7.12,2003-01-08,"WI-433247",45.25,-88.5
-0.8,7.08,4.82,2003-01-09,"WI-433247",45.25,-88.5
-10.1,7.17,6.84,2003-01-10,"WI-433247",45.25,-88.5
-11.9,6.04,7.04,2003-01-11,"WI-433247",45.25,-88.5
-10.1,6.79,7.47,2003-01-12,"WI-433247",45.25,-88.5
-12.6,6.79,7.79,2003-01-13,"WI-433247",45.25,-88.5
-14.5,5.28,8.34,2003-01-14,"WI-433247",45.25,-88.5
-13.1,4.75,8.49,2003-01-15,"WI-433247",45.25,-88.5
-10.5,5.54,8.56,2003-01-16,"WI-433247",45.25,-88.5
-12.1,5.44,8.7,2003-01-17,"WI-433247",45.25,-88.5
-10.7,6.37,6.99,2003-01-18,"WI-433247",45.25,-88.5
-12.8,7.24,5.96,2003-01-19,"WI-433247",45.25,-88.5
-15.3,4.68,8.96,2003-01-20,"WI-433247",45.25,-88.5
-17,3.76,8.83,2003-01-21,"WI-433247",45.25,-88.5
-18.7,5.33,9.4,2003-01-22,"WI-433247",45.25,-88.5
-17.5,5.33,9.21,2003-01-23,"WI-433247",45.25,-88.5
-13.6,4.22,8.52,2003-01-24,"WI-433247",45.25,-88.5
-10.6,4.74,4.85,2003-01-25,"WI-433247",45.25,-88.5
-18.5,4.98,9.77,2003-01-26,"WI-433247",45.25,-88.5
-16.2,5.26,3.24,2003-01-27,"WI-433247",45.25,-88.5
-6.7,4.23,3.82,2003-01-28,"WI-433247",45.25,-88.5
-14.4,3.6,10.49,2003-01-29,"WI-433247",45.25,-88.5
-6.6,5.2,6.51,2003-01-30,"WI-433247",45.25,-88.5
-2.2,3.52,4.27,2003-01-31,"WI-433247",45.25,-88.5
-4.5,2.48,6.35,2003-02-01,"WI-433247",45.25,-88.5
-1.7,4.15,3.83,2003-02-02,"WI-433247",45.25,-88.5
-2.3,5.12,1.89,2003-02-03,"WI-433247",45.25,-88.5
-11.1,7.99,11.17,2003-02-04,"WI-433247",45.25,-88.5
-15.1,4.46,10.35,2003-02-05,"WI-433247",45.25,-88.5
-11.6,3.34,9.98,2003-02-06,"WI-433247",45.25,-88.5
-17.2,6.38,11.92,2003-02-07,"WI-433247",45.25,-88.5
-9.5,6.3,9.21,2003-02-08,"WI-433247",45.25,-88.5
-14.9,6.89,12.47,2003-02-09,"WI-433247",45.25,-88.5
-15.7,5.59,12.53,2003-02-10,"WI-433247",45.25,-88.5
-15.9,7.79,9.15,2003-02-11,"WI-433247",45.25,-88.5
-17,6.36,12.55,2003-02-12,"WI-433247",45.25,-88.5
-13.4,4.89,13.17,2003-02-13,"WI-433247",45.25,-88.5
-11.8,4,9.56,2003-02-14,"WI-433247",45.25,-88.5
-15.8,4.09,11.01,2003-02-15,"WI-433247",45.25,-88.5
-14.4,3.18,13.69,2003-02-16,"WI-433247",45.25,-88.5
-10,2.83,13.55,2003-02-17,"WI-433247",45.25,-88.5
-2.9,7.03,8.22,2003-02-18,"WI-433247",45.25,-88.5
-4.3,5.81,13.66,2003-02-19,"WI-433247",45.25,-88.5
1.4,5.52,13.72,2003-02-20,"WI-433247",45.25,-88.5
0.4,4.85,10.56,2003-02-21,"WI-433247",45.25,-88.5
-10.9,5.63,9.29,2003-02-22,"WI-433247",45.25,-88.5
-14.2,5.3,14.41,2003-02-23,"WI-433247",45.25,-88.5
-15.5,5.14,12.1,2003-02-24,"WI-433247",45.25,-88.5
-18.2,3.58,15.77,2003-02-25,"WI-433247",45.25,-88.5
-12.8,3.94,15.87,2003-02-26,"WI-433247",45.25,-88.5
-6.5,2.85,15.28,2003-02-27,"WI-433247",45.25,-88.5
-2.8,2.89,15.12,2003-02-28,"WI-433247",45.25,-88.5
-1.6,4.19,15.4,2003-03-01,"WI-433247",45.25,-88.5
-15.4,6.32,16.51,2003-03-02,"WI-433247",45.25,-88.5
-15.4,5.25,9.84,2003-03-03,"WI-433247",45.25,-88.5
-8.7,5.28,11.39,2003-03-04,"WI-433247",45.25,-88.5
-14,3.67,17.6,2003-03-05,"WI-433247",45.25,-88.5
-10.9,5.12,17.17,2003-03-06,"WI-433247",45.25,-88.5
-4,4.34,12.45,2003-03-07,"WI-433247",45.25,-88.5
-11.4,5.02,6.01,2003-03-08,"WI-433247",45.25,-88.5
-16.4,6.87,18.56,2003-03-09,"WI-433247",45.25,-88.5
-13.5,5.04,18.48,2003-03-10,"WI-433247",45.25,-88.5
-3.4,6.28,11.38,2003-03-11,"WI-433247",45.25,-88.5
-4.9,3.2,17.27,2003-03-12,"WI-433247",45.25,-88.5
-5.7,3.61,18.2,2003-03-13,"WI-433247",45.25,-88.5
0.7,4.52,17.94,2003-03-14,"WI-433247",45.25,-88.5
5.7,4.42,18.28,2003-03-15,"WI-433247",45.25,-88.5
9.9,4.65,16.51,2003-03-16,"WI-433247",45.25,-88.5
7.5,4.82,8.24,2003-03-17,"WI-433247",45.25,-88.5
3.6,5.91,7.57,2003-03-18,"WI-433247",45.25,-88.5
2.9,5.35,17.05,2003-03-19,"WI-433247",45.25,-88.5
3.8,4.1,5.32,2003-03-20,"WI-433247",45.25,-88.5
3.3,3.81,4.1,2003-03-21,"WI-433247",45.25,-88.5
5.6,3.21,9.32,2003-03-22,"WI-433247",45.25,-88.5
9.5,4.91,18.22,2003-03-23,"WI-433247",45.25,-88.5
12.4,6.18,14.71,2003-03-24,"WI-433247",45.25,-88.5
7.5,5.79,18.73,2003-03-25,"WI-433247",45.25,-88.5
3.8,3.81,15.26,2003-03-26,"WI-433247",45.25,-88.5
0.9,5.46,4.8,2003-03-27,"WI-433247",45.25,-88.5
1.2,6.04,5.67,2003-03-28,"WI-433247",45.25,-88.5
-3.1,6.02,14.31,2003-03-29,"WI-433247",45.25,-88.5
-2.1,4.36,16.7,2003-03-30,"WI-433247",45.25,-88.5
-1.5,5.49,17.15,2003-03-31,"WI-433247",45.25,-88.5
5.8,4.53,15.78,2003-04-01,"WI-433247",45.25,-88.5
-0.4,6.11,6.21,2003-04-02,"WI-433247",45.25,-88.5
-3.6,7.12,2.64,2003-04-03,"WI-433247",45.25,-88.5
-5.4,7.42,5.68,2003-04-04,"WI-433247",45.25,-88.5
-5.6,5.45,21.5,2003-04-05,"WI-433247",45.25,-88.5
-8.1,4.34,23.36,2003-04-06,"WI-433247",45.25,-88.5
-3.8,6.8,12.06,2003-04-07,"WI-433247",45.25,-88.5
-2.1,4.14,25.18,2003-04-08,"WI-433247",45.25,-88.5
2.1,4.26,24.48,2003-04-09,"WI-433247",45.25,-88.5
8.4,5.64,24.41,2003-04-10,"WI-433247",45.25,-88.5
10.4,4.22,24.54,2003-04-11,"WI-433247",45.25,-88.5
4.9,4.14,20.33,2003-04-12,"WI-433247",45.25,-88.5
7,5.2,21.52,2003-04-13,"WI-433247",45.25,-88.5
18.7,7.02,22.72,2003-04-14,"WI-433247",45.25,-88.5
18.1,5.92,19.54,2003-04-15,"WI-433247",45.25,-88.5
-0.4,7.43,3.87,2003-04-16,"WI-433247",45.25,-88.5
0,7.09,13.77,2003-04-17,"WI-433247",45.25,-88.5
4.1,4.3,17.83,2003-04-18,"WI-433247",45.25,-88.5
7.4,4.23,6.47,2003-04-19,"WI-433247",45.25,-88.5
12.8,5.99,8.09,2003-04-20,"WI-433247",45.25,-88.5
5,7.35,8.8,2003-04-21,"WI-433247",45.25,-88.5
6.4,5.73,27,2003-04-22,"WI-433247",45.25,-88.5
6.6,3.25,26.84,2003-04-23,"WI-433247",45.25,-88.5
10.1,3.05,25.61,2003-04-24,"WI-433247",45.25,-88.5
9,4.12,18.87,2003-04-25,"WI-433247",45.25,-88.5
7.6,4.02,26.87,2003-04-26,"WI-433247",45.25,-88.5
15.3,8.17,20.21,2003-04-27,"WI-433247",45.25,-88.5
13.7,5.37,26.8,2003-04-28,"WI-433247",45.25,-88.5
10,4.62,22.44,2003-04-29,"WI-433247",45.25,-88.5
7.9,2.86,16.08,2003-04-30,"WI-433247",45.25,-88.5
11.7,4,26.28,2003-05-01,"WI-433247",45.25,-88.5
7.9,3.96,26.3,2003-05-02,"WI-433247",45.25,-88.5
7.7,3.08,28.79,2003-05-03,"WI-433247",45.25,-88.5
9.6,5.66,23.5,2003-05-04,"WI-433247",45.25,-88.5
8.1,7.86,2.96,2003-05-05,"WI-433247",45.25,-88.5
8.6,4.88,5.89,2003-05-06,"WI-433247",45.25,-88.5
9.9,3.24,13.67,2003-05-07,"WI-433247",45.25,-88.5
12.9,5.31,23.35,2003-05-08,"WI-433247",45.25,-88.5
8.7,6.61,4.99,2003-05-09,"WI-433247",45.25,-88.5
13.9,3.76,25.31,2003-05-10,"WI-433247",45.25,-88.5
8.6,9.65,3.96,2003-05-11,"WI-433247",45.25,-88.5
9.8,9.4,19.16,2003-05-12,"WI-433247",45.25,-88.5
14.1,4.03,25.85,2003-05-13,"WI-433247",45.25,-88.5
13.1,3.07,14.93,2003-05-14,"WI-433247",45.25,-88.5
12.9,4.75,27.82,2003-05-15,"WI-433247",45.25,-88.5
12.9,4.3,19.31,2003-05-16,"WI-433247",45.25,-88.5
13.2,3.45,15.94,2003-05-17,"WI-433247",45.25,-88.5
14.3,4.4,20.31,2003-05-18,"WI-433247",45.25,-88.5
15.3,4.36,5.78,2003-05-19,"WI-433247",45.25,-88.5
11.2,6.99,27.22,2003-05-20,"WI-433247",45.25,-88.5
9,3.26,26.11,2003-05-21,"WI-433247",45.25,-88.5
9.3,3,20.73,2003-05-22,"WI-433247",45.25,-88.5
11.5,3.73,29.02,2003-05-23,"WI-433247",45.25,-88.5
14.4,4.61,27.82,2003-05-24,"WI-433247",45.25,-88.5
15.2,4.88,28.08,2003-05-25,"WI-433247",45.25,-88.5
15.7,5.17,24.52,2003-05-26,"WI-433247",45.25,-88.5
17.8,3.2,25.29,2003-05-27,"WI-433247",45.25,-88.5
14.3,6.56,10.03,2003-05-28,"WI-433247",45.25,-88.5
16.9,6.6,25.92,2003-05-29,"WI-433247",45.25,-88.5
13.8,5.83,12.1,2003-05-30,"WI-433247",45.25,-88.5
10.2,7.08,31.09,2003-05-31,"WI-433247",45.25,-88.5
12.6,2.52,29.32,2003-06-01,"WI-433247",45.25,-88.5
14.9,2.83,23.29,2003-06-02,"WI-433247",45.25,-88.5
15.6,3.41,26.37,2003-06-03,"WI-433247",45.25,-88.5
15.3,3.52,25.11,2003-06-04,"WI-433247",45.25,-88.5
17.9,3.32,25.34,2003-06-05,"WI-433247",45.25,-88.5
16.3,4.2,19.24,2003-06-06,"WI-433247",45.25,-88.5
14.3,3.29,14.68,2003-06-07,"WI-433247",45.25,-88.5
12.3,3.74,8.77,2003-06-08,"WI-433247",45.25,-88.5
15.3,4.33,19.59,2003-06-09,"WI-433247",45.25,-88.5
12.7,5.02,3.93,2003-06-10,"WI-433247",45.25,-88.5
13.9,3.51,20.76,2003-06-11,"WI-433247",45.25,-88.5
16.2,6.17,25.21,2003-06-12,"WI-433247",45.25,-88.5
19,2.13,21.68,2003-06-13,"WI-433247",45.25,-88.5
19.4,3.26,24.04,2003-06-14,"WI-433247",45.25,-88.5
17.9,2.69,28.17,2003-06-15,"WI-433247",45.25,-88.5
18.8,3.08,30.88,2003-06-16,"WI-433247",45.25,-88.5
20,2.69,29.37,2003-06-17,"WI-433247",45.25,-88.5
20.2,4.14,23.4,2003-06-18,"WI-433247",45.25,-88.5
15.8,3.69,31.74,2003-06-19,"WI-433247",45.25,-88.5
16.4,2.45,31.43,2003-06-20,"WI-433247",45.25,-88.5
19.1,3.1,31.33,2003-06-21,"WI-433247",45.25,-88.5
21.1,4.55,30.29,2003-06-22,"WI-433247",45.25,-88.5
23.6,4.63,28.24,2003-06-23,"WI-433247",45.25,-88.5
24.8,5.37,21.85,2003-06-24,"WI-433247",45.25,-88.5
25.6,6.04,21.09,2003-06-25,"WI-433247",45.25,-88.5
18,7.41,16.95,2003-06-26,"WI-433247",45.25,-88.5
16.5,6.46,25.65,2003-06-27,"WI-433247",45.25,-88.5
11.8,4.05,7.71,2003-06-28,"WI-433247",45.25,-88.5
16.6,5.41,21.88,2003-06-29,"WI-433247",45.25,-88.5
19.9,3.01,23.75,2003-06-30,"WI-433247",45.25,-88.5
21.2,2.33,25.84,2003-07-01,"WI-433247",45.25,-88.5
23.6,4.16,27.96,2003-07-02,"WI-433247",45.25,-88.5
23,4.55,18.57,2003-07-03,"WI-433247",45.25,-88.5
23.7,4.6,24.81,2003-07-04,"WI-433247",45.25,-88.5
23.5,3.45,29.83,2003-07-05,"WI-433247",45.25,-88.5
21.6,4.2,17.48,2003-07-06,"WI-433247",45.25,-88.5
22.2,6,25.23,2003-07-07,"WI-433247",45.25,-88.5
19.7,4.17,25.8,2003-07-08,"WI-433247",45.25,-88.5
16.6,4.44,18.12,2003-07-09,"WI-433247",45.25,-88.5
15.7,4.6,4.33,2003-07-10,"WI-433247",45.25,-88.5
16.1,6.68,13.95,2003-07-11,"WI-433247",45.25,-88.5
19.8,4,24.57,2003-07-12,"WI-433247",45.25,-88.5
20.8,3.54,24.34,2003-07-13,"WI-433247",45.25,-88.5
22.3,5.87,24.06,2003-07-14,"WI-433247",45.25,-88.5
20.3,6.35,24.73,2003-07-15,"WI-433247",45.25,-88.5
20.9,4.03,28.81,2003-07-16,"WI-433247",45.25,-88.5
20.2,3.61,20.57,2003-07-17,"WI-433247",45.25,-88.5
18,2.9,29.12,2003-07-18,"WI-433247",45.25,-88.5
20,4.73,26.15,2003-07-19,"WI-433247",45.25,-88.5
21.9,4.99,22.44,2003-07-20,"WI-433247",45.25,-88.5
18.2,5,14.66,2003-07-21,"WI-433247",45.25,-88.5
17.3,4.59,19.11,2003-07-22,"WI-433247",45.25,-88.5
17.9,3.95,20.9,2003-07-23,"WI-433247",45.25,-88.5
19.4,4.12,25.16,2003-07-24,"WI-433247",45.25,-88.5
21.6,6.61,21.28,2003-07-25,"WI-433247",45.25,-88.5
23.6,5.17,16.86,2003-07-26,"WI-433247",45.25,-88.5
22.4,4.74,22.4,2003-07-27,"WI-433247",45.25,-88.5
18.9,2.56,24.52,2003-07-28,"WI-433247",45.25,-88.5
20.8,3.2,23.41,2003-07-29,"WI-433247",45.25,-88.5
20.2,4.9,17.82,2003-07-30,"WI-433247",45.25,-88.5
20.2,4.74,20.49,2003-07-31,"WI-433247",45.25,-88.5
19.6,2.55,19.97,2003-08-01,"WI-433247",45.25,-88.5
19,2.78,18.51,2003-08-02,"WI-433247",45.25,-88.5
17.5,2.55,12,2003-08-03,"WI-433247",45.25,-88.5
19.2,3.2,19.29,2003-08-04,"WI-433247",45.25,-88.5
19.9,2.31,20.52,2003-08-05,"WI-433247",45.25,-88.5
20.9,3.67,19.72,2003-08-06,"WI-433247",45.25,-88.5
20.4,4.88,18.87,2003-08-07,"WI-433247",45.25,-88.5
19.1,4.65,13.08,2003-08-08,"WI-433247",45.25,-88.5
20,2.19,21.63,2003-08-09,"WI-433247",45.25,-88.5
21.1,3.67,20.47,2003-08-10,"WI-433247",45.25,-88.5
19.1,5.46,15.2,2003-08-11,"WI-433247",45.25,-88.5
18.6,3.2,19.17,2003-08-12,"WI-433247",45.25,-88.5
19.6,2.45,24.26,2003-08-13,"WI-433247",45.25,-88.5
22.4,2.97,22.6,2003-08-14,"WI-433247",45.25,-88.5
24.8,5.51,21.55,2003-08-15,"WI-433247",45.25,-88.5
23.6,3.7,19.68,2003-08-16,"WI-433247",45.25,-88.5
20.5,2.86,21.65,2003-08-17,"WI-433247",45.25,-88.5
21.3,3.96,24.96,2003-08-18,"WI-433247",45.25,-88.5
23.8,3.98,21.96,2003-08-19,"WI-433247",45.25,-88.5
25.5,5.4,22.05,2003-08-20,"WI-433247",45.25,-88.5
24.4,6.23,21.48,2003-08-21,"WI-433247",45.25,-88.5
20.7,3.82,24.27,2003-08-22,"WI-433247",45.25,-88.5
17.5,3.06,17.8,2003-08-23,"WI-433247",45.25,-88.5
21.4,5.8,22.01,2003-08-24,"WI-433247",45.25,-88.5
23.4,3.25,19.32,2003-08-25,"WI-433247",45.25,-88.5
22.5,4.27,21.1,2003-08-26,"WI-433247",45.25,-88.5
17.9,4.15,22.38,2003-08-27,"WI-433247",45.25,-88.5
19.1,5.97,17.58,2003-08-28,"WI-433247",45.25,-88.5
17.8,5.41,14.85,2003-08-29,"WI-433247",45.25,-88.5
15.3,3.64,19.17,2003-08-30,"WI-433247",45.25,-88.5
16.4,3.22,17.85,2003-08-31,"WI-433247",45.25,-88.5
17.7,2.65,19.04,2003-09-01,"WI-433247",45.25,-88.5
18.6,5.32,21.61,2003-09-02,"WI-433247",45.25,-88.5
17.9,5.86,19.28,2003-09-03,"WI-433247",45.25,-88.5
14.9,5.02,17.4,2003-09-04,"WI-433247",45.25,-88.5
15,2.98,22.21,2003-09-05,"WI-433247",45.25,-88.5
20.1,3.49,21.46,2003-09-06,"WI-433247",45.25,-88.5
18.9,3.45,20.55,2003-09-07,"WI-433247",45.25,-88.5
19.9,3.51,20.19,2003-09-08,"WI-433247",45.25,-88.5
20.3,4.62,14.91,2003-09-09,"WI-433247",45.25,-88.5
19.7,4.95,19.72,2003-09-10,"WI-433247",45.25,-88.5
21.8,6.61,17.37,2003-09-11,"WI-433247",45.25,-88.5
20.1,7.34,10.8,2003-09-12,"WI-433247",45.25,-88.5
19,4.21,2.8,2003-09-13,"WI-433247",45.25,-88.5
15.1,3.92,2.39,2003-09-14,"WI-433247",45.25,-88.5
14,4,15.41,2003-09-15,"WI-433247",45.25,-88.5
16.2,3.03,19.51,2003-09-16,"WI-433247",45.25,-88.5
18.2,7.02,19.62,2003-09-17,"WI-433247",45.25,-88.5
19.2,6,17.63,2003-09-18,"WI-433247",45.25,-88.5
13.4,7.69,10.05,2003-09-19,"WI-433247",45.25,-88.5
11.4,4.33,19.1,2003-09-20,"WI-433247",45.25,-88.5
12.9,4.43,13.07,2003-09-21,"WI-433247",45.25,-88.5
14.1,6.57,11.18,2003-09-22,"WI-433247",45.25,-88.5
12.2,6.55,16.97,2003-09-23,"WI-433247",45.25,-88.5
12.1,7.3,6.93,2003-09-24,"WI-433247",45.25,-88.5
8.1,7.35,11.01,2003-09-25,"WI-433247",45.25,-88.5
9.5,5.8,6.38,2003-09-26,"WI-433247",45.25,-88.5
9.2,6.46,10.02,2003-09-27,"WI-433247",45.25,-88.5
7.5,6.14,9.19,2003-09-28,"WI-433247",45.25,-88.5
5.2,5.02,14.91,2003-09-29,"WI-433247",45.25,-88.5
4.4,6.48,14.14,2003-09-30,"WI-433247",45.25,-88.5
2.5,7.39,15.6,2003-10-01,"WI-433247",45.25,-88.5
3.1,4.69,15.73,2003-10-02,"WI-433247",45.25,-88.5
6.6,6.36,9.89,2003-10-03,"WI-433247",45.25,-88.5
5,5.55,10.11,2003-10-04,"WI-433247",45.25,-88.5
4.1,2.33,16.42,2003-10-05,"WI-433247",45.25,-88.5
6.4,3.52,15.75,2003-10-06,"WI-433247",45.25,-88.5
12.6,3.55,15.52,2003-10-07,"WI-433247",45.25,-88.5
17.7,4.7,15.26,2003-10-08,"WI-433247",45.25,-88.5
16.1,5.1,14.57,2003-10-09,"WI-433247",45.25,-88.5
15.4,4.92,14.53,2003-10-10,"WI-433247",45.25,-88.5
15.9,7.63,11.07,2003-10-11,"WI-433247",45.25,-88.5
12.1,6.94,14.74,2003-10-12,"WI-433247",45.25,-88.5
12.3,5.25,10.88,2003-10-13,"WI-433247",45.25,-88.5
10.1,6.87,9.21,2003-10-14,"WI-433247",45.25,-88.5
6.6,6.36,12.02,2003-10-15,"WI-433247",45.25,-88.5
5.2,5.88,11.64,2003-10-16,"WI-433247",45.25,-88.5
5.2,3.4,9.27,2003-10-17,"WI-433247",45.25,-88.5
11.5,4.46,13.27,2003-10-18,"WI-433247",45.25,-88.5
8.3,3.35,11.52,2003-10-19,"WI-433247",45.25,-88.5
14.9,6.33,12.27,2003-10-20,"WI-433247",45.25,-88.5
10.2,6.3,5.47,2003-10-21,"WI-433247",45.25,-88.5
4.5,2.97,7.09,2003-10-22,"WI-433247",45.25,-88.5
5.4,4.74,5.7,2003-10-23,"WI-433247",45.25,-88.5
4.7,4.13,4.77,2003-10-24,"WI-433247",45.25,-88.5
7.3,5,11.88,2003-10-25,"WI-433247",45.25,-88.5
3,3.77,7.23,2003-10-26,"WI-433247",45.25,-88.5
2.3,3.73,8.76,2003-10-27,"WI-433247",45.25,-88.5
3.5,4.4,5.03,2003-10-28,"WI-433247",45.25,-88.5
4.1,4.39,4.74,2003-10-29,"WI-433247",45.25,-88.5
6.1,5,4.83,2003-10-30,"WI-433247",45.25,-88.5
7.1,4.22,2.84,2003-10-31,"WI-433247",45.25,-88.5
2.5,4.3,9.15,2003-11-01,"WI-433247",45.25,-88.5
3.2,2.48,6.66,2003-11-02,"WI-433247",45.25,-88.5
0.9,5.47,1.97,2003-11-03,"WI-433247",45.25,-88.5
2.1,5.83,1.36,2003-11-04,"WI-433247",45.25,-88.5
1.2,4.88,5.08,2003-11-05,"WI-433247",45.25,-88.5
-3.2,5.78,10.97,2003-11-06,"WI-433247",45.25,-88.5
-6.6,6.68,10.4,2003-11-07,"WI-433247",45.25,-88.5
-9.2,3.67,10.59,2003-11-08,"WI-433247",45.25,-88.5
-3.8,4.41,10.34,2003-11-09,"WI-433247",45.25,-88.5
1.4,4.08,3.97,2003-11-10,"WI-433247",45.25,-88.5
5.1,5.69,5.45,2003-11-11,"WI-433247",45.25,-88.5
1.6,9.24,2.29,2003-11-12,"WI-433247",45.25,-88.5
-2.2,8.42,7.41,2003-11-13,"WI-433247",45.25,-88.5
1.9,5.56,9.16,2003-11-14,"WI-433247",45.25,-88.5
1,2.28,1.76,2003-11-15,"WI-433247",45.25,-88.5
2.8,2.3,1.21,2003-11-16,"WI-433247",45.25,-88.5
5.7,5.37,5.4,2003-11-17,"WI-433247",45.25,-88.5
8,4.59,1.57,2003-11-18,"WI-433247",45.25,-88.5
4.1,6.96,7.55,2003-11-19,"WI-433247",45.25,-88.5
6.3,5.68,7.11,2003-11-20,"WI-433247",45.25,-88.5
1.4,5.23,5,2003-11-21,"WI-433247",45.25,-88.5
-0.1,5.94,1.34,2003-11-22,"WI-433247",45.25,-88.5
0.3,5.86,0.98,2003-11-23,"WI-433247",45.25,-88.5
-6.4,7.74,5.84,2003-11-24,"WI-433247",45.25,-88.5
-4.1,7.08,7.17,2003-11-25,"WI-433247",45.25,-88.5
-0.9,4.97,7.91,2003-11-26,"WI-433247",45.25,-88.5
0.6,2.9,5.63,2003-11-27,"WI-433247",45.25,-88.5
-0.7,5.19,4.33,2003-11-28,"WI-433247",45.25,-88.5
-2.2,6.17,3.06,2003-11-29,"WI-433247",45.25,-88.5
1.2,7.59,5.75,2003-11-30,"WI-433247",45.25,-88.5
-2,9.42,6.75,2003-12-01,"WI-433247",45.25,-88.5
-5.4,5.72,7.58,2003-12-02,"WI-433247",45.25,-88.5
-3.9,2.58,7.37,2003-12-03,"WI-433247",45.25,-88.5
-1.7,2.16,7.17,2003-12-04,"WI-433247",45.25,-88.5
0.3,3.22,7.08,2003-12-05,"WI-433247",45.25,-88.5
-3.4,3.47,7.11,2003-12-06,"WI-433247",45.25,-88.5
-2.6,4.79,3.94,2003-12-07,"WI-433247",45.25,-88.5
1.4,3.92,5.07,2003-12-08,"WI-433247",45.25,-88.5
1.9,4.6,2.42,2003-12-09,"WI-433247",45.25,-88.5
-1.6,8.1,1.08,2003-12-10,"WI-433247",45.25,-88.5
-9.3,6.17,7,2003-12-11,"WI-433247",45.25,-88.5
-13.3,4.75,7.3,2003-12-12,"WI-433247",45.25,-88.5
-11.5,3.4,7.17,2003-12-13,"WI-433247",45.25,-88.5
-4.7,3.07,4.35,2003-12-14,"WI-433247",45.25,-88.5
-2.8,4.12,3.38,2003-12-15,"WI-433247",45.25,-88.5
-0.4,6.41,2.65,2003-12-16,"WI-433247",45.25,-88.5
-4.3,5.9,4.14,2003-12-17,"WI-433247",45.25,-88.5
-5.6,4.56,4.11,2003-12-18,"WI-433247",45.25,-88.5
-6.7,6.08,4.52,2003-12-19,"WI-433247",45.25,-88.5
-7.7,5.73,6.16,2003-12-20,"WI-433247",45.25,-88.5
-0.7,5.66,6.57,2003-12-21,"WI-433247",45.25,-88.5
1,4.61,6.63,2003-12-22,"WI-433247",45.25,-88.5
-3.4,5.12,4.01,2003-12-23,"WI-433247",45.25,-88.5
-7.6,4.05,4.53,2003-12-24,"WI-433247",45.25,-88.5
-6.1,3.91,7.14,2003-12-25,"WI-433247",45.25,-88.5
-3.5,3.04,6.73,2003-12-26,"WI-433247",45.25,-88.5
1.9,5,2.94,2003-12-27,"WI-433247",45.25,-88.5
5.3,5.79,5.41,2003-12-28,"WI-433247",45.25,-88.5
-0.1,4.88,4.34,2003-12-29,"WI-433247",45.25,-88.5
-2.6,4.78,6.7,2003-12-30,"WI-433247",45.25,-88.5
-4.4,8.42,7.15,2003-12-31,"WI-433247",45.25,-88.5
-5.7,4.92,3.81,2004-01-01,"WI-433247",45.25,-88.5
0.3,4.5,3.61,2004-01-02,"WI-433247",45.25,-88.5
-5.2,7.22,7.13,2004-01-03,"WI-433247",45.25,-88.5
-10.6,3.92,3.85,2004-01-04,"WI-433247",45.25,-88.5
-13.7,4.88,6.64,2004-01-05,"WI-433247",45.25,-88.5
-19.3,7.4,6.62,2004-01-06,"WI-433247",45.25,-88.5
-14.7,5.74,7.69,2004-01-07,"WI-433247",45.25,-88.5
-13.7,3.31,6.11,2004-01-08,"WI-433247",45.25,-88.5
-12.4,3.11,6.96,2004-01-09,"WI-433247",45.25,-88.5
-8.9,4.58,6.09,2004-01-10,"WI-433247",45.25,-88.5
-3.6,4.25,2.97,2004-01-11,"WI-433247",45.25,-88.5
-4.1,5.79,3.65,2004-01-12,"WI-433247",45.25,-88.5
-10.3,5.3,7.35,2004-01-13,"WI-433247",45.25,-88.5
-12.2,6.01,5.13,2004-01-14,"WI-433247",45.25,-88.5
-16.5,3.38,6.71,2004-01-15,"WI-433247",45.25,-88.5
-10.9,4.37,4.62,2004-01-16,"WI-433247",45.25,-88.5
-5.1,5.87,4.52,2004-01-17,"WI-433247",45.25,-88.5
-16.1,6.02,8.76,2004-01-18,"WI-433247",45.25,-88.5
-16.9,4.38,9.05,2004-01-19,"WI-433247",45.25,-88.5
-18.5,3.28,9.02,2004-01-20,"WI-433247",45.25,-88.5
-9.8,7.38,6.09,2004-01-21,"WI-433247",45.25,-88.5
-21.1,6.79,9.14,2004-01-22,"WI-433247",45.25,-88.5
-19.8,3.67,5.23,2004-01-23,"WI-433247",45.25,-88.5
-17.5,3.57,9.79,2004-01-24,"WI-433247",45.25,-88.5
-17.7,4.58,8.7,2004-01-25,"WI-433247",45.25,-88.5
-12.2,5.59,5.51,2004-01-26,"WI-433247",45.25,-88.5
-12.3,5.55,8.74,2004-01-27,"WI-433247",45.25,-88.5
-16.5,5.78,9.16,2004-01-28,"WI-433247",45.25,-88.5
-21.6,4.81,10.24,2004-01-29,"WI-433247",45.25,-88.5
-20.1,5.16,10.19,2004-01-30,"WI-433247",45.25,-88.5
-14.5,3.44,10.31,2004-01-31,"WI-433247",45.25,-88.5
-8.6,3.72,4.39,2004-02-01,"WI-433247",45.25,-88.5
-3.9,3.14,2.94,2004-02-02,"WI-433247",45.25,-88.5
-7.4,5.81,9.32,2004-02-03,"WI-433247",45.25,-88.5
-13.1,3.98,11.3,2004-02-04,"WI-433247",45.25,-88.5
-9.6,3.92,6.51,2004-02-05,"WI-433247",45.25,-88.5
-4.4,4.4,7.64,2004-02-06,"WI-433247",45.25,-88.5
-9.6,4.88,11.25,2004-02-07,"WI-433247",45.25,-88.5
-8.3,6.16,8.6,2004-02-08,"WI-433247",45.25,-88.5
-4.3,6.4,8.76,2004-02-09,"WI-433247",45.25,-88.5
-7.1,4.59,8.96,2004-02-10,"WI-433247",45.25,-88.5
-8.4,3.11,6.32,2004-02-11,"WI-433247",45.25,-88.5
-7.2,6.33,12.3,2004-02-12,"WI-433247",45.25,-88.5
-5.3,7.21,12.56,2004-02-13,"WI-433247",45.25,-88.5
-8.7,4.26,12.53,2004-02-14,"WI-433247",45.25,-88.5
-16.3,3.37,13.45,2004-02-15,"WI-433247",45.25,-88.5
-11.3,4.5,11.83,2004-02-16,"WI-433247",45.25,-88.5
-5.2,3.76,12.79,2004-02-17,"WI-433247",45.25,-88.5
-0.5,6.38,10.23,2004-02-18,"WI-433247",45.25,-88.5
-0.1,3.92,9.08,2004-02-19,"WI-433247",45.25,-88.5
-1.6,6.35,2.56,2004-02-20,"WI-433247",45.25,-88.5
-0.9,6.26,7.56,2004-02-21,"WI-433247",45.25,-88.5
-3.1,3.19,9.1,2004-02-22,"WI-433247",45.25,-88.5
1.3,3.42,6.59,2004-02-23,"WI-433247",45.25,-88.5
1.3,3.49,5.93,2004-02-24,"WI-433247",45.25,-88.5
-1.8,2.62,10.02,2004-02-25,"WI-433247",45.25,-88.5
-3.1,2.94,15.13,2004-02-26,"WI-433247",45.25,-88.5
-1.8,3.18,15.29,2004-02-27,"WI-433247",45.25,-88.5
0.9,3.8,14.13,2004-02-28,"WI-433247",45.25,-88.5
4.3,3.74,14.81,2004-02-29,"WI-433247",45.25,-88.5
2.2,3,2.61,2004-03-01,"WI-433247",45.25,-88.5
3.4,5.13,8.64,2004-03-02,"WI-433247",45.25,-88.5
1.5,3.83,9.22,2004-03-03,"WI-433247",45.25,-88.5
1,4.08,5.51,2004-03-04,"WI-433247",45.25,-88.5
-0.1,7.26,5.86,2004-03-05,"WI-433247",45.25,-88.5
-0.9,3.18,9.53,2004-03-06,"WI-433247",45.25,-88.5
0.8,7.25,7.45,2004-03-07,"WI-433247",45.25,-88.5
-1.4,5.12,14.16,2004-03-08,"WI-433247",45.25,-88.5
-1.8,3.3,18.02,2004-03-09,"WI-433247",45.25,-88.5
1.6,7.24,16.57,2004-03-10,"WI-433247",45.25,-88.5
-5.1,8.14,12.54,2004-03-11,"WI-433247",45.25,-88.5
-10.4,4.86,18.26,2004-03-12,"WI-433247",45.25,-88.5
-5.7,6.24,10.17,2004-03-13,"WI-433247",45.25,-88.5
0.4,9.2,9.33,2004-03-14,"WI-433247",45.25,-88.5
-3.7,5.24,17.33,2004-03-15,"WI-433247",45.25,-88.5
-5.5,3.79,19.57,2004-03-16,"WI-433247",45.25,-88.5
-3.5,3.22,11.78,2004-03-17,"WI-433247",45.25,-88.5
-1.6,2.6,10.33,2004-03-18,"WI-433247",45.25,-88.5
0.1,5.64,12.35,2004-03-19,"WI-433247",45.25,-88.5
2.7,8.44,11.86,2004-03-20,"WI-433247",45.25,-88.5
-7.2,6.14,20.16,2004-03-21,"WI-433247",45.25,-88.5
-7,6.22,20.23,2004-03-22,"WI-433247",45.25,-88.5
0.1,5.19,15.71,2004-03-23,"WI-433247",45.25,-88.5
3,4.18,12.8,2004-03-24,"WI-433247",45.25,-88.5
8.1,4.53,5.93,2004-03-25,"WI-433247",45.25,-88.5
9.8,4.05,15.22,2004-03-26,"WI-433247",45.25,-88.5
3.5,5.58,8.91,2004-03-27,"WI-433247",45.25,-88.5
9.8,7.43,6.24,2004-03-28,"WI-433247",45.25,-88.5
7.7,6.94,15.51,2004-03-29,"WI-433247",45.25,-88.5
3.2,4.9,10.11,2004-03-30,"WI-433247",45.25,-88.5
2.4,4.23,16.44,2004-03-31,"WI-433247",45.25,-88.5
4.2,3.98,22.56,2004-04-01,"WI-433247",45.25,-88.5
6.9,4.34,23.47,2004-04-02,"WI-433247",45.25,-88.5
3.9,11.18,18.13,2004-04-03,"WI-433247",45.25,-88.5
1.8,5.39,20.68,2004-04-04,"WI-433247",45.25,-88.5
3.1,3.9,23.18,2004-04-05,"WI-433247",45.25,-88.5
10.7,5.06,21.14,2004-04-06,"WI-433247",45.25,-88.5
10.2,4,18.68,2004-04-07,"WI-433247",45.25,-88.5
6.5,4.14,9.19,2004-04-08,"WI-433247",45.25,-88.5
4.5,4.47,16.03,2004-04-09,"WI-433247",45.25,-88.5
1.4,3.34,15.84,2004-04-10,"WI-433247",45.25,-88.5
0.6,2.65,16.02,2004-04-11,"WI-433247",45.25,-88.5
0.6,2.34,14.65,2004-04-12,"WI-433247",45.25,-88.5
4.9,4.44,24.79,2004-04-13,"WI-433247",45.25,-88.5
8.9,3.49,18.92,2004-04-14,"WI-433247",45.25,-88.5
9.1,5.34,22.7,2004-04-15,"WI-433247",45.25,-88.5
17.4,5.57,22.83,2004-04-16,"WI-433247",45.25,-88.5
13.1,4.61,17.49,2004-04-17,"WI-433247",45.25,-88.5
15,10.18,9.99,2004-04-18,"WI-433247",45.25,-88.5
11.2,9.48,15.47,2004-04-19,"WI-433247",45.25,-88.5
4.8,5.1,16.59,2004-04-20,"WI-433247",45.25,-88.5
6.2,5.19,6.02,2004-04-21,"WI-433247",45.25,-88.5
6.7,4.12,24.66,2004-04-22,"WI-433247",45.25,-88.5
6.4,6.3,17.87,2004-04-23,"WI-433247",45.25,-88.5
4.2,4.39,24,2004-04-24,"WI-433247",45.25,-88.5
4.7,4.1,5.48,2004-04-25,"WI-433247",45.25,-88.5
5.6,6.44,22.64,2004-04-26,"WI-433247",45.25,-88.5
4.3,4.78,24.2,2004-04-27,"WI-433247",45.25,-88.5
15.2,6.79,25.07,2004-04-28,"WI-433247",45.25,-88.5
17,8.39,14.38,2004-04-29,"WI-433247",45.25,-88.5
5.7,2.91,5.34,2004-04-30,"WI-433247",45.25,-88.5
7.9,4.55,21.32,2004-05-01,"WI-433247",45.25,-88.5
4.4,4.68,23.26,2004-05-02,"WI-433247",45.25,-88.5
5.4,4.51,21.69,2004-05-03,"WI-433247",45.25,-88.5
10.5,6.26,18.34,2004-05-04,"WI-433247",45.25,-88.5
8.6,4.71,23.97,2004-05-05,"WI-433247",45.25,-88.5
15.3,5.33,22.76,2004-05-06,"WI-433247",45.25,-88.5
8.9,4.5,21.74,2004-05-07,"WI-433247",45.25,-88.5
7.2,3.68,7.95,2004-05-08,"WI-433247",45.25,-88.5
9.2,3.24,9.19,2004-05-09,"WI-433247",45.25,-88.5
17.9,5.07,21.45,2004-05-10,"WI-433247",45.25,-88.5
12.9,5.51,24.36,2004-05-11,"WI-433247",45.25,-88.5
20.1,6.92,22.72,2004-05-12,"WI-433247",45.25,-88.5
14.9,5.04,4.62,2004-05-13,"WI-433247",45.25,-88.5
6.2,4.84,4.74,2004-05-14,"WI-433247",45.25,-88.5
8.1,3.51,27.19,2004-05-15,"WI-433247",45.25,-88.5
12.7,5.28,21.29,2004-05-16,"WI-433247",45.25,-88.5
16.2,8.25,12.82,2004-05-17,"WI-433247",45.25,-88.5
13.6,3.58,29.48,2004-05-18,"WI-433247",45.25,-88.5
14.6,5.22,26.97,2004-05-19,"WI-433247",45.25,-88.5
18.3,4.71,17.45,2004-05-20,"WI-433247",45.25,-88.5
9.7,4.34,11.73,2004-05-21,"WI-433247",45.25,-88.5
8.7,3.61,7.23,2004-05-22,"WI-433247",45.25,-88.5
8.6,7.19,3.05,2004-05-23,"WI-433247",45.25,-88.5
9.6,5.7,19.95,2004-05-24,"WI-433247",45.25,-88.5
10.9,4.41,9.97,2004-05-25,"WI-433247",45.25,-88.5
12.2,4.12,27.49,2004-05-26,"WI-433247",45.25,-88.5
12.6,5.07,18.21,2004-05-27,"WI-433247",45.25,-88.5
10.4,4.07,26.19,2004-05-28,"WI-433247",45.25,-88.5
9.3,4.66,16.59,2004-05-29,"WI-433247",45.25,-88.5
12.6,6.67,11.2,2004-05-30,"WI-433247",45.25,-88.5
13.1,5.3,4.87,2004-05-31,"WI-433247",45.25,-88.5
13.4,3.76,10.95,2004-06-01,"WI-433247",45.25,-88.5
14.6,4.31,26.24,2004-06-02,"WI-433247",45.25,-88.5
14.3,3.5,30.65,2004-06-03,"WI-433247",45.25,-88.5
15.2,2.33,25.93,2004-06-04,"WI-433247",45.25,-88.5
17,4.7,20.48,2004-06-05,"WI-433247",45.25,-88.5
19.9,4.52,23.08,2004-06-06,"WI-433247",45.25,-88.5
23.7,7.5,27.02,2004-06-07,"WI-433247",45.25,-88.5
26.3,6.49,22.92,2004-06-08,"WI-433247",45.25,-88.5
14.7,4.57,5.88,2004-06-09,"WI-433247",45.25,-88.5
11.9,5.53,10.17,2004-06-10,"WI-433247",45.25,-88.5
12.9,6.35,10.25,2004-06-11,"WI-433247",45.25,-88.5
16.4,4.39,15.51,2004-06-12,"WI-433247",45.25,-88.5
18.8,4,11.93,2004-06-13,"WI-433247",45.25,-88.5
18.2,5,22.41,2004-06-14,"WI-433247",45.25,-88.5
17.2,3.35,21.29,2004-06-15,"WI-433247",45.25,-88.5
19.6,3.58,25.28,2004-06-16,"WI-433247",45.25,-88.5
18.6,3.8,20.44,2004-06-17,"WI-433247",45.25,-88.5
17.6,5.91,22.11,2004-06-18,"WI-433247",45.25,-88.5
14,4.66,23.68,2004-06-19,"WI-433247",45.25,-88.5
16.5,6.45,22.77,2004-06-20,"WI-433247",45.25,-88.5
17,5.33,23.39,2004-06-21,"WI-433247",45.25,-88.5
15.3,5.94,23.07,2004-06-22,"WI-433247",45.25,-88.5
15.8,3.66,27.62,2004-06-23,"WI-433247",45.25,-88.5
11.6,7.5,23.51,2004-06-24,"WI-433247",45.25,-88.5
12.8,6.51,22.69,2004-06-25,"WI-433247",45.25,-88.5
14,5.07,20.97,2004-06-26,"WI-433247",45.25,-88.5
14,4.51,18.09,2004-06-27,"WI-433247",45.25,-88.5
16.6,4.55,24.96,2004-06-28,"WI-433247",45.25,-88.5
20.4,4.69,25.74,2004-06-29,"WI-433247",45.25,-88.5
21.3,5.58,26.2,2004-06-30,"WI-433247",45.25,-88.5
19.2,3.36,27.41,2004-07-01,"WI-433247",45.25,-88.5
17.6,3.26,24.35,2004-07-02,"WI-433247",45.25,-88.5
19.2,4.34,22.63,2004-07-03,"WI-433247",45.25,-88.5
18.7,5.54,8.05,2004-07-04,"WI-433247",45.25,-88.5
15.9,3.54,15.69,2004-07-05,"WI-433247",45.25,-88.5
12.9,5.44,2.08,2004-07-06,"WI-433247",45.25,-88.5
12.4,4.98,11.12,2004-07-07,"WI-433247",45.25,-88.5
15.4,6.04,11.4,2004-07-08,"WI-433247",45.25,-88.5
16,2.51,15.07,2004-07-09,"WI-433247",45.25,-88.5
19.1,2.51,24.24,2004-07-10,"WI-433247",45.25,-88.5
20,2.71,15.72,2004-07-11,"WI-433247",45.25,-88.5
22.7,3.52,27.88,2004-07-12,"WI-433247",45.25,-88.5
21.5,5.2,20.07,2004-07-13,"WI-433247",45.25,-88.5
20.8,6.23,23.84,2004-07-14,"WI-433247",45.25,-88.5
21.5,3.92,22.77,2004-07-15,"WI-433247",45.25,-88.5
18.7,3.62,16.89,2004-07-16,"WI-433247",45.25,-88.5
18.7,4.92,22.38,2004-07-17,"WI-433247",45.25,-88.5
18.4,2.66,28.66,2004-07-18,"WI-433247",45.25,-88.5
21.5,4.08,20.64,2004-07-19,"WI-433247",45.25,-88.5
22.1,2.62,17.87,2004-07-20,"WI-433247",45.25,-88.5
22.4,4.92,13.22,2004-07-21,"WI-433247",45.25,-88.5
21.1,4.42,25.12,2004-07-22,"WI-433247",45.25,-88.5
16,3.28,20.45,2004-07-23,"WI-433247",45.25,-88.5
15.5,2.78,20.61,2004-07-24,"WI-433247",45.25,-88.5
17.4,2.5,23.37,2004-07-25,"WI-433247",45.25,-88.5
19.7,2.82,24.39,2004-07-26,"WI-433247",45.25,-88.5
20.7,2.51,22.94,2004-07-27,"WI-433247",45.25,-88.5
21.5,5.73,27.13,2004-07-28,"WI-433247",45.25,-88.5
20.6,5.38,15.99,2004-07-29,"WI-433247",45.25,-88.5
19.9,3.32,22.78,2004-07-30,"WI-433247",45.25,-88.5
20,4.84,21.15,2004-07-31,"WI-433247",45.25,-88.5
22.6,4.43,21.59,2004-08-01,"WI-433247",45.25,-88.5
21.4,3.9,14.01,2004-08-02,"WI-433247",45.25,-88.5
21.1,2.5,19.51,2004-08-03,"WI-433247",45.25,-88.5
18.7,4.43,21.95,2004-08-04,"WI-433247",45.25,-88.5
16.3,4.51,22.2,2004-08-05,"WI-433247",45.25,-88.5
18.5,3.74,24.6,2004-08-06,"WI-433247",45.25,-88.5
16.8,2.34,15.17,2004-08-07,"WI-433247",45.25,-88.5
18.7,4.11,13,2004-08-08,"WI-433247",45.25,-88.5
20.1,5.91,17.73,2004-08-09,"WI-433247",45.25,-88.5
15.5,4.91,12.61,2004-08-10,"WI-433247",45.25,-88.5
11,6.08,7.64,2004-08-11,"WI-433247",45.25,-88.5
14,4.85,17.62,2004-08-12,"WI-433247",45.25,-88.5
13.4,3.34,17.53,2004-08-13,"WI-433247",45.25,-88.5
15,2.5,21.96,2004-08-14,"WI-433247",45.25,-88.5
16.7,3.47,20.47,2004-08-15,"WI-433247",45.25,-88.5
16.3,3.42,12.22,2004-08-16,"WI-433247",45.25,-88.5
18.1,4.13,18,2004-08-17,"WI-433247",45.25,-88.5
17.5,8.12,19.15,2004-08-18,"WI-433247",45.25,-88.5
13.3,5.7,25.58,2004-08-19,"WI-433247",45.25,-88.5
14.5,4.97,25.35,2004-08-20,"WI-433247",45.25,-88.5
12.8,3.35,25.31,2004-08-21,"WI-433247",45.25,-88.5
18.2,7.66,17.77,2004-08-22,"WI-433247",45.25,-88.5
15.6,4.16,16.66,2004-08-23,"WI-433247",45.25,-88.5
18,5.3,10.34,2004-08-24,"WI-433247",45.25,-88.5
21.3,3.86,11.07,2004-08-25,"WI-433247",45.25,-88.5
22.2,5.82,17.91,2004-08-26,"WI-433247",45.25,-88.5
21.8,4.64,23.01,2004-08-27,"WI-433247",45.25,-88.5
13.7,3.86,10.85,2004-08-28,"WI-433247",45.25,-88.5
12.7,2.98,21.63,2004-08-29,"WI-433247",45.25,-88.5
15.1,4.01,12.79,2004-08-30,"WI-433247",45.25,-88.5
16.9,2.72,19.22,2004-08-31,"WI-433247",45.25,-88.5
17.5,2.64,11.75,2004-09-01,"WI-433247",45.25,-88.5
20.9,4.49,18.12,2004-09-02,"WI-433247",45.25,-88.5
21.9,3.07,19.59,2004-09-03,"WI-433247",45.25,-88.5
21.1,3.57,20.4,2004-09-04,"WI-433247",45.25,-88.5
21.8,5.47,13.78,2004-09-05,"WI-433247",45.25,-88.5
20.6,7.21,11.96,2004-09-06,"WI-433247",45.25,-88.5
15.4,5.13,11.21,2004-09-07,"WI-433247",45.25,-88.5
13.9,3.41,14.68,2004-09-08,"WI-433247",45.25,-88.5
14.9,2.82,17.07,2004-09-09,"WI-433247",45.25,-88.5
17.3,5.58,20.26,2004-09-10,"WI-433247",45.25,-88.5
20.4,5.1,15.96,2004-09-11,"WI-433247",45.25,-88.5
18.1,3.47,10.7,2004-09-12,"WI-433247",45.25,-88.5
20.9,6.81,19.84,2004-09-13,"WI-433247",45.25,-88.5
21.9,6.23,10.26,2004-09-14,"WI-433247",45.25,-88.5
20.3,8.41,6.89,2004-09-15,"WI-433247",45.25,-88.5
14.2,6.77,15.92,2004-09-16,"WI-433247",45.25,-88.5
12.7,3.13,18.15,2004-09-17,"WI-433247",45.25,-88.5
15.3,3.48,17.07,2004-09-18,"WI-433247",45.25,-88.5
17.9,5.74,18.4,2004-09-19,"WI-433247",45.25,-88.5
18.5,4.93,17.23,2004-09-20,"WI-433247",45.25,-88.5
18.5,4.27,18.71,2004-09-21,"WI-433247",45.25,-88.5
19.2,3.3,16.8,2004-09-22,"WI-433247",45.25,-88.5
18,5.14,16.6,2004-09-23,"WI-433247",45.25,-88.5
16.3,6.74,13.73,2004-09-24,"WI-433247",45.25,-88.5
15.6,3.93,17,2004-09-25,"WI-433247",45.25,-88.5
15.4,3.48,17.8,2004-09-26,"WI-433247",45.25,-88.5
15.7,5.18,14.56,2004-09-27,"WI-433247",45.25,-88.5
11,4.96,14.2,2004-09-28,"WI-433247",45.25,-88.5
10.1,2.28,17.82,2004-09-29,"WI-433247",45.25,-88.5
12.1,4.53,16.81,2004-09-30,"WI-433247",45.25,-88.5
13.9,8.28,8.8,2004-10-01,"WI-433247",45.25,-88.5
6.4,6.28,17.23,2004-10-02,"WI-433247",45.25,-88.5
10.8,6.46,15.84,2004-10-03,"WI-433247",45.25,-88.5
5,6.26,12.8,2004-10-04,"WI-433247",45.25,-88.5
6.2,5.88,16.24,2004-10-05,"WI-433247",45.25,-88.5
16.1,5.59,15.63,2004-10-06,"WI-433247",45.25,-88.5
15.3,5.15,10.6,2004-10-07,"WI-433247",45.25,-88.5
15.6,7.37,5.28,2004-10-08,"WI-433247",45.25,-88.5
12.2,7.47,15.49,2004-10-09,"WI-433247",45.25,-88.5
8.6,2.18,15.29,2004-10-10,"WI-433247",45.25,-88.5
8.7,1.93,13.36,2004-10-11,"WI-433247",45.25,-88.5
8.6,2.31,13.8,2004-10-12,"WI-433247",45.25,-88.5
9.8,5.73,13.02,2004-10-13,"WI-433247",45.25,-88.5
7.4,5.3,5.77,2004-10-14,"WI-433247",45.25,-88.5
6.2,5.08,4.81,2004-10-15,"WI-433247",45.25,-88.5
3.7,8.72,6.58,2004-10-16,"WI-433247",45.25,-88.5
4.3,7.74,8.28,2004-10-17,"WI-433247",45.25,-88.5
4.4,4.62,6.02,2004-10-18,"WI-433247",45.25,-88.5
7.3,5.85,3.79,2004-10-19,"WI-433247",45.25,-88.5
9.3,2.21,8.64,2004-10-20,"WI-433247",45.25,-88.5
7.2,3.53,8.33,2004-10-21,"WI-433247",45.25,-88.5
9.5,6.1,3.8,2004-10-22,"WI-433247",45.25,-88.5
12.7,6.89,2.49,2004-10-23,"WI-433247",45.25,-88.5
10.5,4.9,7.63,2004-10-24,"WI-433247",45.25,-88.5
9.3,4.3,11.02,2004-10-25,"WI-433247",45.25,-88.5
5,4.61,5.71,2004-10-26,"WI-433247",45.25,-88.5
5.1,4.46,1.03,2004-10-27,"WI-433247",45.25,-88.5
8.7,4.92,2.16,2004-10-28,"WI-433247",45.25,-88.5
15,5.04,1.55,2004-10-29,"WI-433247",45.25,-88.5
12.6,7.04,5.48,2004-10-30,"WI-433247",45.25,-88.5
5.7,6.13,4.63,2004-10-31,"WI-433247",45.25,-88.5
5.5,3,2.84,2004-11-01,"WI-433247",45.25,-88.5
5.6,4.12,5.64,2004-11-02,"WI-433247",45.25,-88.5
4.9,2.84,9.67,2004-11-03,"WI-433247",45.25,-88.5
5.2,7.78,8.29,2004-11-04,"WI-433247",45.25,-88.5
5.8,6.65,9.19,2004-11-05,"WI-433247",45.25,-88.5
9.3,4.96,9.53,2004-11-06,"WI-433247",45.25,-88.5
5.3,6.89,7.68,2004-11-07,"WI-433247",45.25,-88.5
-0.2,3.72,7.07,2004-11-08,"WI-433247",45.25,-88.5
1.8,5.42,9.26,2004-11-09,"WI-433247",45.25,-88.5
8.1,5.69,1.04,2004-11-10,"WI-433247",45.25,-88.5
-0.1,4.75,10.02,2004-11-11,"WI-433247",45.25,-88.5
-1.3,2.69,9.58,2004-11-12,"WI-433247",45.25,-88.5
-0.1,3.47,9.56,2004-11-13,"WI-433247",45.25,-88.5
2.6,3.36,9.32,2004-11-14,"WI-433247",45.25,-88.5
2.6,3.25,1.59,2004-11-15,"WI-433247",45.25,-88.5
5.7,3.42,3.06,2004-11-16,"WI-433247",45.25,-88.5
10.7,2.62,2.31,2004-11-17,"WI-433247",45.25,-88.5
9.2,3.34,5.27,2004-11-18,"WI-433247",45.25,-88.5
4.7,4.4,2.31,2004-11-19,"WI-433247",45.25,-88.5
6.1,5.91,1.34,2004-11-20,"WI-433247",45.25,-88.5
1.4,4.93,7.7,2004-11-21,"WI-433247",45.25,-88.5
1.6,4.3,6.89,2004-11-22,"WI-433247",45.25,-88.5
2.4,5.51,6.1,2004-11-23,"WI-433247",45.25,-88.5
-2.4,4.07,6.94,2004-11-24,"WI-433247",45.25,-88.5
-3.4,4.55,6.36,2004-11-25,"WI-433247",45.25,-88.5
-0.8,3.66,3.33,2004-11-26,"WI-433247",45.25,-88.5
2.4,7.27,0.74,2004-11-27,"WI-433247",45.25,-88.5
-0.2,7.57,7.53,2004-11-28,"WI-433247",45.25,-88.5
-1.4,4.47,6.85,2004-11-29,"WI-433247",45.25,-88.5
-2.8,3.98,7.87,2004-11-30,"WI-433247",45.25,-88.5
-2,5.95,7.03,2004-12-01,"WI-433247",45.25,-88.5
-3.9,5.59,3.76,2004-12-02,"WI-433247",45.25,-88.5
-5.8,5.81,7.2,2004-12-03,"WI-433247",45.25,-88.5
2.9,7.57,5.16,2004-12-04,"WI-433247",45.25,-88.5
-2.7,4.73,5.32,2004-12-05,"WI-433247",45.25,-88.5
-0.4,5.2,1.37,2004-12-06,"WI-433247",45.25,-88.5
1.7,4.74,1.17,2004-12-07,"WI-433247",45.25,-88.5
1,4.57,5.1,2004-12-08,"WI-433247",45.25,-88.5
2.4,5,4.38,2004-12-09,"WI-433247",45.25,-88.5
1.8,7.21,2.22,2004-12-10,"WI-433247",45.25,-88.5
-0.9,5.41,5.72,2004-12-11,"WI-433247",45.25,-88.5
-0.8,8.54,3.05,2004-12-12,"WI-433247",45.25,-88.5
-5.6,8.16,4.33,2004-12-13,"WI-433247",45.25,-88.5
-8.5,4.36,7.07,2004-12-14,"WI-433247",45.25,-88.5
-2.9,6.18,6.29,2004-12-15,"WI-433247",45.25,-88.5
-2.1,7.02,2.66,2004-12-16,"WI-433247",45.25,-88.5
-8.3,5.5,7.09,2004-12-17,"WI-433247",45.25,-88.5
-5.1,7.18,3.77,2004-12-18,"WI-433247",45.25,-88.5
-16.9,6.39,7.3,2004-12-19,"WI-433247",45.25,-88.5
-12.3,6.31,1.66,2004-12-20,"WI-433247",45.25,-88.5
-8.4,5.02,4.42,2004-12-21,"WI-433247",45.25,-88.5
-17.8,5.42,7.24,2004-12-22,"WI-433247",45.25,-88.5
-16.6,5.55,6.68,2004-12-23,"WI-433247",45.25,-88.5
-23.8,4.81,7.36,2004-12-24,"WI-433247",45.25,-88.5
-16.6,3.76,4.73,2004-12-25,"WI-433247",45.25,-88.5
-12.2,5.23,6.49,2004-12-26,"WI-433247",45.25,-88.5
-12.7,3.88,3.83,2004-12-27,"WI-433247",45.25,-88.5
-5,3.61,5.49,2004-12-28,"WI-433247",45.25,-88.5
-5.5,3,6.59,2004-12-29,"WI-433247",45.25,-88.5
-1,6.03,0.92,2004-12-30,"WI-433247",45.25,-88.5
1.1,8.31,5.17,2004-12-31,"WI-433247",45.25,-88.5
-6.8,4.92,3.55,2005-01-01,"WI-433247",45.25,-88.5
-2.1,5.17,6,2005-01-02,"WI-433247",45.25,-88.5
-9.3,3.4,5.9,2005-01-03,"WI-433247",45.25,-88.5
-8.7,4.7,6.81,2005-01-04,"WI-433247",45.25,-88.5
-11.6,4.37,4.14,2005-01-05,"WI-433247",45.25,-88.5
-9.8,3.4,4.17,2005-01-06,"WI-433247",45.25,-88.5
-10.8,5.31,7.48,2005-01-07,"WI-433247",45.25,-88.5
-8.2,2.71,7.05,2005-01-08,"WI-433247",45.25,-88.5
-6.4,6.04,5.75,2005-01-09,"WI-433247",45.25,-88.5
-8,5.69,7.35,2005-01-10,"WI-433247",45.25,-88.5
-5.1,3.01,5.13,2005-01-11,"WI-433247",45.25,-88.5
0.7,4.96,1.14,2005-01-12,"WI-433247",45.25,-88.5
-6,6.6,4.59,2005-01-13,"WI-433247",45.25,-88.5
-21.6,6.05,8.77,2005-01-14,"WI-433247",45.25,-88.5
-22.2,5.52,8.75,2005-01-15,"WI-433247",45.25,-88.5
-22.6,3.72,8.83,2005-01-16,"WI-433247",45.25,-88.5
-22.7,4.21,9.04,2005-01-17,"WI-433247",45.25,-88.5
-16.4,7.59,4.59,2005-01-18,"WI-433247",45.25,-88.5
-7.8,6.79,7.64,2005-01-19,"WI-433247",45.25,-88.5
-12.4,3.42,4.77,2005-01-20,"WI-433247",45.25,-88.5
-13.2,4.14,6.51,2005-01-21,"WI-433247",45.25,-88.5
-10.9,7,7.22,2005-01-22,"WI-433247",45.25,-88.5
-15.8,6.3,8.75,2005-01-23,"WI-433247",45.25,-88.5
-4.3,6.48,8.64,2005-01-24,"WI-433247",45.25,-88.5
-2.8,5.16,4.13,2005-01-25,"WI-433247",45.25,-88.5
-10.4,5.82,9.65,2005-01-26,"WI-433247",45.25,-88.5
-17.4,3,10.23,2005-01-27,"WI-433247",45.25,-88.5
-10.6,4.02,9.21,2005-01-28,"WI-433247",45.25,-88.5
-3.2,2.91,6.54,2005-01-29,"WI-433247",45.25,-88.5
-1.1,2.92,5.18,2005-01-30,"WI-433247",45.25,-88.5
0.3,2.48,3.89,2005-01-31,"WI-433247",45.25,-88.5
0.6,3.02,6.3,2005-02-01,"WI-433247",45.25,-88.5
1.8,4.6,6.81,2005-02-02,"WI-433247",45.25,-88.5
2.3,5.5,10.52,2005-02-03,"WI-433247",45.25,-88.5
2.3,3.88,10.66,2005-02-04,"WI-433247",45.25,-88.5
2.5,5.43,10.65,2005-02-05,"WI-433247",45.25,-88.5
4.6,5.61,3.48,2005-02-06,"WI-433247",45.25,-88.5
-1,4.14,3.92,2005-02-07,"WI-433247",45.25,-88.5
-7.3,4.31,8.06,2005-02-08,"WI-433247",45.25,-88.5
-6.8,3.25,7.56,2005-02-09,"WI-433247",45.25,-88.5
-5.9,4.25,12.52,2005-02-10,"WI-433247",45.25,-88.5
0.7,5.46,10.01,2005-02-11,"WI-433247",45.25,-88.5
3.1,5.16,12.17,2005-02-12,"WI-433247",45.25,-88.5
-0.9,5,7.96,2005-02-13,"WI-433247",45.25,-88.5
0.8,5.69,6.72,2005-02-14,"WI-433247",45.25,-88.5
-1.3,5.51,8.91,2005-02-15,"WI-433247",45.25,-88.5
-7.9,5.06,11.58,2005-02-16,"WI-433247",45.25,-88.5
-13.3,5.03,12.37,2005-02-17,"WI-433247",45.25,-88.5
-13.3,3.94,13.98,2005-02-18,"WI-433247",45.25,-88.5
-9.2,3.41,13.65,2005-02-19,"WI-433247",45.25,-88.5
-7.1,4.63,3.57,2005-02-20,"WI-433247",45.25,-88.5
-3.8,4.21,12.56,2005-02-21,"WI-433247",45.25,-88.5
-7.1,3.34,10.84,2005-02-22,"WI-433247",45.25,-88.5
-8.1,1.77,11.09,2005-02-23,"WI-433247",45.25,-88.5
-6.1,3.51,12.51,2005-02-24,"WI-433247",45.25,-88.5
-4.1,3.86,12.21,2005-02-25,"WI-433247",45.25,-88.5
-10.7,3.19,15.64,2005-02-26,"WI-433247",45.25,-88.5
-6.3,5.01,6.43,2005-02-27,"WI-433247",45.25,-88.5
-4.6,5.64,5.81,2005-02-28,"WI-433247",45.25,-88.5
-9.4,6.49,16.03,2005-03-01,"WI-433247",45.25,-88.5
-10.6,4.47,16.59,2005-03-02,"WI-433247",45.25,-88.5
-10.8,3.2,15.81,2005-03-03,"WI-433247",45.25,-88.5
-3.5,3.21,11.22,2005-03-04,"WI-433247",45.25,-88.5
0.2,6.1,16.29,2005-03-05,"WI-433247",45.25,-88.5
4.9,6.83,15.17,2005-03-06,"WI-433247",45.25,-88.5
-5.2,7.8,12.55,2005-03-07,"WI-433247",45.25,-88.5
-11.8,5.02,18.22,2005-03-08,"WI-433247",45.25,-88.5
-10.5,4.88,18.46,2005-03-09,"WI-433247",45.25,-88.5
-6.3,4.08,8.83,2005-03-10,"WI-433247",45.25,-88.5
-6.1,7.43,11.7,2005-03-11,"WI-433247",45.25,-88.5
-10.5,4.56,18.46,2005-03-12,"WI-433247",45.25,-88.5
-10.8,3.44,18.12,2005-03-13,"WI-433247",45.25,-88.5
-7.7,3.06,15.21,2005-03-14,"WI-433247",45.25,-88.5
-6,3.7,13.27,2005-03-15,"WI-433247",45.25,-88.5
-6.6,3.04,10.3,2005-03-16,"WI-433247",45.25,-88.5
-5.4,3.41,15.61,2005-03-17,"WI-433247",45.25,-88.5
-6.6,4.94,11.74,2005-03-18,"WI-433247",45.25,-88.5
-2.9,5.61,7.48,2005-03-19,"WI-433247",45.25,-88.5
-0.3,4.22,12.89,2005-03-20,"WI-433247",45.25,-88.5
-1.2,3.2,17.51,2005-03-21,"WI-433247",45.25,-88.5
-2.3,3.62,20.12,2005-03-22,"WI-433247",45.25,-88.5
-1,3.91,18.68,2005-03-23,"WI-433247",45.25,-88.5
0.6,4.61,15.97,2005-03-24,"WI-433247",45.25,-88.5
-0.5,4.16,21.4,2005-03-25,"WI-433247",45.25,-88.5
1,3.54,21.29,2005-03-26,"WI-433247",45.25,-88.5
4,4.02,20.33,2005-03-27,"WI-433247",45.25,-88.5
9.1,3.36,20.64,2005-03-28,"WI-433247",45.25,-88.5
9.6,6.64,18.16,2005-03-29,"WI-433247",45.25,-88.5
11.3,5.86,16.05,2005-03-30,"WI-433247",45.25,-88.5
7.2,8.86,6.92,2005-03-31,"WI-433247",45.25,-88.5
6.5,4.33,16.37,2005-04-01,"WI-433247",45.25,-88.5
6.7,4.2,19.64,2005-04-02,"WI-433247",45.25,-88.5
8.7,5.19,20.85,2005-04-03,"WI-433247",45.25,-88.5
8,5.12,19.65,2005-04-04,"WI-433247",45.25,-88.5
13.1,4.92,20.4,2005-04-05,"WI-433247",45.25,-88.5
7.6,4.52,10.32,2005-04-06,"WI-433247",45.25,-88.5
11.1,4.33,23.43,2005-04-07,"WI-433247",45.25,-88.5
9.9,3.75,23.54,2005-04-08,"WI-433247",45.25,-88.5
10.6,4.89,21.36,2005-04-09,"WI-433247",45.25,-88.5
11.6,5.02,19.4,2005-04-10,"WI-433247",45.25,-88.5
9.3,6.61,19.73,2005-04-11,"WI-433247",45.25,-88.5
7.1,6.2,24.77,2005-04-12,"WI-433247",45.25,-88.5
9.1,4.02,25.3,2005-04-13,"WI-433247",45.25,-88.5
10.5,3.98,24.94,2005-04-14,"WI-433247",45.25,-88.5
9.7,3.71,25.43,2005-04-15,"WI-433247",45.25,-88.5
11.9,3.35,9.72,2005-04-16,"WI-433247",45.25,-88.5
13.4,3.47,24.84,2005-04-17,"WI-433247",45.25,-88.5
16.3,4.74,22.96,2005-04-18,"WI-433247",45.25,-88.5
19.1,5.1,17.16,2005-04-19,"WI-433247",45.25,-88.5
11.6,5.95,21.23,2005-04-20,"WI-433247",45.25,-88.5
7.5,3.16,25.79,2005-04-21,"WI-433247",45.25,-88.5
6.7,7.38,19.06,2005-04-22,"WI-433247",45.25,-88.5
2.1,7.32,22.49,2005-04-23,"WI-433247",45.25,-88.5
4.6,7.88,23.76,2005-04-24,"WI-433247",45.25,-88.5
7.9,4.1,18.23,2005-04-25,"WI-433247",45.25,-88.5
5.1,3.32,14.63,2005-04-26,"WI-433247",45.25,-88.5
3.7,4.52,13.42,2005-04-27,"WI-433247",45.25,-88.5
4.2,3.57,17.88,2005-04-28,"WI-433247",45.25,-88.5
5.5,3.32,18.35,2005-04-29,"WI-433247",45.25,-88.5
5.2,4.3,20.33,2005-04-30,"WI-433247",45.25,-88.5
4.2,4.81,19.97,2005-05-01,"WI-433247",45.25,-88.5
3,5.02,16.3,2005-05-02,"WI-433247",45.25,-88.5
5,4.47,18.3,2005-05-03,"WI-433247",45.25,-88.5
9.2,4.53,27.78,2005-05-04,"WI-433247",45.25,-88.5
13.3,5.73,25.21,2005-05-05,"WI-433247",45.25,-88.5
14.4,4.78,20.22,2005-05-06,"WI-433247",45.25,-88.5
11.5,3.82,25.77,2005-05-07,"WI-433247",45.25,-88.5
16.4,5.14,22.74,2005-05-08,"WI-433247",45.25,-88.5
17.5,6.1,16.03,2005-05-09,"WI-433247",45.25,-88.5
16.7,6.21,16.77,2005-05-10,"WI-433247",45.25,-88.5
8.7,5.73,17.33,2005-05-11,"WI-433247",45.25,-88.5
2.6,5.73,14.9,2005-05-12,"WI-433247",45.25,-88.5
5,4.47,2.85,2005-05-13,"WI-433247",45.25,-88.5
8.8,5.3,15.98,2005-05-14,"WI-433247",45.25,-88.5
6.8,6.67,16,2005-05-15,"WI-433247",45.25,-88.5
7.6,3.52,14.45,2005-05-16,"WI-433247",45.25,-88.5
9.7,3.58,15.17,2005-05-17,"WI-433247",45.25,-88.5
13.5,4.67,13.36,2005-05-18,"WI-433247",45.25,-88.5
10.9,5.53,3.48,2005-05-19,"WI-433247",45.25,-88.5
13.5,3.65,28.87,2005-05-20,"WI-433247",45.25,-88.5
15.1,3.95,23.72,2005-05-21,"WI-433247",45.25,-88.5
16.6,5.91,21.61,2005-05-22,"WI-433247",45.25,-88.5
14.1,6,13.6,2005-05-23,"WI-433247",45.25,-88.5
15.3,3.94,21.34,2005-05-24,"WI-433247",45.25,-88.5
15.6,4.62,28.58,2005-05-25,"WI-433247",45.25,-88.5
15.6,5.52,23.84,2005-05-26,"WI-433247",45.25,-88.5
12.7,3.86,25.21,2005-05-27,"WI-433247",45.25,-88.5
12.1,3.31,24.39,2005-05-28,"WI-433247",45.25,-88.5
13.2,2.51,23.17,2005-05-29,"WI-433247",45.25,-88.5
15.7,2.81,21.28,2005-05-30,"WI-433247",45.25,-88.5
17.6,3.26,27.65,2005-05-31,"WI-433247",45.25,-88.5
18.7,4.08,25.87,2005-06-01,"WI-433247",45.25,-88.5
19.4,4.34,29,2005-06-02,"WI-433247",45.25,-88.5
19.5,4.53,22.77,2005-06-03,"WI-433247",45.25,-88.5
19.9,5.28,12.44,2005-06-04,"WI-433247",45.25,-88.5
21,6.05,17.8,2005-06-05,"WI-433247",45.25,-88.5
20.8,7.4,22.43,2005-06-06,"WI-433247",45.25,-88.5
20.9,5.02,28.89,2005-06-07,"WI-433247",45.25,-88.5
19.7,5.6,18.32,2005-06-08,"WI-433247",45.25,-88.5
22.9,3.14,24.69,2005-06-09,"WI-433247",45.25,-88.5
22.4,4.75,24.25,2005-06-10,"WI-433247",45.25,-88.5
23.2,4.11,21.7,2005-06-11,"WI-433247",45.25,-88.5
23.9,5.1,25.46,2005-06-12,"WI-433247",45.25,-88.5
21.9,3.82,23.45,2005-06-13,"WI-433247",45.25,-88.5
19.6,3.81,14.53,2005-06-14,"WI-433247",45.25,-88.5
16,7.22,14.41,2005-06-15,"WI-433247",45.25,-88.5
16.3,6.8,28.25,2005-06-16,"WI-433247",45.25,-88.5
15.9,5.65,19.27,2005-06-17,"WI-433247",45.25,-88.5
15.8,2.87,25.87,2005-06-18,"WI-433247",45.25,-88.5
18.8,2.94,30.5,2005-06-19,"WI-433247",45.25,-88.5
22.6,4.2,29.46,2005-06-20,"WI-433247",45.25,-88.5
24.3,4.14,29.87,2005-06-21,"WI-433247",45.25,-88.5
21.4,3.73,30.65,2005-06-22,"WI-433247",45.25,-88.5
25,6.24,28.14,2005-06-23,"WI-433247",45.25,-88.5
26.3,5.77,25.65,2005-06-24,"WI-433247",45.25,-88.5
22.6,3.1,22.65,2005-06-25,"WI-433247",45.25,-88.5
20.6,5.06,16.14,2005-06-26,"WI-433247",45.25,-88.5
26,6.08,27.87,2005-06-27,"WI-433247",45.25,-88.5
24.2,4.12,20,2005-06-28,"WI-433247",45.25,-88.5
19.9,4.25,17.08,2005-06-29,"WI-433247",45.25,-88.5
22,8.8,26.58,2005-06-30,"WI-433247",45.25,-88.5
16.5,6.91,17.99,2005-07-01,"WI-433247",45.25,-88.5
17.4,4.02,30.29,2005-07-02,"WI-433247",45.25,-88.5
20.7,6.11,26.54,2005-07-03,"WI-433247",45.25,-88.5
22.8,4.74,21.71,2005-07-04,"WI-433247",45.25,-88.5
19,3.3,18.86,2005-07-05,"WI-433247",45.25,-88.5
17.2,3.27,19.08,2005-07-06,"WI-433247",45.25,-88.5
18.7,3.09,24.24,2005-07-07,"WI-433247",45.25,-88.5
19.9,2.64,29.2,2005-07-08,"WI-433247",45.25,-88.5
23,3.89,25.61,2005-07-09,"WI-433247",45.25,-88.5
25.2,3.36,25.77,2005-07-10,"WI-433247",45.25,-88.5
25.4,3.01,28.78,2005-07-11,"WI-433247",45.25,-88.5
25.5,3.39,25.74,2005-07-12,"WI-433247",45.25,-88.5
26.3,3.7,23.4,2005-07-13,"WI-433247",45.25,-88.5
24.3,3.54,28.82,2005-07-14,"WI-433247",45.25,-88.5
25.1,3.11,28.56,2005-07-15,"WI-433247",45.25,-88.5
26.8,3.04,27.13,2005-07-16,"WI-433247",45.25,-88.5
27.6,4.09,27.22,2005-07-17,"WI-433247",45.25,-88.5
25.4,7.55,22.28,2005-07-18,"WI-433247",45.25,-88.5
21.2,3.89,29.2,2005-07-19,"WI-433247",45.25,-88.5
23.2,4.52,20.15,2005-07-20,"WI-433247",45.25,-88.5
24.9,3.5,27.12,2005-07-21,"WI-433247",45.25,-88.5
22.4,3,23.26,2005-07-22,"WI-433247",45.25,-88.5
20.2,4.05,11.66,2005-07-23,"WI-433247",45.25,-88.5
26,4.9,19.59,2005-07-24,"WI-433247",45.25,-88.5
23.6,5.44,20.57,2005-07-25,"WI-433247",45.25,-88.5
18.1,5.97,13.16,2005-07-26,"WI-433247",45.25,-88.5
16.3,3.14,19.6,2005-07-27,"WI-433247",45.25,-88.5
18.8,4.34,22.36,2005-07-28,"WI-433247",45.25,-88.5
17.7,3.26,24.49,2005-07-29,"WI-433247",45.25,-88.5
19,5.21,20.23,2005-07-30,"WI-433247",45.25,-88.5
25.1,5.29,23.18,2005-07-31,"WI-433247",45.25,-88.5
26,3.85,24.2,2005-08-01,"WI-433247",45.25,-88.5
26.3,3.99,25.54,2005-08-02,"WI-433247",45.25,-88.5
26.9,5.79,21.4,2005-08-03,"WI-433247",45.25,-88.5
24.3,6.01,22.15,2005-08-04,"WI-433247",45.25,-88.5
20.5,3.04,27.32,2005-08-05,"WI-433247",45.25,-88.5
20.7,3.98,27.47,2005-08-06,"WI-433247",45.25,-88.5
22.7,3.26,27.15,2005-08-07,"WI-433247",45.25,-88.5
24.7,5.56,25.91,2005-08-08,"WI-433247",45.25,-88.5
25.2,4.24,14.41,2005-08-09,"WI-433247",45.25,-88.5
21.4,3.54,23.77,2005-08-10,"WI-433247",45.25,-88.5
18.4,3.61,10.08,2005-08-11,"WI-433247",45.25,-88.5
20.9,4.92,17.17,2005-08-12,"WI-433247",45.25,-88.5
18.3,3.13,20.69,2005-08-13,"WI-433247",45.25,-88.5
17.9,2.88,22.5,2005-08-14,"WI-433247",45.25,-88.5
18.3,2.56,24.41,2005-08-15,"WI-433247",45.25,-88.5
20,3.14,24.02,2005-08-16,"WI-433247",45.25,-88.5
18.6,3.55,15.49,2005-08-17,"WI-433247",45.25,-88.5
19.6,5.08,9.78,2005-08-18,"WI-433247",45.25,-88.5
21.3,4.34,13.98,2005-08-19,"WI-433247",45.25,-88.5
21.3,5.98,18.85,2005-08-20,"WI-433247",45.25,-88.5
16.7,5.97,13.2,2005-08-21,"WI-433247",45.25,-88.5
15.1,3.72,15.01,2005-08-22,"WI-433247",45.25,-88.5
14.9,2.8,17.36,2005-08-23,"WI-433247",45.25,-88.5
16.2,3.97,15.57,2005-08-24,"WI-433247",45.25,-88.5
18.4,4.24,19.36,2005-08-25,"WI-433247",45.25,-88.5
19.6,4.14,15.49,2005-08-26,"WI-433247",45.25,-88.5
20.3,5.3,21.73,2005-08-27,"WI-433247",45.25,-88.5
18.8,5.2,17.64,2005-08-28,"WI-433247",45.25,-88.5
18.7,3.98,15,2005-08-29,"WI-433247",45.25,-88.5
17.4,3.09,13.99,2005-08-30,"WI-433247",45.25,-88.5
17.7,3.18,16.61,2005-08-31,"WI-433247",45.25,-88.5
20.1,8.32,23.01,2005-09-01,"WI-433247",45.25,-88.5
18.2,6.22,13.83,2005-09-02,"WI-433247",45.25,-88.5
16.4,2.96,20.2,2005-09-03,"WI-433247",45.25,-88.5
17.5,3.92,17.95,2005-09-04,"WI-433247",45.25,-88.5
19.9,4.52,20.69,2005-09-05,"WI-433247",45.25,-88.5
22.9,5.69,16.89,2005-09-06,"WI-433247",45.25,-88.5
19.8,2.83,11.97,2005-09-07,"WI-433247",45.25,-88.5
16.3,1.84,13.23,2005-09-08,"WI-433247",45.25,-88.5
17.6,4.63,18.1,2005-09-09,"WI-433247",45.25,-88.5
22.5,5.04,17.03,2005-09-10,"WI-433247",45.25,-88.5
25.8,5.52,20.04,2005-09-11,"WI-433247",45.25,-88.5
25.2,5.77,16.57,2005-09-12,"WI-433247",45.25,-88.5
23.5,6.01,11.7,2005-09-13,"WI-433247",45.25,-88.5
16.5,5.55,17.83,2005-09-14,"WI-433247",45.25,-88.5
13.9,2.47,19.07,2005-09-15,"WI-433247",45.25,-88.5
16.8,2.27,19.48,2005-09-16,"WI-433247",45.25,-88.5
16.6,3.44,19.19,2005-09-17,"WI-433247",45.25,-88.5
18.8,2.92,15.66,2005-09-18,"WI-433247",45.25,-88.5
16.5,6.99,5.58,2005-09-19,"WI-433247",45.25,-88.5
19.1,5.99,18.65,2005-09-20,"WI-433247",45.25,-88.5
21,5.75,16.99,2005-09-21,"WI-433247",45.25,-88.5
17.2,5.38,6.53,2005-09-22,"WI-433247",45.25,-88.5
11.9,3.5,17.16,2005-09-23,"WI-433247",45.25,-88.5
14.4,4.71,6.67,2005-09-24,"WI-433247",45.25,-88.5
15.7,4.12,1.9,2005-09-25,"WI-433247",45.25,-88.5
13.7,4.3,17.07,2005-09-26,"WI-433247",45.25,-88.5
14,4.02,17.56,2005-09-27,"WI-433247",45.25,-88.5
12,6.35,1.88,2005-09-28,"WI-433247",45.25,-88.5
8.8,6.13,13.71,2005-09-29,"WI-433247",45.25,-88.5
13.9,5.48,14.54,2005-09-30,"WI-433247",45.25,-88.5
17.9,5.32,16.26,2005-10-01,"WI-433247",45.25,-88.5
19,5.31,15.89,2005-10-02,"WI-433247",45.25,-88.5
23.3,5.41,8.7,2005-10-03,"WI-433247",45.25,-88.5
22.5,5.44,8.82,2005-10-04,"WI-433247",45.25,-88.5
22.2,6.41,12.39,2005-10-05,"WI-433247",45.25,-88.5
8,5.91,10.79,2005-10-06,"WI-433247",45.25,-88.5
4.6,4.08,7.13,2005-10-07,"WI-433247",45.25,-88.5
4.8,3.19,11.37,2005-10-08,"WI-433247",45.25,-88.5
6.5,2.93,10.24,2005-10-09,"WI-433247",45.25,-88.5
7.9,3.19,10.08,2005-10-10,"WI-433247",45.25,-88.5
9.4,3.04,4.37,2005-10-11,"WI-433247",45.25,-88.5
12.6,2.5,1.95,2005-10-12,"WI-433247",45.25,-88.5
12.8,2.6,5.88,2005-10-13,"WI-433247",45.25,-88.5
14.1,6.12,13.19,2005-10-14,"WI-433247",45.25,-88.5
11.2,7.39,8.39,2005-10-15,"WI-433247",45.25,-88.5
8.3,3.36,13.03,2005-10-16,"WI-433247",45.25,-88.5
10.7,6.23,7.79,2005-10-17,"WI-433247",45.25,-88.5
11.4,5.22,12.29,2005-10-18,"WI-433247",45.25,-88.5
8.9,8.03,12.11,2005-10-19,"WI-433247",45.25,-88.5
5.6,2.56,9.02,2005-10-20,"WI-433247",45.25,-88.5
4.8,2.19,9.17,2005-10-21,"WI-433247",45.25,-88.5
5.7,3.2,2.16,2005-10-22,"WI-433247",45.25,-88.5
5.5,5.07,4.82,2005-10-23,"WI-433247",45.25,-88.5
5.6,4.77,6.82,2005-10-24,"WI-433247",45.25,-88.5
5.1,4.22,7.83,2005-10-25,"WI-433247",45.25,-88.5
4.6,2.92,5.58,2005-10-26,"WI-433247",45.25,-88.5
3.6,2.36,8.85,2005-10-27,"WI-433247",45.25,-88.5
4.1,3.2,11.71,2005-10-28,"WI-433247",45.25,-88.5
8.1,5.1,11.29,2005-10-29,"WI-433247",45.25,-88.5
11.2,4.88,3.49,2005-10-30,"WI-433247",45.25,-88.5
10,4.02,5.9,2005-10-31,"WI-433247",45.25,-88.5
5.7,4.57,7.87,2005-11-01,"WI-433247",45.25,-88.5
7.2,6.04,10.13,2005-11-02,"WI-433247",45.25,-88.5
9.8,6.26,7.14,2005-11-03,"WI-433247",45.25,-88.5
7.6,4.48,4.69,2005-11-04,"WI-433247",45.25,-88.5
6.1,4.6,4.5,2005-11-05,"WI-433247",45.25,-88.5
4.1,7.65,4.99,2005-11-06,"WI-433247",45.25,-88.5
6.1,3.72,5.51,2005-11-07,"WI-433247",45.25,-88.5
7.3,4.31,8.86,2005-11-08,"WI-433247",45.25,-88.5
5.9,10.43,4.93,2005-11-09,"WI-433247",45.25,-88.5
2.1,6.29,8.37,2005-11-10,"WI-433247",45.25,-88.5
4.3,3.67,9.31,2005-11-11,"WI-433247",45.25,-88.5
8.3,6.63,5.36,2005-11-12,"WI-433247",45.25,-88.5
6.6,10.26,3.87,2005-11-13,"WI-433247",45.25,-88.5
0.3,4.39,5.89,2005-11-14,"WI-433247",45.25,-88.5
2.3,6.72,2.02,2005-11-15,"WI-433247",45.25,-88.5
-2.1,7.45,5.34,2005-11-16,"WI-433247",45.25,-88.5
-11.2,5.72,9.33,2005-11-17,"WI-433247",45.25,-88.5
-6.1,4.21,6.24,2005-11-18,"WI-433247",45.25,-88.5
2.1,4.22,5.08,2005-11-19,"WI-433247",45.25,-88.5
0.9,5.35,5.35,2005-11-20,"WI-433247",45.25,-88.5
1.9,5.75,5.94,2005-11-21,"WI-433247",45.25,-88.5
-4.5,5.51,7.75,2005-11-22,"WI-433247",45.25,-88.5
-1.9,8.46,3.28,2005-11-23,"WI-433247",45.25,-88.5
-11.4,10.33,6.68,2005-11-24,"WI-433247",45.25,-88.5
-8.7,5.1,6.3,2005-11-25,"WI-433247",45.25,-88.5
-6.7,3.98,7.88,2005-11-26,"WI-433247",45.25,-88.5
2.2,3.62,1.43,2005-11-27,"WI-433247",45.25,-88.5
7.1,7.5,0.6,2005-11-28,"WI-433247",45.25,-88.5
0.5,4.57,2.62,2005-11-29,"WI-433247",45.25,-88.5
-5.3,4.04,7.31,2005-11-30,"WI-433247",45.25,-88.5
-5.8,5.31,2.92,2005-12-01,"WI-433247",45.25,-88.5
-8.9,5.46,6.95,2005-12-02,"WI-433247",45.25,-88.5
-9.5,2.6,5.84,2005-12-03,"WI-433247",45.25,-88.5
-10.1,5.48,7.47,2005-12-04,"WI-433247",45.25,-88.5
-14.7,4.72,7.17,2005-12-05,"WI-433247",45.25,-88.5
-15.3,3.7,7.41,2005-12-06,"WI-433247",45.25,-88.5
-9.7,3.78,6.76,2005-12-07,"WI-433247",45.25,-88.5
-9.9,2.2,6.88,2005-12-08,"WI-433247",45.25,-88.5
-8.4,5.71,6.64,2005-12-09,"WI-433247",45.25,-88.5
-6.6,5.33,3.09,2005-12-10,"WI-433247",45.25,-88.5
-6.6,4.88,5.88,2005-12-11,"WI-433247",45.25,-88.5
-9.8,2.83,4.57,2005-12-12,"WI-433247",45.25,-88.5
-5.4,3.05,4.73,2005-12-13,"WI-433247",45.25,-88.5
-2.8,6.1,1.73,2005-12-14,"WI-433247",45.25,-88.5
-1.7,4.33,3.08,2005-12-15,"WI-433247",45.25,-88.5
-4.6,4.51,4.48,2005-12-16,"WI-433247",45.25,-88.5
-10.2,4.22,5.89,2005-12-17,"WI-433247",45.25,-88.5
-14.7,4.78,6.69,2005-12-18,"WI-433247",45.25,-88.5
-13,7.02,6.84,2005-12-19,"WI-433247",45.25,-88.5
-8.5,6.07,6.69,2005-12-20,"WI-433247",45.25,-88.5
-7.5,4,6.59,2005-12-21,"WI-433247",45.25,-88.5
-3.5,5.56,5.34,2005-12-22,"WI-433247",45.25,-88.5
1.4,1.86,1.84,2005-12-23,"WI-433247",45.25,-88.5
1.5,3.28,1.7,2005-12-24,"WI-433247",45.25,-88.5
0.7,3.81,4.19,2005-12-25,"WI-433247",45.25,-88.5
-0.4,3.32,3.5,2005-12-26,"WI-433247",45.25,-88.5
-0.5,3.04,2.98,2005-12-27,"WI-433247",45.25,-88.5
-0.1,3.86,2,2005-12-28,"WI-433247",45.25,-88.5
-0.6,3.54,4.2,2005-12-29,"WI-433247",45.25,-88.5
-1.8,5.28,2.28,2005-12-30,"WI-433247",45.25,-88.5
-0.1,4.21,4.22,2005-12-31,"WI-433247",45.25,-88.5
-1,4.3,4.26,2006-01-01,"WI-433247",45.25,-88.5
0.1,5.97,1.2,2006-01-02,"WI-433247",45.25,-88.5
0.1,4.19,1.18,2006-01-03,"WI-433247",45.25,-88.5
1.5,5.06,2.33,2006-01-04,"WI-433247",45.25,-88.5
-2.2,5.02,3.47,2006-01-05,"WI-433247",45.25,-88.5
-6.6,4.05,4.24,2006-01-06,"WI-433247",45.25,-88.5
-1.7,4.14,3.83,2006-01-07,"WI-433247",45.25,-88.5
-3,4.06,3.23,2006-01-08,"WI-433247",45.25,-88.5
-2.9,4.28,3.73,2006-01-09,"WI-433247",45.25,-88.5
-7,4.82,7.94,2006-01-10,"WI-433247",45.25,-88.5
-2.9,3.8,7.22,2006-01-11,"WI-433247",45.25,-88.5
0.7,3.62,6.44,2006-01-12,"WI-433247",45.25,-88.5
-0.1,6.71,4.25,2006-01-13,"WI-433247",45.25,-88.5
-5.1,5.15,6.51,2006-01-14,"WI-433247",45.25,-88.5
-2.5,5.92,3.41,2006-01-15,"WI-433247",45.25,-88.5
-1.9,5.12,4.31,2006-01-16,"WI-433247",45.25,-88.5
-2.5,4.97,3.25,2006-01-17,"WI-433247",45.25,-88.5
-9.6,6.21,7.7,2006-01-18,"WI-433247",45.25,-88.5
-7.9,3.4,4.63,2006-01-19,"WI-433247",45.25,-88.5
-3.7,3.42,6.92,2006-01-20,"WI-433247",45.25,-88.5
-6.5,4.06,8.95,2006-01-21,"WI-433247",45.25,-88.5
-2,4.38,7.2,2006-01-22,"WI-433247",45.25,-88.5
-5.6,6.01,8.99,2006-01-23,"WI-433247",45.25,-88.5
-0.5,8.06,7.3,2006-01-24,"WI-433247",45.25,-88.5
-4.3,5.6,5.62,2006-01-25,"WI-433247",45.25,-88.5
-5.1,5.06,9.42,2006-01-26,"WI-433247",45.25,-88.5
4.3,6.86,9.04,2006-01-27,"WI-433247",45.25,-88.5
0.2,4.57,6.49,2006-01-28,"WI-433247",45.25,-88.5
1.5,4.8,1.86,2006-01-29,"WI-433247",45.25,-88.5
-4.5,4.4,6.04,2006-01-30,"WI-433247",45.25,-88.5
-5.6,3.42,8.56,2006-01-31,"WI-433247",45.25,-88.5
0.8,6.66,5.12,2006-02-01,"WI-433247",45.25,-88.5
-2.1,3.45,9.32,2006-02-02,"WI-433247",45.25,-88.5
-0.9,4.98,4.82,2006-02-03,"WI-433247",45.25,-88.5
-6.1,6.45,6.91,2006-02-04,"WI-433247",45.25,-88.5
-8.2,6.72,11.13,2006-02-05,"WI-433247",45.25,-88.5
-8.1,6.64,11.42,2006-02-06,"WI-433247",45.25,-88.5
-9,4.36,9.24,2006-02-07,"WI-433247",45.25,-88.5
-10,3.9,12.06,2006-02-08,"WI-433247",45.25,-88.5
-9.3,4.16,10.59,2006-02-09,"WI-433247",45.25,-88.5
-5.4,2.47,6.15,2006-02-10,"WI-433247",45.25,-88.5
-5.7,3.26,9.85,2006-02-11,"WI-433247",45.25,-88.5
-7.7,3.86,9.43,2006-02-12,"WI-433247",45.25,-88.5
-8.7,4.25,8.34,2006-02-13,"WI-433247",45.25,-88.5
-3.8,5.42,5.45,2006-02-14,"WI-433247",45.25,-88.5
-5.6,4.04,11.78,2006-02-15,"WI-433247",45.25,-88.5
-9.9,7.06,3.1,2006-02-16,"WI-433247",45.25,-88.5
-15.4,6.96,13.17,2006-02-17,"WI-433247",45.25,-88.5
-20.5,5.58,14.35,2006-02-18,"WI-433247",45.25,-88.5
-13,6.05,14.39,2006-02-19,"WI-433247",45.25,-88.5
-8.5,5.17,14.25,2006-02-20,"WI-433247",45.25,-88.5
-6.1,5.1,11.62,2006-02-21,"WI-433247",45.25,-88.5
-3.9,4.3,12.68,2006-02-22,"WI-433247",45.25,-88.5
-5.1,6.44,13.15,2006-02-23,"WI-433247",45.25,-88.5
-10.2,4.25,6.03,2006-02-24,"WI-433247",45.25,-88.5
-7.6,6.23,15.27,2006-02-25,"WI-433247",45.25,-88.5
-11.1,4.56,14.66,2006-02-26,"WI-433247",45.25,-88.5
-7.9,2.97,14.88,2006-02-27,"WI-433247",45.25,-88.5
-8.4,2.26,14.01,2006-02-28,"WI-433247",45.25,-88.5
-5.6,2.93,10.8,2006-03-01,"WI-433247",45.25,-88.5
-2.6,4.03,13.52,2006-03-02,"WI-433247",45.25,-88.5
-6.4,3.55,16.71,2006-03-03,"WI-433247",45.25,-88.5
-6.1,3.03,16.97,2006-03-04,"WI-433247",45.25,-88.5
-4.2,2.44,11.37,2006-03-05,"WI-433247",45.25,-88.5
-0.9,2.98,13.56,2006-03-06,"WI-433247",45.25,-88.5
-2.4,4.65,14.28,2006-03-07,"WI-433247",45.25,-88.5
2.7,3.72,12.07,2006-03-08,"WI-433247",45.25,-88.5
2.9,2.91,8.61,2006-03-09,"WI-433247",45.25,-88.5
2.4,3.61,16.13,2006-03-10,"WI-433247",45.25,-88.5
4.2,5.69,15.95,2006-03-11,"WI-433247",45.25,-88.5
4.7,5.8,16.29,2006-03-12,"WI-433247",45.25,-88.5
-0.6,9.13,4.03,2006-03-13,"WI-433247",45.25,-88.5
-4.4,7.7,14.8,2006-03-14,"WI-433247",45.25,-88.5
-3.7,5.38,19.26,2006-03-15,"WI-433247",45.25,-88.5
-3.1,3.7,15.84,2006-03-16,"WI-433247",45.25,-88.5
-4.5,3.93,19.36,2006-03-17,"WI-433247",45.25,-88.5
-5,5.02,20.36,2006-03-18,"WI-433247",45.25,-88.5
-1.1,5.22,20.61,2006-03-19,"WI-433247",45.25,-88.5
-3.1,5,19.34,2006-03-20,"WI-433247",45.25,-88.5
-3.3,5.12,20.44,2006-03-21,"WI-433247",45.25,-88.5
0,6.02,12.79,2006-03-22,"WI-433247",45.25,-88.5
0.1,3.7,11.82,2006-03-23,"WI-433247",45.25,-88.5
0.7,3.71,12.03,2006-03-24,"WI-433247",45.25,-88.5
2.4,4.97,12.94,2006-03-25,"WI-433247",45.25,-88.5
1.1,2.98,21.59,2006-03-26,"WI-433247",45.25,-88.5
1.9,3.1,20.51,2006-03-27,"WI-433247",45.25,-88.5
2.9,2.78,21.76,2006-03-28,"WI-433247",45.25,-88.5
5.1,5.05,20.99,2006-03-29,"WI-433247",45.25,-88.5
9.2,4.88,16.73,2006-03-30,"WI-433247",45.25,-88.5
10.2,6.47,8.79,2006-03-31,"WI-433247",45.25,-88.5
5.5,5.81,19.59,2006-04-01,"WI-433247",45.25,-88.5
3.3,5.11,4.67,2006-04-02,"WI-433247",45.25,-88.5
4.9,9.68,18.23,2006-04-03,"WI-433247",45.25,-88.5
3.9,8.6,18.03,2006-04-04,"WI-433247",45.25,-88.5
7.8,3.74,20.84,2006-04-05,"WI-433247",45.25,-88.5
9.1,2.97,8.55,2006-04-06,"WI-433247",45.25,-88.5
4,6.57,20.36,2006-04-07,"WI-433247",45.25,-88.5
3.5,3.93,23.57,2006-04-08,"WI-433247",45.25,-88.5
7.1,3.81,20.62,2006-04-09,"WI-433247",45.25,-88.5
11.7,5.25,22.89,2006-04-10,"WI-433247",45.25,-88.5
15.1,6.5,19.51,2006-04-11,"WI-433247",45.25,-88.5
15.8,5.73,18.37,2006-04-12,"WI-433247",45.25,-88.5
14.6,4.51,16.86,2006-04-13,"WI-433247",45.25,-88.5
16.2,6.5,23.92,2006-04-14,"WI-433247",45.25,-88.5
13.4,4.03,24.6,2006-04-15,"WI-433247",45.25,-88.5
10.1,6.26,20.25,2006-04-16,"WI-433247",45.25,-88.5
9.6,4.88,25.86,2006-04-17,"WI-433247",45.25,-88.5
10.6,5.16,25.73,2006-04-18,"WI-433247",45.25,-88.5
13,5.59,20.24,2006-04-19,"WI-433247",45.25,-88.5
15.1,6.71,20.58,2006-04-20,"WI-433247",45.25,-88.5
12.2,5.82,18.83,2006-04-21,"WI-433247",45.25,-88.5
10.4,2.98,16.56,2006-04-22,"WI-433247",45.25,-88.5
11.3,4.92,9.78,2006-04-23,"WI-433247",45.25,-88.5
11.8,6.81,19.53,2006-04-24,"WI-433247",45.25,-88.5
6.7,5.28,26.99,2006-04-25,"WI-433247",45.25,-88.5
12.8,6.41,23.13,2006-04-26,"WI-433247",45.25,-88.5
9.2,4.46,26.24,2006-04-27,"WI-433247",45.25,-88.5
9.1,4.4,25.77,2006-04-28,"WI-433247",45.25,-88.5
10.5,5.99,17.18,2006-04-29,"WI-433247",45.25,-88.5
10.3,7.11,3.41,2006-04-30,"WI-433247",45.25,-88.5
11.6,6.63,6.43,2006-05-01,"WI-433247",45.25,-88.5
13.4,3.42,11.7,2006-05-02,"WI-433247",45.25,-88.5
15.8,5.78,25.22,2006-05-03,"WI-433247",45.25,-88.5
12.2,6.36,18.19,2006-05-04,"WI-433247",45.25,-88.5
8,4.24,14.32,2006-05-05,"WI-433247",45.25,-88.5
8.5,4.38,18.28,2006-05-06,"WI-433247",45.25,-88.5
15.3,4.96,23.5,2006-05-07,"WI-433247",45.25,-88.5
15.1,7.57,15.33,2006-05-08,"WI-433247",45.25,-88.5
14.3,5.41,8.24,2006-05-09,"WI-433247",45.25,-88.5
15.9,4.26,19.72,2006-05-10,"WI-433247",45.25,-88.5
5,10.86,2.14,2006-05-11,"WI-433247",45.25,-88.5
5.4,7.9,5.29,2006-05-12,"WI-433247",45.25,-88.5
7.4,4.38,14.36,2006-05-13,"WI-433247",45.25,-88.5
10.7,5.46,10.79,2006-05-14,"WI-433247",45.25,-88.5
12.8,5.54,9.74,2006-05-15,"WI-433247",45.25,-88.5
16.6,5.12,25.13,2006-05-16,"WI-433247",45.25,-88.5
13.7,6.1,23.69,2006-05-17,"WI-433247",45.25,-88.5
9.9,8.08,18.36,2006-05-18,"WI-433247",45.25,-88.5
11.5,4.77,26.11,2006-05-19,"WI-433247",45.25,-88.5
11.4,8.27,21.71,2006-05-20,"WI-433247",45.25,-88.5
7.9,5.19,27.9,2006-05-21,"WI-433247",45.25,-88.5
10.3,2.5,30.01,2006-05-22,"WI-433247",45.25,-88.5
15,3.55,29.89,2006-05-23,"WI-433247",45.25,-88.5
16.4,4.9,18.63,2006-05-24,"WI-433247",45.25,-88.5
18.8,2.9,16.23,2006-05-25,"WI-433247",45.25,-88.5
20.2,3.83,21.55,2006-05-26,"WI-433247",45.25,-88.5
20.1,5.46,27.01,2006-05-27,"WI-433247",45.25,-88.5
24.6,5.26,28.37,2006-05-28,"WI-433247",45.25,-88.5
26.2,4.96,26.03,2006-05-29,"WI-433247",45.25,-88.5
21.7,3.83,11.98,2006-05-30,"WI-433247",45.25,-88.5
20.9,3.64,28.13,2006-05-31,"WI-433247",45.25,-88.5
19.7,2.36,26,2006-06-01,"WI-433247",45.25,-88.5
18.2,2.6,23.63,2006-06-02,"WI-433247",45.25,-88.5
18,2.97,25.8,2006-06-03,"WI-433247",45.25,-88.5
18.1,2.5,30.76,2006-06-04,"WI-433247",45.25,-88.5
20.1,3.81,30.84,2006-06-05,"WI-433247",45.25,-88.5
16.4,3.92,6.79,2006-06-06,"WI-433247",45.25,-88.5
20,4.92,20.5,2006-06-07,"WI-433247",45.25,-88.5
19.6,4.68,28.91,2006-06-08,"WI-433247",45.25,-88.5
14.5,4.7,21.04,2006-06-09,"WI-433247",45.25,-88.5
12.6,3.88,30.69,2006-06-10,"WI-433247",45.25,-88.5
13.4,2.95,23.68,2006-06-11,"WI-433247",45.25,-88.5
14.5,2.56,22.25,2006-06-12,"WI-433247",45.25,-88.5
17,3.24,22.21,2006-06-13,"WI-433247",45.25,-88.5
16.7,3.5,23.2,2006-06-14,"WI-433247",45.25,-88.5
18.9,4.63,24.57,2006-06-15,"WI-433247",45.25,-88.5
25.1,5.76,26.12,2006-06-16,"WI-433247",45.25,-88.5
27.1,7.47,27.01,2006-06-17,"WI-433247",45.25,-88.5
24.1,5.56,17.75,2006-06-18,"WI-433247",45.25,-88.5
20.5,5.59,24.45,2006-06-19,"WI-433247",45.25,-88.5
18.4,3.7,26.23,2006-06-20,"WI-433247",45.25,-88.5
22.6,5.6,21.59,2006-06-21,"WI-433247",45.25,-88.5
20.4,4.63,22.9,2006-06-22,"WI-433247",45.25,-88.5
16.8,3.57,29.49,2006-06-23,"WI-433247",45.25,-88.5
18.2,3.29,23.08,2006-06-24,"WI-433247",45.25,-88.5
15.6,3.85,8.37,2006-06-25,"WI-433247",45.25,-88.5
17.3,2.79,22.9,2006-06-26,"WI-433247",45.25,-88.5
18.3,3.86,24.73,2006-06-27,"WI-433247",45.25,-88.5
16.3,3.61,22.46,2006-06-28,"WI-433247",45.25,-88.5
19.1,2.95,24.55,2006-06-29,"WI-433247",45.25,-88.5
21.4,3.42,24.21,2006-06-30,"WI-433247",45.25,-88.5
22.9,6.35,21.14,2006-07-01,"WI-433247",45.25,-88.5
24.5,5.14,29,2006-07-02,"WI-433247",45.25,-88.5
22.6,4.61,26.47,2006-07-03,"WI-433247",45.25,-88.5
19.4,4.64,25.84,2006-07-04,"WI-433247",45.25,-88.5
18.1,4.13,22.81,2006-07-05,"WI-433247",45.25,-88.5
20.2,2.22,29.73,2006-07-06,"WI-433247",45.25,-88.5
22.2,4.62,28.4,2006-07-07,"WI-433247",45.25,-88.5
22.3,6.08,22.27,2006-07-08,"WI-433247",45.25,-88.5
21.5,5.2,22.25,2006-07-09,"WI-433247",45.25,-88.5
16.6,4.08,23.26,2006-07-10,"WI-433247",45.25,-88.5
18.4,2.24,15.4,2006-07-11,"WI-433247",45.25,-88.5
23.3,3.13,25.18,2006-07-12,"WI-433247",45.25,-88.5
25.9,3.61,26.32,2006-07-13,"WI-433247",45.25,-88.5
23.9,3.98,17.72,2006-07-14,"WI-433247",45.25,-88.5
28.7,5.1,29.13,2006-07-15,"WI-433247",45.25,-88.5
28.5,5.64,21.9,2006-07-16,"WI-433247",45.25,-88.5
28,5.91,23.12,2006-07-17,"WI-433247",45.25,-88.5
23.2,3.94,29.13,2006-07-18,"WI-433247",45.25,-88.5
22.4,5.2,21.07,2006-07-19,"WI-433247",45.25,-88.5
24.8,3.83,27.01,2006-07-20,"WI-433247",45.25,-88.5
19,3.28,14.15,2006-07-21,"WI-433247",45.25,-88.5
19.2,4.62,21.91,2006-07-22,"WI-433247",45.25,-88.5
18.8,4.47,21.39,2006-07-23,"WI-433247",45.25,-88.5
23.3,4.84,22.12,2006-07-24,"WI-433247",45.25,-88.5
23.8,4.22,23.42,2006-07-25,"WI-433247",45.25,-88.5
23.8,4.24,19.44,2006-07-26,"WI-433247",45.25,-88.5
22.8,3.4,21.18,2006-07-27,"WI-433247",45.25,-88.5
25.7,3.7,25.33,2006-07-28,"WI-433247",45.25,-88.5
25.1,4.39,19.77,2006-07-29,"WI-433247",45.25,-88.5
24.1,4.19,19.16,2006-07-30,"WI-433247",45.25,-88.5
28.7,6.09,24.87,2006-07-31,"WI-433247",45.25,-88.5
26.8,5.73,17.28,2006-08-01,"WI-433247",45.25,-88.5
20.3,3.74,6.78,2006-08-02,"WI-433247",45.25,-88.5
21.5,3.14,22.24,2006-08-03,"WI-433247",45.25,-88.5
22,3.67,27.24,2006-08-04,"WI-433247",45.25,-88.5
21.4,4.03,14.52,2006-08-05,"WI-433247",45.25,-88.5
23.1,5.95,15.76,2006-08-06,"WI-433247",45.25,-88.5
20.5,4.03,24.11,2006-08-07,"WI-433247",45.25,-88.5
18.1,2.5,26.29,2006-08-08,"WI-433247",45.25,-88.5
19.3,2.31,23.97,2006-08-09,"WI-433247",45.25,-88.5
19.8,4.37,18.15,2006-08-10,"WI-433247",45.25,-88.5
16.2,3.98,24.26,2006-08-11,"WI-433247",45.25,-88.5
16.8,2.98,23.89,2006-08-12,"WI-433247",45.25,-88.5
19.9,4.69,18.68,2006-08-13,"WI-433247",45.25,-88.5
20.7,6.65,22.66,2006-08-14,"WI-433247",45.25,-88.5
19.1,3.77,26.08,2006-08-15,"WI-433247",45.25,-88.5
19.3,3.26,24.84,2006-08-16,"WI-433247",45.25,-88.5
18.3,3.32,10.13,2006-08-17,"WI-433247",45.25,-88.5
19.7,2.3,19.09,2006-08-18,"WI-433247",45.25,-88.5
17.9,4.92,15.71,2006-08-19,"WI-433247",45.25,-88.5
17.8,2.97,23,2006-08-20,"WI-433247",45.25,-88.5
19.6,4.65,19.67,2006-08-21,"WI-433247",45.25,-88.5
18.8,3.23,18.4,2006-08-22,"WI-433247",45.25,-88.5
15.1,2.88,12.36,2006-08-23,"WI-433247",45.25,-88.5
17.1,5.22,13.92,2006-08-24,"WI-433247",45.25,-88.5
17.1,5.91,6.88,2006-08-25,"WI-433247",45.25,-88.5
19.4,3.33,10.69,2006-08-26,"WI-433247",45.25,-88.5
19.8,2.95,22.69,2006-08-27,"WI-433247",45.25,-88.5
18,2.47,11.6,2006-08-28,"WI-433247",45.25,-88.5
18.6,4.24,19.89,2006-08-29,"WI-433247",45.25,-88.5
15.8,4.01,15.66,2006-08-30,"WI-433247",45.25,-88.5
15,4.1,21.65,2006-08-31,"WI-433247",45.25,-88.5
15.9,4,23.12,2006-09-01,"WI-433247",45.25,-88.5
16.3,3.82,19.16,2006-09-02,"WI-433247",45.25,-88.5
16.9,2.56,16.54,2006-09-03,"WI-433247",45.25,-88.5
17.6,1.87,13.51,2006-09-04,"WI-433247",45.25,-88.5
19.3,4.11,18.9,2006-09-05,"WI-433247",45.25,-88.5
17.4,3.63,18.93,2006-09-06,"WI-433247",45.25,-88.5
19,4.8,18.91,2006-09-07,"WI-433247",45.25,-88.5
15.3,4.88,9.89,2006-09-08,"WI-433247",45.25,-88.5
10.9,4.72,20.55,2006-09-09,"WI-433247",45.25,-88.5
10.6,4.7,14.49,2006-09-10,"WI-433247",45.25,-88.5
11.6,5.72,3.68,2006-09-11,"WI-433247",45.25,-88.5
12.5,5.11,3.88,2006-09-12,"WI-433247",45.25,-88.5
14.3,3.5,9.12,2006-09-13,"WI-433247",45.25,-88.5
14.5,2.8,19.49,2006-09-14,"WI-433247",45.25,-88.5
16.3,4.06,19.32,2006-09-15,"WI-433247",45.25,-88.5
19.4,7.3,15.33,2006-09-16,"WI-433247",45.25,-88.5
19.7,6.66,5.94,2006-09-17,"WI-433247",45.25,-88.5
12,7.08,14.6,2006-09-18,"WI-433247",45.25,-88.5
9,6.4,9,2006-09-19,"WI-433247",45.25,-88.5
8.3,4.14,14.63,2006-09-20,"WI-433247",45.25,-88.5
9.4,3.33,18.34,2006-09-21,"WI-433247",45.25,-88.5
12.9,7.2,4.64,2006-09-22,"WI-433247",45.25,-88.5
15.4,5.2,12.99,2006-09-23,"WI-433247",45.25,-88.5
11.5,6.4,17.05,2006-09-24,"WI-433247",45.25,-88.5
11.9,6.61,15.76,2006-09-25,"WI-433247",45.25,-88.5
12.1,6.53,16.17,2006-09-26,"WI-433247",45.25,-88.5
9.8,5.8,7.69,2006-09-27,"WI-433247",45.25,-88.5
6.8,3.41,15.71,2006-09-28,"WI-433247",45.25,-88.5
6.4,4.24,8.97,2006-09-29,"WI-433247",45.25,-88.5
9.9,4.22,11.99,2006-09-30,"WI-433247",45.25,-88.5
10.6,3.98,16.72,2006-10-01,"WI-433247",45.25,-88.5
17.7,4.61,15.67,2006-10-02,"WI-433247",45.25,-88.5
15.8,5.41,13.96,2006-10-03,"WI-433247",45.25,-88.5
11.4,6.57,13.76,2006-10-04,"WI-433247",45.25,-88.5
8.1,2.94,14.51,2006-10-05,"WI-433247",45.25,-88.5
8.7,4.4,15.92,2006-10-06,"WI-433247",45.25,-88.5
12.3,5.14,14.88,2006-10-07,"WI-433247",45.25,-88.5
16.4,5.7,13.54,2006-10-08,"WI-433247",45.25,-88.5
9.2,4.23,5.16,2006-10-09,"WI-433247",45.25,-88.5
6.1,3,12.24,2006-10-10,"WI-433247",45.25,-88.5
4.1,7.15,4.49,2006-10-11,"WI-433247",45.25,-88.5
-1.4,8.79,11.74,2006-10-12,"WI-433247",45.25,-88.5
2,10.28,7.8,2006-10-13,"WI-433247",45.25,-88.5
2.2,6.45,8.82,2006-10-14,"WI-433247",45.25,-88.5
4.2,4.18,13.72,2006-10-15,"WI-433247",45.25,-88.5
7.1,4.42,1.39,2006-10-16,"WI-433247",45.25,-88.5
9.8,3.86,2.41,2006-10-17,"WI-433247",45.25,-88.5
6.3,5,6.7,2006-10-18,"WI-433247",45.25,-88.5
3.6,3.61,6.59,2006-10-19,"WI-433247",45.25,-88.5
3.6,3.54,9.08,2006-10-20,"WI-433247",45.25,-88.5
3.6,3.89,6.04,2006-10-21,"WI-433247",45.25,-88.5
2,4.95,7.32,2006-10-22,"WI-433247",45.25,-88.5
1.6,4.9,8.53,2006-10-23,"WI-433247",45.25,-88.5
1.8,3.75,9.09,2006-10-24,"WI-433247",45.25,-88.5
0.9,2.13,11.25,2006-10-25,"WI-433247",45.25,-88.5
2.3,3.49,8.68,2006-10-26,"WI-433247",45.25,-88.5
4.1,4.11,11.25,2006-10-27,"WI-433247",45.25,-88.5
4.5,7.92,11.45,2006-10-28,"WI-433247",45.25,-88.5
3.4,5.77,11.62,2006-10-29,"WI-433247",45.25,-88.5
6.2,4.16,10.31,2006-10-30,"WI-433247",45.25,-88.5
3.3,7.86,10.92,2006-10-31,"WI-433247",45.25,-88.5
-1.2,7.17,10.79,2006-11-01,"WI-433247",45.25,-88.5
-1.6,6.84,8.47,2006-11-02,"WI-433247",45.25,-88.5
-2.1,4.03,10.6,2006-11-03,"WI-433247",45.25,-88.5
0.8,2.83,4.02,2006-11-04,"WI-433247",45.25,-88.5
5.1,3.1,9.49,2006-11-05,"WI-433247",45.25,-88.5
6.4,4.52,7.83,2006-11-06,"WI-433247",45.25,-88.5
9.2,3.58,3.34,2006-11-07,"WI-433247",45.25,-88.5
11,4.68,4.67,2006-11-08,"WI-433247",45.25,-88.5
8.4,5.66,9.88,2006-11-09,"WI-433247",45.25,-88.5
0.6,4.57,1.3,2006-11-10,"WI-433247",45.25,-88.5
-0.8,5.12,6.66,2006-11-11,"WI-433247",45.25,-88.5
0.2,4.87,7.44,2006-11-12,"WI-433247",45.25,-88.5
1.4,3.42,3.14,2006-11-13,"WI-433247",45.25,-88.5
1.2,2.2,4.85,2006-11-14,"WI-433247",45.25,-88.5
2.8,3.75,7.3,2006-11-15,"WI-433247",45.25,-88.5
1.5,4.94,5.08,2006-11-16,"WI-433247",45.25,-88.5
1.8,3.13,4.01,2006-11-17,"WI-433247",45.25,-88.5
2,4.13,3.28,2006-11-18,"WI-433247",45.25,-88.5
0.8,4.55,8.49,2006-11-19,"WI-433247",45.25,-88.5
0.1,4.57,7.67,2006-11-20,"WI-433247",45.25,-88.5
4.3,5.22,7.32,2006-11-21,"WI-433247",45.25,-88.5
3.2,4.37,7.11,2006-11-22,"WI-433247",45.25,-88.5
5,3.4,7.78,2006-11-23,"WI-433247",45.25,-88.5
5.2,3.8,6.23,2006-11-24,"WI-433247",45.25,-88.5
5.3,2.63,4.26,2006-11-25,"WI-433247",45.25,-88.5
4.9,2.47,3.57,2006-11-26,"WI-433247",45.25,-88.5
4.5,4.24,0.99,2006-11-27,"WI-433247",45.25,-88.5
7.1,5.1,0.67,2006-11-28,"WI-433247",45.25,-88.5
6.2,5.06,3.28,2006-11-29,"WI-433247",45.25,-88.5
-6.5,4.56,6.06,2006-11-30,"WI-433247",45.25,-88.5
-4.8,6.4,2.87,2006-12-01,"WI-433247",45.25,-88.5
-6.2,5.57,5.02,2006-12-02,"WI-433247",45.25,-88.5
-7.8,6.9,4.65,2006-12-03,"WI-433247",45.25,-88.5
-9.1,4.61,5.37,2006-12-04,"WI-433247",45.25,-88.5
-9.7,4.62,4.42,2006-12-05,"WI-433247",45.25,-88.5
-5.8,6.52,4.35,2006-12-06,"WI-433247",45.25,-88.5
-11.2,6.16,6.33,2006-12-07,"WI-433247",45.25,-88.5
-9.2,5.68,2.76,2006-12-08,"WI-433247",45.25,-88.5
-1.9,5.53,6.87,2006-12-09,"WI-433247",45.25,-88.5
1.1,5.16,5,2006-12-10,"WI-433247",45.25,-88.5
0.1,3.11,3.48,2006-12-11,"WI-433247",45.25,-88.5
4.2,3.52,1.03,2006-12-12,"WI-433247",45.25,-88.5
2.6,5.59,5.31,2006-12-13,"WI-433247",45.25,-88.5
2.5,5.14,2.16,2006-12-14,"WI-433247",45.25,-88.5
2.4,5.48,4.55,2006-12-15,"WI-433247",45.25,-88.5
1.9,4.12,2.64,2006-12-16,"WI-433247",45.25,-88.5
1.8,4.31,4.19,2006-12-17,"WI-433247",45.25,-88.5
-1.5,3.71,6.78,2006-12-18,"WI-433247",45.25,-88.5
-0.9,5.2,6.85,2006-12-19,"WI-433247",45.25,-88.5
1.4,5.77,4.79,2006-12-20,"WI-433247",45.25,-88.5
-0.3,4.69,2.87,2006-12-21,"WI-433247",45.25,-88.5
1.6,5.1,0.39,2006-12-22,"WI-433247",45.25,-88.5
2.1,6.48,5.77,2006-12-23,"WI-433247",45.25,-88.5
0,4.88,5.98,2006-12-24,"WI-433247",45.25,-88.5
-0.4,4.41,3.19,2006-12-25,"WI-433247",45.25,-88.5
-2.8,4.12,5.89,2006-12-26,"WI-433247",45.25,-88.5
-0.8,3.9,5.68,2006-12-27,"WI-433247",45.25,-88.5
-0.9,4.16,1.84,2006-12-28,"WI-433247",45.25,-88.5
0.3,3.62,1.44,2006-12-29,"WI-433247",45.25,-88.5
0.5,3.32,3.92,2006-12-30,"WI-433247",45.25,-88.5
2.1,4.59,0.73,2006-12-31,"WI-433247",45.25,-88.5
1.6,6.45,7.1,2007-01-01,"WI-433247",45.25,-88.5
0,6.03,7.16,2007-01-02,"WI-433247",45.25,-88.5
2.4,5.94,5.23,2007-01-03,"WI-433247",45.25,-88.5
4.5,5.86,4.62,2007-01-04,"WI-433247",45.25,-88.5
4.5,4.02,4.22,2007-01-05,"WI-433247",45.25,-88.5
0.9,5.12,4.28,2007-01-06,"WI-433247",45.25,-88.5
0.3,7.24,4.58,2007-01-07,"WI-433247",45.25,-88.5
-2.1,6.79,7.34,2007-01-08,"WI-433247",45.25,-88.5
-6.9,7.17,5.15,2007-01-09,"WI-433247",45.25,-88.5
-6.9,5.2,5.56,2007-01-10,"WI-433247",45.25,-88.5
1.6,5.32,4.92,2007-01-11,"WI-433247",45.25,-88.5
-2.2,4.32,2.83,2007-01-12,"WI-433247",45.25,-88.5
-8.9,3.92,6.23,2007-01-13,"WI-433247",45.25,-88.5
-5.8,4,5.61,2007-01-14,"WI-433247",45.25,-88.5
-8.6,5.12,4.71,2007-01-15,"WI-433247",45.25,-88.5
-11.4,4.18,8.63,2007-01-16,"WI-433247",45.25,-88.5
-9.9,5.72,8.29,2007-01-17,"WI-433247",45.25,-88.5
-6.1,5.1,7.11,2007-01-18,"WI-433247",45.25,-88.5
-8.4,5.52,7.69,2007-01-19,"WI-433247",45.25,-88.5
-11.4,3.11,8.53,2007-01-20,"WI-433247",45.25,-88.5
-8.2,2.51,3.07,2007-01-21,"WI-433247",45.25,-88.5
-6.2,4.66,7.47,2007-01-22,"WI-433247",45.25,-88.5
-5.3,4.84,5.73,2007-01-23,"WI-433247",45.25,-88.5
-10,3.83,8.6,2007-01-24,"WI-433247",45.25,-88.5
-11.7,3.05,9.5,2007-01-25,"WI-433247",45.25,-88.5
-4.4,3.32,3.41,2007-01-26,"WI-433247",45.25,-88.5
-5.5,5.74,7.37,2007-01-27,"WI-433247",45.25,-88.5
-12.5,5.18,10.12,2007-01-28,"WI-433247",45.25,-88.5
-12.9,2.88,7.1,2007-01-29,"WI-433247",45.25,-88.5
-10.7,5.43,10.32,2007-01-30,"WI-433247",45.25,-88.5
-11.4,5,6.78,2007-01-31,"WI-433247",45.25,-88.5
-10.6,3.61,8.79,2007-02-01,"WI-433247",45.25,-88.5
-15.5,5.36,10.76,2007-02-02,"WI-433247",45.25,-88.5
-20.1,5.81,9.8,2007-02-03,"WI-433247",45.25,-88.5
-24,5.24,11.23,2007-02-04,"WI-433247",45.25,-88.5
-21.1,5.03,11.81,2007-02-05,"WI-433247",45.25,-88.5
-18.8,4.64,10.19,2007-02-06,"WI-433247",45.25,-88.5
-15,6.22,12.14,2007-02-07,"WI-433247",45.25,-88.5
-13.8,6.24,12.08,2007-02-08,"WI-433247",45.25,-88.5
-14.2,4.94,11.98,2007-02-09,"WI-433247",45.25,-88.5
-13.8,4.53,12.45,2007-02-10,"WI-433247",45.25,-88.5
-10.2,4.8,11.88,2007-02-11,"WI-433247",45.25,-88.5
-12.8,3.5,12.33,2007-02-12,"WI-433247",45.25,-88.5
-13.2,4.17,8.23,2007-02-13,"WI-433247",45.25,-88.5
-14.5,4.52,13.26,2007-02-14,"WI-433247",45.25,-88.5
-13.1,4.83,13.37,2007-02-15,"WI-433247",45.25,-88.5
-10,5.46,11.23,2007-02-16,"WI-433247",45.25,-88.5
-7.1,5.74,9.3,2007-02-17,"WI-433247",45.25,-88.5
-10.9,3.91,13.78,2007-02-18,"WI-433247",45.25,-88.5
-2.7,5.03,11.31,2007-02-19,"WI-433247",45.25,-88.5
0.9,3.06,13.44,2007-02-20,"WI-433247",45.25,-88.5
4.2,6.3,11.74,2007-02-21,"WI-433247",45.25,-88.5
-1.1,8.34,13.32,2007-02-22,"WI-433247",45.25,-88.5
-5.9,4.31,12.89,2007-02-23,"WI-433247",45.25,-88.5
-4.9,5.94,6.21,2007-02-24,"WI-433247",45.25,-88.5
-4.3,6.77,4.96,2007-02-25,"WI-433247",45.25,-88.5
-3.4,5.41,6.56,2007-02-26,"WI-433247",45.25,-88.5
-1.8,2.46,7.14,2007-02-27,"WI-433247",45.25,-88.5
-0.2,5.32,7.19,2007-02-28,"WI-433247",45.25,-88.5
-3.2,9.05,4.54,2007-03-01,"WI-433247",45.25,-88.5
-1.9,7.11,7.9,2007-03-02,"WI-433247",45.25,-88.5
-6.8,6.18,14.03,2007-03-03,"WI-433247",45.25,-88.5
-5.3,6.84,16.05,2007-03-04,"WI-433247",45.25,-88.5
-10.2,6.59,17.32,2007-03-05,"WI-433247",45.25,-88.5
-15.5,2.62,7.97,2007-03-06,"WI-433247",45.25,-88.5
-9.8,3.65,17.52,2007-03-07,"WI-433247",45.25,-88.5
-5.9,4.62,16.93,2007-03-08,"WI-433247",45.25,-88.5
1.6,4.97,13.96,2007-03-09,"WI-433247",45.25,-88.5
4.3,6.61,17.89,2007-03-10,"WI-433247",45.25,-88.5
3.8,5.09,18,2007-03-11,"WI-433247",45.25,-88.5
6.3,5.3,16.85,2007-03-12,"WI-433247",45.25,-88.5
10,5.66,13.21,2007-03-13,"WI-433247",45.25,-88.5
5,4.63,6.87,2007-03-14,"WI-433247",45.25,-88.5
-2.9,4.8,16.31,2007-03-15,"WI-433247",45.25,-88.5
-2.4,3.22,17.1,2007-03-16,"WI-433247",45.25,-88.5
-1,4.36,18.1,2007-03-17,"WI-433247",45.25,-88.5
0.3,4.97,19.48,2007-03-18,"WI-433247",45.25,-88.5
2.6,7.13,15.88,2007-03-19,"WI-433247",45.25,-88.5
-2.7,4.4,19.77,2007-03-20,"WI-433247",45.25,-88.5
3.4,4.95,2.44,2007-03-21,"WI-433247",45.25,-88.5
7.9,6.32,18.77,2007-03-22,"WI-433247",45.25,-88.5
7.9,3.41,17.43,2007-03-23,"WI-433247",45.25,-88.5
10.7,3.28,18.04,2007-03-24,"WI-433247",45.25,-88.5
13.5,6.61,10.77,2007-03-25,"WI-433247",45.25,-88.5
18.1,4.39,15.92,2007-03-26,"WI-433247",45.25,-88.5
12,5.88,19.45,2007-03-27,"WI-433247",45.25,-88.5
4.5,6.54,8.53,2007-03-28,"WI-433247",45.25,-88.5
7.7,4.7,18.81,2007-03-29,"WI-433247",45.25,-88.5
4.7,5.14,2.75,2007-03-30,"WI-433247",45.25,-88.5
4.4,5.85,7.01,2007-03-31,"WI-433247",45.25,-88.5
7.2,7.4,10.64,2007-04-01,"WI-433247",45.25,-88.5
6.5,6.33,16.83,2007-04-02,"WI-433247",45.25,-88.5
2.7,5.52,4.3,2007-04-03,"WI-433247",45.25,-88.5
-3.4,9.22,15.34,2007-04-04,"WI-433247",45.25,-88.5
-4.7,7.29,23.4,2007-04-05,"WI-433247",45.25,-88.5
-6.4,6.94,17.18,2007-04-06,"WI-433247",45.25,-88.5
-5,5.69,18.09,2007-04-07,"WI-433247",45.25,-88.5
-1.2,3.89,22.55,2007-04-08,"WI-433247",45.25,-88.5
0.3,2.97,19.9,2007-04-09,"WI-433247",45.25,-88.5
0.8,3.83,18.52,2007-04-10,"WI-433247",45.25,-88.5
-0.1,8.04,7.63,2007-04-11,"WI-433247",45.25,-88.5
1.7,6.88,15.89,2007-04-12,"WI-433247",45.25,-88.5
4.9,5.02,25.28,2007-04-13,"WI-433247",45.25,-88.5
6.4,3.58,21.59,2007-04-14,"WI-433247",45.25,-88.5
7.1,4.34,20.87,2007-04-15,"WI-433247",45.25,-88.5
9.4,3.2,25.28,2007-04-16,"WI-433247",45.25,-88.5
9,4.74,18.01,2007-04-17,"WI-433247",45.25,-88.5
8.4,5.12,13.15,2007-04-18,"WI-433247",45.25,-88.5
11.3,4.1,22.07,2007-04-19,"WI-433247",45.25,-88.5
12.4,3.59,25.52,2007-04-20,"WI-433247",45.25,-88.5
15.2,6.2,24.39,2007-04-21,"WI-433247",45.25,-88.5
19.9,7.18,23.79,2007-04-22,"WI-433247",45.25,-88.5
15.9,6.82,21.09,2007-04-23,"WI-433247",45.25,-88.5
11.5,3.86,19.8,2007-04-24,"WI-433247",45.25,-88.5
9.2,4.32,21.4,2007-04-25,"WI-433247",45.25,-88.5
6.8,4.72,5.02,2007-04-26,"WI-433247",45.25,-88.5
10.3,4.52,15.05,2007-04-27,"WI-433247",45.25,-88.5
14,6.22,23.68,2007-04-28,"WI-433247",45.25,-88.5
18.1,7.94,23.61,2007-04-29,"WI-433247",45.25,-88.5
11.9,4.61,19.84,2007-04-30,"WI-433247",45.25,-88.5
12.3,4.85,19.73,2007-05-01,"WI-433247",45.25,-88.5
11.3,4.03,18.3,2007-05-02,"WI-433247",45.25,-88.5
11.4,5.31,27.57,2007-05-03,"WI-433247",45.25,-88.5
12.3,5.5,28.18,2007-05-04,"WI-433247",45.25,-88.5
11.2,6.42,12.18,2007-05-05,"WI-433247",45.25,-88.5
12.2,6.61,25.61,2007-05-06,"WI-433247",45.25,-88.5
16.2,4.81,18.25,2007-05-07,"WI-433247",45.25,-88.5
20.2,3.24,18.98,2007-05-08,"WI-433247",45.25,-88.5
19.4,2.69,19.36,2007-05-09,"WI-433247",45.25,-88.5
21.7,4.52,25.12,2007-05-10,"WI-433247",45.25,-88.5
15.4,6.18,28.79,2007-05-11,"WI-433247",45.25,-88.5
12.7,3.52,27.99,2007-05-12,"WI-433247",45.25,-88.5
11.6,5,21.66,2007-05-13,"WI-433247",45.25,-88.5
21.4,7.92,25.36,2007-05-14,"WI-433247",45.25,-88.5
15.1,5.61,8.48,2007-05-15,"WI-433247",45.25,-88.5
9.4,5.9,23.4,2007-05-16,"WI-433247",45.25,-88.5
12.6,3.83,30.33,2007-05-17,"WI-433247",45.25,-88.5
15.6,5.39,28.09,2007-05-18,"WI-433247",45.25,-88.5
16.5,4.65,19.39,2007-05-19,"WI-433247",45.25,-88.5
6.9,4.52,18.55,2007-05-20,"WI-433247",45.25,-88.5
12.1,4.34,21.79,2007-05-21,"WI-433247",45.25,-88.5
20,6.74,29.03,2007-05-22,"WI-433247",45.25,-88.5
23.3,8.19,23.63,2007-05-23,"WI-433247",45.25,-88.5
21.5,9.73,21.69,2007-05-24,"WI-433247",45.25,-88.5
14.4,5.61,30.22,2007-05-25,"WI-433247",45.25,-88.5
13.6,5.03,23.61,2007-05-26,"WI-433247",45.25,-88.5
14,7.37,18.55,2007-05-27,"WI-433247",45.25,-88.5
15.7,4.02,26.54,2007-05-28,"WI-433247",45.25,-88.5
21.2,5.69,23.72,2007-05-29,"WI-433247",45.25,-88.5
23.6,4.8,21.37,2007-05-30,"WI-433247",45.25,-88.5
20.8,5.5,18.01,2007-05-31,"WI-433247",45.25,-88.5
19.9,3.47,21.45,2007-06-01,"WI-433247",45.25,-88.5
19.2,3.79,16.41,2007-06-02,"WI-433247",45.25,-88.5
17.9,3.67,17.63,2007-06-03,"WI-433247",45.25,-88.5
16.9,7.03,16.52,2007-06-04,"WI-433247",45.25,-88.5
12.9,4.69,17,2007-06-05,"WI-433247",45.25,-88.5
13.3,6.99,20.86,2007-06-06,"WI-433247",45.25,-88.5
21.2,9.46,21.91,2007-06-07,"WI-433247",45.25,-88.5
18.6,6.64,23.52,2007-06-08,"WI-433247",45.25,-88.5
18,5,29.09,2007-06-09,"WI-433247",45.25,-88.5
21.2,4.79,27.55,2007-06-10,"WI-433247",45.25,-88.5
22.5,4.36,28.32,2007-06-11,"WI-433247",45.25,-88.5
22.8,3.55,30.03,2007-06-12,"WI-433247",45.25,-88.5
23.4,2.97,30.07,2007-06-13,"WI-433247",45.25,-88.5
24.6,2.5,29.59,2007-06-14,"WI-433247",45.25,-88.5
24.9,2.91,23.77,2007-06-15,"WI-433247",45.25,-88.5
24,2.96,19.86,2007-06-16,"WI-433247",45.25,-88.5
21.7,4.29,22.34,2007-06-17,"WI-433247",45.25,-88.5
23.4,8.28,24.75,2007-06-18,"WI-433247",45.25,-88.5
18.5,8.83,23.79,2007-06-19,"WI-433247",45.25,-88.5
19.4,6.3,26.26,2007-06-20,"WI-433247",45.25,-88.5
19.8,4.12,29.93,2007-06-21,"WI-433247",45.25,-88.5
18.2,3.64,27.21,2007-06-22,"WI-433247",45.25,-88.5
19.5,3.44,30.6,2007-06-23,"WI-433247",45.25,-88.5
21.8,3.26,30.16,2007-06-24,"WI-433247",45.25,-88.5
24.1,3.73,29.87,2007-06-25,"WI-433247",45.25,-88.5
25.6,5.02,24.84,2007-06-26,"WI-433247",45.25,-88.5
24.3,5.16,28.61,2007-06-27,"WI-433247",45.25,-88.5
16.3,3.85,22.3,2007-06-28,"WI-433247",45.25,-88.5
17,2.14,30.97,2007-06-29,"WI-433247",45.25,-88.5
17.6,4.03,24.22,2007-06-30,"WI-433247",45.25,-88.5
15.7,3.56,29.97,2007-07-01,"WI-433247",45.25,-88.5
16,3.77,12.84,2007-07-02,"WI-433247",45.25,-88.5
19.4,4.39,18.51,2007-07-03,"WI-433247",45.25,-88.5
21.7,3.2,23.66,2007-07-04,"WI-433247",45.25,-88.5
21.3,4.77,25.81,2007-07-05,"WI-433247",45.25,-88.5
21.4,3.47,25.88,2007-07-06,"WI-433247",45.25,-88.5
25,4.88,29.54,2007-07-07,"WI-433247",45.25,-88.5
26.6,5.63,24.4,2007-07-08,"WI-433247",45.25,-88.5
23.6,3.4,25.45,2007-07-09,"WI-433247",45.25,-88.5
21.1,8.14,21.99,2007-07-10,"WI-433247",45.25,-88.5
17.4,6.91,24.51,2007-07-11,"WI-433247",45.25,-88.5
15.6,7.41,22.42,2007-07-12,"WI-433247",45.25,-88.5
16.5,3.79,18.66,2007-07-13,"WI-433247",45.25,-88.5
17.3,6.74,20.4,2007-07-14,"WI-433247",45.25,-88.5
18,4.05,21.85,2007-07-15,"WI-433247",45.25,-88.5
18.4,3.05,20.35,2007-07-16,"WI-433247",45.25,-88.5
19.9,2.48,17.99,2007-07-17,"WI-433247",45.25,-88.5
21.7,2.16,18.99,2007-07-18,"WI-433247",45.25,-88.5
18.6,7.77,24.34,2007-07-19,"WI-433247",45.25,-88.5
16.6,3.01,21.82,2007-07-20,"WI-433247",45.25,-88.5
17.6,2.94,28.45,2007-07-21,"WI-433247",45.25,-88.5
19.7,4.2,26.65,2007-07-22,"WI-433247",45.25,-88.5
21.5,3.26,19.68,2007-07-23,"WI-433247",45.25,-88.5
24.2,1.97,16.54,2007-07-24,"WI-433247",45.25,-88.5
24.5,2.88,20.83,2007-07-25,"WI-433247",45.25,-88.5
22.4,3.31,16.36,2007-07-26,"WI-433247",45.25,-88.5
22.3,4.13,15.89,2007-07-27,"WI-433247",45.25,-88.5
21.9,3.11,25.48,2007-07-28,"WI-433247",45.25,-88.5
22.7,2.72,23.98,2007-07-29,"WI-433247",45.25,-88.5
25.1,3,27.01,2007-07-30,"WI-433247",45.25,-88.5
26.6,3.34,26.46,2007-07-31,"WI-433247",45.25,-88.5
26.4,5.54,27.49,2007-08-01,"WI-433247",45.25,-88.5
25.9,5.08,25.29,2007-08-02,"WI-433247",45.25,-88.5
22,3.2,28.04,2007-08-03,"WI-433247",45.25,-88.5
20.9,3.54,18.14,2007-08-04,"WI-433247",45.25,-88.5
18.5,3.26,6.24,2007-08-05,"WI-433247",45.25,-88.5
23.5,4.17,24.46,2007-08-06,"WI-433247",45.25,-88.5
24.1,4.57,11.61,2007-08-07,"WI-433247",45.25,-88.5
22.6,3.52,26.25,2007-08-08,"WI-433247",45.25,-88.5
23.1,2.44,22.06,2007-08-09,"WI-433247",45.25,-88.5
24.4,2.62,25.55,2007-08-10,"WI-433247",45.25,-88.5
23.8,6.41,14.89,2007-08-11,"WI-433247",45.25,-88.5
23.3,4.49,24.19,2007-08-12,"WI-433247",45.25,-88.5
19.9,3.93,25.84,2007-08-13,"WI-433247",45.25,-88.5
20.6,5.67,14.22,2007-08-14,"WI-433247",45.25,-88.5
20.6,4.38,22.65,2007-08-15,"WI-433247",45.25,-88.5
20.1,4.72,26.09,2007-08-16,"WI-433247",45.25,-88.5
16.7,5.74,24.88,2007-08-17,"WI-433247",45.25,-88.5
12.8,2.72,13.94,2007-08-18,"WI-433247",45.25,-88.5
15.4,5.25,10.4,2007-08-19,"WI-433247",45.25,-88.5
16.8,7.73,10.54,2007-08-20,"WI-433247",45.25,-88.5
17.4,4.16,5.46,2007-08-21,"WI-433247",45.25,-88.5
21.5,2.91,12.11,2007-08-22,"WI-433247",45.25,-88.5
21.1,2.97,14.42,2007-08-23,"WI-433247",45.25,-88.5
19.7,2.37,9.18,2007-08-24,"WI-433247",45.25,-88.5
18.2,4.17,17.29,2007-08-25,"WI-433247",45.25,-88.5
17.6,3.72,18.67,2007-08-26,"WI-433247",45.25,-88.5
18.6,5.05,15.59,2007-08-27,"WI-433247",45.25,-88.5
23.7,5.27,19.45,2007-08-28,"WI-433247",45.25,-88.5
20.3,3.81,18.32,2007-08-29,"WI-433247",45.25,-88.5
17.3,2.7,22.01,2007-08-30,"WI-433247",45.25,-88.5
18,2.64,19.59,2007-08-31,"WI-433247",45.25,-88.5
20.2,3.79,20.18,2007-09-01,"WI-433247",45.25,-88.5
22.1,5.9,20.44,2007-09-02,"WI-433247",45.25,-88.5
21.3,3.18,21.92,2007-09-03,"WI-433247",45.25,-88.5
22.9,4.46,21.01,2007-09-04,"WI-433247",45.25,-88.5
24.9,5.62,19,2007-09-05,"WI-433247",45.25,-88.5
24.6,5.42,15.94,2007-09-06,"WI-433247",45.25,-88.5
20.8,6.53,8.62,2007-09-07,"WI-433247",45.25,-88.5
17.7,2.42,18.57,2007-09-08,"WI-433247",45.25,-88.5
15.4,3.51,8.15,2007-09-09,"WI-433247",45.25,-88.5
10.9,3.28,7.26,2007-09-10,"WI-433247",45.25,-88.5
11,8.96,16.4,2007-09-11,"WI-433247",45.25,-88.5
10.3,5.33,17.77,2007-09-12,"WI-433247",45.25,-88.5
15.1,7.38,18.55,2007-09-13,"WI-433247",45.25,-88.5
8.6,7.4,11.37,2007-09-14,"WI-433247",45.25,-88.5
7.1,3.78,19.99,2007-09-15,"WI-433247",45.25,-88.5
11.5,4.56,14.02,2007-09-16,"WI-433247",45.25,-88.5
15.2,5.2,13.28,2007-09-17,"WI-433247",45.25,-88.5
22.4,6.86,16.68,2007-09-18,"WI-433247",45.25,-88.5
19.9,6.61,16.86,2007-09-19,"WI-433247",45.25,-88.5
14.2,4.27,9.61,2007-09-20,"WI-433247",45.25,-88.5
20.1,7.75,14.1,2007-09-21,"WI-433247",45.25,-88.5
16.2,6.43,18.96,2007-09-22,"WI-433247",45.25,-88.5
16.9,4.95,18.5,2007-09-23,"WI-433247",45.25,-88.5
22.2,7.69,15.88,2007-09-24,"WI-433247",45.25,-88.5
19.8,5.47,8.34,2007-09-25,"WI-433247",45.25,-88.5
12.6,5.03,17.1,2007-09-26,"WI-433247",45.25,-88.5
13.2,3.93,15.12,2007-09-27,"WI-433247",45.25,-88.5
13.6,4.1,17.33,2007-09-28,"WI-433247",45.25,-88.5
14,5.46,9.9,2007-09-29,"WI-433247",45.25,-88.5
19.7,6.55,13.74,2007-09-30,"WI-433247",45.25,-88.5
16.7,3.99,4.22,2007-10-01,"WI-433247",45.25,-88.5
17,9.13,6.4,2007-10-02,"WI-433247",45.25,-88.5
16.2,9,16.71,2007-10-03,"WI-433247",45.25,-88.5
17.1,5.32,16.06,2007-10-04,"WI-433247",45.25,-88.5
18.9,3.61,8.38,2007-10-05,"WI-433247",45.25,-88.5
23,3.81,13.77,2007-10-06,"WI-433247",45.25,-88.5
22.7,4.83,13.2,2007-10-07,"WI-433247",45.25,-88.5
19.8,6.4,9.87,2007-10-08,"WI-433247",45.25,-88.5
10,7.37,8.85,2007-10-09,"WI-433247",45.25,-88.5
8.3,8.43,5.42,2007-10-10,"WI-433247",45.25,-88.5
6.8,6.06,6.64,2007-10-11,"WI-433247",45.25,-88.5
4.3,3.1,7.67,2007-10-12,"WI-433247",45.25,-88.5
6.2,3.13,14.49,2007-10-13,"WI-433247",45.25,-88.5
6.7,3.1,9.24,2007-10-14,"WI-433247",45.25,-88.5
8.8,5.6,3.19,2007-10-15,"WI-433247",45.25,-88.5
11.9,5.71,1.49,2007-10-16,"WI-433247",45.25,-88.5
12.9,4.42,10.51,2007-10-17,"WI-433247",45.25,-88.5
15.9,7.4,5.47,2007-10-18,"WI-433247",45.25,-88.5
12,8.12,1.86,2007-10-19,"WI-433247",45.25,-88.5
13.9,7,12.79,2007-10-20,"WI-433247",45.25,-88.5
15.8,4.91,10.29,2007-10-21,"WI-433247",45.25,-88.5
9.4,5.3,5.47,2007-10-22,"WI-433247",45.25,-88.5
7.3,6.56,11.43,2007-10-23,"WI-433247",45.25,-88.5
4.9,6.95,9.37,2007-10-24,"WI-433247",45.25,-88.5
3.9,2.78,12.05,2007-10-25,"WI-433247",45.25,-88.5
6.8,2.5,7.44,2007-10-26,"WI-433247",45.25,-88.5
7.2,6.66,9.76,2007-10-27,"WI-433247",45.25,-88.5
3.9,4.43,12.05,2007-10-28,"WI-433247",45.25,-88.5
9,5.24,10.62,2007-10-29,"WI-433247",45.25,-88.5
11.1,5.61,10.44,2007-10-30,"WI-433247",45.25,-88.5
10.7,7.74,7.98,2007-10-31,"WI-433247",45.25,-88.5
4.5,6.46,11.37,2007-11-01,"WI-433247",45.25,-88.5
6.3,6.28,9.61,2007-11-02,"WI-433247",45.25,-88.5
4.2,4.44,10.42,2007-11-03,"WI-433247",45.25,-88.5
3.6,3.55,6.59,2007-11-04,"WI-433247",45.25,-88.5
4.5,8.57,7.94,2007-11-05,"WI-433247",45.25,-88.5
1.7,9.85,7.76,2007-11-06,"WI-433247",45.25,-88.5
-0.7,3.4,6.98,2007-11-07,"WI-433247",45.25,-88.5
1.7,2.8,6.66,2007-11-08,"WI-433247",45.25,-88.5
2,3.51,6.82,2007-11-09,"WI-433247",45.25,-88.5
1.2,4.36,5.37,2007-11-10,"WI-433247",45.25,-88.5
7,4.71,5.46,2007-11-11,"WI-433247",45.25,-88.5
8.4,4.78,6.7,2007-11-12,"WI-433247",45.25,-88.5
5.5,6.66,7.08,2007-11-13,"WI-433247",45.25,-88.5
5.9,8.93,7.18,2007-11-14,"WI-433247",45.25,-88.5
0.2,6.55,6.19,2007-11-15,"WI-433247",45.25,-88.5
-1.7,2.45,5.71,2007-11-16,"WI-433247",45.25,-88.5
-1.2,5.11,6.49,2007-11-17,"WI-433247",45.25,-88.5
-1,4.36,6.34,2007-11-18,"WI-433247",45.25,-88.5
2.4,4.6,1.68,2007-11-19,"WI-433247",45.25,-88.5
2.1,4.04,4.82,2007-11-20,"WI-433247",45.25,-88.5
0.3,5.97,3.15,2007-11-21,"WI-433247",45.25,-88.5
-4,5.85,5.91,2007-11-22,"WI-433247",45.25,-88.5
-5.9,4.46,8.11,2007-11-23,"WI-433247",45.25,-88.5
-0.8,7.07,6.77,2007-11-24,"WI-433247",45.25,-88.5
1.5,6.2,7.65,2007-11-25,"WI-433247",45.25,-88.5
0.1,4.2,3.75,2007-11-26,"WI-433247",45.25,-88.5
-6.8,8.71,8.1,2007-11-27,"WI-433247",45.25,-88.5
-4,6.09,2.22,2007-11-28,"WI-433247",45.25,-88.5
-9.1,6.81,8.01,2007-11-29,"WI-433247",45.25,-88.5
-11.4,7.05,8.03,2007-11-30,"WI-433247",45.25,-88.5
-9.7,6.69,2.06,2007-12-01,"WI-433247",45.25,-88.5
-0.8,6.16,3.98,2007-12-02,"WI-433247",45.25,-88.5
-5,6.66,4.83,2007-12-03,"WI-433247",45.25,-88.5
-7.5,3.64,4.52,2007-12-04,"WI-433247",45.25,-88.5
-9.8,5.05,7.35,2007-12-05,"WI-433247",45.25,-88.5
-13,4.69,6.12,2007-12-06,"WI-433247",45.25,-88.5
-7.3,4.8,6.57,2007-12-07,"WI-433247",45.25,-88.5
-13.3,3.89,6.88,2007-12-08,"WI-433247",45.25,-88.5
-10.7,2.53,4.85,2007-12-09,"WI-433247",45.25,-88.5
-10,3.64,6.99,2007-12-10,"WI-433247",45.25,-88.5
-4.9,4.75,2.22,2007-12-11,"WI-433247",45.25,-88.5
-8.6,4.18,7.12,2007-12-12,"WI-433247",45.25,-88.5
-5.9,6.87,4.86,2007-12-13,"WI-433247",45.25,-88.5
-10.2,5.89,6.62,2007-12-14,"WI-433247",45.25,-88.5
-9.2,2.61,4.14,2007-12-15,"WI-433247",45.25,-88.5
-6.7,5.08,6.18,2007-12-16,"WI-433247",45.25,-88.5
-8.6,4.05,5.5,2007-12-17,"WI-433247",45.25,-88.5
-5.5,3.58,6.21,2007-12-18,"WI-433247",45.25,-88.5
-3.1,4.67,6.74,2007-12-19,"WI-433247",45.25,-88.5
-2.8,4.1,3.18,2007-12-20,"WI-433247",45.25,-88.5
1.1,3.38,1.35,2007-12-21,"WI-433247",45.25,-88.5
1.9,3.29,0.74,2007-12-22,"WI-433247",45.25,-88.5
-1.2,8.22,1.1,2007-12-23,"WI-433247",45.25,-88.5
-4.3,4.6,3.91,2007-12-24,"WI-433247",45.25,-88.5
-4.6,4.08,4.53,2007-12-25,"WI-433247",45.25,-88.5
-2,2.21,4.81,2007-12-26,"WI-433247",45.25,-88.5
-3.9,5.55,5.8,2007-12-27,"WI-433247",45.25,-88.5
-7,4.34,2.04,2007-12-28,"WI-433247",45.25,-88.5
-6.6,4.31,6.29,2007-12-29,"WI-433247",45.25,-88.5
-6.5,2.26,4.09,2007-12-30,"WI-433247",45.25,-88.5
-4.6,3.35,3.72,2007-12-31,"WI-433247",45.25,-88.5
-9.5,5.69,7.06,2008-01-01,"WI-433247",45.25,-88.5
-10.1,5.55,6.05,2008-01-02,"WI-433247",45.25,-88.5
-11.8,6.86,5.47,2008-01-03,"WI-433247",45.25,-88.5
-6.9,4.63,6.9,2008-01-04,"WI-433247",45.25,-88.5
0,4.66,2.88,2008-01-05,"WI-433247",45.25,-88.5
4.1,3.93,1.01,2008-01-06,"WI-433247",45.25,-88.5
1.9,2.6,1.62,2008-01-07,"WI-433247",45.25,-88.5
2.7,5.59,1.56,2008-01-08,"WI-433247",45.25,-88.5
-0.5,6.59,6.23,2008-01-09,"WI-433247",45.25,-88.5
-0.3,5.11,3.79,2008-01-10,"WI-433247",45.25,-88.5
0,4.29,5.71,2008-01-11,"WI-433247",45.25,-88.5
-0.6,3.01,3.6,2008-01-12,"WI-433247",45.25,-88.5
-0.1,4.57,3.38,2008-01-13,"WI-433247",45.25,-88.5
-5.3,6.44,6.16,2008-01-14,"WI-433247",45.25,-88.5
-6.2,4.16,7.16,2008-01-15,"WI-433247",45.25,-88.5
-3.9,4.12,5.81,2008-01-16,"WI-433247",45.25,-88.5
-4.4,6.13,1.83,2008-01-17,"WI-433247",45.25,-88.5
-14.5,5.77,8.45,2008-01-18,"WI-433247",45.25,-88.5
-22.1,4.95,9.15,2008-01-19,"WI-433247",45.25,-88.5
-21.1,4.84,9.26,2008-01-20,"WI-433247",45.25,-88.5
-16.8,3.51,4.42,2008-01-21,"WI-433247",45.25,-88.5
-14.7,6.43,8.74,2008-01-22,"WI-433247",45.25,-88.5
-17.4,3.76,8.09,2008-01-23,"WI-433247",45.25,-88.5
-17.6,5.28,9.78,2008-01-24,"WI-433247",45.25,-88.5
-12.2,5.39,9.47,2008-01-25,"WI-433247",45.25,-88.5
-7.5,2.92,6.2,2008-01-26,"WI-433247",45.25,-88.5
-5.5,3.31,9.32,2008-01-27,"WI-433247",45.25,-88.5
-0.2,5.52,6.25,2008-01-28,"WI-433247",45.25,-88.5
-1.3,7.93,3.14,2008-01-29,"WI-433247",45.25,-88.5
-21,9.04,10.77,2008-01-30,"WI-433247",45.25,-88.5
-17.7,3.2,9.51,2008-01-31,"WI-433247",45.25,-88.5
-7.5,3.64,6.27,2008-02-01,"WI-433247",45.25,-88.5
-3.6,2.94,4.13,2008-02-02,"WI-433247",45.25,-88.5
-2.7,3.23,8.94,2008-02-03,"WI-433247",45.25,-88.5
-1.3,4.59,2.86,2008-02-04,"WI-433247",45.25,-88.5
-0.2,4.89,6.96,2008-02-05,"WI-433247",45.25,-88.5
-6,5.77,9.4,2008-02-06,"WI-433247",45.25,-88.5
-9.4,3.05,11.42,2008-02-07,"WI-433247",45.25,-88.5
-6.6,2.21,6.11,2008-02-08,"WI-433247",45.25,-88.5
-4.6,8.72,8.89,2008-02-09,"WI-433247",45.25,-88.5
-21.5,8.02,12.24,2008-02-10,"WI-433247",45.25,-88.5
-18.9,3.84,12.72,2008-02-11,"WI-433247",45.25,-88.5
-15.7,2.68,9.46,2008-02-12,"WI-433247",45.25,-88.5
-10.3,3.81,11.12,2008-02-13,"WI-433247",45.25,-88.5
-7.9,3.83,6.04,2008-02-14,"WI-433247",45.25,-88.5
-15.3,3.52,13.21,2008-02-15,"WI-433247",45.25,-88.5
-8.9,5.17,11.23,2008-02-16,"WI-433247",45.25,-88.5
-4.5,6.72,1.83,2008-02-17,"WI-433247",45.25,-88.5
-9.4,5.59,8.9,2008-02-18,"WI-433247",45.25,-88.5
-14.5,3.91,12.73,2008-02-19,"WI-433247",45.25,-88.5
-15.9,4.75,14.61,2008-02-20,"WI-433247",45.25,-88.5
-14.9,4.02,13.4,2008-02-21,"WI-433247",45.25,-88.5
-9.3,2.62,14.59,2008-02-22,"WI-433247",45.25,-88.5
-7.3,3.44,14.71,2008-02-23,"WI-433247",45.25,-88.5
-4,3.89,14.6,2008-02-24,"WI-433247",45.25,-88.5
1.2,4.79,13.03,2008-02-25,"WI-433247",45.25,-88.5
-7.2,5.91,12.24,2008-02-26,"WI-433247",45.25,-88.5
-10.8,3.72,13.7,2008-02-27,"WI-433247",45.25,-88.5
-11.4,3.75,13.37,2008-02-28,"WI-433247",45.25,-88.5
-4.3,6.28,9.35,2008-02-29,"WI-433247",45.25,-88.5
-7.6,4.88,16.11,2008-03-01,"WI-433247",45.25,-88.5
-0.8,4.69,10.27,2008-03-02,"WI-433247",45.25,-88.5
-3.3,6.32,14.88,2008-03-03,"WI-433247",45.25,-88.5
-9.7,3.89,15.48,2008-03-04,"WI-433247",45.25,-88.5
-4.9,3.67,9.83,2008-03-05,"WI-433247",45.25,-88.5
-9.2,5.51,17.43,2008-03-06,"WI-433247",45.25,-88.5
-14.6,3.77,18.23,2008-03-07,"WI-433247",45.25,-88.5
-12.9,2.57,18.14,2008-03-08,"WI-433247",45.25,-88.5
-9.6,2.95,16.57,2008-03-09,"WI-433247",45.25,-88.5
-5.6,4.4,18.17,2008-03-10,"WI-433247",45.25,-88.5
1,6.37,15.41,2008-03-11,"WI-433247",45.25,-88.5
-2,3.68,12.66,2008-03-12,"WI-433247",45.25,-88.5
3.1,7.22,14.22,2008-03-13,"WI-433247",45.25,-88.5
2.3,5.19,15.35,2008-03-14,"WI-433247",45.25,-88.5
-2.5,4.34,12.98,2008-03-15,"WI-433247",45.25,-88.5
-6.1,3.3,19.9,2008-03-16,"WI-433247",45.25,-88.5
-3.5,4.39,10.35,2008-03-17,"WI-433247",45.25,-88.5
1.3,3.96,8.21,2008-03-18,"WI-433247",45.25,-88.5
2.6,5.02,19,2008-03-19,"WI-433247",45.25,-88.5
-1.7,3.88,20.53,2008-03-20,"WI-433247",45.25,-88.5
-3.6,4.37,11.22,2008-03-21,"WI-433247",45.25,-88.5
-1.9,3.4,17.95,2008-03-22,"WI-433247",45.25,-88.5
-3.5,3.69,16.02,2008-03-23,"WI-433247",45.25,-88.5
-3,6.56,20.99,2008-03-24,"WI-433247",45.25,-88.5
3.4,7.61,15.21,2008-03-25,"WI-433247",45.25,-88.5
1.8,7.01,20.16,2008-03-26,"WI-433247",45.25,-88.5
-0.7,3.16,14.27,2008-03-27,"WI-433247",45.25,-88.5
-1.3,3.16,21.03,2008-03-28,"WI-433247",45.25,-88.5
0.1,4.82,22.31,2008-03-29,"WI-433247",45.25,-88.5
3.1,4.98,9.7,2008-03-30,"WI-433247",45.25,-88.5
2.4,6.59,4.36,2008-03-31,"WI-433247",45.25,-88.5
0.4,9.36,21.04,2008-04-01,"WI-433247",45.25,-88.5
-0.7,5.67,22.6,2008-04-02,"WI-433247",45.25,-88.5
5.4,3.47,18.84,2008-04-03,"WI-433247",45.25,-88.5
7.6,4.41,20.31,2008-04-04,"WI-433247",45.25,-88.5
10.7,4.69,22.21,2008-04-05,"WI-433247",45.25,-88.5
10.5,6.02,18.72,2008-04-06,"WI-433247",45.25,-88.5
6,7.34,10.45,2008-04-07,"WI-433247",45.25,-88.5
2.5,4.61,7.3,2008-04-08,"WI-433247",45.25,-88.5
3.9,5.72,20.82,2008-04-09,"WI-433247",45.25,-88.5
2.5,9.25,8.82,2008-04-10,"WI-433247",45.25,-88.5
1.3,8.95,3.72,2008-04-11,"WI-433247",45.25,-88.5
-0.1,6.72,11.94,2008-04-12,"WI-433247",45.25,-88.5
0.7,5.03,24.23,2008-04-13,"WI-433247",45.25,-88.5
2.7,3.42,26.09,2008-04-14,"WI-433247",45.25,-88.5
8.3,7.67,23.84,2008-04-15,"WI-433247",45.25,-88.5
14.5,8.6,22.94,2008-04-16,"WI-433247",45.25,-88.5
12,5.15,16.2,2008-04-17,"WI-433247",45.25,-88.5
7.1,4.74,4.51,2008-04-18,"WI-433247",45.25,-88.5
10.9,3.67,15.81,2008-04-19,"WI-433247",45.25,-88.5
14.3,4.83,24.99,2008-04-20,"WI-433247",45.25,-88.5
15.5,4.61,23.46,2008-04-21,"WI-433247",45.25,-88.5
14.5,4.36,12.81,2008-04-22,"WI-433247",45.25,-88.5
15.5,4.66,26.85,2008-04-23,"WI-433247",45.25,-88.5
14.1,6.45,12.95,2008-04-24,"WI-433247",45.25,-88.5
12.5,6.4,3.46,2008-04-25,"WI-433247",45.25,-88.5
4.2,10.37,12.13,2008-04-26,"WI-433247",45.25,-88.5
4,6.96,21.74,2008-04-27,"WI-433247",45.25,-88.5
2.2,5.66,12.27,2008-04-28,"WI-433247",45.25,-88.5
3.4,3.58,18.37,2008-04-29,"WI-433247",45.25,-88.5
7.2,3.94,26.69,2008-04-30,"WI-433247",45.25,-88.5
8.9,6.31,23.04,2008-05-01,"WI-433247",45.25,-88.5
6.7,4.97,3.65,2008-05-02,"WI-433247",45.25,-88.5
8.3,6.68,15.08,2008-05-03,"WI-433247",45.25,-88.5
10.4,7.68,22.21,2008-05-04,"WI-433247",45.25,-88.5
11.6,4.69,27.8,2008-05-05,"WI-433247",45.25,-88.5
12.7,3.75,26.5,2008-05-06,"WI-433247",45.25,-88.5
13,6.83,25.11,2008-05-07,"WI-433247",45.25,-88.5
10.1,4.28,21.38,2008-05-08,"WI-433247",45.25,-88.5
9.2,2.84,10.59,2008-05-09,"WI-433247",45.25,-88.5
9.6,3.72,23.34,2008-05-10,"WI-433247",45.25,-88.5
8.8,5.55,10.88,2008-05-11,"WI-433247",45.25,-88.5
9,4.42,27.03,2008-05-12,"WI-433247",45.25,-88.5
12.6,6.2,19.27,2008-05-13,"WI-433247",45.25,-88.5
12.5,4.92,27.02,2008-05-14,"WI-433247",45.25,-88.5
13.4,3.99,24.96,2008-05-15,"WI-433247",45.25,-88.5
15.7,4.83,22.64,2008-05-16,"WI-433247",45.25,-88.5
13.8,7.43,25.63,2008-05-17,"WI-433247",45.25,-88.5
8.3,6.52,23.98,2008-05-18,"WI-433247",45.25,-88.5
9.9,4.34,22.67,2008-05-19,"WI-433247",45.25,-88.5
10.9,6.76,26.27,2008-05-20,"WI-433247",45.25,-88.5
10.9,6.16,25.03,2008-05-21,"WI-433247",45.25,-88.5
10.4,3.28,14.21,2008-05-22,"WI-433247",45.25,-88.5
11.7,3.73,23.93,2008-05-23,"WI-433247",45.25,-88.5
13.2,3.67,29.6,2008-05-24,"WI-433247",45.25,-88.5
15.5,5.41,21.32,2008-05-25,"WI-433247",45.25,-88.5
17.2,6.91,23.09,2008-05-26,"WI-433247",45.25,-88.5
8.4,5.32,30.51,2008-05-27,"WI-433247",45.25,-88.5
12,3.44,30.6,2008-05-28,"WI-433247",45.25,-88.5
15.9,3.76,26.59,2008-05-29,"WI-433247",45.25,-88.5
15,5.02,9.61,2008-05-30,"WI-433247",45.25,-88.5
15.2,6.23,13.32,2008-05-31,"WI-433247",45.25,-88.5
16.9,3.35,26.8,2008-06-01,"WI-433247",45.25,-88.5
17.6,3.28,20.29,2008-06-02,"WI-433247",45.25,-88.5
13.4,5.02,15.96,2008-06-03,"WI-433247",45.25,-88.5
14.4,4.31,11.79,2008-06-04,"WI-433247",45.25,-88.5
15.9,5.58,6.5,2008-06-05,"WI-433247",45.25,-88.5
22.1,9.44,18.55,2008-06-06,"WI-433247",45.25,-88.5
21.9,7.21,23.2,2008-06-07,"WI-433247",45.25,-88.5
18.5,4.84,7.88,2008-06-08,"WI-433247",45.25,-88.5
20.5,5.08,25.02,2008-06-09,"WI-433247",45.25,-88.5
17.5,5.85,24.85,2008-06-10,"WI-433247",45.25,-88.5
13.3,5.31,18.06,2008-06-11,"WI-433247",45.25,-88.5
17.3,5.64,8.96,2008-06-12,"WI-433247",45.25,-88.5
20.4,6.11,28.03,2008-06-13,"WI-433247",45.25,-88.5
19.2,6.56,27.55,2008-06-14,"WI-433247",45.25,-88.5
18.9,5.57,26.2,2008-06-15,"WI-433247",45.25,-88.5
15,5.08,22.04,2008-06-16,"WI-433247",45.25,-88.5
16.3,6.23,29.98,2008-06-17,"WI-433247",45.25,-88.5
15.6,5.1,18.8,2008-06-18,"WI-433247",45.25,-88.5
18,4.05,25.78,2008-06-19,"WI-433247",45.25,-88.5
19.4,2.51,26.67,2008-06-20,"WI-433247",45.25,-88.5
19.1,4.03,24.59,2008-06-21,"WI-433247",45.25,-88.5
16.7,3.42,21.26,2008-06-22,"WI-433247",45.25,-88.5
18.1,4.11,24.21,2008-06-23,"WI-433247",45.25,-88.5
20.5,4.55,25.35,2008-06-24,"WI-433247",45.25,-88.5
23,4.1,27.93,2008-06-25,"WI-433247",45.25,-88.5
23.9,3.62,25.28,2008-06-26,"WI-433247",45.25,-88.5
20.9,3.06,16.67,2008-06-27,"WI-433247",45.25,-88.5
18.5,5.29,22.96,2008-06-28,"WI-433247",45.25,-88.5
16.4,7.24,12.72,2008-06-29,"WI-433247",45.25,-88.5
19.2,4.51,31.3,2008-06-30,"WI-433247",45.25,-88.5
21.3,5.07,29.34,2008-07-01,"WI-433247",45.25,-88.5
20.6,5.32,18.53,2008-07-02,"WI-433247",45.25,-88.5
16.6,4.2,23.21,2008-07-03,"WI-433247",45.25,-88.5
17.7,2.7,23.22,2008-07-04,"WI-433247",45.25,-88.5
20,3.89,30.16,2008-07-05,"WI-433247",45.25,-88.5
21.4,5.33,21.95,2008-07-06,"WI-433247",45.25,-88.5
22.6,3.08,20.51,2008-07-07,"WI-433247",45.25,-88.5
23.1,5.66,25.85,2008-07-08,"WI-433247",45.25,-88.5
19.6,6.3,24.45,2008-07-09,"WI-433247",45.25,-88.5
19.5,3.89,22.32,2008-07-10,"WI-433247",45.25,-88.5
19.5,5,12.96,2008-07-11,"WI-433247",45.25,-88.5
21.6,7.06,27,2008-07-12,"WI-433247",45.25,-88.5
18.1,8.91,12.67,2008-07-13,"WI-433247",45.25,-88.5
19.4,4.61,29.54,2008-07-14,"WI-433247",45.25,-88.5
22.8,3.95,26.34,2008-07-15,"WI-433247",45.25,-88.5
23,4.02,23.84,2008-07-16,"WI-433247",45.25,-88.5
21.3,4.64,12.84,2008-07-17,"WI-433247",45.25,-88.5
22.9,3.26,22.94,2008-07-18,"WI-433247",45.25,-88.5
20.5,3.42,21.21,2008-07-19,"WI-433247",45.25,-88.5
20.9,2.91,17.61,2008-07-20,"WI-433247",45.25,-88.5
19.3,2.83,22.9,2008-07-21,"WI-433247",45.25,-88.5
18.2,3.34,22.75,2008-07-22,"WI-433247",45.25,-88.5
19.6,3.45,28.12,2008-07-23,"WI-433247",45.25,-88.5
19.7,2.9,22.55,2008-07-24,"WI-433247",45.25,-88.5
20.8,5.39,15.79,2008-07-25,"WI-433247",45.25,-88.5
21.1,5.36,27.24,2008-07-26,"WI-433247",45.25,-88.5
21.6,5.24,27.49,2008-07-27,"WI-433247",45.25,-88.5
19.6,2.83,26.6,2008-07-28,"WI-433247",45.25,-88.5
20.2,5.32,14.5,2008-07-29,"WI-433247",45.25,-88.5
22.4,5.01,21.73,2008-07-30,"WI-433247",45.25,-88.5
21.4,2.97,21.56,2008-07-31,"WI-433247",45.25,-88.5
20.6,4.84,21.3,2008-08-01,"WI-433247",45.25,-88.5
20.3,3.2,24.62,2008-08-02,"WI-433247",45.25,-88.5
20.6,4.3,25.46,2008-08-03,"WI-433247",45.25,-88.5
21.6,2.42,10.42,2008-08-04,"WI-433247",45.25,-88.5
23,4.36,23.2,2008-08-05,"WI-433247",45.25,-88.5
20.4,3.81,21.48,2008-08-06,"WI-433247",45.25,-88.5
19.3,4.98,21.35,2008-08-07,"WI-433247",45.25,-88.5
19,3.55,18.55,2008-08-08,"WI-433247",45.25,-88.5
18.4,4.63,22.02,2008-08-09,"WI-433247",45.25,-88.5
15.9,4.46,15.21,2008-08-10,"WI-433247",45.25,-88.5
17.3,2.26,22.83,2008-08-11,"WI-433247",45.25,-88.5
18.4,2.02,18.09,2008-08-12,"WI-433247",45.25,-88.5
18.5,2.36,16.46,2008-08-13,"WI-433247",45.25,-88.5
18.3,3.8,22.71,2008-08-14,"WI-433247",45.25,-88.5
18.3,3.01,21.17,2008-08-15,"WI-433247",45.25,-88.5
20.7,4.46,19.72,2008-08-16,"WI-433247",45.25,-88.5
24,4.8,20.52,2008-08-17,"WI-433247",45.25,-88.5
22.9,4.75,20.61,2008-08-18,"WI-433247",45.25,-88.5
16.5,4.08,14.3,2008-08-19,"WI-433247",45.25,-88.5
18.4,3.68,21.06,2008-08-20,"WI-433247",45.25,-88.5
20.7,4.57,18.78,2008-08-21,"WI-433247",45.25,-88.5
23.7,6.24,13.23,2008-08-22,"WI-433247",45.25,-88.5
22.9,6.13,24,2008-08-23,"WI-433247",45.25,-88.5
15.8,3.67,12.37,2008-08-24,"WI-433247",45.25,-88.5
15.2,2.98,24.11,2008-08-25,"WI-433247",45.25,-88.5
16.2,4.05,22.84,2008-08-26,"WI-433247",45.25,-88.5
18,3.6,22.9,2008-08-27,"WI-433247",45.25,-88.5
18.8,3.41,7.51,2008-08-28,"WI-433247",45.25,-88.5
18.9,3.05,22.51,2008-08-29,"WI-433247",45.25,-88.5
20.1,3.06,22.88,2008-08-30,"WI-433247",45.25,-88.5
22.1,3.91,22.55,2008-08-31,"WI-433247",45.25,-88.5
22.8,4.93,21.33,2008-09-01,"WI-433247",45.25,-88.5
23.5,5.55,18.59,2008-09-02,"WI-433247",45.25,-88.5
16.9,4.65,21.53,2008-09-03,"WI-433247",45.25,-88.5
12.2,5.32,5.39,2008-09-04,"WI-433247",45.25,-88.5
14.3,4.21,15.52,2008-09-05,"WI-433247",45.25,-88.5
14.5,4.22,14.35,2008-09-06,"WI-433247",45.25,-88.5
14.3,4.79,16.94,2008-09-07,"WI-433247",45.25,-88.5
11.9,3.59,12.43,2008-09-08,"WI-433247",45.25,-88.5
11.5,3.76,16.14,2008-09-09,"WI-433247",45.25,-88.5
12.4,4.82,16.93,2008-09-10,"WI-433247",45.25,-88.5
15.9,6.43,9.32,2008-09-11,"WI-433247",45.25,-88.5
17.5,3.51,10.43,2008-09-12,"WI-433247",45.25,-88.5
15.9,3.73,4.89,2008-09-13,"WI-433247",45.25,-88.5
14.1,5.62,4.32,2008-09-14,"WI-433247",45.25,-88.5
11,4.05,10.6,2008-09-15,"WI-433247",45.25,-88.5
14.5,5.24,19.36,2008-09-16,"WI-433247",45.25,-88.5
16.4,3.54,16.23,2008-09-17,"WI-433247",45.25,-88.5
13.8,4.13,12.07,2008-09-18,"WI-433247",45.25,-88.5
18.9,6.24,18.56,2008-09-19,"WI-433247",45.25,-88.5
17.7,4.53,11.06,2008-09-20,"WI-433247",45.25,-88.5
14.2,2.91,12.3,2008-09-21,"WI-433247",45.25,-88.5
17.4,4.75,10.81,2008-09-22,"WI-433247",45.25,-88.5
20,6.12,16.62,2008-09-23,"WI-433247",45.25,-88.5
18.9,5.18,16.32,2008-09-24,"WI-433247",45.25,-88.5
14.5,2.78,16.3,2008-09-25,"WI-433247",45.25,-88.5
17.8,4.13,17.26,2008-09-26,"WI-433247",45.25,-88.5
16,4.4,7.69,2008-09-27,"WI-433247",45.25,-88.5
11.9,3.96,11.68,2008-09-28,"WI-433247",45.25,-88.5
12,4.17,6.13,2008-09-29,"WI-433247",45.25,-88.5
10.5,6.44,10.9,2008-09-30,"WI-433247",45.25,-88.5
8.3,5.52,7.83,2008-10-01,"WI-433247",45.25,-88.5
7.8,4.25,6.4,2008-10-02,"WI-433247",45.25,-88.5
5.1,3.27,10.62,2008-10-03,"WI-433247",45.25,-88.5
5.4,2.45,15.87,2008-10-04,"WI-433247",45.25,-88.5
8.5,2.85,13.56,2008-10-05,"WI-433247",45.25,-88.5
10.8,5.33,4.98,2008-10-06,"WI-433247",45.25,-88.5
11.9,4.68,8.05,2008-10-07,"WI-433247",45.25,-88.5
12.5,5.22,9.51,2008-10-08,"WI-433247",45.25,-88.5
12.1,7.72,15.77,2008-10-09,"WI-433247",45.25,-88.5
9.9,3.57,12.73,2008-10-10,"WI-433247",45.25,-88.5
14,3.33,14.28,2008-10-11,"WI-433247",45.25,-88.5
17.7,4.13,6.56,2008-10-12,"WI-433247",45.25,-88.5
19.4,6.6,8.14,2008-10-13,"WI-433247",45.25,-88.5
10.4,7.45,13.12,2008-10-14,"WI-433247",45.25,-88.5
9.3,5.77,5.06,2008-10-15,"WI-433247",45.25,-88.5
7.1,3.86,10.3,2008-10-16,"WI-433247",45.25,-88.5
5.9,2.25,7.2,2008-10-17,"WI-433247",45.25,-88.5
6.1,4.33,8.55,2008-10-18,"WI-433247",45.25,-88.5
10.1,6.44,7.55,2008-10-19,"WI-433247",45.25,-88.5
9,5.66,8.2,2008-10-20,"WI-433247",45.25,-88.5
3.6,3.71,8.84,2008-10-21,"WI-433247",45.25,-88.5
3,4.7,10.02,2008-10-22,"WI-433247",45.25,-88.5
5.4,4.66,11.21,2008-10-23,"WI-433247",45.25,-88.5
7,3.69,2.15,2008-10-24,"WI-433247",45.25,-88.5
7,6.51,5.2,2008-10-25,"WI-433247",45.25,-88.5
6.2,8,7.81,2008-10-26,"WI-433247",45.25,-88.5
2.1,6.66,10.12,2008-10-27,"WI-433247",45.25,-88.5
1.9,4.39,8.2,2008-10-28,"WI-433247",45.25,-88.5
2.2,4.39,11.2,2008-10-29,"WI-433247",45.25,-88.5
7.7,5.88,11.18,2008-10-30,"WI-433247",45.25,-88.5
11,5.52,10.97,2008-10-31,"WI-433247",45.25,-88.5
4,2.95,10.36,2008-11-01,"WI-433247",45.25,-88.5
5.4,4.25,2.66,2008-11-02,"WI-433247",45.25,-88.5
8.1,4.08,3.62,2008-11-03,"WI-433247",45.25,-88.5
15.8,4.73,9.2,2008-11-04,"WI-433247",45.25,-88.5
14.4,5.61,6.92,2008-11-05,"WI-433247",45.25,-88.5
13.1,6.44,5.6,2008-11-06,"WI-433247",45.25,-88.5
6.4,4.5,5.26,2008-11-07,"WI-433247",45.25,-88.5
1.9,5.52,3.6,2008-11-08,"WI-433247",45.25,-88.5
-1.6,6.25,7.01,2008-11-09,"WI-433247",45.25,-88.5
-1.6,4.77,5.07,2008-11-10,"WI-433247",45.25,-88.5
-1.5,2.62,8.32,2008-11-11,"WI-433247",45.25,-88.5
2.9,3.7,1.32,2008-11-12,"WI-433247",45.25,-88.5
5.3,5.13,1.73,2008-11-13,"WI-433247",45.25,-88.5
4.4,4.17,4.74,2008-11-14,"WI-433247",45.25,-88.5
1.3,5.76,5.68,2008-11-15,"WI-433247",45.25,-88.5
-1.6,4.26,5.26,2008-11-16,"WI-433247",45.25,-88.5
-3.6,6.08,6.95,2008-11-17,"WI-433247",45.25,-88.5
-5.3,3.68,7.59,2008-11-18,"WI-433247",45.25,-88.5
-1.4,6.05,4.68,2008-11-19,"WI-433247",45.25,-88.5
-4.7,6.39,5.43,2008-11-20,"WI-433247",45.25,-88.5
-7.7,5.45,7.52,2008-11-21,"WI-433247",45.25,-88.5
-7.4,3.01,7.95,2008-11-22,"WI-433247",45.25,-88.5
-2.5,3.4,4.1,2008-11-23,"WI-433247",45.25,-88.5
-0.1,4.47,5.73,2008-11-24,"WI-433247",45.25,-88.5
-0.8,5.01,4.66,2008-11-25,"WI-433247",45.25,-88.5
-2.4,2.41,7.83,2008-11-26,"WI-433247",45.25,-88.5
-1.5,5.92,5.87,2008-11-27,"WI-433247",45.25,-88.5
0.2,6.28,5.52,2008-11-28,"WI-433247",45.25,-88.5
-2.1,2.82,6.72,2008-11-29,"WI-433247",45.25,-88.5
-1.1,6.71,3.28,2008-11-30,"WI-433247",45.25,-88.5
-4,7.16,3.77,2008-12-01,"WI-433247",45.25,-88.5
-5.3,6.29,5.7,2008-12-02,"WI-433247",45.25,-88.5
-3.6,4.85,3.04,2008-12-03,"WI-433247",45.25,-88.5
-10,5.54,6.97,2008-12-04,"WI-433247",45.25,-88.5
-11.1,5.38,7.27,2008-12-05,"WI-433247",45.25,-88.5
-7.7,7.47,6.44,2008-12-06,"WI-433247",45.25,-88.5
-13.5,4.36,5.08,2008-12-07,"WI-433247",45.25,-88.5
-9.9,3.18,5.17,2008-12-08,"WI-433247",45.25,-88.5
-6.6,6.59,3.84,2008-12-09,"WI-433247",45.25,-88.5
-11.2,5.39,4.46,2008-12-10,"WI-433247",45.25,-88.5
-8.6,5.56,7.06,2008-12-11,"WI-433247",45.25,-88.5
-13.9,4.19,7.29,2008-12-12,"WI-433247",45.25,-88.5
-3.5,4.39,3.01,2008-12-13,"WI-433247",45.25,-88.5
1.7,6.92,0.6,2008-12-14,"WI-433247",45.25,-88.5
-15.7,8,7.14,2008-12-15,"WI-433247",45.25,-88.5
-20.4,4.1,4.4,2008-12-16,"WI-433247",45.25,-88.5
-14.2,4.65,6.76,2008-12-17,"WI-433247",45.25,-88.5
-16.1,3.09,6.85,2008-12-18,"WI-433247",45.25,-88.5
-9.6,6.34,4.18,2008-12-19,"WI-433247",45.25,-88.5
-12.1,3.54,4.14,2008-12-20,"WI-433247",45.25,-88.5
-11.1,6.8,3.93,2008-12-21,"WI-433247",45.25,-88.5
-17.3,4.49,7.19,2008-12-22,"WI-433247",45.25,-88.5
-13.3,4.23,2.38,2008-12-23,"WI-433247",45.25,-88.5
-6.6,4.97,1.96,2008-12-24,"WI-433247",45.25,-88.5
-15.2,3.98,7.12,2008-12-25,"WI-433247",45.25,-88.5
-2.2,5.41,1.48,2008-12-26,"WI-433247",45.25,-88.5
4.7,4.66,1.16,2008-12-27,"WI-433247",45.25,-88.5
-3,6.9,6.67,2008-12-28,"WI-433247",45.25,-88.5
-4.8,9.23,5.14,2008-12-29,"WI-433247",45.25,-88.5
-9.7,5.29,2.76,2008-12-30,"WI-433247",45.25,-88.5
-14,5.46,7.47,2008-12-31,"WI-433247",45.25,-88.5
-11.3,5.46,2.63,2009-01-01,"WI-433247",45.25,-88.5
-10.4,5.76,7.28,2009-01-02,"WI-433247",45.25,-88.5
-7.6,5.62,3.71,2009-01-03,"WI-433247",45.25,-88.5
-5.5,6.26,4.19,2009-01-04,"WI-433247",45.25,-88.5
-13.7,5.62,7.68,2009-01-05,"WI-433247",45.25,-88.5
-9.4,3.09,5.83,2009-01-06,"WI-433247",45.25,-88.5
-4.1,3.27,3.88,2009-01-07,"WI-433247",45.25,-88.5
-9.1,4.39,5.8,2009-01-08,"WI-433247",45.25,-88.5
-14.9,2.88,6.34,2009-01-09,"WI-433247",45.25,-88.5
-13.7,3.2,7.93,2009-01-10,"WI-433247",45.25,-88.5
-11.8,2.86,6.49,2009-01-11,"WI-433247",45.25,-88.5
-11.4,5.06,5.07,2009-01-12,"WI-433247",45.25,-88.5
-18.5,5.92,8.68,2009-01-13,"WI-433247",45.25,-88.5
-20.3,4.53,8.05,2009-01-14,"WI-433247",45.25,-88.5
-22.2,5.28,8.76,2009-01-15,"WI-433247",45.25,-88.5
-20,4.56,8.96,2009-01-16,"WI-433247",45.25,-88.5
-14.6,4.47,2.84,2009-01-17,"WI-433247",45.25,-88.5
-11.4,4.44,7.22,2009-01-18,"WI-433247",45.25,-88.5
-10.9,4.31,8.02,2009-01-19,"WI-433247",45.25,-88.5
-10.7,4.32,8.83,2009-01-20,"WI-433247",45.25,-88.5
-6.2,4.5,6.24,2009-01-21,"WI-433247",45.25,-88.5
-4.3,2.75,7.19,2009-01-22,"WI-433247",45.25,-88.5
-7.6,6.6,7.06,2009-01-23,"WI-433247",45.25,-88.5
-16.7,5.51,9.88,2009-01-24,"WI-433247",45.25,-88.5
-17.3,4.9,9.49,2009-01-25,"WI-433247",45.25,-88.5
-17.1,3.83,8.77,2009-01-26,"WI-433247",45.25,-88.5
-17.4,3.28,9.57,2009-01-27,"WI-433247",45.25,-88.5
-13.6,3.36,9.98,2009-01-28,"WI-433247",45.25,-88.5
-9.5,4.63,7.72,2009-01-29,"WI-433247",45.25,-88.5
-13.9,3.96,10.35,2009-01-30,"WI-433247",45.25,-88.5
-4.7,6.5,6.82,2009-01-31,"WI-433247",45.25,-88.5
-0.3,9.18,9.14,2009-02-01,"WI-433247",45.25,-88.5
-7.2,5.67,8.29,2009-02-02,"WI-433247",45.25,-88.5
-14.6,6.51,11.13,2009-02-03,"WI-433247",45.25,-88.5
-15.9,4.46,11.57,2009-02-04,"WI-433247",45.25,-88.5
-10.4,4.61,11.15,2009-02-05,"WI-433247",45.25,-88.5
-5.7,3.72,11.39,2009-02-06,"WI-433247",45.25,-88.5
3.5,5.89,7.44,2009-02-07,"WI-433247",45.25,-88.5
-0.4,4.53,11.04,2009-02-08,"WI-433247",45.25,-88.5
-1.6,5.06,5.76,2009-02-09,"WI-433247",45.25,-88.5
6.4,9.4,9.57,2009-02-10,"WI-433247",45.25,-88.5
3.2,5.69,6.77,2009-02-11,"WI-433247",45.25,-88.5
1,6.17,5.43,2009-02-12,"WI-433247",45.25,-88.5
-1.8,3.98,4.65,2009-02-13,"WI-433247",45.25,-88.5
-4,3.96,6,2009-02-14,"WI-433247",45.25,-88.5
-9.7,3.79,11.82,2009-02-15,"WI-433247",45.25,-88.5
-8.3,4.33,12.34,2009-02-16,"WI-433247",45.25,-88.5
-0.8,4.12,9.51,2009-02-17,"WI-433247",45.25,-88.5
-5.3,7.05,9.49,2009-02-18,"WI-433247",45.25,-88.5
-12.9,6.08,14.23,2009-02-19,"WI-433247",45.25,-88.5
-10.4,4.46,13.98,2009-02-20,"WI-433247",45.25,-88.5
-7.4,5.19,5.97,2009-02-21,"WI-433247",45.25,-88.5
-8.6,5.05,12.84,2009-02-22,"WI-433247",45.25,-88.5
-11.2,3.62,14.47,2009-02-23,"WI-433247",45.25,-88.5
-6.3,4.53,13.85,2009-02-24,"WI-433247",45.25,-88.5
0,5.52,7.25,2009-02-25,"WI-433247",45.25,-88.5
-5.9,6.56,7.38,2009-02-26,"WI-433247",45.25,-88.5
-12.6,7.7,16.34,2009-02-27,"WI-433247",45.25,-88.5
-13.5,3.89,16.35,2009-02-28,"WI-433247",45.25,-88.5
-13.6,4.59,16.67,2009-03-01,"WI-433247",45.25,-88.5
-15.3,2.72,16.98,2009-03-02,"WI-433247",45.25,-88.5
-11.7,3.63,12.95,2009-03-03,"WI-433247",45.25,-88.5
-5.5,4.27,14.93,2009-03-04,"WI-433247",45.25,-88.5
1.7,3.61,4.33,2009-03-05,"WI-433247",45.25,-88.5
5.3,5.66,14.12,2009-03-06,"WI-433247",45.25,-88.5
2.5,3.85,11.14,2009-03-07,"WI-433247",45.25,-88.5
-1.8,6.16,7.7,2009-03-08,"WI-433247",45.25,-88.5
-1.1,3.53,17.16,2009-03-09,"WI-433247",45.25,-88.5
0.7,7.23,2.39,2009-03-10,"WI-433247",45.25,-88.5
-9.2,9.35,18.24,2009-03-11,"WI-433247",45.25,-88.5
-14,4.52,19.27,2009-03-12,"WI-433247",45.25,-88.5
-5.7,5.82,18.31,2009-03-13,"WI-433247",45.25,-88.5
1.9,4.69,18.58,2009-03-14,"WI-433247",45.25,-88.5
4.2,3.96,18.75,2009-03-15,"WI-433247",45.25,-88.5
7.5,5.74,18.03,2009-03-16,"WI-433247",45.25,-88.5
10,5.64,16.39,2009-03-17,"WI-433247",45.25,-88.5
6.3,6.93,17.95,2009-03-18,"WI-433247",45.25,-88.5
-1.9,4.16,15.51,2009-03-19,"WI-433247",45.25,-88.5
-1.6,4,16.51,2009-03-20,"WI-433247",45.25,-88.5
5.4,3.91,16.7,2009-03-21,"WI-433247",45.25,-88.5
2,5.12,10.55,2009-03-22,"WI-433247",45.25,-88.5
0.4,5.73,5.65,2009-03-23,"WI-433247",45.25,-88.5
3.2,8.2,2.94,2009-03-24,"WI-433247",45.25,-88.5
4.4,8.38,10.04,2009-03-25,"WI-433247",45.25,-88.5
3,6.04,19.82,2009-03-26,"WI-433247",45.25,-88.5
-0.6,3.09,9.89,2009-03-27,"WI-433247",45.25,-88.5
-0.6,4.67,19.36,2009-03-28,"WI-433247",45.25,-88.5
0.8,6.74,19.17,2009-03-29,"WI-433247",45.25,-88.5
1.6,4.37,20.81,2009-03-30,"WI-433247",45.25,-88.5
2.1,7.52,9.65,2009-03-31,"WI-433247",45.25,-88.5
2.5,8.08,9.8,2009-04-01,"WI-433247",45.25,-88.5
3.6,4.83,20.18,2009-04-02,"WI-433247",45.25,-88.5
3.5,5.9,17.46,2009-04-03,"WI-433247",45.25,-88.5
4.8,4.34,19.15,2009-04-04,"WI-433247",45.25,-88.5
2.2,6.21,13.09,2009-04-05,"WI-433247",45.25,-88.5
0.7,7.18,20.31,2009-04-06,"WI-433247",45.25,-88.5
2.6,7.44,24.23,2009-04-07,"WI-433247",45.25,-88.5
5.4,5.61,23.6,2009-04-08,"WI-433247",45.25,-88.5
5,3.86,16,2009-04-09,"WI-433247",45.25,-88.5
3.7,3.61,24.39,2009-04-10,"WI-433247",45.25,-88.5
4.2,3.44,25.08,2009-04-11,"WI-433247",45.25,-88.5
3.5,3.37,24.87,2009-04-12,"WI-433247",45.25,-88.5
4.3,4.41,15.54,2009-04-13,"WI-433247",45.25,-88.5
7.7,4.57,21.65,2009-04-14,"WI-433247",45.25,-88.5
9.8,3.61,25.38,2009-04-15,"WI-433247",45.25,-88.5
10.6,3.35,25.73,2009-04-16,"WI-433247",45.25,-88.5
14.8,4.13,25.34,2009-04-17,"WI-433247",45.25,-88.5
14.8,5.02,19.02,2009-04-18,"WI-433247",45.25,-88.5
3.9,5.02,7.05,2009-04-19,"WI-433247",45.25,-88.5
2.3,5.69,5.89,2009-04-20,"WI-433247",45.25,-88.5
3,8.81,9.45,2009-04-21,"WI-433247",45.25,-88.5
5.6,4.9,24.04,2009-04-22,"WI-433247",45.25,-88.5
6.3,5.51,20.03,2009-04-23,"WI-433247",45.25,-88.5
17.1,6.4,25.07,2009-04-24,"WI-433247",45.25,-88.5
8.8,4.9,9.31,2009-04-25,"WI-433247",45.25,-88.5
3,5.41,3.01,2009-04-26,"WI-433247",45.25,-88.5
12.6,6.41,10.84,2009-04-27,"WI-433247",45.25,-88.5
8.6,4.1,27.9,2009-04-28,"WI-433247",45.25,-88.5
9.1,4.63,19.66,2009-04-29,"WI-433247",45.25,-88.5
13.4,5.87,14.01,2009-04-30,"WI-433247",45.25,-88.5
10.3,5.97,17.11,2009-05-01,"WI-433247",45.25,-88.5
10.2,6.75,23.07,2009-05-02,"WI-433247",45.25,-88.5
12.7,4.55,23.83,2009-05-03,"WI-433247",45.25,-88.5
13.5,4.62,25.58,2009-05-04,"WI-433247",45.25,-88.5
14.3,6.13,19.94,2009-05-05,"WI-433247",45.25,-88.5
14.8,4.3,11.17,2009-05-06,"WI-433247",45.25,-88.5
18.1,5.54,24.15,2009-05-07,"WI-433247",45.25,-88.5
15.4,5.83,27.19,2009-05-08,"WI-433247",45.25,-88.5
7.7,4.7,14.02,2009-05-09,"WI-433247",45.25,-88.5
7.8,3.05,17.68,2009-05-10,"WI-433247",45.25,-88.5
10.2,3.1,24.21,2009-05-11,"WI-433247",45.25,-88.5
13.4,6.7,26.04,2009-05-12,"WI-433247",45.25,-88.5
13.3,6.51,4.22,2009-05-13,"WI-433247",45.25,-88.5
12.3,7.96,23.41,2009-05-14,"WI-433247",45.25,-88.5
11.9,6.12,22.44,2009-05-15,"WI-433247",45.25,-88.5
8.4,9.76,22.5,2009-05-16,"WI-433247",45.25,-88.5
10.4,5.02,26.82,2009-05-17,"WI-433247",45.25,-88.5
12.6,8.08,21.97,2009-05-18,"WI-433247",45.25,-88.5
12.7,4.87,22.33,2009-05-19,"WI-433247",45.25,-88.5
22,8.59,29.52,2009-05-20,"WI-433247",45.25,-88.5
19,6.49,16.46,2009-05-21,"WI-433247",45.25,-88.5
14.7,4.04,24.57,2009-05-22,"WI-433247",45.25,-88.5
15.8,3.63,16.79,2009-05-23,"WI-433247",45.25,-88.5
14.6,3.41,29.28,2009-05-24,"WI-433247",45.25,-88.5
13.3,6.53,29.74,2009-05-25,"WI-433247",45.25,-88.5
9.6,3.58,5.46,2009-05-26,"WI-433247",45.25,-88.5
8.9,5.61,2.25,2009-05-27,"WI-433247",45.25,-88.5
14.9,5.4,15.03,2009-05-28,"WI-433247",45.25,-88.5
14.9,4.91,28.42,2009-05-29,"WI-433247",45.25,-88.5
13.8,6.73,27.27,2009-05-30,"WI-433247",45.25,-88.5
9.7,4.26,20.36,2009-05-31,"WI-433247",45.25,-88.5
13,5.14,29.51,2009-06-01,"WI-433247",45.25,-88.5
11.6,4.4,25.9,2009-06-02,"WI-433247",45.25,-88.5
12.2,3.21,25.51,2009-06-03,"WI-433247",45.25,-88.5
14.9,4.08,27.76,2009-06-04,"WI-433247",45.25,-88.5
17,6.32,27.32,2009-06-05,"WI-433247",45.25,-88.5
8.8,3.96,16.95,2009-06-06,"WI-433247",45.25,-88.5
8.7,6.33,9.4,2009-06-07,"WI-433247",45.25,-88.5
8.4,5.54,2.42,2009-06-08,"WI-433247",45.25,-88.5
11.6,3.89,15.97,2009-06-09,"WI-433247",45.25,-88.5
14.3,2.47,15.95,2009-06-10,"WI-433247",45.25,-88.5
15.8,2.47,22.82,2009-06-11,"WI-433247",45.25,-88.5
16,3.01,22.73,2009-06-12,"WI-433247",45.25,-88.5
17.9,3.08,26.52,2009-06-13,"WI-433247",45.25,-88.5
19,3.01,24.48,2009-06-14,"WI-433247",45.25,-88.5
18.8,3.67,26.45,2009-06-15,"WI-433247",45.25,-88.5
19.4,5.02,25.49,2009-06-16,"WI-433247",45.25,-88.5
20,2.84,29.07,2009-06-17,"WI-433247",45.25,-88.5
19.7,4.73,17.29,2009-06-18,"WI-433247",45.25,-88.5
21.6,4.75,15.17,2009-06-19,"WI-433247",45.25,-88.5
24.2,4.85,28.1,2009-06-20,"WI-433247",45.25,-88.5
22.7,3.89,23.84,2009-06-21,"WI-433247",45.25,-88.5
23.1,4.3,19.07,2009-06-22,"WI-433247",45.25,-88.5
26.9,2.92,29.54,2009-06-23,"WI-433247",45.25,-88.5
26.7,4.51,22.2,2009-06-24,"WI-433247",45.25,-88.5
25.2,4.78,28.36,2009-06-25,"WI-433247",45.25,-88.5
23.2,4.19,28.76,2009-06-26,"WI-433247",45.25,-88.5
20.8,6.26,14.26,2009-06-27,"WI-433247",45.25,-88.5
20.7,8.24,21.27,2009-06-28,"WI-433247",45.25,-88.5
16.9,7.67,11.42,2009-06-29,"WI-433247",45.25,-88.5
13.8,5.59,11.39,2009-06-30,"WI-433247",45.25,-88.5
13.4,4.49,7.37,2009-07-01,"WI-433247",45.25,-88.5
16.7,4.79,15.26,2009-07-02,"WI-433247",45.25,-88.5
19.3,4,24.33,2009-07-03,"WI-433247",45.25,-88.5
19.9,2.47,23.73,2009-07-04,"WI-433247",45.25,-88.5
20,5.69,26.27,2009-07-05,"WI-433247",45.25,-88.5
19,5.81,30.94,2009-07-06,"WI-433247",45.25,-88.5
17,4.08,24.76,2009-07-07,"WI-433247",45.25,-88.5
17,3.42,23.79,2009-07-08,"WI-433247",45.25,-88.5
20.2,5.51,26.35,2009-07-09,"WI-433247",45.25,-88.5
23.1,5.66,15.13,2009-07-10,"WI-433247",45.25,-88.5
20.4,5.4,28.97,2009-07-11,"WI-433247",45.25,-88.5
18.3,5.74,28.94,2009-07-12,"WI-433247",45.25,-88.5
19.2,3.9,30.5,2009-07-13,"WI-433247",45.25,-88.5
19.5,4.49,21.25,2009-07-14,"WI-433247",45.25,-88.5
21.3,6.74,22.45,2009-07-15,"WI-433247",45.25,-88.5
17.4,6.66,20.92,2009-07-16,"WI-433247",45.25,-88.5
15.2,4.1,9.06,2009-07-17,"WI-433247",45.25,-88.5
15.3,4.87,15.79,2009-07-18,"WI-433247",45.25,-88.5
16.2,2.45,16.46,2009-07-19,"WI-433247",45.25,-88.5
18.1,3.62,22.36,2009-07-20,"WI-433247",45.25,-88.5
18.6,4.08,17.7,2009-07-21,"WI-433247",45.25,-88.5
18.9,2.73,19.42,2009-07-22,"WI-433247",45.25,-88.5
18.8,2.55,22.18,2009-07-23,"WI-433247",45.25,-88.5
18.6,6.58,13.52,2009-07-24,"WI-433247",45.25,-88.5
17.5,4.71,17.08,2009-07-25,"WI-433247",45.25,-88.5
19.4,6.08,21.42,2009-07-26,"WI-433247",45.25,-88.5
19.8,4.29,20.24,2009-07-27,"WI-433247",45.25,-88.5
19.6,6.3,23.49,2009-07-28,"WI-433247",45.25,-88.5
17.8,4.7,19.77,2009-07-29,"WI-433247",45.25,-88.5
16.4,2.94,13.63,2009-07-30,"WI-433247",45.25,-88.5
17.9,3.42,19.97,2009-07-31,"WI-433247",45.25,-88.5
17.8,6.4,20.89,2009-08-01,"WI-433247",45.25,-88.5
17.5,6.32,17.81,2009-08-02,"WI-433247",45.25,-88.5
20.5,5.02,17.95,2009-08-03,"WI-433247",45.25,-88.5
20,4.39,25.79,2009-08-04,"WI-433247",45.25,-88.5
17.5,4.44,22.54,2009-08-05,"WI-433247",45.25,-88.5
18,4.14,21.98,2009-08-06,"WI-433247",45.25,-88.5
17.1,4.46,13.34,2009-08-07,"WI-433247",45.25,-88.5
19.9,3.94,11.95,2009-08-08,"WI-433247",45.25,-88.5
23.5,4.26,17.09,2009-08-09,"WI-433247",45.25,-88.5
22.7,4.21,20.78,2009-08-10,"WI-433247",45.25,-88.5
20.2,3.79,24.77,2009-08-11,"WI-433247",45.25,-88.5
21.3,2.97,24.96,2009-08-12,"WI-433247",45.25,-88.5
21.7,4.02,24.56,2009-08-13,"WI-433247",45.25,-88.5
22.2,4.11,12.53,2009-08-14,"WI-433247",45.25,-88.5
24,5.2,23.54,2009-08-15,"WI-433247",45.25,-88.5
22.2,6.72,11.08,2009-08-16,"WI-433247",45.25,-88.5
21.8,3.13,22.87,2009-08-17,"WI-433247",45.25,-88.5
18.9,6.7,23.36,2009-08-18,"WI-433247",45.25,-88.5
18.3,5.28,17.37,2009-08-19,"WI-433247",45.25,-88.5
17.5,4.52,8.37,2009-08-20,"WI-433247",45.25,-88.5
15.2,6.22,11.46,2009-08-21,"WI-433247",45.25,-88.5
14.5,6,16.41,2009-08-22,"WI-433247",45.25,-88.5
14.3,2.8,22.72,2009-08-23,"WI-433247",45.25,-88.5
18.1,4.81,21.56,2009-08-24,"WI-433247",45.25,-88.5
18.9,5.71,7.62,2009-08-25,"WI-433247",45.25,-88.5
16.9,2.61,15.98,2009-08-26,"WI-433247",45.25,-88.5
16.3,2.86,19.02,2009-08-27,"WI-433247",45.25,-88.5
15.3,3.05,16.34,2009-08-28,"WI-433247",45.25,-88.5
12.4,7.18,8.58,2009-08-29,"WI-433247",45.25,-88.5
12.2,5.26,21.25,2009-08-30,"WI-433247",45.25,-88.5
12.2,2.22,23.36,2009-08-31,"WI-433247",45.25,-88.5
14.4,2.64,22.99,2009-09-01,"WI-433247",45.25,-88.5
15.2,2.75,22.88,2009-09-02,"WI-433247",45.25,-88.5
16.1,2.69,22.32,2009-09-03,"WI-433247",45.25,-88.5
18.1,2.75,20.97,2009-09-04,"WI-433247",45.25,-88.5
18.3,2.79,21.16,2009-09-05,"WI-433247",45.25,-88.5
18.2,2.2,20.78,2009-09-06,"WI-433247",45.25,-88.5
18.4,2.7,20.7,2009-09-07,"WI-433247",45.25,-88.5
18.1,3.12,17.42,2009-09-08,"WI-433247",45.25,-88.5
19.2,3,18.98,2009-09-09,"WI-433247",45.25,-88.5
20.3,2.91,16.1,2009-09-10,"WI-433247",45.25,-88.5
20.2,3.36,15.94,2009-09-11,"WI-433247",45.25,-88.5
20,2.45,18.24,2009-09-12,"WI-433247",45.25,-88.5
20.9,3.26,16.09,2009-09-13,"WI-433247",45.25,-88.5
21.6,3.28,15.35,2009-09-14,"WI-433247",45.25,-88.5
19.9,4.58,16.02,2009-09-15,"WI-433247",45.25,-88.5
14.4,4.17,12.28,2009-09-16,"WI-433247",45.25,-88.5
15.9,3.23,16.12,2009-09-17,"WI-433247",45.25,-88.5
16.8,3.75,8.73,2009-09-18,"WI-433247",45.25,-88.5
15,2.95,17.91,2009-09-19,"WI-433247",45.25,-88.5
14.7,3.18,12.18,2009-09-20,"WI-433247",45.25,-88.5
16.2,2.91,16.29,2009-09-21,"WI-433247",45.25,-88.5
16.6,2.62,10.23,2009-09-22,"WI-433247",45.25,-88.5
18.4,3.5,10.81,2009-09-23,"WI-433247",45.25,-88.5
17.2,3.23,11.77,2009-09-24,"WI-433247",45.25,-88.5
16.1,4.29,13.54,2009-09-25,"WI-433247",45.25,-88.5
16.4,3.1,11.92,2009-09-26,"WI-433247",45.25,-88.5
15.9,7.78,11.34,2009-09-27,"WI-433247",45.25,-88.5
9.9,9.27,4.87,2009-09-28,"WI-433247",45.25,-88.5
8,8.52,6.95,2009-09-29,"WI-433247",45.25,-88.5
6.7,3.01,17.23,2009-09-30,"WI-433247",45.25,-88.5
6.3,5.1,15.93,2009-10-01,"WI-433247",45.25,-88.5
8,7.31,1.58,2009-10-02,"WI-433247",45.25,-88.5
9.3,6.07,8.35,2009-10-03,"WI-433247",45.25,-88.5
9.6,4.78,7.59,2009-10-04,"WI-433247",45.25,-88.5
9.5,4.14,8.25,2009-10-05,"WI-433247",45.25,-88.5
7.5,7.43,1.88,2009-10-06,"WI-433247",45.25,-88.5
7.8,6.84,8.83,2009-10-07,"WI-433247",45.25,-88.5
8.4,4.32,8.52,2009-10-08,"WI-433247",45.25,-88.5
5.7,4.03,10.54,2009-10-09,"WI-433247",45.25,-88.5
0.8,7.91,13.09,2009-10-10,"WI-433247",45.25,-88.5
0.9,4.72,15.56,2009-10-11,"WI-433247",45.25,-88.5
0.7,3.38,4.12,2009-10-12,"WI-433247",45.25,-88.5
2.2,4.44,12.44,2009-10-13,"WI-433247",45.25,-88.5
2.1,3.11,5.05,2009-10-14,"WI-433247",45.25,-88.5
1.7,3.84,3.58,2009-10-15,"WI-433247",45.25,-88.5
2.5,4.08,10.27,2009-10-16,"WI-433247",45.25,-88.5
3.5,2.84,9.77,2009-10-17,"WI-433247",45.25,-88.5
4.6,5.7,11.53,2009-10-18,"WI-433247",45.25,-88.5
10.7,5.25,11.69,2009-10-19,"WI-433247",45.25,-88.5
7.4,3.33,4.77,2009-10-20,"WI-433247",45.25,-88.5
6.3,5,0.81,2009-10-21,"WI-433247",45.25,-88.5
4.2,6.63,6.41,2009-10-22,"WI-433247",45.25,-88.5
3.2,6.54,0.71,2009-10-23,"WI-433247",45.25,-88.5
4.2,6.04,8.92,2009-10-24,"WI-433247",45.25,-88.5
5.5,4.11,2.08,2009-10-25,"WI-433247",45.25,-88.5
6.9,2.6,3.49,2009-10-26,"WI-433247",45.25,-88.5
5.9,3.22,11.43,2009-10-27,"WI-433247",45.25,-88.5
6.4,2.82,7.23,2009-10-28,"WI-433247",45.25,-88.5
10,6.16,2.78,2009-10-29,"WI-433247",45.25,-88.5
12.7,8.77,2.06,2009-10-30,"WI-433247",45.25,-88.5
4.4,7.91,6.93,2009-10-31,"WI-433247",45.25,-88.5
3.5,3.81,10.39,2009-11-01,"WI-433247",45.25,-88.5
5.9,5.29,8.02,2009-11-02,"WI-433247",45.25,-88.5
1.5,4.72,10.56,2009-11-03,"WI-433247",45.25,-88.5
2.8,4.43,6.27,2009-11-04,"WI-433247",45.25,-88.5
3,4.94,10.11,2009-11-05,"WI-433247",45.25,-88.5
5.3,5.5,5.17,2009-11-06,"WI-433247",45.25,-88.5
12.6,5.38,9.55,2009-11-07,"WI-433247",45.25,-88.5
8.5,4.13,7.59,2009-11-08,"WI-433247",45.25,-88.5
11.4,6.08,9.75,2009-11-09,"WI-433247",45.25,-88.5
5.6,3.14,9.89,2009-11-10,"WI-433247",45.25,-88.5
3.7,3.67,6.58,2009-11-11,"WI-433247",45.25,-88.5
4.6,4.93,6.78,2009-11-12,"WI-433247",45.25,-88.5
7.3,5,6.94,2009-11-13,"WI-433247",45.25,-88.5
8.6,5.99,1.3,2009-11-14,"WI-433247",45.25,-88.5
3.5,5.64,9.21,2009-11-15,"WI-433247",45.25,-88.5
1.3,3.11,9.1,2009-11-16,"WI-433247",45.25,-88.5
1.2,4.1,7.49,2009-11-17,"WI-433247",45.25,-88.5
3.5,3.66,7.59,2009-11-18,"WI-433247",45.25,-88.5
6.1,3.09,0.56,2009-11-19,"WI-433247",45.25,-88.5
7.4,3.32,4.17,2009-11-20,"WI-433247",45.25,-88.5
4.9,3.31,7.53,2009-11-21,"WI-433247",45.25,-88.5
6.9,3.51,2.29,2009-11-22,"WI-433247",45.25,-88.5
6.1,2.89,1.85,2009-11-23,"WI-433247",45.25,-88.5
6.5,2.51,2.82,2009-11-24,"WI-433247",45.25,-88.5
6.2,3.95,2.54,2009-11-25,"WI-433247",45.25,-88.5
2.7,6.76,4.21,2009-11-26,"WI-433247",45.25,-88.5
-0.7,3.76,7.6,2009-11-27,"WI-433247",45.25,-88.5
0.4,2.5,7.04,2009-11-28,"WI-433247",45.25,-88.5
0.9,3.97,4.19,2009-11-29,"WI-433247",45.25,-88.5
1.3,6.15,5.01,2009-11-30,"WI-433247",45.25,-88.5
1.4,5.16,5.04,2009-12-01,"WI-433247",45.25,-88.5
1.5,5.56,3.71,2009-12-02,"WI-433247",45.25,-88.5
-2.4,5,4.68,2009-12-03,"WI-433247",45.25,-88.5
-6.7,4.97,5.31,2009-12-04,"WI-433247",45.25,-88.5
-6,4.71,5.23,2009-12-05,"WI-433247",45.25,-88.5
-5.2,2.66,7.09,2009-12-06,"WI-433247",45.25,-88.5
-5.5,3.01,5.23,2009-12-07,"WI-433247",45.25,-88.5
-6.5,5.9,4.11,2009-12-08,"WI-433247",45.25,-88.5
-4.2,8.21,2.66,2009-12-09,"WI-433247",45.25,-88.5
-13.9,6.02,5.9,2009-12-10,"WI-433247",45.25,-88.5
-16.7,5.3,7.51,2009-12-11,"WI-433247",45.25,-88.5
-9.9,4.66,6.96,2009-12-12,"WI-433247",45.25,-88.5
-4.5,4.2,6.03,2009-12-13,"WI-433247",45.25,-88.5
-7,5.24,2.18,2009-12-14,"WI-433247",45.25,-88.5
-13.6,4.85,7.36,2009-12-15,"WI-433247",45.25,-88.5
-16,3.83,5.78,2009-12-16,"WI-433247",45.25,-88.5
-10.2,1.66,3.04,2009-12-17,"WI-433247",45.25,-88.5
-3.9,2.82,3.27,2009-12-18,"WI-433247",45.25,-88.5
-3.9,4.8,3.91,2009-12-19,"WI-433247",45.25,-88.5
-9.5,2.77,6.3,2009-12-20,"WI-433247",45.25,-88.5
-7.1,3,4.35,2009-12-21,"WI-433247",45.25,-88.5
-8.2,4.31,5.51,2009-12-22,"WI-433247",45.25,-88.5
-4.8,5.02,3.46,2009-12-23,"WI-433247",45.25,-88.5
-2.4,6,1.3,2009-12-24,"WI-433247",45.25,-88.5
0.7,6.99,0.86,2009-12-25,"WI-433247",45.25,-88.5
-5.8,5.04,6.21,2009-12-26,"WI-433247",45.25,-88.5
-4,3.73,3.99,2009-12-27,"WI-433247",45.25,-88.5
-5.9,7.14,4.62,2009-12-28,"WI-433247",45.25,-88.5
-12.4,3.32,6.69,2009-12-29,"WI-433247",45.25,-88.5
-10.1,3.84,4.77,2009-12-30,"WI-433247",45.25,-88.5
-8.1,4.74,6.72,2009-12-31,"WI-433247",45.25,-88.5
-11.4,4.29,4.7,2010-01-01,"WI-433247",45.25,-88.5
-17.3,4.79,7.3,2010-01-02,"WI-433247",45.25,-88.5
-13.6,4.71,7.1,2010-01-03,"WI-433247",45.25,-88.5
-9.8,6.16,5.97,2010-01-04,"WI-433247",45.25,-88.5
-8.5,4.79,6.2,2010-01-05,"WI-433247",45.25,-88.5
-7.7,3.94,4.78,2010-01-06,"WI-433247",45.25,-88.5
-6,6.3,2.6,2010-01-07,"WI-433247",45.25,-88.5
-10.9,6.01,6.44,2010-01-08,"WI-433247",45.25,-88.5
-12.3,4.03,7.69,2010-01-09,"WI-433247",45.25,-88.5
-10.5,5.78,6.3,2010-01-10,"WI-433247",45.25,-88.5
-7,6.12,5.7,2010-01-11,"WI-433247",45.25,-88.5
-8.3,5.22,7.32,2010-01-12,"WI-433247",45.25,-88.5
-5.5,5.41,5.12,2010-01-13,"WI-433247",45.25,-88.5
-2.6,4.4,5.42,2010-01-14,"WI-433247",45.25,-88.5
-2.7,4.53,6.03,2010-01-15,"WI-433247",45.25,-88.5
-2.8,4.87,7.88,2010-01-16,"WI-433247",45.25,-88.5
-1.7,4.72,7.33,2010-01-17,"WI-433247",45.25,-88.5
-1.9,3.4,5.21,2010-01-18,"WI-433247",45.25,-88.5
-4.1,2.68,5.21,2010-01-19,"WI-433247",45.25,-88.5
-7.9,4.1,5.81,2010-01-20,"WI-433247",45.25,-88.5
-4,4.5,6.28,2010-01-21,"WI-433247",45.25,-88.5
-2.9,3.72,4.1,2010-01-22,"WI-433247",45.25,-88.5
0.4,5.19,1.78,2010-01-23,"WI-433247",45.25,-88.5
2.3,5.24,1.39,2010-01-24,"WI-433247",45.25,-88.5
0.2,4.53,3.05,2010-01-25,"WI-433247",45.25,-88.5
-7.7,5.91,9.32,2010-01-26,"WI-433247",45.25,-88.5
-13.7,5.31,8.32,2010-01-27,"WI-433247",45.25,-88.5
-16.7,5.56,9.8,2010-01-28,"WI-433247",45.25,-88.5
-16.5,3.41,10.38,2010-01-29,"WI-433247",45.25,-88.5
-12.6,3.28,10.21,2010-01-30,"WI-433247",45.25,-88.5
-11.6,4.64,9.91,2010-01-31,"WI-433247",45.25,-88.5
-11.7,3.32,7.26,2010-02-01,"WI-433247",45.25,-88.5
-7.7,2.28,6.99,2010-02-02,"WI-433247",45.25,-88.5
-7.1,3.28,10.78,2010-02-03,"WI-433247",45.25,-88.5
-4.4,3.06,4.09,2010-02-04,"WI-433247",45.25,-88.5
-2.3,4.89,7.59,2010-02-05,"WI-433247",45.25,-88.5
-6.5,4.56,11.07,2010-02-06,"WI-433247",45.25,-88.5
-7.8,2.34,8.42,2010-02-07,"WI-433247",45.25,-88.5
-6.3,3.89,9.85,2010-02-08,"WI-433247",45.25,-88.5
-6.8,6.51,4.74,2010-02-09,"WI-433247",45.25,-88.5
-6.4,6.2,10.65,2010-02-10,"WI-433247",45.25,-88.5
-7.1,3.59,12.41,2010-02-11,"WI-433247",45.25,-88.5
-7.1,3.44,12.55,2010-02-12,"WI-433247",45.25,-88.5
-5.2,3.86,10.07,2010-02-13,"WI-433247",45.25,-88.5
-6.9,4.65,8.94,2010-02-14,"WI-433247",45.25,-88.5
-4.2,5.83,5.25,2010-02-15,"WI-433247",45.25,-88.5
-3.5,7.38,9.38,2010-02-16,"WI-433247",45.25,-88.5
-0.3,4.69,9.4,2010-02-17,"WI-433247",45.25,-88.5
-1.5,4.37,13.77,2010-02-18,"WI-433247",45.25,-88.5
-2.5,3.49,14.17,2010-02-19,"WI-433247",45.25,-88.5
-3.3,1.7,10.04,2010-02-20,"WI-433247",45.25,-88.5
-1,2.05,8.97,2010-02-21,"WI-433247",45.25,-88.5
-1,3.28,11.47,2010-02-22,"WI-433247",45.25,-88.5
-3.3,4.8,9.71,2010-02-23,"WI-433247",45.25,-88.5
-6.5,6.02,12.88,2010-02-24,"WI-433247",45.25,-88.5
-7,5.02,15.26,2010-02-25,"WI-433247",45.25,-88.5
-4.4,6.28,14.44,2010-02-26,"WI-433247",45.25,-88.5
-0.7,5.6,12.21,2010-02-27,"WI-433247",45.25,-88.5
0,4.65,8.99,2010-02-28,"WI-433247",45.25,-88.5
-0.6,3.9,15.35,2010-03-01,"WI-433247",45.25,-88.5
-2.3,3.01,15.88,2010-03-02,"WI-433247",45.25,-88.5
-1.1,3.93,16.95,2010-03-03,"WI-433247",45.25,-88.5
-1.1,3.51,16.68,2010-03-04,"WI-433247",45.25,-88.5
-1,2.85,16.91,2010-03-05,"WI-433247",45.25,-88.5
2.1,3.22,17.06,2010-03-06,"WI-433247",45.25,-88.5
2.7,3.32,16.42,2010-03-07,"WI-433247",45.25,-88.5
4.8,3.3,16.63,2010-03-08,"WI-433247",45.25,-88.5
2.8,3.49,15.44,2010-03-09,"WI-433247",45.25,-88.5
4,4.03,5.07,2010-03-10,"WI-433247",45.25,-88.5
5.8,5.32,8.31,2010-03-11,"WI-433247",45.25,-88.5
5.5,4.63,4.68,2010-03-12,"WI-433247",45.25,-88.5
6,6.28,4.06,2010-03-13,"WI-433247",45.25,-88.5
10.3,5.32,17.35,2010-03-14,"WI-433247",45.25,-88.5
9.8,3.55,17.07,2010-03-15,"WI-433247",45.25,-88.5
9,3,18.03,2010-03-16,"WI-433247",45.25,-88.5
9.5,4.24,18.92,2010-03-17,"WI-433247",45.25,-88.5
11.3,5.12,18.28,2010-03-18,"WI-433247",45.25,-88.5
5.7,4.39,10.62,2010-03-19,"WI-433247",45.25,-88.5
0.9,3.82,18.43,2010-03-20,"WI-433247",45.25,-88.5
3.1,3.36,20.46,2010-03-21,"WI-433247",45.25,-88.5
3.9,3.93,19.55,2010-03-22,"WI-433247",45.25,-88.5
6,2.86,20.26,2010-03-23,"WI-433247",45.25,-88.5
7.6,4.43,19.87,2010-03-24,"WI-433247",45.25,-88.5
0.8,5.92,21.62,2010-03-25,"WI-433247",45.25,-88.5
-1.9,3.82,20.7,2010-03-26,"WI-433247",45.25,-88.5
3.9,3.74,12.68,2010-03-27,"WI-433247",45.25,-88.5
5,4.38,13.5,2010-03-28,"WI-433247",45.25,-88.5
3.2,3.4,20.97,2010-03-29,"WI-433247",45.25,-88.5
7.8,6.58,15.91,2010-03-30,"WI-433247",45.25,-88.5
17,5.69,19.75,2010-03-31,"WI-433247",45.25,-88.5
17.1,4.28,20.37,2010-04-01,"WI-433247",45.25,-88.5
20.2,8.48,17.01,2010-04-02,"WI-433247",45.25,-88.5
12.5,7.22,14.04,2010-04-03,"WI-433247",45.25,-88.5
12.7,6.14,16.05,2010-04-04,"WI-433247",45.25,-88.5
12.9,6.15,20.82,2010-04-05,"WI-433247",45.25,-88.5
10.1,3.92,12.14,2010-04-06,"WI-433247",45.25,-88.5
7.8,5.82,13.2,2010-04-07,"WI-433247",45.25,-88.5
1.3,6.64,14.99,2010-04-08,"WI-433247",45.25,-88.5
5,4.48,24.61,2010-04-09,"WI-433247",45.25,-88.5
9.5,5.94,18.95,2010-04-10,"WI-433247",45.25,-88.5
11.8,4.66,23.36,2010-04-11,"WI-433247",45.25,-88.5
10.8,4.62,18.45,2010-04-12,"WI-433247",45.25,-88.5
8.5,5.29,10.24,2010-04-13,"WI-433247",45.25,-88.5
13.5,4.62,22.28,2010-04-14,"WI-433247",45.25,-88.5
19.9,7.68,20.06,2010-04-15,"WI-433247",45.25,-88.5
10,7.87,13.61,2010-04-16,"WI-433247",45.25,-88.5
7.7,7.24,24.66,2010-04-17,"WI-433247",45.25,-88.5
7.7,3.33,22.29,2010-04-18,"WI-433247",45.25,-88.5
9.4,3.16,23.93,2010-04-19,"WI-433247",45.25,-88.5
12.4,4.99,23.63,2010-04-20,"WI-433247",45.25,-88.5
6.1,4.84,25.98,2010-04-21,"WI-433247",45.25,-88.5
6.3,3.53,25.05,2010-04-22,"WI-433247",45.25,-88.5
10.7,4.25,25.33,2010-04-23,"WI-433247",45.25,-88.5
9.3,5.42,9.67,2010-04-24,"WI-433247",45.25,-88.5
11.4,7.25,17.42,2010-04-25,"WI-433247",45.25,-88.5
11.3,5.81,26.95,2010-04-26,"WI-433247",45.25,-88.5
8,5.53,27.75,2010-04-27,"WI-433247",45.25,-88.5
8.5,4.19,27.61,2010-04-28,"WI-433247",45.25,-88.5
11.1,8.84,17.12,2010-04-29,"WI-433247",45.25,-88.5
17.7,7.6,14.81,2010-04-30,"WI-433247",45.25,-88.5
17.5,9.58,24.65,2010-05-01,"WI-433247",45.25,-88.5
16.6,6.13,23.11,2010-05-02,"WI-433247",45.25,-88.5
12.8,6.28,19.42,2010-05-03,"WI-433247",45.25,-88.5
13.1,4.84,24.81,2010-05-04,"WI-433247",45.25,-88.5
12.4,9.15,25.36,2010-05-05,"WI-433247",45.25,-88.5
9.1,5.37,19.77,2010-05-06,"WI-433247",45.25,-88.5
4.2,5.51,7.07,2010-05-07,"WI-433247",45.25,-88.5
4,7.51,19.13,2010-05-08,"WI-433247",45.25,-88.5
6,3.92,23.63,2010-05-09,"WI-433247",45.25,-88.5
7.4,4.8,26.05,2010-05-10,"WI-433247",45.25,-88.5
6.5,8.31,8.55,2010-05-11,"WI-433247",45.25,-88.5
9.6,6.1,25.04,2010-05-12,"WI-433247",45.25,-88.5
8.1,5.48,4.28,2010-05-13,"WI-433247",45.25,-88.5
11,8.46,15.53,2010-05-14,"WI-433247",45.25,-88.5
12.9,3.06,27.98,2010-05-15,"WI-433247",45.25,-88.5
13.9,3.18,27.38,2010-05-16,"WI-433247",45.25,-88.5
14.6,4.16,24.72,2010-05-17,"WI-433247",45.25,-88.5
17.3,3.34,29.79,2010-05-18,"WI-433247",45.25,-88.5
19.2,3.41,29.67,2010-05-19,"WI-433247",45.25,-88.5
20,4.72,26.4,2010-05-20,"WI-433247",45.25,-88.5
15.5,4.27,8.07,2010-05-21,"WI-433247",45.25,-88.5
17.8,4.6,19.26,2010-05-22,"WI-433247",45.25,-88.5
23.4,6.71,23.03,2010-05-23,"WI-433247",45.25,-88.5
26.9,5.32,23.42,2010-05-24,"WI-433247",45.25,-88.5
25.5,4.62,27.66,2010-05-25,"WI-433247",45.25,-88.5
22,3.73,16.42,2010-05-26,"WI-433247",45.25,-88.5
21.1,4.53,30.16,2010-05-27,"WI-433247",45.25,-88.5
21.3,3.8,29.42,2010-05-28,"WI-433247",45.25,-88.5
22.1,3.86,29.1,2010-05-29,"WI-433247",45.25,-88.5
23.6,5.52,24.26,2010-05-30,"WI-433247",45.25,-88.5
21.2,5.28,24.96,2010-05-31,"WI-433247",45.25,-88.5
20.5,6.26,26.79,2010-06-01,"WI-433247",45.25,-88.5
16,4.03,13.86,2010-06-02,"WI-433247",45.25,-88.5
17.2,2.95,25.11,2010-06-03,"WI-433247",45.25,-88.5
13.6,5.09,5.15,2010-06-04,"WI-433247",45.25,-88.5
16,3.38,12.84,2010-06-05,"WI-433247",45.25,-88.5
14.6,4.31,18.09,2010-06-06,"WI-433247",45.25,-88.5
14.8,3.42,29.33,2010-06-07,"WI-433247",45.25,-88.5
12.3,6.08,7.69,2010-06-08,"WI-433247",45.25,-88.5
17.8,7.42,23.46,2010-06-09,"WI-433247",45.25,-88.5
16.4,3.47,24.83,2010-06-10,"WI-433247",45.25,-88.5
15.4,6.43,7.64,2010-06-11,"WI-433247",45.25,-88.5
16.2,3.99,10.89,2010-06-12,"WI-433247",45.25,-88.5
18.3,2.5,13.9,2010-06-13,"WI-433247",45.25,-88.5
17.9,3.83,12.16,2010-06-14,"WI-433247",45.25,-88.5
16.3,4.75,6.48,2010-06-15,"WI-433247",45.25,-88.5
18.1,4.48,13.11,2010-06-16,"WI-433247",45.25,-88.5
19.9,4.43,18.33,2010-06-17,"WI-433247",45.25,-88.5
23.5,6.35,24.78,2010-06-18,"WI-433247",45.25,-88.5
20.7,5.78,18.82,2010-06-19,"WI-433247",45.25,-88.5
20.3,2.38,25.41,2010-06-20,"WI-433247",45.25,-88.5
20.3,4.25,21.35,2010-06-21,"WI-433247",45.25,-88.5
23.1,4.96,23.35,2010-06-22,"WI-433247",45.25,-88.5
21.6,5.2,14.69,2010-06-23,"WI-433247",45.25,-88.5
20.3,5.3,29.34,2010-06-24,"WI-433247",45.25,-88.5
21,4.03,22.16,2010-06-25,"WI-433247",45.25,-88.5
20,3.68,15,2010-06-26,"WI-433247",45.25,-88.5
19,3.96,10.67,2010-06-27,"WI-433247",45.25,-88.5
18.9,4.61,23.3,2010-06-28,"WI-433247",45.25,-88.5
15.3,4.61,29.44,2010-06-29,"WI-433247",45.25,-88.5
16.1,3.33,29.65,2010-06-30,"WI-433247",45.25,-88.5
17.4,3.71,25.28,2010-07-01,"WI-433247",45.25,-88.5
21.7,5.37,30.43,2010-07-02,"WI-433247",45.25,-88.5
24.1,5.97,29.21,2010-07-03,"WI-433247",45.25,-88.5
24.5,6.72,17.26,2010-07-04,"WI-433247",45.25,-88.5
21.8,4.61,9.53,2010-07-05,"WI-433247",45.25,-88.5
23.7,4.33,15.67,2010-07-06,"WI-433247",45.25,-88.5
22.7,2.84,18.91,2010-07-07,"WI-433247",45.25,-88.5
23.2,3.67,25.03,2010-07-08,"WI-433247",45.25,-88.5
22.5,3.76,24.92,2010-07-09,"WI-433247",45.25,-88.5
21.7,3.69,26.49,2010-07-10,"WI-433247",45.25,-88.5
21,5.02,19.92,2010-07-11,"WI-433247",45.25,-88.5
20,3.61,21.17,2010-07-12,"WI-433247",45.25,-88.5
19.9,3.26,25.32,2010-07-13,"WI-433247",45.25,-88.5
21.8,7.17,19.55,2010-07-14,"WI-433247",45.25,-88.5
23.2,5.71,28.6,2010-07-15,"WI-433247",45.25,-88.5
24.2,6.2,27.06,2010-07-16,"WI-433247",45.25,-88.5
23.3,3.86,28.11,2010-07-17,"WI-433247",45.25,-88.5
20.6,4.37,12.82,2010-07-18,"WI-433247",45.25,-88.5
20.1,1.93,19.05,2010-07-19,"WI-433247",45.25,-88.5
19.6,2.14,19.06,2010-07-20,"WI-433247",45.25,-88.5
22.4,4.46,26.92,2010-07-21,"WI-433247",45.25,-88.5
18.2,6.72,5.54,2010-07-22,"WI-433247",45.25,-88.5
21.9,4.84,17.92,2010-07-23,"WI-433247",45.25,-88.5
19.3,2.84,8.75,2010-07-24,"WI-433247",45.25,-88.5
21.2,2.79,24.1,2010-07-25,"WI-433247",45.25,-88.5
21.8,4.02,24.71,2010-07-26,"WI-433247",45.25,-88.5
23.9,5.94,22.38,2010-07-27,"WI-433247",45.25,-88.5
23.2,6.23,26.07,2010-07-28,"WI-433247",45.25,-88.5
21.1,3.32,21.49,2010-07-29,"WI-433247",45.25,-88.5
20.2,3.07,19.47,2010-07-30,"WI-433247",45.25,-88.5
20.6,2.01,20.19,2010-07-31,"WI-433247",45.25,-88.5
22.2,2.83,21.89,2010-08-01,"WI-433247",45.25,-88.5
23.9,5.37,14.81,2010-08-02,"WI-433247",45.25,-88.5
26.3,4.02,23.45,2010-08-03,"WI-433247",45.25,-88.5
24.6,5.19,23.88,2010-08-04,"WI-433247",45.25,-88.5
21.5,6.38,20.66,2010-08-05,"WI-433247",45.25,-88.5
19.2,3.82,19.06,2010-08-06,"WI-433247",45.25,-88.5
20.1,3.74,17.52,2010-08-07,"WI-433247",45.25,-88.5
22.9,5.41,10.7,2010-08-08,"WI-433247",45.25,-88.5
26.1,3.12,21.19,2010-08-09,"WI-433247",45.25,-88.5
24.7,3.44,20.85,2010-08-10,"WI-433247",45.25,-88.5
22.9,2.81,6.69,2010-08-11,"WI-433247",45.25,-88.5
24.9,3.2,20.68,2010-08-12,"WI-433247",45.25,-88.5
24.3,7.71,18.81,2010-08-13,"WI-433247",45.25,-88.5
24.9,4.33,22.45,2010-08-14,"WI-433247",45.25,-88.5
21,6.4,18.76,2010-08-15,"WI-433247",45.25,-88.5
18.6,7.67,19.01,2010-08-16,"WI-433247",45.25,-88.5
17.4,4.59,24.8,2010-08-17,"WI-433247",45.25,-88.5
18.8,5.59,18.89,2010-08-18,"WI-433247",45.25,-88.5
19.4,3.93,12.73,2010-08-19,"WI-433247",45.25,-88.5
21.2,4.61,10.88,2010-08-20,"WI-433247",45.25,-88.5
22.1,3.32,15.99,2010-08-21,"WI-433247",45.25,-88.5
21.8,2.91,24.18,2010-08-22,"WI-433247",45.25,-88.5
20.9,3.4,23.22,2010-08-23,"WI-433247",45.25,-88.5
19.6,3.89,15.86,2010-08-24,"WI-433247",45.25,-88.5
16.4,5.8,15.55,2010-08-25,"WI-433247",45.25,-88.5
16.3,3.25,23.22,2010-08-26,"WI-433247",45.25,-88.5
20.2,5.32,21.56,2010-08-27,"WI-433247",45.25,-88.5
23.7,5.79,23.64,2010-08-28,"WI-433247",45.25,-88.5
23.8,5.91,21.51,2010-08-29,"WI-433247",45.25,-88.5
26.4,5.9,21.21,2010-08-30,"WI-433247",45.25,-88.5
24.2,6.71,8.39,2010-08-31,"WI-433247",45.25,-88.5
21.4,4.61,15.7,2010-09-01,"WI-433247",45.25,-88.5
18.4,5.55,7.94,2010-09-02,"WI-433247",45.25,-88.5
13.4,9.11,7.19,2010-09-03,"WI-433247",45.25,-88.5
11.3,7.43,15.53,2010-09-04,"WI-433247",45.25,-88.5
13.3,3.41,21.96,2010-09-05,"WI-433247",45.25,-88.5
16.2,4.9,12.63,2010-09-06,"WI-433247",45.25,-88.5
14.3,9.08,7.26,2010-09-07,"WI-433247",45.25,-88.5
12.3,5.34,10.12,2010-09-08,"WI-433247",45.25,-88.5
11.9,2.88,15.8,2010-09-09,"WI-433247",45.25,-88.5
11.8,4.14,16.91,2010-09-10,"WI-433247",45.25,-88.5
14.5,4.49,5.15,2010-09-11,"WI-433247",45.25,-88.5
16.5,6.33,16.42,2010-09-12,"WI-433247",45.25,-88.5
14.8,5.74,20.07,2010-09-13,"WI-433247",45.25,-88.5
12.2,3.22,18.4,2010-09-14,"WI-433247",45.25,-88.5
10.3,4.59,7.97,2010-09-15,"WI-433247",45.25,-88.5
12.3,6.98,8.54,2010-09-16,"WI-433247",45.25,-88.5
13.4,5.12,8.34,2010-09-17,"WI-433247",45.25,-88.5
12.6,4.9,18.27,2010-09-18,"WI-433247",45.25,-88.5
9.5,2.14,14.46,2010-09-19,"WI-433247",45.25,-88.5
10.9,4.83,7.24,2010-09-20,"WI-433247",45.25,-88.5
19.8,6.54,10.96,2010-09-21,"WI-433247",45.25,-88.5
13.1,3.76,17.02,2010-09-22,"WI-433247",45.25,-88.5
17,8.81,1.41,2010-09-23,"WI-433247",45.25,-88.5
15.4,8.91,3.95,2010-09-24,"WI-433247",45.25,-88.5
10.3,6.08,10.86,2010-09-25,"WI-433247",45.25,-88.5
9,3.26,18.25,2010-09-26,"WI-433247",45.25,-88.5
10.3,3.18,17.59,2010-09-27,"WI-433247",45.25,-88.5
12.8,4.32,7.7,2010-09-28,"WI-433247",45.25,-88.5
14.7,6.01,14.22,2010-09-29,"WI-433247",45.25,-88.5
13.6,5.24,15.28,2010-09-30,"WI-433247",45.25,-88.5
9.8,4.25,10.77,2010-10-01,"WI-433247",45.25,-88.5
6.3,6.21,11.33,2010-10-02,"WI-433247",45.25,-88.5
6.5,3.19,15.98,2010-10-03,"WI-433247",45.25,-88.5
7.9,2.69,16.6,2010-10-04,"WI-433247",45.25,-88.5
10.8,2.92,16.08,2010-10-05,"WI-433247",45.25,-88.5
13.2,4.68,14.9,2010-10-06,"WI-433247",45.25,-88.5
14.6,4.74,15.7,2010-10-07,"WI-433247",45.25,-88.5
17.1,3.86,14.42,2010-10-08,"WI-433247",45.25,-88.5
14,4.18,14.66,2010-10-09,"WI-433247",45.25,-88.5
14.7,2.9,13.34,2010-10-10,"WI-433247",45.25,-88.5
12.7,2.86,11.11,2010-10-11,"WI-433247",45.25,-88.5
13.4,4.77,12.46,2010-10-12,"WI-433247",45.25,-88.5
12,4.77,13.01,2010-10-13,"WI-433247",45.25,-88.5
8.9,5.54,6.91,2010-10-14,"WI-433247",45.25,-88.5
9.8,4.93,9.86,2010-10-15,"WI-433247",45.25,-88.5
10.2,5,13.53,2010-10-16,"WI-433247",45.25,-88.5
8.8,4.57,13.65,2010-10-17,"WI-433247",45.25,-88.5
7.4,3.73,10.14,2010-10-18,"WI-433247",45.25,-88.5
7.5,5.92,11.42,2010-10-19,"WI-433247",45.25,-88.5
9.1,7.67,10.23,2010-10-20,"WI-433247",45.25,-88.5
5,6.42,8.34,2010-10-21,"WI-433247",45.25,-88.5
6.6,4.24,12.68,2010-10-22,"WI-433247",45.25,-88.5
8.2,3.13,3.37,2010-10-23,"WI-433247",45.25,-88.5
10.7,3.05,1.05,2010-10-24,"WI-433247",45.25,-88.5
13.3,4.76,4.83,2010-10-25,"WI-433247",45.25,-88.5
12.3,10.75,4.29,2010-10-26,"WI-433247",45.25,-88.5
6.7,11.85,3.93,2010-10-27,"WI-433247",45.25,-88.5
4.1,7.36,4.98,2010-10-28,"WI-433247",45.25,-88.5
2.9,4.19,10.38,2010-10-29,"WI-433247",45.25,-88.5
5,4.96,7.31,2010-10-30,"WI-433247",45.25,-88.5
2.9,3.5,10.18,2010-10-31,"WI-433247",45.25,-88.5
2,2.73,10.93,2010-11-01,"WI-433247",45.25,-88.5
3.3,4.48,10.8,2010-11-02,"WI-433247",45.25,-88.5
7.4,5.71,9.93,2010-11-03,"WI-433247",45.25,-88.5
3.7,6.11,9.01,2010-11-04,"WI-433247",45.25,-88.5
-1,5.51,6.29,2010-11-05,"WI-433247",45.25,-88.5
1.7,5.15,9.99,2010-11-06,"WI-433247",45.25,-88.5
5.3,4.26,9.82,2010-11-07,"WI-433247",45.25,-88.5
6.4,3.77,9.34,2010-11-08,"WI-433247",45.25,-88.5
7.5,3.83,9.5,2010-11-09,"WI-433247",45.25,-88.5
9,4.34,8,2010-11-10,"WI-433247",45.25,-88.5
9.4,4.44,8,2010-11-11,"WI-433247",45.25,-88.5
3.7,4.02,2.13,2010-11-12,"WI-433247",45.25,-88.5
3.5,6.53,1.42,2010-11-13,"WI-433247",45.25,-88.5
2.5,5.82,2.67,2010-11-14,"WI-433247",45.25,-88.5
1.6,4.24,4.76,2010-11-15,"WI-433247",45.25,-88.5
3.8,2.82,6.48,2010-11-16,"WI-433247",45.25,-88.5
3.8,5.64,6.58,2010-11-17,"WI-433247",45.25,-88.5
-0.2,3.36,4.92,2010-11-18,"WI-433247",45.25,-88.5
0.1,6.08,2.96,2010-11-19,"WI-433247",45.25,-88.5
-3,5.39,7.75,2010-11-20,"WI-433247",45.25,-88.5
0.7,4.22,0.83,2010-11-21,"WI-433247",45.25,-88.5
3,5.81,1.63,2010-11-22,"WI-433247",45.25,-88.5
-4.1,7.72,6.77,2010-11-23,"WI-433247",45.25,-88.5
-2.9,6.9,3.94,2010-11-24,"WI-433247",45.25,-88.5
-3.4,6.59,5.04,2010-11-25,"WI-433247",45.25,-88.5
-8.4,7.8,7.8,2010-11-26,"WI-433247",45.25,-88.5
-4,6.33,6.63,2010-11-27,"WI-433247",45.25,-88.5
-3,4.43,6.75,2010-11-28,"WI-433247",45.25,-88.5
3.1,4.84,5.44,2010-11-29,"WI-433247",45.25,-88.5
3.1,5.53,1.59,2010-11-30,"WI-433247",45.25,-88.5
-3.9,5.82,3.48,2010-12-01,"WI-433247",45.25,-88.5
-5.9,4.68,5.92,2010-12-02,"WI-433247",45.25,-88.5
-6.3,3.36,7.13,2010-12-03,"WI-433247",45.25,-88.5
-3.8,3.58,4,2010-12-04,"WI-433247",45.25,-88.5
-5.5,5.74,4.46,2010-12-05,"WI-433247",45.25,-88.5
-7.4,5.64,5.12,2010-12-06,"WI-433247",45.25,-88.5
-8.3,5.39,7.44,2010-12-07,"WI-433247",45.25,-88.5
-9.3,3.96,6.97,2010-12-08,"WI-433247",45.25,-88.5
-9.4,5.23,3.44,2010-12-09,"WI-433247",45.25,-88.5
-3.8,4.93,5.66,2010-12-10,"WI-433247",45.25,-88.5
-5.7,9,1.5,2010-12-11,"WI-433247",45.25,-88.5
-8.6,9.76,4.76,2010-12-12,"WI-433247",45.25,-88.5
-13.2,6.67,7.11,2010-12-13,"WI-433247",45.25,-88.5
-12.8,4.16,7.27,2010-12-14,"WI-433247",45.25,-88.5
-14.4,3,7.13,2010-12-15,"WI-433247",45.25,-88.5
-10.1,3.67,6.34,2010-12-16,"WI-433247",45.25,-88.5
-9.1,4.4,6.35,2010-12-17,"WI-433247",45.25,-88.5
-9.9,4.5,5.01,2010-12-18,"WI-433247",45.25,-88.5
-7.8,2.91,5.75,2010-12-19,"WI-433247",45.25,-88.5
-10.6,2.86,6.09,2010-12-20,"WI-433247",45.25,-88.5
-1.9,4.27,1.21,2010-12-21,"WI-433247",45.25,-88.5
-1.9,4.09,5.27,2010-12-22,"WI-433247",45.25,-88.5
-3.9,3.26,5.68,2010-12-23,"WI-433247",45.25,-88.5
-3.6,3.11,3.56,2010-12-24,"WI-433247",45.25,-88.5
-3.2,4.3,4.71,2010-12-25,"WI-433247",45.25,-88.5
-5.3,4.28,4.03,2010-12-26,"WI-433247",45.25,-88.5
-8.2,5.41,6.75,2010-12-27,"WI-433247",45.25,-88.5
-5.7,5.63,6.76,2010-12-28,"WI-433247",45.25,-88.5
-2.8,5.61,6.47,2010-12-29,"WI-433247",45.25,-88.5
1.6,4.51,1.03,2010-12-30,"WI-433247",45.25,-88.5
2.7,5.32,4.18,2010-12-31,"WI-433247",45.25,-88.5
-8.6,8.79,6.4,2011-01-01,"WI-433247",45.25,-88.5
-13.4,5.28,7.53,2011-01-02,"WI-433247",45.25,-88.5
-10.3,2.32,6.25,2011-01-03,"WI-433247",45.25,-88.5
-11.4,3.76,7.62,2011-01-04,"WI-433247",45.25,-88.5
-12.9,3.35,4.63,2011-01-05,"WI-433247",45.25,-88.5
-10.2,5.05,5.9,2011-01-06,"WI-433247",45.25,-88.5
-12.7,5.68,4.93,2011-01-07,"WI-433247",45.25,-88.5
-10,6.77,6.51,2011-01-08,"WI-433247",45.25,-88.5
-12.3,3.31,7.77,2011-01-09,"WI-433247",45.25,-88.5
-11.4,2.51,6.31,2011-01-10,"WI-433247",45.25,-88.5
-6,4.36,4.35,2011-01-11,"WI-433247",45.25,-88.5
-6.7,5.22,7.25,2011-01-12,"WI-433247",45.25,-88.5
-8.7,2.75,4.47,2011-01-13,"WI-433247",45.25,-88.5
-8.2,2.78,5.22,2011-01-14,"WI-433247",45.25,-88.5
-10.6,5.91,7.5,2011-01-15,"WI-433247",45.25,-88.5
-15.8,2.83,8.15,2011-01-16,"WI-433247",45.25,-88.5
-8,5.01,2.17,2011-01-17,"WI-433247",45.25,-88.5
-9.6,5.12,8.61,2011-01-18,"WI-433247",45.25,-88.5
-13.8,3.69,6.5,2011-01-19,"WI-433247",45.25,-88.5
-15.7,5.02,6.58,2011-01-20,"WI-433247",45.25,-88.5
-18.7,4.53,9.28,2011-01-21,"WI-433247",45.25,-88.5
-16,4.51,8.7,2011-01-22,"WI-433247",45.25,-88.5
-19.9,3.83,9.58,2011-01-23,"WI-433247",45.25,-88.5
-9,4.43,3.77,2011-01-24,"WI-433247",45.25,-88.5
-5.7,4.02,8.96,2011-01-25,"WI-433247",45.25,-88.5
-4.7,3.03,6.57,2011-01-26,"WI-433247",45.25,-88.5
-4.4,3,7.04,2011-01-27,"WI-433247",45.25,-88.5
-6.6,4.16,8.56,2011-01-28,"WI-433247",45.25,-88.5
-8.8,4.23,6.39,2011-01-29,"WI-433247",45.25,-88.5
-10.3,3.96,10.32,2011-01-30,"WI-433247",45.25,-88.5
-12.3,3.76,4.87,2011-01-31,"WI-433247",45.25,-88.5
-10.1,6.14,8.79,2011-02-01,"WI-433247",45.25,-88.5
-10,6.72,10.99,2011-02-02,"WI-433247",45.25,-88.5
-10,7.22,10.43,2011-02-03,"WI-433247",45.25,-88.5
-5.7,5.26,7.46,2011-02-04,"WI-433247",45.25,-88.5
-1.5,3.69,7.07,2011-02-05,"WI-433247",45.25,-88.5
-3.5,3.38,7.25,2011-02-06,"WI-433247",45.25,-88.5
-10.1,4.62,10.12,2011-02-07,"WI-433247",45.25,-88.5
-15.3,6.92,12.24,2011-02-08,"WI-433247",45.25,-88.5
-15.1,6.74,12.13,2011-02-09,"WI-433247",45.25,-88.5
-16.6,3.63,12.63,2011-02-10,"WI-433247",45.25,-88.5
-13.1,5.51,11.24,2011-02-11,"WI-433247",45.25,-88.5
-4.2,5.96,10.2,2011-02-12,"WI-433247",45.25,-88.5
2.6,7.1,8.41,2011-02-13,"WI-433247",45.25,-88.5
0.3,7.91,11.91,2011-02-14,"WI-433247",45.25,-88.5
-0.1,6.82,9.84,2011-02-15,"WI-433247",45.25,-88.5
3.7,4.97,11.59,2011-02-16,"WI-433247",45.25,-88.5
5.4,6.77,1.96,2011-02-17,"WI-433247",45.25,-88.5
-0.4,9.95,12.94,2011-02-18,"WI-433247",45.25,-88.5
-4.8,8.12,13.37,2011-02-19,"WI-433247",45.25,-88.5
-4,7,4.93,2011-02-20,"WI-433247",45.25,-88.5
-7.1,6.63,6.55,2011-02-21,"WI-433247",45.25,-88.5
-7.2,4.34,14.54,2011-02-22,"WI-433247",45.25,-88.5
-3.9,4.12,10.35,2011-02-23,"WI-433247",45.25,-88.5
-1.3,4.34,11.53,2011-02-24,"WI-433247",45.25,-88.5
-7.6,4.5,14.26,2011-02-25,"WI-433247",45.25,-88.5
-11.2,2.44,8.07,2011-02-26,"WI-433247",45.25,-88.5
-9,4.14,13.04,2011-02-27,"WI-433247",45.25,-88.5
-4.6,4.31,15.69,2011-02-28,"WI-433247",45.25,-88.5
-1.2,6.72,15.54,2011-03-01,"WI-433247",45.25,-88.5
-8.8,6.36,16.51,2011-03-02,"WI-433247",45.25,-88.5
-5.2,4.18,4.19,2011-03-03,"WI-433247",45.25,-88.5
1.2,4.62,10.96,2011-03-04,"WI-433247",45.25,-88.5
-4.6,6.05,12.33,2011-03-05,"WI-433247",45.25,-88.5
-8.3,3.45,16.4,2011-03-06,"WI-433247",45.25,-88.5
-3.9,3.36,10.1,2011-03-07,"WI-433247",45.25,-88.5
0,3.54,12.06,2011-03-08,"WI-433247",45.25,-88.5
-1,6.01,5.58,2011-03-09,"WI-433247",45.25,-88.5
-0.2,4.97,17.33,2011-03-10,"WI-433247",45.25,-88.5
-0.5,3.74,16.86,2011-03-11,"WI-433247",45.25,-88.5
1.1,5.52,7.48,2011-03-12,"WI-433247",45.25,-88.5
-0.9,3.69,10.76,2011-03-13,"WI-433247",45.25,-88.5
-1,3.94,18.74,2011-03-14,"WI-433247",45.25,-88.5
2.2,3.89,18.58,2011-03-15,"WI-433247",45.25,-88.5
6,4.18,14.68,2011-03-16,"WI-433247",45.25,-88.5
8.7,6.56,7.19,2011-03-17,"WI-433247",45.25,-88.5
3.1,5.54,7.63,2011-03-18,"WI-433247",45.25,-88.5
2.3,3.69,17.32,2011-03-19,"WI-433247",45.25,-88.5
0.9,5.86,3.93,2011-03-20,"WI-433247",45.25,-88.5
4.2,4.19,9.05,2011-03-21,"WI-433247",45.25,-88.5
0.1,7.53,4.86,2011-03-22,"WI-433247",45.25,-88.5
-5.1,7.6,5.41,2011-03-23,"WI-433247",45.25,-88.5
-6.5,5.1,21.91,2011-03-24,"WI-433247",45.25,-88.5
-8.3,3.54,21.4,2011-03-25,"WI-433247",45.25,-88.5
-8.1,3.55,21.39,2011-03-26,"WI-433247",45.25,-88.5
-7.3,3.42,22.7,2011-03-27,"WI-433247",45.25,-88.5
-6.6,2.5,22.74,2011-03-28,"WI-433247",45.25,-88.5
-2.7,3.13,22.95,2011-03-29,"WI-433247",45.25,-88.5
-3.1,3.31,22.66,2011-03-30,"WI-433247",45.25,-88.5
0.4,2.91,21.42,2011-03-31,"WI-433247",45.25,-88.5
2.6,3.05,15.31,2011-04-01,"WI-433247",45.25,-88.5
3.8,4.7,17.7,2011-04-02,"WI-433247",45.25,-88.5
0.9,5.94,3.67,2011-04-03,"WI-433247",45.25,-88.5
2.4,8.18,13,2011-04-04,"WI-433247",45.25,-88.5
3.6,5.41,21.34,2011-04-05,"WI-433247",45.25,-88.5
4.3,4.74,20.19,2011-04-06,"WI-433247",45.25,-88.5
6.6,3.82,19.84,2011-04-07,"WI-433247",45.25,-88.5
7.8,3.66,22.06,2011-04-08,"WI-433247",45.25,-88.5
9.3,3.7,18.04,2011-04-09,"WI-433247",45.25,-88.5
14.4,8.14,14.37,2011-04-10,"WI-433247",45.25,-88.5
10.6,8.97,14.67,2011-04-11,"WI-433247",45.25,-88.5
9.4,3.53,23.14,2011-04-12,"WI-433247",45.25,-88.5
10.7,5.64,17.41,2011-04-13,"WI-433247",45.25,-88.5
2.5,5.82,24.45,2011-04-14,"WI-433247",45.25,-88.5
1.9,8.38,19.34,2011-04-15,"WI-433247",45.25,-88.5
0.4,6.63,4.85,2011-04-16,"WI-433247",45.25,-88.5
1.1,9.8,19.67,2011-04-17,"WI-433247",45.25,-88.5
1.8,3.67,21.46,2011-04-18,"WI-433247",45.25,-88.5
0.7,5.33,10.03,2011-04-19,"WI-433247",45.25,-88.5
2.5,4.75,11.17,2011-04-20,"WI-433247",45.25,-88.5
5.2,3.58,20.81,2011-04-21,"WI-433247",45.25,-88.5
5.1,6.04,13.22,2011-04-22,"WI-433247",45.25,-88.5
5.8,5.33,14.24,2011-04-23,"WI-433247",45.25,-88.5
8.1,3.42,18.83,2011-04-24,"WI-433247",45.25,-88.5
11.3,4.52,26.29,2011-04-25,"WI-433247",45.25,-88.5
5.8,7.74,2.16,2011-04-26,"WI-433247",45.25,-88.5
6.4,3.32,6.76,2011-04-27,"WI-433247",45.25,-88.5
4.7,4.25,5.13,2011-04-28,"WI-433247",45.25,-88.5
10.3,4.17,27.91,2011-04-29,"WI-433247",45.25,-88.5
10,7.38,14.6,2011-04-30,"WI-433247",45.25,-88.5
7.8,8.34,24.31,2011-05-01,"WI-433247",45.25,-88.5
3.5,4.1,11.81,2011-05-02,"WI-433247",45.25,-88.5
4.4,3.07,12.88,2011-05-03,"WI-433247",45.25,-88.5
9.9,4.34,25.74,2011-05-04,"WI-433247",45.25,-88.5
9.9,6.51,14.75,2011-05-05,"WI-433247",45.25,-88.5
10.8,6.21,20.52,2011-05-06,"WI-433247",45.25,-88.5
10.8,3.23,25.85,2011-05-07,"WI-433247",45.25,-88.5
13.2,4.42,26.07,2011-05-08,"WI-433247",45.25,-88.5
13,7.44,18.04,2011-05-09,"WI-433247",45.25,-88.5
13.3,5.06,16.35,2011-05-10,"WI-433247",45.25,-88.5
17,3.94,17.64,2011-05-11,"WI-433247",45.25,-88.5
18.3,2.46,16.91,2011-05-12,"WI-433247",45.25,-88.5
12.1,5.32,8.4,2011-05-13,"WI-433247",45.25,-88.5
8.3,6.52,4.17,2011-05-14,"WI-433247",45.25,-88.5
10.2,6.62,26.85,2011-05-15,"WI-433247",45.25,-88.5
9.1,5.22,30.19,2011-05-16,"WI-433247",45.25,-88.5
11.3,4.14,30.04,2011-05-17,"WI-433247",45.25,-88.5
13.5,4.57,12.02,2011-05-18,"WI-433247",45.25,-88.5
16.9,3.13,13.55,2011-05-19,"WI-433247",45.25,-88.5
18.3,4.18,21.33,2011-05-20,"WI-433247",45.25,-88.5
16,4.61,10.23,2011-05-21,"WI-433247",45.25,-88.5
18.3,5.66,18.93,2011-05-22,"WI-433247",45.25,-88.5
17.1,5.7,16.56,2011-05-23,"WI-433247",45.25,-88.5
12,3.94,19.51,2011-05-24,"WI-433247",45.25,-88.5
9.9,5.28,17.05,2011-05-25,"WI-433247",45.25,-88.5
9.2,6.51,29.53,2011-05-26,"WI-433247",45.25,-88.5
8.9,4.46,26.59,2011-05-27,"WI-433247",45.25,-88.5
13.8,6.46,19.06,2011-05-28,"WI-433247",45.25,-88.5
17.8,5.39,21.2,2011-05-29,"WI-433247",45.25,-88.5
19.7,5.55,21.63,2011-05-30,"WI-433247",45.25,-88.5
24.4,9.4,22.15,2011-05-31,"WI-433247",45.25,-88.5
17.7,8.95,29.85,2011-06-01,"WI-433247",45.25,-88.5
13.2,4.25,30.05,2011-06-02,"WI-433247",45.25,-88.5
18.9,6.37,25.64,2011-06-03,"WI-433247",45.25,-88.5
25,4.81,28.29,2011-06-04,"WI-433247",45.25,-88.5
20.4,3.32,25.76,2011-06-05,"WI-433247",45.25,-88.5
21.5,3.93,19.38,2011-06-06,"WI-433247",45.25,-88.5
26.4,6.59,25.91,2011-06-07,"WI-433247",45.25,-88.5
26.1,8.68,26.6,2011-06-08,"WI-433247",45.25,-88.5
12.7,5.1,27.26,2011-06-09,"WI-433247",45.25,-88.5
9,4.27,4.94,2011-06-10,"WI-433247",45.25,-88.5
11,3.4,8.37,2011-06-11,"WI-433247",45.25,-88.5
14.7,3.37,28.34,2011-06-12,"WI-433247",45.25,-88.5
17.1,3.4,30.59,2011-06-13,"WI-433247",45.25,-88.5
18.1,5.94,29.4,2011-06-14,"WI-433247",45.25,-88.5
15.5,6.45,15.95,2011-06-15,"WI-433247",45.25,-88.5
16.8,3.31,13.72,2011-06-16,"WI-433247",45.25,-88.5
18.8,3.13,18.65,2011-06-17,"WI-433247",45.25,-88.5
18.6,3.95,23.34,2011-06-18,"WI-433247",45.25,-88.5
15.7,4.34,12.61,2011-06-19,"WI-433247",45.25,-88.5
17,4.12,18.63,2011-06-20,"WI-433247",45.25,-88.5
15.9,6.1,5.85,2011-06-21,"WI-433247",45.25,-88.5
17.7,6.61,13.1,2011-06-22,"WI-433247",45.25,-88.5
16.8,4.46,11.01,2011-06-23,"WI-433247",45.25,-88.5
17,6.4,22.88,2011-06-24,"WI-433247",45.25,-88.5
19.7,3.24,28.63,2011-06-25,"WI-433247",45.25,-88.5
19.8,4.3,30.13,2011-06-26,"WI-433247",45.25,-88.5
18.3,6.02,12.13,2011-06-27,"WI-433247",45.25,-88.5
18.5,7.76,24.29,2011-06-28,"WI-433247",45.25,-88.5
17.5,3.34,29.05,2011-06-29,"WI-433247",45.25,-88.5
19.6,5.59,21.64,2011-06-30,"WI-433247",45.25,-88.5
26.4,5.68,18.81,2011-07-01,"WI-433247",45.25,-88.5
26.1,5.07,28.75,2011-07-02,"WI-433247",45.25,-88.5
22.4,3.09,30,2011-07-03,"WI-433247",45.25,-88.5
23.3,3.29,26.59,2011-07-04,"WI-433247",45.25,-88.5
23.6,5.1,16.06,2011-07-05,"WI-433247",45.25,-88.5
22.5,3.47,24.58,2011-07-06,"WI-433247",45.25,-88.5
19.9,3.54,14.28,2011-07-07,"WI-433247",45.25,-88.5
22.4,3.5,23.82,2011-07-08,"WI-433247",45.25,-88.5
22.4,5.16,17.54,2011-07-09,"WI-433247",45.25,-88.5
25.8,4.7,21.5,2011-07-10,"WI-433247",45.25,-88.5
24.6,4.52,17.92,2011-07-11,"WI-433247",45.25,-88.5
20.8,3.69,16.64,2011-07-12,"WI-433247",45.25,-88.5
17.9,3.83,24.42,2011-07-13,"WI-433247",45.25,-88.5
18,3.4,14.67,2011-07-14,"WI-433247",45.25,-88.5
20.4,4.9,15.85,2011-07-15,"WI-433247",45.25,-88.5
24.7,3.67,23.28,2011-07-16,"WI-433247",45.25,-88.5
27.3,5.22,21.13,2011-07-17,"WI-433247",45.25,-88.5
25.6,4.18,16.09,2011-07-18,"WI-433247",45.25,-88.5
26.1,2.88,18.42,2011-07-19,"WI-433247",45.25,-88.5
28.7,6.25,27.13,2011-07-20,"WI-433247",45.25,-88.5
27.1,5.41,26.1,2011-07-21,"WI-433247",45.25,-88.5
24.1,3.14,28.59,2011-07-22,"WI-433247",45.25,-88.5
22.9,3.96,21.58,2011-07-23,"WI-433247",45.25,-88.5
21.4,3.4,10.48,2011-07-24,"WI-433247",45.25,-88.5
22.1,6.09,24.2,2011-07-25,"WI-433247",45.25,-88.5
21.3,3.2,28.55,2011-07-26,"WI-433247",45.25,-88.5
17.5,4.34,5.79,2011-07-27,"WI-433247",45.25,-88.5
24.1,2.82,20.71,2011-07-28,"WI-433247",45.25,-88.5
24.5,4.14,25.29,2011-07-29,"WI-433247",45.25,-88.5
24.2,4.25,21.81,2011-07-30,"WI-433247",45.25,-88.5
25.8,4,22.85,2011-07-31,"WI-433247",45.25,-88.5
23.5,3.08,18.44,2011-08-01,"WI-433247",45.25,-88.5
23.5,4.33,8.84,2011-08-02,"WI-433247",45.25,-88.5
24.1,4.73,25.59,2011-08-03,"WI-433247",45.25,-88.5
22,2.46,26.73,2011-08-04,"WI-433247",45.25,-88.5
23,2.33,21.33,2011-08-05,"WI-433247",45.25,-88.5
23.3,1.82,21.28,2011-08-06,"WI-433247",45.25,-88.5
21.2,4.29,19.39,2011-08-07,"WI-433247",45.25,-88.5
19.9,3.2,21.65,2011-08-08,"WI-433247",45.25,-88.5
19.6,6.48,17.65,2011-08-09,"WI-433247",45.25,-88.5
18,5.75,19.95,2011-08-10,"WI-433247",45.25,-88.5
20.2,3.51,21.17,2011-08-11,"WI-433247",45.25,-88.5
20,4.09,16.73,2011-08-12,"WI-433247",45.25,-88.5
19.8,5.23,21,2011-08-13,"WI-433247",45.25,-88.5
20,4.46,23.94,2011-08-14,"WI-433247",45.25,-88.5
20.7,2.33,19.09,2011-08-15,"WI-433247",45.25,-88.5
22.3,4.48,20.77,2011-08-16,"WI-433247",45.25,-88.5
22.3,4.43,22.55,2011-08-17,"WI-433247",45.25,-88.5
21.4,3.31,22.81,2011-08-18,"WI-433247",45.25,-88.5
21,5.5,18.58,2011-08-19,"WI-433247",45.25,-88.5
19.3,3.4,20.26,2011-08-20,"WI-433247",45.25,-88.5
17.6,5.11,22.58,2011-08-21,"WI-433247",45.25,-88.5
18.2,3.61,22,2011-08-22,"WI-433247",45.25,-88.5
19.5,5.97,10.33,2011-08-23,"WI-433247",45.25,-88.5
22.7,7.93,20.92,2011-08-24,"WI-433247",45.25,-88.5
20.8,5.84,24.33,2011-08-25,"WI-433247",45.25,-88.5
20.6,5.16,19.17,2011-08-26,"WI-433247",45.25,-88.5
20.7,3.86,23.4,2011-08-27,"WI-433247",45.25,-88.5
17.6,2.73,18.63,2011-08-28,"WI-433247",45.25,-88.5
19.4,3.92,23.22,2011-08-29,"WI-433247",45.25,-88.5
19.8,3.54,15.72,2011-08-30,"WI-433247",45.25,-88.5
18.9,4.19,5.01,2011-08-31,"WI-433247",45.25,-88.5
23.2,5.03,20.46,2011-09-01,"WI-433247",45.25,-88.5
24.9,5.32,13.34,2011-09-02,"WI-433247",45.25,-88.5
20,4.12,8.02,2011-09-03,"WI-433247",45.25,-88.5
15,6.22,16.8,2011-09-04,"WI-433247",45.25,-88.5
11.3,4.06,13.56,2011-09-05,"WI-433247",45.25,-88.5
11.9,2.62,22.08,2011-09-06,"WI-433247",45.25,-88.5
15,2.53,21.9,2011-09-07,"WI-433247",45.25,-88.5
18.6,4.24,19.26,2011-09-08,"WI-433247",45.25,-88.5
19,2.4,20.97,2011-09-09,"WI-433247",45.25,-88.5
20.3,3.02,20.37,2011-09-10,"WI-433247",45.25,-88.5
21.7,4.42,17,2011-09-11,"WI-433247",45.25,-88.5
22,6.89,18.96,2011-09-12,"WI-433247",45.25,-88.5
15.3,6.18,14.62,2011-09-13,"WI-433247",45.25,-88.5
9,5.74,15.51,2011-09-14,"WI-433247",45.25,-88.5
7.4,5.46,18.08,2011-09-15,"WI-433247",45.25,-88.5
8,2.72,14.88,2011-09-16,"WI-433247",45.25,-88.5
10.6,4.44,12.9,2011-09-17,"WI-433247",45.25,-88.5
13.9,5.82,11.83,2011-09-18,"WI-433247",45.25,-88.5
16,5.22,16.28,2011-09-19,"WI-433247",45.25,-88.5
14.3,6,13.33,2011-09-20,"WI-433247",45.25,-88.5
14,6.65,8.48,2011-09-21,"WI-433247",45.25,-88.5
10.3,4.03,6.96,2011-09-22,"WI-433247",45.25,-88.5
9.7,2.6,10.17,2011-09-23,"WI-433247",45.25,-88.5
8.2,3.01,4.12,2011-09-24,"WI-433247",45.25,-88.5
11.7,5.97,5.96,2011-09-25,"WI-433247",45.25,-88.5
14.4,8.13,2.93,2011-09-26,"WI-433247",45.25,-88.5
13.8,2.31,11.67,2011-09-27,"WI-433247",45.25,-88.5
13.6,2.15,15,2011-09-28,"WI-433247",45.25,-88.5
11.7,10.14,6.73,2011-09-29,"WI-433247",45.25,-88.5
8.4,9.22,14.93,2011-09-30,"WI-433247",45.25,-88.5
6.6,3.6,17.15,2011-10-01,"WI-433247",45.25,-88.5
10.4,3.13,16.85,2011-10-02,"WI-433247",45.25,-88.5
12.9,2.78,16.13,2011-10-03,"WI-433247",45.25,-88.5
14.7,2.97,15.61,2011-10-04,"WI-433247",45.25,-88.5
16,3.74,15.47,2011-10-05,"WI-433247",45.25,-88.5
15.4,3.72,15.59,2011-10-06,"WI-433247",45.25,-88.5
18.7,6.52,14.96,2011-10-07,"WI-433247",45.25,-88.5
21.6,6.19,14.79,2011-10-08,"WI-433247",45.25,-88.5
18.6,4.85,15.1,2011-10-09,"WI-433247",45.25,-88.5
16.1,4.76,13.86,2011-10-10,"WI-433247",45.25,-88.5
16.4,3.89,8.91,2011-10-11,"WI-433247",45.25,-88.5
16,4.1,12.18,2011-10-12,"WI-433247",45.25,-88.5
13.2,5.82,2.55,2011-10-13,"WI-433247",45.25,-88.5
9.7,8.47,8.09,2011-10-14,"WI-433247",45.25,-88.5
9.1,9.58,11.26,2011-10-15,"WI-433247",45.25,-88.5
9.7,8.67,13.65,2011-10-16,"WI-433247",45.25,-88.5
8.9,7.86,11.67,2011-10-17,"WI-433247",45.25,-88.5
7,4.06,5.04,2011-10-18,"WI-433247",45.25,-88.5
5.8,7.25,8.01,2011-10-19,"WI-433247",45.25,-88.5
6.2,9.7,4.26,2011-10-20,"WI-433247",45.25,-88.5
6.2,3.89,12.16,2011-10-21,"WI-433247",45.25,-88.5
7.5,3.05,12.28,2011-10-22,"WI-433247",45.25,-88.5
7,5.32,8.96,2011-10-23,"WI-433247",45.25,-88.5
7.5,5.22,12.3,2011-10-24,"WI-433247",45.25,-88.5
4.6,4.8,1.66,2011-10-25,"WI-433247",45.25,-88.5
4.8,4.22,8.29,2011-10-26,"WI-433247",45.25,-88.5
3.9,2.82,10.66,2011-10-27,"WI-433247",45.25,-88.5
3.9,3.36,9.6,2011-10-28,"WI-433247",45.25,-88.5
3.2,3.85,10.98,2011-10-29,"WI-433247",45.25,-88.5
3.5,6.85,4.68,2011-10-30,"WI-433247",45.25,-88.5
5.2,2.86,3.59,2011-10-31,"WI-433247",45.25,-88.5
7,4.6,7.92,2011-11-01,"WI-433247",45.25,-88.5
6.6,4.69,1.77,2011-11-02,"WI-433247",45.25,-88.5
4,3.95,10.69,2011-11-03,"WI-433247",45.25,-88.5
2.4,3.36,10.05,2011-11-04,"WI-433247",45.25,-88.5
4.7,5,9.9,2011-11-05,"WI-433247",45.25,-88.5
9.4,8.48,5.68,2011-11-06,"WI-433247",45.25,-88.5
7.2,6.81,10.47,2011-11-07,"WI-433247",45.25,-88.5
4.4,3.83,3.39,2011-11-08,"WI-433247",45.25,-88.5
2,7.96,0.86,2011-11-09,"WI-433247",45.25,-88.5
1.3,5.54,6.78,2011-11-10,"WI-433247",45.25,-88.5
0.5,4.94,6.94,2011-11-11,"WI-433247",45.25,-88.5
4.8,4.96,9.54,2011-11-12,"WI-433247",45.25,-88.5
8.3,5.17,3.97,2011-11-13,"WI-433247",45.25,-88.5
5.8,5.79,7.97,2011-11-14,"WI-433247",45.25,-88.5
4,6.5,5.48,2011-11-15,"WI-433247",45.25,-88.5
0,7.4,8.46,2011-11-16,"WI-433247",45.25,-88.5
-3.1,6.17,7.56,2011-11-17,"WI-433247",45.25,-88.5
0.2,5.39,6.62,2011-11-18,"WI-433247",45.25,-88.5
1.7,4.8,2.89,2011-11-19,"WI-433247",45.25,-88.5
-2.5,5.51,8.68,2011-11-20,"WI-433247",45.25,-88.5
-2.8,3.04,5.81,2011-11-21,"WI-433247",45.25,-88.5
-0.1,2.57,5.94,2011-11-22,"WI-433247",45.25,-88.5
1.4,4.66,7.84,2011-11-23,"WI-433247",45.25,-88.5
3.8,5.23,6.69,2011-11-24,"WI-433247",45.25,-88.5
7.4,5.1,6.24,2011-11-25,"WI-433247",45.25,-88.5
7.7,5.06,0.69,2011-11-26,"WI-433247",45.25,-88.5
0.9,5.95,3,2011-11-27,"WI-433247",45.25,-88.5
-1.5,3.24,7.88,2011-11-28,"WI-433247",45.25,-88.5
-0.7,6.51,6.17,2011-11-29,"WI-433247",45.25,-88.5
-0.6,3.89,6.46,2011-11-30,"WI-433247",45.25,-88.5
-0.1,3.75,2.6,2011-12-01,"WI-433247",45.25,-88.5
-4.4,4.9,7.58,2011-12-02,"WI-433247",45.25,-88.5
0.7,5.41,1.57,2011-12-03,"WI-433247",45.25,-88.5
1.2,4.55,4.41,2011-12-04,"WI-433247",45.25,-88.5
-3.6,3.16,5.66,2011-12-05,"WI-433247",45.25,-88.5
-8.4,3.68,7.63,2011-12-06,"WI-433247",45.25,-88.5
-6.3,5.03,5.44,2011-12-07,"WI-433247",45.25,-88.5
-6.5,7.1,6.91,2011-12-08,"WI-433247",45.25,-88.5
-11.3,5.1,7.43,2011-12-09,"WI-433247",45.25,-88.5
-10.2,4.6,6.43,2011-12-10,"WI-433247",45.25,-88.5
-0.9,5.87,6.96,2011-12-11,"WI-433247",45.25,-88.5
1.6,5.28,1.37,2011-12-12,"WI-433247",45.25,-88.5
2.1,2.22,2.77,2011-12-13,"WI-433247",45.25,-88.5
1.7,2.72,0.59,2011-12-14,"WI-433247",45.25,-88.5
0.8,8.42,2.52,2011-12-15,"WI-433247",45.25,-88.5
-5.3,6.52,3.95,2011-12-16,"WI-433247",45.25,-88.5
-6.6,4.08,5.24,2011-12-17,"WI-433247",45.25,-88.5
-1.1,6.03,5.44,2011-12-18,"WI-433247",45.25,-88.5
1,5.76,2.88,2011-12-19,"WI-433247",45.25,-88.5
-2.3,5,6.19,2011-12-20,"WI-433247",45.25,-88.5
-1.6,3.75,6.48,2011-12-21,"WI-433247",45.25,-88.5
-1.8,4.43,3.93,2011-12-22,"WI-433247",45.25,-88.5
-6.8,4.3,3.34,2011-12-23,"WI-433247",45.25,-88.5
-2.4,4.95,6.71,2011-12-24,"WI-433247",45.25,-88.5
1.4,7.5,4.77,2011-12-25,"WI-433247",45.25,-88.5
2,7.96,6.87,2011-12-26,"WI-433247",45.25,-88.5
-1.7,7.82,4.83,2011-12-27,"WI-433247",45.25,-88.5
-8.9,4.81,6.38,2011-12-28,"WI-433247",45.25,-88.5
-2.4,2.69,3.52,2011-12-29,"WI-433247",45.25,-88.5
-2.7,3.01,4.85,2011-12-30,"WI-433247",45.25,-88.5
-2.7,3.64,3.72,2011-12-31,"WI-433247",45.25,-88.5
-1.5,8.62,3.73,2012-01-01,"WI-433247",45.25,-88.5
-8.8,7.38,5.44,2012-01-02,"WI-433247",45.25,-88.5
-12.3,5.19,6.17,2012-01-03,"WI-433247",45.25,-88.5
-5.2,5.24,4.66,2012-01-04,"WI-433247",45.25,-88.5
-1.3,6.21,6.05,2012-01-05,"WI-433247",45.25,-88.5
4.7,5.82,6.07,2012-01-06,"WI-433247",45.25,-88.5
-0.3,5.03,3,2012-01-07,"WI-433247",45.25,-88.5
-1.5,4.84,6.96,2012-01-08,"WI-433247",45.25,-88.5
2.2,6.94,6.96,2012-01-09,"WI-433247",45.25,-88.5
2.7,4.37,7.37,2012-01-10,"WI-433247",45.25,-88.5
2.2,4.57,6.35,2012-01-11,"WI-433247",45.25,-88.5
-5.1,6.28,2.47,2012-01-12,"WI-433247",45.25,-88.5
-9.4,6.07,7.57,2012-01-13,"WI-433247",45.25,-88.5
-12.8,2.97,7.8,2012-01-14,"WI-433247",45.25,-88.5
-7.7,5.66,6,2012-01-15,"WI-433247",45.25,-88.5
-2.6,5.43,5.58,2012-01-16,"WI-433247",45.25,-88.5
-7.3,6.32,3.74,2012-01-17,"WI-433247",45.25,-88.5
-13.8,6.04,8.55,2012-01-18,"WI-433247",45.25,-88.5
-17.1,7.39,9.04,2012-01-19,"WI-433247",45.25,-88.5
-19.8,3.55,4.17,2012-01-20,"WI-433247",45.25,-88.5
-15,3.4,8.22,2012-01-21,"WI-433247",45.25,-88.5
-3.9,5.1,2.39,2012-01-22,"WI-433247",45.25,-88.5
-0.3,5.69,3.71,2012-01-23,"WI-433247",45.25,-88.5
-4.6,5.43,7.53,2012-01-24,"WI-433247",45.25,-88.5
-4.5,3.44,7.35,2012-01-25,"WI-433247",45.25,-88.5
-0.9,4.22,7.24,2012-01-26,"WI-433247",45.25,-88.5
0.2,5.44,9.74,2012-01-27,"WI-433247",45.25,-88.5
-4,8.06,7.26,2012-01-28,"WI-433247",45.25,-88.5
-9.7,4.67,9.79,2012-01-29,"WI-433247",45.25,-88.5
-7.1,3.67,5.15,2012-01-30,"WI-433247",45.25,-88.5
0.5,5.33,7.15,2012-01-31,"WI-433247",45.25,-88.5
1.5,5.55,8.71,2012-02-01,"WI-433247",45.25,-88.5
0.3,2.59,7.36,2012-02-02,"WI-433247",45.25,-88.5
0.9,2.4,8.06,2012-02-03,"WI-433247",45.25,-88.5
0,4.03,10.88,2012-02-04,"WI-433247",45.25,-88.5
0.3,5.43,10.52,2012-02-05,"WI-433247",45.25,-88.5
0.9,5.31,11.03,2012-02-06,"WI-433247",45.25,-88.5
-5.3,5.04,10.44,2012-02-07,"WI-433247",45.25,-88.5
-5.4,5.31,11.88,2012-02-08,"WI-433247",45.25,-88.5
-1.7,5.64,11.98,2012-02-09,"WI-433247",45.25,-88.5
-9.3,7.12,8.65,2012-02-10,"WI-433247",45.25,-88.5
-12.8,7.29,12.23,2012-02-11,"WI-433247",45.25,-88.5
-5.9,7.11,12.47,2012-02-12,"WI-433247",45.25,-88.5
-4.2,5.01,11.78,2012-02-13,"WI-433247",45.25,-88.5
-0.7,3.13,5.71,2012-02-14,"WI-433247",45.25,-88.5
1.4,3.47,11.9,2012-02-15,"WI-433247",45.25,-88.5
1.7,6.77,9.98,2012-02-16,"WI-433247",45.25,-88.5
-0.2,4.94,9.4,2012-02-17,"WI-433247",45.25,-88.5
-2.9,4.74,11.02,2012-02-18,"WI-433247",45.25,-88.5
-2.6,2.78,13.11,2012-02-19,"WI-433247",45.25,-88.5
-0.8,4.9,12.1,2012-02-20,"WI-433247",45.25,-88.5
1.3,6.33,5.25,2012-02-21,"WI-433247",45.25,-88.5
0.2,5.98,9.78,2012-02-22,"WI-433247",45.25,-88.5
-1.5,2.5,11.33,2012-02-23,"WI-433247",45.25,-88.5
-1.2,5.05,9.04,2012-02-24,"WI-433247",45.25,-88.5
-3.3,4.82,11.6,2012-02-25,"WI-433247",45.25,-88.5
-0.4,7.51,4.42,2012-02-26,"WI-433247",45.25,-88.5
-0.7,7.27,13.71,2012-02-27,"WI-433247",45.25,-88.5
-0.9,4.18,8.91,2012-02-28,"WI-433247",45.25,-88.5
0.5,7.62,2.6,2012-02-29,"WI-433247",45.25,-88.5
0.2,3.9,6.22,2012-03-01,"WI-433247",45.25,-88.5
0,3.18,8.23,2012-03-02,"WI-433247",45.25,-88.5
-2.1,4.31,9.01,2012-03-03,"WI-433247",45.25,-88.5
-8.7,2.78,15.56,2012-03-04,"WI-433247",45.25,-88.5
-8.1,4.73,15.8,2012-03-05,"WI-433247",45.25,-88.5
2,4.92,15.53,2012-03-06,"WI-433247",45.25,-88.5
8.9,7.52,6.53,2012-03-07,"WI-433247",45.25,-88.5
1.1,7.19,14.41,2012-03-08,"WI-433247",45.25,-88.5
-3.6,7.51,17.69,2012-03-09,"WI-433247",45.25,-88.5
5.2,6.95,17.37,2012-03-10,"WI-433247",45.25,-88.5
11.4,5.71,17.29,2012-03-11,"WI-433247",45.25,-88.5
9.2,5.04,4.87,2012-03-12,"WI-433247",45.25,-88.5
10.7,6.36,18.45,2012-03-13,"WI-433247",45.25,-88.5
12.7,6.4,16.35,2012-03-14,"WI-433247",45.25,-88.5
13,4,11.81,2012-03-15,"WI-433247",45.25,-88.5
11.3,3.84,17.53,2012-03-16,"WI-433247",45.25,-88.5
18,6.04,13.04,2012-03-17,"WI-433247",45.25,-88.5
19.5,6.53,16.02,2012-03-18,"WI-433247",45.25,-88.5
19.4,6.3,15.31,2012-03-19,"WI-433247",45.25,-88.5
20.2,7.88,16.09,2012-03-20,"WI-433247",45.25,-88.5
20.5,6.35,15.38,2012-03-21,"WI-433247",45.25,-88.5
15.2,5.32,15.46,2012-03-22,"WI-433247",45.25,-88.5
11.3,3.54,5.34,2012-03-23,"WI-433247",45.25,-88.5
12.3,3.38,7.12,2012-03-24,"WI-433247",45.25,-88.5
10.8,4.99,20.27,2012-03-25,"WI-433247",45.25,-88.5
1.3,4.75,20.78,2012-03-26,"WI-433247",45.25,-88.5
8.2,7.35,7.19,2012-03-27,"WI-433247",45.25,-88.5
8.3,7,9,2012-03-28,"WI-433247",45.25,-88.5
3.1,4.03,18.75,2012-03-29,"WI-433247",45.25,-88.5
1.3,4,4.53,2012-03-30,"WI-433247",45.25,-88.5
3,4.3,9.44,2012-03-31,"WI-433247",45.25,-88.5
8.2,3.93,13.54,2012-04-01,"WI-433247",45.25,-88.5
7.6,4.92,20.49,2012-04-02,"WI-433247",45.25,-88.5
10,3.71,8.67,2012-04-03,"WI-433247",45.25,-88.5
9,4.11,23.22,2012-04-04,"WI-433247",45.25,-88.5
4.7,3.89,23.21,2012-04-05,"WI-433247",45.25,-88.5
5.7,3.09,23.68,2012-04-06,"WI-433247",45.25,-88.5
8.8,5.9,22.36,2012-04-07,"WI-433247",45.25,-88.5
9.2,9.71,23.08,2012-04-08,"WI-433247",45.25,-88.5
5.5,6.6,21.12,2012-04-09,"WI-433247",45.25,-88.5
2.1,5.63,14.54,2012-04-10,"WI-433247",45.25,-88.5
5.9,4.94,19.74,2012-04-11,"WI-433247",45.25,-88.5
6.4,4.18,20.93,2012-04-12,"WI-433247",45.25,-88.5
8.2,5.41,17.4,2012-04-13,"WI-433247",45.25,-88.5
16.1,6.62,21.29,2012-04-14,"WI-433247",45.25,-88.5
14.8,7.23,5.75,2012-04-15,"WI-433247",45.25,-88.5
8.4,8.64,8.03,2012-04-16,"WI-433247",45.25,-88.5
3.4,5.06,21.24,2012-04-17,"WI-433247",45.25,-88.5
8.6,7.96,12.18,2012-04-18,"WI-433247",45.25,-88.5
5.5,4.48,14.83,2012-04-19,"WI-433247",45.25,-88.5
4.6,6.14,24.34,2012-04-20,"WI-433247",45.25,-88.5
4.9,4.3,21.94,2012-04-21,"WI-433247",45.25,-88.5
6.7,3.04,24.29,2012-04-22,"WI-433247",45.25,-88.5
8,5.32,27.56,2012-04-23,"WI-433247",45.25,-88.5
11.1,5.46,20.92,2012-04-24,"WI-433247",45.25,-88.5
9.2,3.27,20.09,2012-04-25,"WI-433247",45.25,-88.5
6.9,6.84,24.81,2012-04-26,"WI-433247",45.25,-88.5
5.7,4.53,26.61,2012-04-27,"WI-433247",45.25,-88.5
5.1,4.2,15.35,2012-04-28,"WI-433247",45.25,-88.5
7.6,4.02,25.54,2012-04-29,"WI-433247",45.25,-88.5
7.9,3,7.64,2012-04-30,"WI-433247",45.25,-88.5
12.6,5.91,25.13,2012-05-01,"WI-433247",45.25,-88.5
17.6,5.15,17.18,2012-05-02,"WI-433247",45.25,-88.5
19.1,4.6,10.68,2012-05-03,"WI-433247",45.25,-88.5
13.4,5.02,23.46,2012-05-04,"WI-433247",45.25,-88.5
9.7,4.41,9,2012-05-05,"WI-433247",45.25,-88.5
7.6,4.61,4.33,2012-05-06,"WI-433247",45.25,-88.5
12.1,3.62,10.84,2012-05-07,"WI-433247",45.25,-88.5
12.5,4,21.84,2012-05-08,"WI-433247",45.25,-88.5
11.4,4.91,20.19,2012-05-09,"WI-433247",45.25,-88.5
13.6,4.24,26.77,2012-05-10,"WI-433247",45.25,-88.5
17,6.3,23.61,2012-05-11,"WI-433247",45.25,-88.5
15.4,5.08,26.77,2012-05-12,"WI-433247",45.25,-88.5
16,3.61,28.94,2012-05-13,"WI-433247",45.25,-88.5
19.3,5.02,26.72,2012-05-14,"WI-433247",45.25,-88.5
18.9,6.49,26.72,2012-05-15,"WI-433247",45.25,-88.5
12.5,3.96,29.86,2012-05-16,"WI-433247",45.25,-88.5
13.7,5.41,23.76,2012-05-17,"WI-433247",45.25,-88.5
20.8,5.41,29.08,2012-05-18,"WI-433247",45.25,-88.5
23.9,6.66,29.07,2012-05-19,"WI-433247",45.25,-88.5
22.9,8.52,21.73,2012-05-20,"WI-433247",45.25,-88.5
15.7,6.45,29.73,2012-05-21,"WI-433247",45.25,-88.5
15.4,3.55,27.85,2012-05-22,"WI-433247",45.25,-88.5
17.8,5.73,25.35,2012-05-23,"WI-433247",45.25,-88.5
22.9,9.02,28.36,2012-05-24,"WI-433247",45.25,-88.5
18.9,6.67,28.01,2012-05-25,"WI-433247",45.25,-88.5
16.1,3.92,18.78,2012-05-26,"WI-433247",45.25,-88.5
21.5,5.22,24.84,2012-05-27,"WI-433247",45.25,-88.5
23.7,7.6,24.08,2012-05-28,"WI-433247",45.25,-88.5
16.7,8.52,21.24,2012-05-29,"WI-433247",45.25,-88.5
10.9,3.95,17.07,2012-05-30,"WI-433247",45.25,-88.5
10.2,3.45,26.29,2012-05-31,"WI-433247",45.25,-88.5
12.3,4.36,24.32,2012-06-01,"WI-433247",45.25,-88.5
16.5,6.58,22.36,2012-06-02,"WI-433247",45.25,-88.5
19.9,4.96,27.89,2012-06-03,"WI-433247",45.25,-88.5
18.5,3.19,23.46,2012-06-04,"WI-433247",45.25,-88.5
17.6,3.64,25.56,2012-06-05,"WI-433247",45.25,-88.5
18.5,2.14,25.14,2012-06-06,"WI-433247",45.25,-88.5
20.7,2.56,22.38,2012-06-07,"WI-433247",45.25,-88.5
23,4.93,23.05,2012-06-08,"WI-433247",45.25,-88.5
27.9,5.79,29.8,2012-06-09,"WI-433247",45.25,-88.5
27.4,6.87,28.74,2012-06-10,"WI-433247",45.25,-88.5
25.1,5.92,18.68,2012-06-11,"WI-433247",45.25,-88.5
16.1,6.1,21.49,2012-06-12,"WI-433247",45.25,-88.5
16.8,4.89,29.47,2012-06-13,"WI-433247",45.25,-88.5
18.9,7.05,22.4,2012-06-14,"WI-433247",45.25,-88.5
24.4,5.87,23.63,2012-06-15,"WI-433247",45.25,-88.5
22.7,6.46,14.88,2012-06-16,"WI-433247",45.25,-88.5
21.6,5.12,27.26,2012-06-17,"WI-433247",45.25,-88.5
22.3,5.92,15.2,2012-06-18,"WI-433247",45.25,-88.5
25.3,6.02,18.58,2012-06-19,"WI-433247",45.25,-88.5
27.2,7.92,26.27,2012-06-20,"WI-433247",45.25,-88.5
21.5,5.57,24.67,2012-06-21,"WI-433247",45.25,-88.5
19.2,3.26,24,2012-06-22,"WI-433247",45.25,-88.5
18.7,3.37,17.26,2012-06-23,"WI-433247",45.25,-88.5
20.7,4.3,22.47,2012-06-24,"WI-433247",45.25,-88.5
17.7,3.44,31.31,2012-06-25,"WI-433247",45.25,-88.5
19.8,3.68,30.82,2012-06-26,"WI-433247",45.25,-88.5
23.8,5.06,29.83,2012-06-27,"WI-433247",45.25,-88.5
26.1,4.92,24.95,2012-06-28,"WI-433247",45.25,-88.5
24.9,5.7,28.8,2012-06-29,"WI-433247",45.25,-88.5
25.3,4.05,30.13,2012-06-30,"WI-433247",45.25,-88.5
24.7,3.01,28.2,2012-07-01,"WI-433247",45.25,-88.5
25,3.92,21.24,2012-07-02,"WI-433247",45.25,-88.5
26.2,6.1,22.21,2012-07-03,"WI-433247",45.25,-88.5
26.3,2.69,23.7,2012-07-04,"WI-433247",45.25,-88.5
29.1,3.69,25.95,2012-07-05,"WI-433247",45.25,-88.5
25.9,3.52,25.25,2012-07-06,"WI-433247",45.25,-88.5
21.8,4.76,21.25,2012-07-07,"WI-433247",45.25,-88.5
22.7,3.89,22.25,2012-07-08,"WI-433247",45.25,-88.5
21.4,3.19,22.77,2012-07-09,"WI-433247",45.25,-88.5
21,2.97,23.84,2012-07-10,"WI-433247",45.25,-88.5
22.9,3.21,24.68,2012-07-11,"WI-433247",45.25,-88.5
24.8,3.98,26.15,2012-07-12,"WI-433247",45.25,-88.5
25.5,3.81,25.38,2012-07-13,"WI-433247",45.25,-88.5
24,4.3,21.43,2012-07-14,"WI-433247",45.25,-88.5
25.8,2.82,23.76,2012-07-15,"WI-433247",45.25,-88.5
29,7.06,24.35,2012-07-16,"WI-433247",45.25,-88.5
27.1,4.9,21.96,2012-07-17,"WI-433247",45.25,-88.5
21.7,4.1,15.1,2012-07-18,"WI-433247",45.25,-88.5
18.6,4.34,12.04,2012-07-19,"WI-433247",45.25,-88.5
21.5,3.04,22.89,2012-07-20,"WI-433247",45.25,-88.5
23.8,4.14,18.38,2012-07-21,"WI-433247",45.25,-88.5
24.5,3.84,21.48,2012-07-22,"WI-433247",45.25,-88.5
27.5,5.5,27.54,2012-07-23,"WI-433247",45.25,-88.5
23.8,3.34,27.17,2012-07-24,"WI-433247",45.25,-88.5
22.3,5.41,12.95,2012-07-25,"WI-433247",45.25,-88.5
22,3.52,16.03,2012-07-26,"WI-433247",45.25,-88.5
19.5,4.21,16.79,2012-07-27,"WI-433247",45.25,-88.5
19.9,2.77,28.89,2012-07-28,"WI-433247",45.25,-88.5
21.9,3.33,19.26,2012-07-29,"WI-433247",45.25,-88.5
23.6,5.2,21.38,2012-07-30,"WI-433247",45.25,-88.5
22.3,3.91,24.92,2012-07-31,"WI-433247",45.25,-88.5
23,4.74,26.43,2012-08-01,"WI-433247",45.25,-88.5
25.5,4.31,19.85,2012-08-02,"WI-433247",45.25,-88.5
22.1,3.76,18.54,2012-08-03,"WI-433247",45.25,-88.5
22.6,5.34,17.91,2012-08-04,"WI-433247",45.25,-88.5
19.7,6.03,27.72,2012-08-05,"WI-433247",45.25,-88.5
20.6,3.9,27.29,2012-08-06,"WI-433247",45.25,-88.5
22.9,3.57,23.93,2012-08-07,"WI-433247",45.25,-88.5
18.9,2.78,15.06,2012-08-08,"WI-433247",45.25,-88.5
16.3,4.43,8.27,2012-08-09,"WI-433247",45.25,-88.5
17.2,6.04,22.49,2012-08-10,"WI-433247",45.25,-88.5
18.2,4.6,26.35,2012-08-11,"WI-433247",45.25,-88.5
17.1,2.6,17.75,2012-08-12,"WI-433247",45.25,-88.5
19.6,2.62,16.29,2012-08-13,"WI-433247",45.25,-88.5
19.5,3.11,19.21,2012-08-14,"WI-433247",45.25,-88.5
19.8,4,20.81,2012-08-15,"WI-433247",45.25,-88.5
19.4,7.05,15.98,2012-08-16,"WI-433247",45.25,-88.5
16.6,4.6,24.42,2012-08-17,"WI-433247",45.25,-88.5
16.8,3.16,20.52,2012-08-18,"WI-433247",45.25,-88.5
16.2,3.08,18.08,2012-08-19,"WI-433247",45.25,-88.5
16.1,2.48,20.54,2012-08-20,"WI-433247",45.25,-88.5
18.8,3.8,20.55,2012-08-21,"WI-433247",45.25,-88.5
20.8,4.42,24.58,2012-08-22,"WI-433247",45.25,-88.5
21.8,4.5,17.05,2012-08-23,"WI-433247",45.25,-88.5
24.6,5.46,18.61,2012-08-24,"WI-433247",45.25,-88.5
24.9,5.48,20.1,2012-08-25,"WI-433247",45.25,-88.5
22,4.18,9.7,2012-08-26,"WI-433247",45.25,-88.5
22.6,3.75,19.49,2012-08-27,"WI-433247",45.25,-88.5
19.7,2.83,17.24,2012-08-28,"WI-433247",45.25,-88.5
21.1,4.06,20.81,2012-08-29,"WI-433247",45.25,-88.5
25.9,7.03,22.25,2012-08-30,"WI-433247",45.25,-88.5
24.2,4.05,22.9,2012-08-31,"WI-433247",45.25,-88.5
19.8,4.25,22.91,2012-09-01,"WI-433247",45.25,-88.5
20.3,4.11,22.42,2012-09-02,"WI-433247",45.25,-88.5
21.8,3.32,16.08,2012-09-03,"WI-433247",45.25,-88.5
22,3.5,19.16,2012-09-04,"WI-433247",45.25,-88.5
20,3.13,11.58,2012-09-05,"WI-433247",45.25,-88.5
19.3,4.75,18.6,2012-09-06,"WI-433247",45.25,-88.5
14.3,3.96,9.76,2012-09-07,"WI-433247",45.25,-88.5
13.2,4.74,12.86,2012-09-08,"WI-433247",45.25,-88.5
13.9,4.1,14.92,2012-09-09,"WI-433247",45.25,-88.5
15.8,5.24,20.68,2012-09-10,"WI-433247",45.25,-88.5
20.8,6.15,20.4,2012-09-11,"WI-433247",45.25,-88.5
20.3,5.94,16.85,2012-09-12,"WI-433247",45.25,-88.5
13.4,3.24,7.93,2012-09-13,"WI-433247",45.25,-88.5
13.5,4.1,19.18,2012-09-14,"WI-433247",45.25,-88.5
13.7,3.69,19.89,2012-09-15,"WI-433247",45.25,-88.5
18.7,6.16,19.62,2012-09-16,"WI-433247",45.25,-88.5
13.2,4.87,4.08,2012-09-17,"WI-433247",45.25,-88.5
7.6,5.46,16.71,2012-09-18,"WI-433247",45.25,-88.5
9.1,7.2,11.89,2012-09-19,"WI-433247",45.25,-88.5
11.1,6.31,11.2,2012-09-20,"WI-433247",45.25,-88.5
9.6,5.73,15.65,2012-09-21,"WI-433247",45.25,-88.5
7.6,5.94,16.46,2012-09-22,"WI-433247",45.25,-88.5
6.7,5.45,11.9,2012-09-23,"WI-433247",45.25,-88.5
11.9,8.1,16.73,2012-09-24,"WI-433247",45.25,-88.5
11.8,3.96,17.15,2012-09-25,"WI-433247",45.25,-88.5
9.6,3.01,12.35,2012-09-26,"WI-433247",45.25,-88.5
9.6,2.83,16.06,2012-09-27,"WI-433247",45.25,-88.5
12,3.4,16.65,2012-09-28,"WI-433247",45.25,-88.5
13.2,3.07,17.21,2012-09-29,"WI-433247",45.25,-88.5
10.5,2.72,12.69,2012-09-30,"WI-433247",45.25,-88.5
12.4,4,14.44,2012-10-01,"WI-433247",45.25,-88.5
13.2,3.91,8.77,2012-10-02,"WI-433247",45.25,-88.5
13.3,2.84,14.89,2012-10-03,"WI-433247",45.25,-88.5
12.8,6.96,13.75,2012-10-04,"WI-433247",45.25,-88.5
5.5,7.23,11.43,2012-10-05,"WI-433247",45.25,-88.5
4.1,5.75,10.17,2012-10-06,"WI-433247",45.25,-88.5
4.2,4.53,14.68,2012-10-07,"WI-433247",45.25,-88.5
8,7.72,12.24,2012-10-08,"WI-433247",45.25,-88.5
8.5,7.24,2.95,2012-10-09,"WI-433247",45.25,-88.5
3.7,6.88,11.86,2012-10-10,"WI-433247",45.25,-88.5
5.7,6.01,11.8,2012-10-11,"WI-433247",45.25,-88.5
3,3.81,14.86,2012-10-12,"WI-433247",45.25,-88.5
5.6,4.39,1.04,2012-10-13,"WI-433247",45.25,-88.5
7.3,6.01,0.94,2012-10-14,"WI-433247",45.25,-88.5
7.3,5.64,10.53,2012-10-15,"WI-433247",45.25,-88.5
8.5,5,6.08,2012-10-16,"WI-433247",45.25,-88.5
12.4,5.28,9.18,2012-10-17,"WI-433247",45.25,-88.5
9.9,4.24,7.21,2012-10-18,"WI-433247",45.25,-88.5
7.4,3.13,6.44,2012-10-19,"WI-433247",45.25,-88.5
9.4,3.71,7.41,2012-10-20,"WI-433247",45.25,-88.5
8.6,3.2,12.14,2012-10-21,"WI-433247",45.25,-88.5
11.3,4.03,7.2,2012-10-22,"WI-433247",45.25,-88.5
12,4.12,3.32,2012-10-23,"WI-433247",45.25,-88.5
16,4.54,3.31,2012-10-24,"WI-433247",45.25,-88.5
14.8,8.6,2.04,2012-10-25,"WI-433247",45.25,-88.5
3.2,6.53,12.12,2012-10-26,"WI-433247",45.25,-88.5
1,3.94,11.47,2012-10-27,"WI-433247",45.25,-88.5
1.1,2.33,11.97,2012-10-28,"WI-433247",45.25,-88.5
2.1,4.6,11.16,2012-10-29,"WI-433247",45.25,-88.5
2.7,7.91,7.64,2012-10-30,"WI-433247",45.25,-88.5
2.3,6.61,4.89,2012-10-31,"WI-433247",45.25,-88.5
3.2,6.11,8.27,2012-11-01,"WI-433247",45.25,-88.5
1,4,7.55,2012-11-02,"WI-433247",45.25,-88.5
0.2,2.32,5.39,2012-11-03,"WI-433247",45.25,-88.5
-0.1,2.34,6.35,2012-11-04,"WI-433247",45.25,-88.5
-1.2,2.14,5.83,2012-11-05,"WI-433247",45.25,-88.5
0.5,4.51,2.94,2012-11-06,"WI-433247",45.25,-88.5
2.6,2.13,2.89,2012-11-07,"WI-433247",45.25,-88.5
4,4.79,7.18,2012-11-08,"WI-433247",45.25,-88.5
5.1,5.01,4.44,2012-11-09,"WI-433247",45.25,-88.5
6.8,4.28,1.31,2012-11-10,"WI-433247",45.25,-88.5
12.7,6.84,4.12,2012-11-11,"WI-433247",45.25,-88.5
-2.7,6.89,5.92,2012-11-12,"WI-433247",45.25,-88.5
-2.4,4.82,9.44,2012-11-13,"WI-433247",45.25,-88.5
1.3,4.42,7.41,2012-11-14,"WI-433247",45.25,-88.5
4.1,4.1,8.63,2012-11-15,"WI-433247",45.25,-88.5
0,3.81,9.05,2012-11-16,"WI-433247",45.25,-88.5
2.4,3.52,7.92,2012-11-17,"WI-433247",45.25,-88.5
4.8,4.14,7.78,2012-11-18,"WI-433247",45.25,-88.5
5.8,3.65,4.73,2012-11-19,"WI-433247",45.25,-88.5
7.5,2.36,7.32,2012-11-20,"WI-433247",45.25,-88.5
6.4,4.57,6.76,2012-11-21,"WI-433247",45.25,-88.5
10.9,6.52,7,2012-11-22,"WI-433247",45.25,-88.5
-1,8.79,4.02,2012-11-23,"WI-433247",45.25,-88.5
-4.2,6,7.32,2012-11-24,"WI-433247",45.25,-88.5
-2.9,4.94,6.71,2012-11-25,"WI-433247",45.25,-88.5
-6.1,4.31,7.04,2012-11-26,"WI-433247",45.25,-88.5
-5.5,4.89,5.7,2012-11-27,"WI-433247",45.25,-88.5
-3.2,4.48,7.66,2012-11-28,"WI-433247",45.25,-88.5
-0.2,4.61,6.73,2012-11-29,"WI-433247",45.25,-88.5
-1.5,5.19,1.61,2012-11-30,"WI-433247",45.25,-88.5
2.7,3.72,1.92,2012-12-01,"WI-433247",45.25,-88.5
4.3,3.16,3.47,2012-12-02,"WI-433247",45.25,-88.5
8.4,6.48,0.99,2012-12-03,"WI-433247",45.25,-88.5
2.3,6.64,7.38,2012-12-04,"WI-433247",45.25,-88.5
-3.4,4.25,7.33,2012-12-05,"WI-433247",45.25,-88.5
1.8,5.79,2.48,2012-12-06,"WI-433247",45.25,-88.5
0.6,3.28,6.1,2012-12-07,"WI-433247",45.25,-88.5
-1.8,2.22,6.78,2012-12-08,"WI-433247",45.25,-88.5
-1.8,5.85,2.28,2012-12-09,"WI-433247",45.25,-88.5
-3.7,4.41,5.38,2012-12-10,"WI-433247",45.25,-88.5
-5.3,5.9,5.39,2012-12-11,"WI-433247",45.25,-88.5
-4.2,6.17,4.59,2012-12-12,"WI-433247",45.25,-88.5
1,5.8,6.42,2012-12-13,"WI-433247",45.25,-88.5
-2.3,3.51,5.37,2012-12-14,"WI-433247",45.25,-88.5
1.4,5.07,1.18,2012-12-15,"WI-433247",45.25,-88.5
2.5,3.45,2.09,2012-12-16,"WI-433247",45.25,-88.5
-1.9,3.48,5.35,2012-12-17,"WI-433247",45.25,-88.5
-3.2,2.14,5.13,2012-12-18,"WI-433247",45.25,-88.5
-2.6,2.39,6.31,2012-12-19,"WI-433247",45.25,-88.5
-0.5,8.6,1.12,2012-12-20,"WI-433247",45.25,-88.5
-3.8,8.97,5.58,2012-12-21,"WI-433247",45.25,-88.5
-7,4.1,5.29,2012-12-22,"WI-433247",45.25,-88.5
-7.1,3.67,5.42,2012-12-23,"WI-433247",45.25,-88.5
-7.4,3.23,3.69,2012-12-24,"WI-433247",45.25,-88.5
-9.2,3.7,6.63,2012-12-25,"WI-433247",45.25,-88.5
-8.1,3.83,5,2012-12-26,"WI-433247",45.25,-88.5
-6.1,3.95,5.23,2012-12-27,"WI-433247",45.25,-88.5
-6.9,2.62,3.93,2012-12-28,"WI-433247",45.25,-88.5
-5.7,3.65,5.02,2012-12-29,"WI-433247",45.25,-88.5
-9.4,4.26,6.74,2012-12-30,"WI-433247",45.25,-88.5
-8,5.59,6.21,2012-12-31,"WI-433247",45.25,-88.5
-13.5,4.7,7.43,2013-01-01,"WI-433247",45.25,-88.5
-8.4,3.57,4.54,2013-01-02,"WI-433247",45.25,-88.5
-7.3,6.32,5.93,2013-01-03,"WI-433247",45.25,-88.5
-5.2,7.16,7.37,2013-01-04,"WI-433247",45.25,-88.5
-6.5,3.14,6.15,2013-01-05,"WI-433247",45.25,-88.5
-4.6,4.9,5.3,2013-01-06,"WI-433247",45.25,-88.5
-4.2,6.87,7.24,2013-01-07,"WI-433247",45.25,-88.5
-2.4,5.91,6.99,2013-01-08,"WI-433247",45.25,-88.5
1.2,8.6,6.49,2013-01-09,"WI-433247",45.25,-88.5
-2,4.05,6.97,2013-01-10,"WI-433247",45.25,-88.5
2.6,4.53,2.04,2013-01-11,"WI-433247",45.25,-88.5
1.5,7.99,5.07,2013-01-12,"WI-433247",45.25,-88.5
-7.3,5.1,6.36,2013-01-13,"WI-433247",45.25,-88.5
-9.8,4.96,8.3,2013-01-14,"WI-433247",45.25,-88.5
-7.1,5.22,8.4,2013-01-15,"WI-433247",45.25,-88.5
-4,7.07,3.95,2013-01-16,"WI-433247",45.25,-88.5
-11.8,5.41,8.77,2013-01-17,"WI-433247",45.25,-88.5
-8.8,3.8,3.68,2013-01-18,"WI-433247",45.25,-88.5
-1.8,9.26,5.52,2013-01-19,"WI-433247",45.25,-88.5
-14.3,8.36,8.65,2013-01-20,"WI-433247",45.25,-88.5
-20.7,5.9,8.97,2013-01-21,"WI-433247",45.25,-88.5
-21.1,4.18,9.36,2013-01-22,"WI-433247",45.25,-88.5
-16.4,5.58,6.77,2013-01-23,"WI-433247",45.25,-88.5
-16.5,5.12,8.68,2013-01-24,"WI-433247",45.25,-88.5
-9.9,4.19,3.61,2013-01-25,"WI-433247",45.25,-88.5
-9.6,4.12,9.17,2013-01-26,"WI-433247",45.25,-88.5
-3.3,4.5,4.41,2013-01-27,"WI-433247",45.25,-88.5
0.4,3.4,9.35,2013-01-28,"WI-433247",45.25,-88.5
1,5.21,1.68,2013-01-29,"WI-433247",45.25,-88.5
-3.9,6.11,2.36,2013-01-30,"WI-433247",45.25,-88.5
-12.2,5.16,9.08,2013-01-31,"WI-433247",45.25,-88.5
-16.8,4.36,10.8,2013-02-01,"WI-433247",45.25,-88.5
-15.8,2.84,11.25,2013-02-02,"WI-433247",45.25,-88.5
-13.4,4.98,10.08,2013-02-03,"WI-433247",45.25,-88.5
-14.9,2.44,11.58,2013-02-04,"WI-433247",45.25,-88.5
-9.4,4.83,7.41,2013-02-05,"WI-433247",45.25,-88.5
-11.1,2.75,9.23,2013-02-06,"WI-433247",45.25,-88.5
-4.6,5.32,2.74,2013-02-07,"WI-433247",45.25,-88.5
-8,5.1,12.2,2013-02-08,"WI-433247",45.25,-88.5
-10.2,4.57,5.73,2013-02-09,"WI-433247",45.25,-88.5
-2.9,5.42,4.31,2013-02-10,"WI-433247",45.25,-88.5
0.7,6.84,6.3,2013-02-11,"WI-433247",45.25,-88.5
-4,4.53,9.45,2013-02-12,"WI-433247",45.25,-88.5
-0.6,3.58,12.11,2013-02-13,"WI-433247",45.25,-88.5
-1.3,5.63,6.31,2013-02-14,"WI-433247",45.25,-88.5
-9,3.84,10.86,2013-02-15,"WI-433247",45.25,-88.5
-13.1,3.36,12.48,2013-02-16,"WI-433247",45.25,-88.5
-13,3.69,13.67,2013-02-17,"WI-433247",45.25,-88.5
-1.2,4.12,9.95,2013-02-18,"WI-433247",45.25,-88.5
-8.8,7.85,9.1,2013-02-19,"WI-433247",45.25,-88.5
-11.1,6.11,14.48,2013-02-20,"WI-433247",45.25,-88.5
-10.6,5.2,14.14,2013-02-21,"WI-433247",45.25,-88.5
-6.6,5.38,3.26,2013-02-22,"WI-433247",45.25,-88.5
-3.7,3.3,10.28,2013-02-23,"WI-433247",45.25,-88.5
-2.8,3.4,13.86,2013-02-24,"WI-433247",45.25,-88.5
-0.7,2.81,8.85,2013-02-25,"WI-433247",45.25,-88.5
-0.7,6.58,12.54,2013-02-26,"WI-433247",45.25,-88.5
-0.7,7.38,5.31,2013-02-27,"WI-433247",45.25,-88.5
-2.1,6.42,10.72,2013-02-28,"WI-433247",45.25,-88.5
-5.4,5.55,14.17,2013-03-01,"WI-433247",45.25,-88.5
-7.8,4.2,16.57,2013-03-02,"WI-433247",45.25,-88.5
-8.2,3.1,17.24,2013-03-03,"WI-433247",45.25,-88.5
-8,3.38,15.31,2013-03-04,"WI-433247",45.25,-88.5
-4.1,5.11,7.8,2013-03-05,"WI-433247",45.25,-88.5
-2.4,4.15,11.64,2013-03-06,"WI-433247",45.25,-88.5
-5.7,3.1,17.19,2013-03-07,"WI-433247",45.25,-88.5
-4,4.03,16.55,2013-03-08,"WI-433247",45.25,-88.5
-0.2,4.75,4.36,2013-03-09,"WI-433247",45.25,-88.5
2,6.19,2.61,2013-03-10,"WI-433247",45.25,-88.5
-0.8,6.55,7.93,2013-03-11,"WI-433247",45.25,-88.5
-4.8,4.76,9.66,2013-03-12,"WI-433247",45.25,-88.5
-4.4,5.91,18.75,2013-03-13,"WI-433247",45.25,-88.5
-3,4.4,18.78,2013-03-14,"WI-433247",45.25,-88.5
-0.1,4.46,10.84,2013-03-15,"WI-433247",45.25,-88.5
-6.2,4.52,17.17,2013-03-16,"WI-433247",45.25,-88.5
-9.4,4.36,20.17,2013-03-17,"WI-433247",45.25,-88.5
-5.8,5.2,7.48,2013-03-18,"WI-433247",45.25,-88.5
-5.2,8.77,17.06,2013-03-19,"WI-433247",45.25,-88.5
-8.5,5.59,17.45,2013-03-20,"WI-433247",45.25,-88.5
-5.7,4.26,20.54,2013-03-21,"WI-433247",45.25,-88.5
-2.9,3.24,17.11,2013-03-22,"WI-433247",45.25,-88.5
-1,2.83,16.87,2013-03-23,"WI-433247",45.25,-88.5
-1.3,5.41,9.08,2013-03-24,"WI-433247",45.25,-88.5
-1.1,5.44,9.81,2013-03-25,"WI-433247",45.25,-88.5
1.3,4.09,16.18,2013-03-26,"WI-433247",45.25,-88.5
2.5,4.38,18.57,2013-03-27,"WI-433247",45.25,-88.5
2.7,3.11,20.11,2013-03-28,"WI-433247",45.25,-88.5
2.6,3.47,22.44,2013-03-29,"WI-433247",45.25,-88.5
2.2,5.16,4.74,2013-03-30,"WI-433247",45.25,-88.5
1.6,6.84,18.65,2013-03-31,"WI-433247",45.25,-88.5
-4.5,6.8,19.84,2013-04-01,"WI-433247",45.25,-88.5
-3.5,5.73,21.57,2013-04-02,"WI-433247",45.25,-88.5
-2.4,4.97,23.92,2013-04-03,"WI-433247",45.25,-88.5
3.9,6.13,17.61,2013-04-04,"WI-433247",45.25,-88.5
0.6,3.47,19.49,2013-04-05,"WI-433247",45.25,-88.5
2.2,4.82,10.25,2013-04-06,"WI-433247",45.25,-88.5
4,5.34,19.93,2013-04-07,"WI-433247",45.25,-88.5
2.4,3.41,8.41,2013-04-08,"WI-433247",45.25,-88.5
2.4,5.24,7.19,2013-04-09,"WI-433247",45.25,-88.5
1.8,5.67,12.25,2013-04-10,"WI-433247",45.25,-88.5
-0.2,8.89,5.43,2013-04-11,"WI-433247",45.25,-88.5
-1.4,6.77,8.09,2013-04-12,"WI-433247",45.25,-88.5
-0.6,5.26,15.33,2013-04-13,"WI-433247",45.25,-88.5
-1.5,6.4,13.37,2013-04-14,"WI-433247",45.25,-88.5
5.6,7.71,22.38,2013-04-15,"WI-433247",45.25,-88.5
3.7,4.75,17.4,2013-04-16,"WI-433247",45.25,-88.5
2.1,5.15,14.9,2013-04-17,"WI-433247",45.25,-88.5
2.4,5.02,4.5,2013-04-18,"WI-433247",45.25,-88.5
-0.3,9.79,18.46,2013-04-19,"WI-433247",45.25,-88.5
-1.1,4.81,24.43,2013-04-20,"WI-433247",45.25,-88.5
1.3,6.2,20.51,2013-04-21,"WI-433247",45.25,-88.5
6.3,5.25,5.13,2013-04-22,"WI-433247",45.25,-88.5
3.8,5.25,13.2,2013-04-23,"WI-433247",45.25,-88.5
4.9,4.43,25.71,2013-04-24,"WI-433247",45.25,-88.5
5.9,5.36,23.81,2013-04-25,"WI-433247",45.25,-88.5
10.7,6.79,19.36,2013-04-26,"WI-433247",45.25,-88.5
15.2,4.79,21.88,2013-04-27,"WI-433247",45.25,-88.5
15.5,4.2,23.43,2013-04-28,"WI-433247",45.25,-88.5
15.5,4.64,14.96,2013-04-29,"WI-433247",45.25,-88.5
19.9,8.03,19.53,2013-04-30,"WI-433247",45.25,-88.5
15.2,5.35,19.57,2013-05-01,"WI-433247",45.25,-88.5
3.9,5.91,15.44,2013-05-02,"WI-433247",45.25,-88.5
4.4,5.12,12.66,2013-05-03,"WI-433247",45.25,-88.5
11.6,4.2,21.44,2013-05-04,"WI-433247",45.25,-88.5
13.4,3.67,23.39,2013-05-05,"WI-433247",45.25,-88.5
15.8,2.73,26.85,2013-05-06,"WI-433247",45.25,-88.5
17.6,3.4,28.26,2013-05-07,"WI-433247",45.25,-88.5
18.7,2.7,23.26,2013-05-08,"WI-433247",45.25,-88.5
12.9,5.72,12.45,2013-05-09,"WI-433247",45.25,-88.5
8,5.68,21.61,2013-05-10,"WI-433247",45.25,-88.5
6.1,7.64,22.96,2013-05-11,"WI-433247",45.25,-88.5
4.1,6.6,20.85,2013-05-12,"WI-433247",45.25,-88.5
7.1,4.57,28.32,2013-05-13,"WI-433247",45.25,-88.5
14.7,5,22.53,2013-05-14,"WI-433247",45.25,-88.5
20,5.76,28.09,2013-05-15,"WI-433247",45.25,-88.5
17.1,4.2,28.43,2013-05-16,"WI-433247",45.25,-88.5
11.5,3.02,11.17,2013-05-17,"WI-433247",45.25,-88.5
15.9,3.72,19.15,2013-05-18,"WI-433247",45.25,-88.5
21,4.88,25.93,2013-05-19,"WI-433247",45.25,-88.5
20.5,5.9,17.93,2013-05-20,"WI-433247",45.25,-88.5
19.6,4.32,17.55,2013-05-21,"WI-433247",45.25,-88.5
13.4,6.22,6.11,2013-05-22,"WI-433247",45.25,-88.5
9.3,6.71,29.94,2013-05-23,"WI-433247",45.25,-88.5
9.7,3.13,29.43,2013-05-24,"WI-433247",45.25,-88.5
12.2,3.25,29.23,2013-05-25,"WI-433247",45.25,-88.5
12.3,4.22,29.91,2013-05-26,"WI-433247",45.25,-88.5
13,5.53,24.98,2013-05-27,"WI-433247",45.25,-88.5
13,3.86,11.38,2013-05-28,"WI-433247",45.25,-88.5
19.2,4.41,21.33,2013-05-29,"WI-433247",45.25,-88.5
22.6,6.61,22.91,2013-05-30,"WI-433247",45.25,-88.5
21,5.81,22.59,2013-05-31,"WI-433247",45.25,-88.5
18.4,5.28,21.47,2013-06-01,"WI-433247",45.25,-88.5
10.1,6.13,23.27,2013-06-02,"WI-433247",45.25,-88.5
13,3.94,28.08,2013-06-03,"WI-433247",45.25,-88.5
11.6,3.36,15.77,2013-06-04,"WI-433247",45.25,-88.5
10.6,4.44,7.6,2013-06-05,"WI-433247",45.25,-88.5
11.8,4.22,7.69,2013-06-06,"WI-433247",45.25,-88.5
15.3,2.73,21.41,2013-06-07,"WI-433247",45.25,-88.5
15.7,2.9,23.24,2013-06-08,"WI-433247",45.25,-88.5
16.1,5.32,16.92,2013-06-09,"WI-433247",45.25,-88.5
19.2,3.57,25.28,2013-06-10,"WI-433247",45.25,-88.5
21.3,3.55,22.77,2013-06-11,"WI-433247",45.25,-88.5
20,2.7,22.73,2013-06-12,"WI-433247",45.25,-88.5
18.5,5.73,23.65,2013-06-13,"WI-433247",45.25,-88.5
17.5,3.13,30.42,2013-06-14,"WI-433247",45.25,-88.5
18.2,4.61,14.21,2013-06-15,"WI-433247",45.25,-88.5
21.1,5.98,27.35,2013-06-16,"WI-433247",45.25,-88.5
16.8,3.8,16.98,2013-06-17,"WI-433247",45.25,-88.5
15.1,3.45,30.51,2013-06-18,"WI-433247",45.25,-88.5
17.9,3.26,29.87,2013-06-19,"WI-433247",45.25,-88.5
20.8,4,25.08,2013-06-20,"WI-433247",45.25,-88.5
19.6,6.98,12.19,2013-06-21,"WI-433247",45.25,-88.5
18.4,3.94,15.18,2013-06-22,"WI-433247",45.25,-88.5
22.8,7.01,22.05,2013-06-23,"WI-433247",45.25,-88.5
23.8,4.26,21.84,2013-06-24,"WI-433247",45.25,-88.5
23.6,3.48,23.26,2013-06-25,"WI-433247",45.25,-88.5
23.4,3.72,19.58,2013-06-26,"WI-433247",45.25,-88.5
22.7,4,22.68,2013-06-27,"WI-433247",45.25,-88.5
19,3.7,14.89,2013-06-28,"WI-433247",45.25,-88.5
18,6.13,14.1,2013-06-29,"WI-433247",45.25,-88.5
19.6,4.65,30.84,2013-06-30,"WI-433247",45.25,-88.5
19.6,3.86,24.81,2013-07-01,"WI-433247",45.25,-88.5
18.3,3.11,28.53,2013-07-02,"WI-433247",45.25,-88.5
18.8,2.36,22.49,2013-07-03,"WI-433247",45.25,-88.5
21.4,4,25.12,2013-07-04,"WI-433247",45.25,-88.5
24,5.59,27.19,2013-07-05,"WI-433247",45.25,-88.5
25.5,4.75,27.9,2013-07-06,"WI-433247",45.25,-88.5
24.3,3.91,22.51,2013-07-07,"WI-433247",45.25,-88.5
22.5,3.58,11.13,2013-07-08,"WI-433247",45.25,-88.5
21.8,5.59,14.48,2013-07-09,"WI-433247",45.25,-88.5
21.1,6.02,22.46,2013-07-10,"WI-433247",45.25,-88.5
21.1,3.22,28.92,2013-07-11,"WI-433247",45.25,-88.5
21.8,4.49,28.49,2013-07-12,"WI-433247",45.25,-88.5
22.3,4.48,24.36,2013-07-13,"WI-433247",45.25,-88.5
23.4,3.64,26.11,2013-07-14,"WI-433247",45.25,-88.5
25.5,3.4,23.39,2013-07-15,"WI-433247",45.25,-88.5
27.4,4.25,23.31,2013-07-16,"WI-433247",45.25,-88.5
29,4.46,24.52,2013-07-17,"WI-433247",45.25,-88.5
28.5,6.74,25.43,2013-07-18,"WI-433247",45.25,-88.5
27.5,7.33,23.7,2013-07-19,"WI-433247",45.25,-88.5
20.9,3.93,22.91,2013-07-20,"WI-433247",45.25,-88.5
17.2,3.57,13.36,2013-07-21,"WI-433247",45.25,-88.5
21.6,6.51,22.81,2013-07-22,"WI-433247",45.25,-88.5
17.8,5.47,23.29,2013-07-23,"WI-433247",45.25,-88.5
16.9,2.83,21.39,2013-07-24,"WI-433247",45.25,-88.5
19.1,4.7,22.13,2013-07-25,"WI-433247",45.25,-88.5
17.5,5.06,15.36,2013-07-26,"WI-433247",45.25,-88.5
12.3,4,9.45,2013-07-27,"WI-433247",45.25,-88.5
12.4,5.16,8,2013-07-28,"WI-433247",45.25,-88.5
16.9,4.34,21.96,2013-07-29,"WI-433247",45.25,-88.5
17.8,3.96,15.01,2013-07-30,"WI-433247",45.25,-88.5
20.2,4.81,18.29,2013-07-31,"WI-433247",45.25,-88.5
19.4,5.27,21.92,2013-08-01,"WI-433247",45.25,-88.5
19.4,4.74,23.95,2013-08-02,"WI-433247",45.25,-88.5
18,4.4,20.4,2013-08-03,"WI-433247",45.25,-88.5
16.9,3.1,19.56,2013-08-04,"WI-433247",45.25,-88.5
16.8,3.96,11,2013-08-05,"WI-433247",45.25,-88.5
20.1,4.22,18.57,2013-08-06,"WI-433247",45.25,-88.5
19.2,4.52,20.62,2013-08-07,"WI-433247",45.25,-88.5
17.9,3.16,21.31,2013-08-08,"WI-433247",45.25,-88.5
19.1,5.39,22.99,2013-08-09,"WI-433247",45.25,-88.5
17.8,2.43,14.88,2013-08-10,"WI-433247",45.25,-88.5
17.4,3.06,16.35,2013-08-11,"WI-433247",45.25,-88.5
17.9,5.1,20.32,2013-08-12,"WI-433247",45.25,-88.5
13.4,5.22,18.85,2013-08-13,"WI-433247",45.25,-88.5
13.2,3.35,18.95,2013-08-14,"WI-433247",45.25,-88.5
17.2,4.12,16.62,2013-08-15,"WI-433247",45.25,-88.5
18.7,3.18,20.47,2013-08-16,"WI-433247",45.25,-88.5
19.9,3.66,22.72,2013-08-17,"WI-433247",45.25,-88.5
20.3,4,23.68,2013-08-18,"WI-433247",45.25,-88.5
21.3,5,19.09,2013-08-19,"WI-433247",45.25,-88.5
24.4,5.58,20.43,2013-08-20,"WI-433247",45.25,-88.5
25.1,6.05,20.7,2013-08-21,"WI-433247",45.25,-88.5
20.5,3.58,22.43,2013-08-22,"WI-433247",45.25,-88.5
18.4,3.16,19.59,2013-08-23,"WI-433247",45.25,-88.5
21.2,5.22,21.79,2013-08-24,"WI-433247",45.25,-88.5
27.4,6.58,22.56,2013-08-25,"WI-433247",45.25,-88.5
26.5,5.22,18.49,2013-08-26,"WI-433247",45.25,-88.5
23.9,3.6,9.16,2013-08-27,"WI-433247",45.25,-88.5
23.1,2.92,22.26,2013-08-28,"WI-433247",45.25,-88.5
23.5,3.91,20.84,2013-08-29,"WI-433247",45.25,-88.5
23.2,5.38,16.85,2013-08-30,"WI-433247",45.25,-88.5
19.2,3.05,18.72,2013-08-31,"WI-433247",45.25,-88.5
20.2,5.36,16.74,2013-09-01,"WI-433247",45.25,-88.5
13.8,4.57,11.84,2013-09-02,"WI-433247",45.25,-88.5
15.2,4.1,22.6,2013-09-03,"WI-433247",45.25,-88.5
17.3,4.22,12.44,2013-09-04,"WI-433247",45.25,-88.5
13.9,3.03,21.59,2013-09-05,"WI-433247",45.25,-88.5
18.8,4.16,20.24,2013-09-06,"WI-433247",45.25,-88.5
22.7,5.1,16.03,2013-09-07,"WI-433247",45.25,-88.5
16,4.5,19.1,2013-09-08,"WI-433247",45.25,-88.5
19.7,4.64,6.45,2013-09-09,"WI-433247",45.25,-88.5
24.7,5.3,17.77,2013-09-10,"WI-433247",45.25,-88.5
21.2,5.71,18.12,2013-09-11,"WI-433247",45.25,-88.5
15.1,5.95,16.06,2013-09-12,"WI-433247",45.25,-88.5
10.4,3.75,20.08,2013-09-13,"WI-433247",45.25,-88.5
12.6,4.81,17.27,2013-09-14,"WI-433247",45.25,-88.5
12.5,5.07,7.75,2013-09-15,"WI-433247",45.25,-88.5
8.6,3.18,19.53,2013-09-16,"WI-433247",45.25,-88.5
10.5,4.22,19.31,2013-09-17,"WI-433247",45.25,-88.5
17,5.28,8.49,2013-09-18,"WI-433247",45.25,-88.5
21,5.15,9.25,2013-09-19,"WI-433247",45.25,-88.5
18.2,5.43,13.69,2013-09-20,"WI-433247",45.25,-88.5
10.2,4.25,7.27,2013-09-21,"WI-433247",45.25,-88.5
7.4,2.62,17.01,2013-09-22,"WI-433247",45.25,-88.5
9.3,3.22,18.32,2013-09-23,"WI-433247",45.25,-88.5
11.4,2.48,13.82,2013-09-24,"WI-433247",45.25,-88.5
11.3,2.28,15.49,2013-09-25,"WI-433247",45.25,-88.5
13.1,3.19,16.54,2013-09-26,"WI-433247",45.25,-88.5
16,5.29,17.4,2013-09-27,"WI-433247",45.25,-88.5
17.2,8.81,15.34,2013-09-28,"WI-433247",45.25,-88.5
13.5,4.39,17.22,2013-09-29,"WI-433247",45.25,-88.5
14.1,7.04,15.11,2013-09-30,"WI-433247",45.25,-88.5
18.2,6.66,15.8,2013-10-01,"WI-433247",45.25,-88.5
14.6,4.16,16.69,2013-10-02,"WI-433247",45.25,-88.5
12.8,3.55,5.27,2013-10-03,"WI-433247",45.25,-88.5
12,5.37,2.17,2013-10-04,"WI-433247",45.25,-88.5
13.8,5.23,1.49,2013-10-05,"WI-433247",45.25,-88.5
13.6,3.79,14.66,2013-10-06,"WI-433247",45.25,-88.5
10.7,6.04,14.41,2013-10-07,"WI-433247",45.25,-88.5
12,5.52,15.2,2013-10-08,"WI-433247",45.25,-88.5
15.6,4.98,14.73,2013-10-09,"WI-433247",45.25,-88.5
12.5,3.55,13.9,2013-10-10,"WI-433247",45.25,-88.5
13.7,5.84,10.03,2013-10-11,"WI-433247",45.25,-88.5
15,5.53,6.37,2013-10-12,"WI-433247",45.25,-88.5
9,4.64,9.68,2013-10-13,"WI-433247",45.25,-88.5
6.8,3.55,10.16,2013-10-14,"WI-433247",45.25,-88.5
10,5.77,1.49,2013-10-15,"WI-433247",45.25,-88.5
8.4,4.56,6.09,2013-10-16,"WI-433247",45.25,-88.5
6.3,2.97,8.18,2013-10-17,"WI-433247",45.25,-88.5
5.5,4.7,4.9,2013-10-18,"WI-433247",45.25,-88.5
4.1,3.56,12.14,2013-10-19,"WI-433247",45.25,-88.5
2.6,3.6,7.28,2013-10-20,"WI-433247",45.25,-88.5
2.1,6.5,10.34,2013-10-21,"WI-433247",45.25,-88.5
2.1,6.74,9.65,2013-10-22,"WI-433247",45.25,-88.5
0.8,5.1,10.9,2013-10-23,"WI-433247",45.25,-88.5
1.6,5.66,9.12,2013-10-24,"WI-433247",45.25,-88.5
3,7.52,9.3,2013-10-25,"WI-433247",45.25,-88.5
5.9,7.12,10.49,2013-10-26,"WI-433247",45.25,-88.5
4.5,5.32,11.15,2013-10-27,"WI-433247",45.25,-88.5
0.5,5.39,9.09,2013-10-28,"WI-433247",45.25,-88.5
-0.7,2.48,3.81,2013-10-29,"WI-433247",45.25,-88.5
5.8,3.61,3.36,2013-10-30,"WI-433247",45.25,-88.5
10.4,3.26,1.12,2013-10-31,"WI-433247",45.25,-88.5
7.1,5.37,3.95,2013-11-01,"WI-433247",45.25,-88.5
3.7,3.36,5.68,2013-11-02,"WI-433247",45.25,-88.5
3.2,5.14,7.86,2013-11-03,"WI-433247",45.25,-88.5
7.5,7.51,4.15,2013-11-04,"WI-433247",45.25,-88.5
6.7,4.81,8.44,2013-11-05,"WI-433247",45.25,-88.5
2.5,5.55,3.16,2013-11-06,"WI-433247",45.25,-88.5
-0.7,4.83,7.89,2013-11-07,"WI-433247",45.25,-88.5
-0.1,5.05,8.91,2013-11-08,"WI-433247",45.25,-88.5
4.1,7.45,3.02,2013-11-09,"WI-433247",45.25,-88.5
3.7,6.65,8.9,2013-11-10,"WI-433247",45.25,-88.5
-1.9,7.2,8.28,2013-11-11,"WI-433247",45.25,-88.5
-5.1,4.94,9.23,2013-11-12,"WI-433247",45.25,-88.5
-0.5,7.52,8.7,2013-11-13,"WI-433247",45.25,-88.5
2.9,6.07,3.35,2013-11-14,"WI-433247",45.25,-88.5
3.8,3.86,6.43,2013-11-15,"WI-433247",45.25,-88.5
5.7,7.22,2.46,2013-11-16,"WI-433247",45.25,-88.5
9.8,9.4,1.89,2013-11-17,"WI-433247",45.25,-88.5
0,9.24,4.22,2013-11-18,"WI-433247",45.25,-88.5
-2.3,4.53,8.59,2013-11-19,"WI-433247",45.25,-88.5
1.6,5,2.71,2013-11-20,"WI-433247",45.25,-88.5
1.8,4.65,2.58,2013-11-21,"WI-433247",45.25,-88.5
-2.4,5.28,8.45,2013-11-22,"WI-433247",45.25,-88.5
-10,7.29,7.57,2013-11-23,"WI-433247",45.25,-88.5
-10.3,7.42,6.98,2013-11-24,"WI-433247",45.25,-88.5
-1.6,7.76,4.81,2013-11-25,"WI-433247",45.25,-88.5
-4.7,5.24,6.64,2013-11-26,"WI-433247",45.25,-88.5
-7.8,5.3,7.75,2013-11-27,"WI-433247",45.25,-88.5
-7.1,3.04,4.38,2013-11-28,"WI-433247",45.25,-88.5
-8.2,4.51,4.78,2013-11-29,"WI-433247",45.25,-88.5
-0.7,4.46,5.32,2013-11-30,"WI-433247",45.25,-88.5
-0.6,2.77,5.64,2013-12-01,"WI-433247",45.25,-88.5
-1.6,3.71,4.58,2013-12-02,"WI-433247",45.25,-88.5
-1.2,5.55,1.69,2013-12-03,"WI-433247",45.25,-88.5
-0.1,5.8,0.91,2013-12-04,"WI-433247",45.25,-88.5
-7.7,8.05,6.5,2013-12-05,"WI-433247",45.25,-88.5
-16.5,5.3,7.62,2013-12-06,"WI-433247",45.25,-88.5
-19.1,4.96,7.66,2013-12-07,"WI-433247",45.25,-88.5
-17.6,3.26,3.9,2013-12-08,"WI-433247",45.25,-88.5
-14.3,7.62,5.81,2013-12-09,"WI-433247",45.25,-88.5
-17.9,5.98,6.57,2013-12-10,"WI-433247",45.25,-88.5
-19.2,5.05,7.58,2013-12-11,"WI-433247",45.25,-88.5
-16.1,4.37,7.15,2013-12-12,"WI-433247",45.25,-88.5
-11.8,3.82,4.32,2013-12-13,"WI-433247",45.25,-88.5
-11.4,4.05,2.82,2013-12-14,"WI-433247",45.25,-88.5
-14.4,6.64,7.37,2013-12-15,"WI-433247",45.25,-88.5
-16.9,3.76,4.72,2013-12-16,"WI-433247",45.25,-88.5
-7.2,5.92,4.21,2013-12-17,"WI-433247",45.25,-88.5
-10.8,4.07,5.33,2013-12-18,"WI-433247",45.25,-88.5
-7.2,4.17,4.17,2013-12-19,"WI-433247",45.25,-88.5
-7.4,4.41,3.28,2013-12-20,"WI-433247",45.25,-88.5
-6.1,3.97,4.42,2013-12-21,"WI-433247",45.25,-88.5
-6,4.97,2.7,2013-12-22,"WI-433247",45.25,-88.5
-9.1,3.4,4.89,2013-12-23,"WI-433247",45.25,-88.5
-16.2,4.3,7.23,2013-12-24,"WI-433247",45.25,-88.5
-11,4.61,5.59,2013-12-25,"WI-433247",45.25,-88.5
-12.1,4.03,6.65,2013-12-26,"WI-433247",45.25,-88.5
-8.8,5.76,3.69,2013-12-27,"WI-433247",45.25,-88.5
-1.4,3.7,5.97,2013-12-28,"WI-433247",45.25,-88.5
-11,6.74,6.79,2013-12-29,"WI-433247",45.25,-88.5
-20.4,3.8,5.57,2013-12-30,"WI-433247",45.25,-88.5
-19.8,5.22,7.49,2013-12-31,"WI-433247",45.25,-88.5
-18.6,3.69,7.11,2014-01-01,"WI-433247",45.25,-88.5
-18,3.93,7.45,2014-01-02,"WI-433247",45.25,-88.5
-17.8,7.47,3.7,2014-01-03,"WI-433247",45.25,-88.5
-7,7.47,3.26,2014-01-04,"WI-433247",45.25,-88.5
-17.6,5.19,5.18,2014-01-05,"WI-433247",45.25,-88.5
-26,6.26,7.46,2014-01-06,"WI-433247",45.25,-88.5
-24.3,6.23,7.81,2014-01-07,"WI-433247",45.25,-88.5
-20.5,3.74,8.05,2014-01-08,"WI-433247",45.25,-88.5
-19.2,3.86,7.81,2014-01-09,"WI-433247",45.25,-88.5
-4.8,3.86,2.29,2014-01-10,"WI-433247",45.25,-88.5
-1.2,5.27,4.52,2014-01-11,"WI-433247",45.25,-88.5
-0.6,5.96,4.77,2014-01-12,"WI-433247",45.25,-88.5
0.4,4.56,4.79,2014-01-13,"WI-433247",45.25,-88.5
-5.9,7.51,1.53,2014-01-14,"WI-433247",45.25,-88.5
-10.9,6.31,7.95,2014-01-15,"WI-433247",45.25,-88.5
-6.1,5.6,4.36,2014-01-16,"WI-433247",45.25,-88.5
-8.3,5.81,4.53,2014-01-17,"WI-433247",45.25,-88.5
-14.3,4.4,7.91,2014-01-18,"WI-433247",45.25,-88.5
-4.6,7.03,4.97,2014-01-19,"WI-433247",45.25,-88.5
-13.7,4.71,8.38,2014-01-20,"WI-433247",45.25,-88.5
-19.3,4.53,9.38,2014-01-21,"WI-433247",45.25,-88.5
-16.7,5.45,6.32,2014-01-22,"WI-433247",45.25,-88.5
-16.8,5.7,9.58,2014-01-23,"WI-433247",45.25,-88.5
-12.9,7.14,4.98,2014-01-24,"WI-433247",45.25,-88.5
-14,6.98,8.22,2014-01-25,"WI-433247",45.25,-88.5
-16.4,6.3,5.86,2014-01-26,"WI-433247",45.25,-88.5
-21.4,6.5,10.03,2014-01-27,"WI-433247",45.25,-88.5
-22.2,6.58,10.36,2014-01-28,"WI-433247",45.25,-88.5
-14.2,6.65,10.07,2014-01-29,"WI-433247",45.25,-88.5
-5.4,6.31,2.34,2014-01-30,"WI-433247",45.25,-88.5
-17.4,4.21,10.72,2014-01-31,"WI-433247",45.25,-88.5
-15.5,3.81,5.88,2014-02-01,"WI-433247",45.25,-88.5
-14.6,3.82,11.04,2014-02-02,"WI-433247",45.25,-88.5
-14.8,3.99,10.87,2014-02-03,"WI-433247",45.25,-88.5
-12.4,3.49,10.22,2014-02-04,"WI-433247",45.25,-88.5
-12.8,4.42,8.96,2014-02-05,"WI-433247",45.25,-88.5
-17.1,5.52,11.54,2014-02-06,"WI-433247",45.25,-88.5
-15.7,6.24,12.01,2014-02-07,"WI-433247",45.25,-88.5
-14.9,4.31,11.16,2014-02-08,"WI-433247",45.25,-88.5
-12.6,4.11,11.33,2014-02-09,"WI-433247",45.25,-88.5
-18.7,3.75,12.42,2014-02-10,"WI-433247",45.25,-88.5
-18.7,4.4,12.73,2014-02-11,"WI-433247",45.25,-88.5
-11.8,5.01,7.88,2014-02-12,"WI-433247",45.25,-88.5
-9.6,5.39,2.93,2014-02-13,"WI-433247",45.25,-88.5
-10.5,5.55,13.28,2014-02-14,"WI-433247",45.25,-88.5
-15,3.26,11.66,2014-02-15,"WI-433247",45.25,-88.5
-11.2,4.41,12.4,2014-02-16,"WI-433247",45.25,-88.5
-8.5,6.16,2.95,2014-02-17,"WI-433247",45.25,-88.5
-5.2,4.51,12.22,2014-02-18,"WI-433247",45.25,-88.5
-0.2,4.71,14.06,2014-02-19,"WI-433247",45.25,-88.5
-0.4,7.51,6.62,2014-02-20,"WI-433247",45.25,-88.5
-4.4,9.05,10.83,2014-02-21,"WI-433247",45.25,-88.5
-9.4,7.61,13.97,2014-02-22,"WI-433247",45.25,-88.5
-11.4,7.17,14.52,2014-02-23,"WI-433247",45.25,-88.5
-12.6,5.66,14.44,2014-02-24,"WI-433247",45.25,-88.5
-15.1,5.83,15,2014-02-25,"WI-433247",45.25,-88.5
-17,7.93,13.02,2014-02-26,"WI-433247",45.25,-88.5
-19.2,7.05,16.18,2014-02-27,"WI-433247",45.25,-88.5
-18.8,4.5,10.32,2014-02-28,"WI-433247",45.25,-88.5
-14.4,4.03,13.36,2014-03-01,"WI-433247",45.25,-88.5
-18.3,4.62,17,2014-03-02,"WI-433247",45.25,-88.5
-16.8,3.76,17.01,2014-03-03,"WI-433247",45.25,-88.5
-10,3.1,13.41,2014-03-04,"WI-433247",45.25,-88.5
-13.8,3.62,17.61,2014-03-05,"WI-433247",45.25,-88.5
-11.5,4.53,13.11,2014-03-06,"WI-433247",45.25,-88.5
-2.7,4.83,7.36,2014-03-07,"WI-433247",45.25,-88.5
-5.9,5.05,15.83,2014-03-08,"WI-433247",45.25,-88.5
-3.3,6.03,12.47,2014-03-09,"WI-433247",45.25,-88.5
5.7,6.36,17.37,2014-03-10,"WI-433247",45.25,-88.5
4.4,4.22,10.57,2014-03-11,"WI-433247",45.25,-88.5
-8.3,5.64,19.17,2014-03-12,"WI-433247",45.25,-88.5
-7,5,13.35,2014-03-13,"WI-433247",45.25,-88.5
3.8,5.68,11.53,2014-03-14,"WI-433247",45.25,-88.5
-5.6,4.83,16.55,2014-03-15,"WI-433247",45.25,-88.5
-12.7,3.55,20.26,2014-03-16,"WI-433247",45.25,-88.5
-8.1,4.81,10.22,2014-03-17,"WI-433247",45.25,-88.5
-1.6,4.4,10.67,2014-03-18,"WI-433247",45.25,-88.5
0.1,5.36,9.69,2014-03-19,"WI-433247",45.25,-88.5
-1.1,4.63,13.23,2014-03-20,"WI-433247",45.25,-88.5
-1.9,5.33,9.95,2014-03-21,"WI-433247",45.25,-88.5
-4.8,5.83,18.1,2014-03-22,"WI-433247",45.25,-88.5
-11.4,4.43,19.13,2014-03-23,"WI-433247",45.25,-88.5
-9.5,7.2,19.54,2014-03-24,"WI-433247",45.25,-88.5
-10.5,6.07,18.39,2014-03-25,"WI-433247",45.25,-88.5
-8.1,4.63,17.6,2014-03-26,"WI-433247",45.25,-88.5
0.5,4.44,4.34,2014-03-27,"WI-433247",45.25,-88.5
0.2,6.4,20.96,2014-03-28,"WI-433247",45.25,-88.5
-1.1,3.24,21.39,2014-03-29,"WI-433247",45.25,-88.5
1.9,5.83,21.27,2014-03-30,"WI-433247",45.25,-88.5
6.4,6.4,13.8,2014-03-31,"WI-433247",45.25,-88.5
0.8,7.52,9.63,2014-04-01,"WI-433247",45.25,-88.5
-0.1,4,23.12,2014-04-02,"WI-433247",45.25,-88.5
-1.1,5.84,9.29,2014-04-03,"WI-433247",45.25,-88.5
-0.4,7.3,8.89,2014-04-04,"WI-433247",45.25,-88.5
1,5.42,23.98,2014-04-05,"WI-433247",45.25,-88.5
7.1,5.69,19.47,2014-04-06,"WI-433247",45.25,-88.5
8.3,4.2,17.92,2014-04-07,"WI-433247",45.25,-88.5
7.3,5.44,21.62,2014-04-08,"WI-433247",45.25,-88.5
7.4,6.52,18.55,2014-04-09,"WI-433247",45.25,-88.5
12.6,7.63,21.33,2014-04-10,"WI-433247",45.25,-88.5
6.9,4.33,12.64,2014-04-11,"WI-433247",45.25,-88.5
4.1,5.7,5.67,2014-04-12,"WI-433247",45.25,-88.5
6.6,5.85,13.98,2014-04-13,"WI-433247",45.25,-88.5
-1.9,8.2,14.45,2014-04-14,"WI-433247",45.25,-88.5
-5.8,4.96,21.22,2014-04-15,"WI-433247",45.25,-88.5
-3.2,6.77,9.01,2014-04-16,"WI-433247",45.25,-88.5
2.3,4.91,13.18,2014-04-17,"WI-433247",45.25,-88.5
2.2,3.72,26.22,2014-04-18,"WI-433247",45.25,-88.5
4.7,5.33,23.55,2014-04-19,"WI-433247",45.25,-88.5
10.8,4.32,7.35,2014-04-20,"WI-433247",45.25,-88.5
11.8,7.06,15.52,2014-04-21,"WI-433247",45.25,-88.5
5.2,6.18,16.26,2014-04-22,"WI-433247",45.25,-88.5
5.1,3.44,22.66,2014-04-23,"WI-433247",45.25,-88.5
3.5,5.85,3.88,2014-04-24,"WI-433247",45.25,-88.5
6.5,7.05,18.38,2014-04-25,"WI-433247",45.25,-88.5
5,5.12,15.84,2014-04-26,"WI-433247",45.25,-88.5
3.1,6.32,11.65,2014-04-27,"WI-433247",45.25,-88.5
6.6,9.06,15.19,2014-04-28,"WI-433247",45.25,-88.5
3.7,7.33,5.55,2014-04-29,"WI-433247",45.25,-88.5
8,3.52,7.42,2014-04-30,"WI-433247",45.25,-88.5
7.3,3.86,8.77,2014-05-01,"WI-433247",45.25,-88.5
7.9,4.52,10.22,2014-05-02,"WI-433247",45.25,-88.5
9.3,7.68,21.8,2014-05-03,"WI-433247",45.25,-88.5
8.1,5.11,25.54,2014-05-04,"WI-433247",45.25,-88.5
7.3,2.64,18.82,2014-05-05,"WI-433247",45.25,-88.5
8,4.37,23.28,2014-05-06,"WI-433247",45.25,-88.5
8.2,5.65,14.37,2014-05-07,"WI-433247",45.25,-88.5
13.9,4.26,16.85,2014-05-08,"WI-433247",45.25,-88.5
15.5,7.52,12.6,2014-05-09,"WI-433247",45.25,-88.5
14.4,6,29.2,2014-05-10,"WI-433247",45.25,-88.5
16.8,3.37,19.46,2014-05-11,"WI-433247",45.25,-88.5
11,4.28,4.76,2014-05-12,"WI-433247",45.25,-88.5
12.3,5.92,15.89,2014-05-13,"WI-433247",45.25,-88.5
10.2,5.37,22.25,2014-05-14,"WI-433247",45.25,-88.5
6.6,6.3,18.12,2014-05-15,"WI-433247",45.25,-88.5
5.3,4,21.72,2014-05-16,"WI-433247",45.25,-88.5
9.1,4.28,23.74,2014-05-17,"WI-433247",45.25,-88.5
14.4,4.5,25.54,2014-05-18,"WI-433247",45.25,-88.5
13.3,6.11,20.47,2014-05-19,"WI-433247",45.25,-88.5
14.6,5.11,15.93,2014-05-20,"WI-433247",45.25,-88.5
17.2,5.47,23.85,2014-05-21,"WI-433247",45.25,-88.5
14.2,4.2,14.27,2014-05-22,"WI-433247",45.25,-88.5
15.1,3.28,24.52,2014-05-23,"WI-433247",45.25,-88.5
18.4,3.48,28.98,2014-05-24,"WI-433247",45.25,-88.5
20.5,3.83,29.8,2014-05-25,"WI-433247",45.25,-88.5
22.3,3.67,20.61,2014-05-26,"WI-433247",45.25,-88.5
20.5,3.06,16.16,2014-05-27,"WI-433247",45.25,-88.5
16.9,3.24,25.67,2014-05-28,"WI-433247",45.25,-88.5
17.9,2.51,30.18,2014-05-29,"WI-433247",45.25,-88.5
20.6,2.97,30.08,2014-05-30,"WI-433247",45.25,-88.5
21.8,4.2,30.14,2014-05-31,"WI-433247",45.25,-88.5
20.6,6.18,14.86,2014-06-01,"WI-433247",45.25,-88.5
21.4,5.32,13.79,2014-06-02,"WI-433247",45.25,-88.5
18.2,7.57,15.46,2014-06-03,"WI-433247",45.25,-88.5
17.9,3.04,28.41,2014-06-04,"WI-433247",45.25,-88.5
17,3.04,25.01,2014-06-05,"WI-433247",45.25,-88.5
20.1,2.97,22.93,2014-06-06,"WI-433247",45.25,-88.5
17.9,4.02,21.38,2014-06-07,"WI-433247",45.25,-88.5
16.7,3.81,30.6,2014-06-08,"WI-433247",45.25,-88.5
15,2.3,23.95,2014-06-09,"WI-433247",45.25,-88.5
15.6,3.61,23.71,2014-06-10,"WI-433247",45.25,-88.5
17.8,3.75,23.89,2014-06-11,"WI-433247",45.25,-88.5
16,7.52,20.51,2014-06-12,"WI-433247",45.25,-88.5
14,6.65,24.14,2014-06-13,"WI-433247",45.25,-88.5
12.8,4.84,23.7,2014-06-14,"WI-433247",45.25,-88.5
17.2,8.14,15.67,2014-06-15,"WI-433247",45.25,-88.5
22,5.32,29.81,2014-06-16,"WI-433247",45.25,-88.5
23.1,5.08,25.87,2014-06-17,"WI-433247",45.25,-88.5
19.3,4.41,14.34,2014-06-18,"WI-433247",45.25,-88.5
17.6,5.22,23.43,2014-06-19,"WI-433247",45.25,-88.5
13.5,3.26,6.52,2014-06-20,"WI-433247",45.25,-88.5
15.6,3.04,7.38,2014-06-21,"WI-433247",45.25,-88.5
19,2.3,19.62,2014-06-22,"WI-433247",45.25,-88.5
19.7,2.05,16.09,2014-06-23,"WI-433247",45.25,-88.5
20,3.53,16.93,2014-06-24,"WI-433247",45.25,-88.5
16.3,3.22,11.05,2014-06-25,"WI-433247",45.25,-88.5
17.2,2.9,19.34,2014-06-26,"WI-433247",45.25,-88.5
19,4.46,17.54,2014-06-27,"WI-433247",45.25,-88.5
24.4,5.7,24.62,2014-06-28,"WI-433247",45.25,-88.5
23.4,6.86,23.72,2014-06-29,"WI-433247",45.25,-88.5
23,7.12,20.35,2014-06-30,"WI-433247",45.25,-88.5
19.7,6.58,23.08,2014-07-01,"WI-433247",45.25,-88.5
15.7,4.61,15.94,2014-07-02,"WI-433247",45.25,-88.5
15.7,3.31,24.66,2014-07-03,"WI-433247",45.25,-88.5
17.2,3.4,30.59,2014-07-04,"WI-433247",45.25,-88.5
20.2,6.44,28.41,2014-07-05,"WI-433247",45.25,-88.5
21.1,5.17,9.13,2014-07-06,"WI-433247",45.25,-88.5
21.8,6.38,25.44,2014-07-07,"WI-433247",45.25,-88.5
16.8,4.96,18.67,2014-07-08,"WI-433247",45.25,-88.5
15.4,4.62,21.03,2014-07-09,"WI-433247",45.25,-88.5
16.6,3.29,24.55,2014-07-10,"WI-433247",45.25,-88.5
20.1,6.65,20.28,2014-07-11,"WI-433247",45.25,-88.5
21,4.48,14.58,2014-07-12,"WI-433247",45.25,-88.5
18.9,5.25,27.45,2014-07-13,"WI-433247",45.25,-88.5
14.7,4.56,21.85,2014-07-14,"WI-433247",45.25,-88.5
14.1,6.43,17.77,2014-07-15,"WI-433247",45.25,-88.5
15.2,3.7,20.64,2014-07-16,"WI-433247",45.25,-88.5
16.9,3.26,22.04,2014-07-17,"WI-433247",45.25,-88.5
18.3,4.3,21.45,2014-07-18,"WI-433247",45.25,-88.5
20.4,5.56,22.61,2014-07-19,"WI-433247",45.25,-88.5
21.4,5.23,20.13,2014-07-20,"WI-433247",45.25,-88.5
23.5,4.48,22.08,2014-07-21,"WI-433247",45.25,-88.5
24,7.02,25.37,2014-07-22,"WI-433247",45.25,-88.5
17.6,4.01,20.9,2014-07-23,"WI-433247",45.25,-88.5
17,2.61,27.72,2014-07-24,"WI-433247",45.25,-88.5
18.2,5.19,15.38,2014-07-25,"WI-433247",45.25,-88.5
21.9,4.92,20.1,2014-07-26,"WI-433247",45.25,-88.5
17.8,6.14,16.56,2014-07-27,"WI-433247",45.25,-88.5
15.8,5.23,18.04,2014-07-28,"WI-433247",45.25,-88.5
17,4.34,22.93,2014-07-29,"WI-433247",45.25,-88.5
16.5,3.18,24.02,2014-07-30,"WI-433247",45.25,-88.5
18.7,4.16,22.46,2014-07-31,"WI-433247",45.25,-88.5
18.5,1.7,23.1,2014-08-01,"WI-433247",45.25,-88.5
19.2,2.52,24.89,2014-08-02,"WI-433247",45.25,-88.5
20.8,3.45,22.22,2014-08-03,"WI-433247",45.25,-88.5
18.1,2.56,14.62,2014-08-04,"WI-433247",45.25,-88.5
19.3,2.7,22.04,2014-08-05,"WI-433247",45.25,-88.5
19.1,2.55,23.71,2014-08-06,"WI-433247",45.25,-88.5
19.2,2.64,22.31,2014-08-07,"WI-433247",45.25,-88.5
19.8,2.69,26.17,2014-08-08,"WI-433247",45.25,-88.5
19.8,2.98,24.27,2014-08-09,"WI-433247",45.25,-88.5
20.2,2.83,25.85,2014-08-10,"WI-433247",45.25,-88.5
18.5,5.32,15.36,2014-08-11,"WI-433247",45.25,-88.5
16,6.63,17.74,2014-08-12,"WI-433247",45.25,-88.5
17.9,4.31,23.03,2014-08-13,"WI-433247",45.25,-88.5
14.6,3.01,26.79,2014-08-14,"WI-433247",45.25,-88.5
17.3,3.45,25.93,2014-08-15,"WI-433247",45.25,-88.5
20.4,4.74,12.27,2014-08-16,"WI-433247",45.25,-88.5
14.9,3.19,16.99,2014-08-17,"WI-433247",45.25,-88.5
15.4,3.51,5.44,2014-08-18,"WI-433247",45.25,-88.5
19.1,3.26,11.48,2014-08-19,"WI-433247",45.25,-88.5
18.2,2.97,10.75,2014-08-20,"WI-433247",45.25,-88.5
18,4.32,9.26,2014-08-21,"WI-433247",45.25,-88.5
19.4,2.89,4.37,2014-08-22,"WI-433247",45.25,-88.5
20,4.13,4.26,2014-08-23,"WI-433247",45.25,-88.5
21.2,5.42,11.3,2014-08-24,"WI-433247",45.25,-88.5
23.1,4.2,16.77,2014-08-25,"WI-433247",45.25,-88.5
18.4,3.89,22.98,2014-08-26,"WI-433247",45.25,-88.5
16.4,3.31,19.62,2014-08-27,"WI-433247",45.25,-88.5
15,3.11,10.95,2014-08-28,"WI-433247",45.25,-88.5
18.6,3.73,7.56,2014-08-29,"WI-433247",45.25,-88.5
19.5,3.81,4.9,2014-08-30,"WI-433247",45.25,-88.5
18,4.24,13.42,2014-08-31,"WI-433247",45.25,-88.5
19.7,5.17,12.66,2014-09-01,"WI-433247",45.25,-88.5
17.4,4.02,19,2014-09-02,"WI-433247",45.25,-88.5
18.3,4.78,21.29,2014-09-03,"WI-433247",45.25,-88.5
20.5,6.15,11.12,2014-09-04,"WI-433247",45.25,-88.5
18.7,5.06,14.36,2014-09-05,"WI-433247",45.25,-88.5
14.8,4.74,21.8,2014-09-06,"WI-433247",45.25,-88.5
16.3,4.41,20.8,2014-09-07,"WI-433247",45.25,-88.5
16.8,5.98,18.06,2014-09-08,"WI-433247",45.25,-88.5
18.9,3.31,15.37,2014-09-09,"WI-433247",45.25,-88.5
13.8,8.62,2.23,2014-09-10,"WI-433247",45.25,-88.5
7.2,6.36,6.47,2014-09-11,"WI-433247",45.25,-88.5
5.6,2.73,7.36,2014-09-12,"WI-433247",45.25,-88.5
7.6,2.77,15.77,2014-09-13,"WI-433247",45.25,-88.5
10.9,7.29,13.02,2014-09-14,"WI-433247",45.25,-88.5
10.7,3.36,13.98,2014-09-15,"WI-433247",45.25,-88.5
10.4,4.81,18.93,2014-09-16,"WI-433247",45.25,-88.5
12.5,4.81,16.36,2014-09-17,"WI-433247",45.25,-88.5
8,3.4,11.93,2014-09-18,"WI-433247",45.25,-88.5
14.5,7.67,15.28,2014-09-19,"WI-433247",45.25,-88.5
19.9,5.95,13.17,2014-09-20,"WI-433247",45.25,-88.5
10.7,6.61,12.37,2014-09-21,"WI-433247",45.25,-88.5
10.6,4.24,14.76,2014-09-22,"WI-433247",45.25,-88.5
15.2,3.5,18.33,2014-09-23,"WI-433247",45.25,-88.5
14.2,4.13,13.97,2014-09-24,"WI-433247",45.25,-88.5
16.2,2.63,13.82,2014-09-25,"WI-433247",45.25,-88.5
15,2.6,16.81,2014-09-26,"WI-433247",45.25,-88.5
16.9,2.86,16.77,2014-09-27,"WI-433247",45.25,-88.5
18.7,3.04,15.06,2014-09-28,"WI-433247",45.25,-88.5
10.6,5.1,4.42,2014-09-29,"WI-433247",45.25,-88.5
7.4,4.61,13.48,2014-09-30,"WI-433247",45.25,-88.5
11,4.22,7.97,2014-10-01,"WI-433247",45.25,-88.5
14.3,4.04,5.16,2014-10-02,"WI-433247",45.25,-88.5
10.7,7.42,8.94,2014-10-03,"WI-433247",45.25,-88.5
4.3,5.22,4.78,2014-10-04,"WI-433247",45.25,-88.5
4.8,5.32,6.75,2014-10-05,"WI-433247",45.25,-88.5
6.5,6.13,13.84,2014-10-06,"WI-433247",45.25,-88.5
9.8,5.9,12.25,2014-10-07,"WI-433247",45.25,-88.5
6,8.12,10.66,2014-10-08,"WI-433247",45.25,-88.5
5.7,4.74,12.86,2014-10-09,"WI-433247",45.25,-88.5
5.3,3.55,11.51,2014-10-10,"WI-433247",45.25,-88.5
5.6,2.72,14.75,2014-10-11,"WI-433247",45.25,-88.5
7.6,4.88,14.52,2014-10-12,"WI-433247",45.25,-88.5
10.5,4.92,3.3,2014-10-13,"WI-433247",45.25,-88.5
9.9,7.4,2.21,2014-10-14,"WI-433247",45.25,-88.5
8.8,7.45,2.13,2014-10-15,"WI-433247",45.25,-88.5
8.9,2.62,7.33,2014-10-16,"WI-433247",45.25,-88.5
8,6.2,2.93,2014-10-17,"WI-433247",45.25,-88.5
5,5.63,12.16,2014-10-18,"WI-433247",45.25,-88.5
5.4,5.59,8.79,2014-10-19,"WI-433247",45.25,-88.5
9.1,4.85,4.49,2014-10-20,"WI-433247",45.25,-88.5
6.3,4.24,12.33,2014-10-21,"WI-433247",45.25,-88.5
3.4,3.35,13.18,2014-10-22,"WI-433247",45.25,-88.5
5.6,3.34,3.3,2014-10-23,"WI-433247",45.25,-88.5
10,4.53,7.98,2014-10-24,"WI-433247",45.25,-88.5
13,7.33,12.5,2014-10-25,"WI-433247",45.25,-88.5
8.7,4.88,11.8,2014-10-26,"WI-433247",45.25,-88.5
9.9,4.06,6.17,2014-10-27,"WI-433247",45.25,-88.5
8.8,7.35,9.26,2014-10-28,"WI-433247",45.25,-88.5
5.7,6.45,5.37,2014-10-29,"WI-433247",45.25,-88.5
5.1,5.54,5.45,2014-10-30,"WI-433247",45.25,-88.5
0.6,9.02,8.74,2014-10-31,"WI-433247",45.25,-88.5
-0.6,2.85,11.64,2014-11-01,"WI-433247",45.25,-88.5
2.8,4.66,9.89,2014-11-02,"WI-433247",45.25,-88.5
6.1,3.81,7.66,2014-11-03,"WI-433247",45.25,-88.5
7.7,6.85,3.63,2014-11-04,"WI-433247",45.25,-88.5
3.8,5.05,6.62,2014-11-05,"WI-433247",45.25,-88.5
1.9,6.86,6.02,2014-11-06,"WI-433247",45.25,-88.5
0.5,4.88,4.51,2014-11-07,"WI-433247",45.25,-88.5
1.7,6.72,4.2,2014-11-08,"WI-433247",45.25,-88.5
-0.2,5.01,5.97,2014-11-09,"WI-433247",45.25,-88.5
-1.5,6.45,1.27,2014-11-10,"WI-433247",45.25,-88.5
-2.1,7.48,2.99,2014-11-11,"WI-433247",45.25,-88.5
-6,5.41,8.19,2014-11-12,"WI-433247",45.25,-88.5
-7.6,5.58,7.4,2014-11-13,"WI-433247",45.25,-88.5
-8.2,3.89,9.21,2014-11-14,"WI-433247",45.25,-88.5
-10,3.81,7.83,2014-11-15,"WI-433247",45.25,-88.5
-7.3,5.4,5.45,2014-11-16,"WI-433247",45.25,-88.5
-12.6,6.52,8.1,2014-11-17,"WI-433247",45.25,-88.5
-12,6.26,8.59,2014-11-18,"WI-433247",45.25,-88.5
-11,6.32,6.26,2014-11-19,"WI-433247",45.25,-88.5
-12,6.57,7.83,2014-11-20,"WI-433247",45.25,-88.5
-11.2,6.13,7.83,2014-11-21,"WI-433247",45.25,-88.5
1.2,6.29,3.31,2014-11-22,"WI-433247",45.25,-88.5
6.4,4.74,1.11,2014-11-23,"WI-433247",45.25,-88.5
1.8,5.64,1.49,2014-11-24,"WI-433247",45.25,-88.5
-7,4.97,6.06,2014-11-25,"WI-433247",45.25,-88.5
-11.2,3.41,6.2,2014-11-26,"WI-433247",45.25,-88.5
-12.2,4.79,7.76,2014-11-27,"WI-433247",45.25,-88.5
-13.4,2.52,2.69,2014-11-28,"WI-433247",45.25,-88.5
-2.8,4.41,4.85,2014-11-29,"WI-433247",45.25,-88.5
-3.7,5.05,4.51,2014-11-30,"WI-433247",45.25,-88.5
-15.7,5.87,8.01,2014-12-01,"WI-433247",45.25,-88.5
-10.4,4.88,3.89,2014-12-02,"WI-433247",45.25,-88.5
-8.4,6.52,7.42,2014-12-03,"WI-433247",45.25,-88.5
-10.9,3.31,4.52,2014-12-04,"WI-433247",45.25,-88.5
-2.8,2.87,2.91,2014-12-05,"WI-433247",45.25,-88.5
-5.1,4.55,7.48,2014-12-06,"WI-433247",45.25,-88.5
-5.2,4.66,4.61,2014-12-07,"WI-433247",45.25,-88.5
-0.2,4.73,1.98,2014-12-08,"WI-433247",45.25,-88.5
-2.1,4.7,4.44,2014-12-09,"WI-433247",45.25,-88.5
-6.2,2.51,5.15,2014-12-10,"WI-433247",45.25,-88.5
-6.6,4.34,7.1,2014-12-11,"WI-433247",45.25,-88.5
-1.6,4.25,5.46,2014-12-12,"WI-433247",45.25,-88.5
2.4,5.1,3.97,2014-12-13,"WI-433247",45.25,-88.5
5.1,3.2,1.32,2014-12-14,"WI-433247",45.25,-88.5
5.7,3.14,1.44,2014-12-15,"WI-433247",45.25,-88.5
1.1,5.92,1.94,2014-12-16,"WI-433247",45.25,-88.5
-4.7,5.52,5.08,2014-12-17,"WI-433247",45.25,-88.5
-5.8,3.58,4.93,2014-12-18,"WI-433247",45.25,-88.5
-7.4,2.9,6.36,2014-12-19,"WI-433247",45.25,-88.5
-4,2.18,3.71,2014-12-20,"WI-433247",45.25,-88.5
-1,5.51,1.92,2014-12-21,"WI-433247",45.25,-88.5
0.8,5.12,1.77,2014-12-22,"WI-433247",45.25,-88.5
1.3,5.24,1.14,2014-12-23,"WI-433247",45.25,-88.5
1.2,4.05,2.04,2014-12-24,"WI-433247",45.25,-88.5
0.2,5.28,3.42,2014-12-25,"WI-433247",45.25,-88.5
-1,2.26,4.6,2014-12-26,"WI-433247",45.25,-88.5
-0.4,4.61,1.81,2014-12-27,"WI-433247",45.25,-88.5
-8.1,4.43,6.78,2014-12-28,"WI-433247",45.25,-88.5
-14.3,3.72,6.71,2014-12-29,"WI-433247",45.25,-88.5
-18,4.37,7.57,2014-12-30,"WI-433247",45.25,-88.5
-17.3,6.74,6.13,2014-12-31,"WI-433247",45.25,-88.5
-8.9,6.9,5.36,2015-01-01,"WI-433247",45.25,-88.5
-13.6,3.29,7.32,2015-01-02,"WI-433247",45.25,-88.5
-4.5,2.95,2.24,2015-01-03,"WI-433247",45.25,-88.5
-12.4,6.72,4.25,2015-01-04,"WI-433247",45.25,-88.5
-23.2,5.3,7.73,2015-01-05,"WI-433247",45.25,-88.5
-17.8,6.48,7.66,2015-01-06,"WI-433247",45.25,-88.5
-20.1,6.06,7.78,2015-01-07,"WI-433247",45.25,-88.5
-18.2,6.54,2.3,2015-01-08,"WI-433247",45.25,-88.5
-17.7,6.57,7.7,2015-01-09,"WI-433247",45.25,-88.5
-16,4.79,7.94,2015-01-10,"WI-433247",45.25,-88.5
-10.1,2.98,4.65,2015-01-11,"WI-433247",45.25,-88.5
-14.5,5,8.24,2015-01-12,"WI-433247",45.25,-88.5
-16.8,3.86,8.19,2015-01-13,"WI-433247",45.25,-88.5
-10.2,3.96,6.49,2015-01-14,"WI-433247",45.25,-88.5
-3.2,5.45,6.83,2015-01-15,"WI-433247",45.25,-88.5
-9.4,3.89,7.5,2015-01-16,"WI-433247",45.25,-88.5
-0.6,4.9,4.71,2015-01-17,"WI-433247",45.25,-88.5
0.3,5.95,5.27,2015-01-18,"WI-433247",45.25,-88.5
-8,2.32,5.99,2015-01-19,"WI-433247",45.25,-88.5
-7.5,2.5,4.82,2015-01-20,"WI-433247",45.25,-88.5
-5.6,2.55,6.71,2015-01-21,"WI-433247",45.25,-88.5
-4.8,5.62,8.99,2015-01-22,"WI-433247",45.25,-88.5
-1.4,6.82,3.52,2015-01-23,"WI-433247",45.25,-88.5
0.7,4.41,5.45,2015-01-24,"WI-433247",45.25,-88.5
-10.4,4.53,7.96,2015-01-25,"WI-433247",45.25,-88.5
-10.1,3.77,4.74,2015-01-26,"WI-433247",45.25,-88.5
-5,2.32,4.97,2015-01-27,"WI-433247",45.25,-88.5
-4.6,4.6,5.66,2015-01-28,"WI-433247",45.25,-88.5
-2.7,7.67,4.72,2015-01-29,"WI-433247",45.25,-88.5
-11.1,3.45,9.26,2015-01-30,"WI-433247",45.25,-88.5
-6.9,4.46,8.74,2015-01-31,"WI-433247",45.25,-88.5
-12.9,5.97,4.86,2015-02-01,"WI-433247",45.25,-88.5
-13.6,4.18,10.19,2015-02-02,"WI-433247",45.25,-88.5
-11.1,4,9.3,2015-02-03,"WI-433247",45.25,-88.5
-12.2,5.55,10.95,2015-02-04,"WI-433247",45.25,-88.5
-14.7,7.26,10.76,2015-02-05,"WI-433247",45.25,-88.5
-7.1,5.9,5.37,2015-02-06,"WI-433247",45.25,-88.5
-5,3.67,3.92,2015-02-07,"WI-433247",45.25,-88.5
-7.1,4.98,4.79,2015-02-08,"WI-433247",45.25,-88.5
-8.7,3.5,10.74,2015-02-09,"WI-433247",45.25,-88.5
-8.5,3.82,7.17,2015-02-10,"WI-433247",45.25,-88.5
-5.9,6.56,6.4,2015-02-11,"WI-433247",45.25,-88.5
-16.2,6.32,12.93,2015-02-12,"WI-433247",45.25,-88.5
-13.4,5.26,5.27,2015-02-13,"WI-433247",45.25,-88.5
-16.5,8.39,12.5,2015-02-14,"WI-433247",45.25,-88.5
-19.2,4.34,12.7,2015-02-15,"WI-433247",45.25,-88.5
-13.1,3.47,11.83,2015-02-16,"WI-433247",45.25,-88.5
-13.8,4.2,12.32,2015-02-17,"WI-433247",45.25,-88.5
-19.4,5.96,12.39,2015-02-18,"WI-433247",45.25,-88.5
-22.2,3.97,14.08,2015-02-19,"WI-433247",45.25,-88.5
-17.1,5.98,8.18,2015-02-20,"WI-433247",45.25,-88.5
-8.5,3.74,11.67,2015-02-21,"WI-433247",45.25,-88.5
-17.4,4.96,14.3,2015-02-22,"WI-433247",45.25,-88.5
-18.8,6.74,15.09,2015-02-23,"WI-433247",45.25,-88.5
-7.4,7.39,13.95,2015-02-24,"WI-433247",45.25,-88.5
-14.5,4.05,13.12,2015-02-25,"WI-433247",45.25,-88.5
-16.9,3.75,15.8,2015-02-26,"WI-433247",45.25,-88.5
-14.3,4.04,16.07,2015-02-27,"WI-433247",45.25,-88.5
-12.2,4.2,16.36,2015-02-28,"WI-433247",45.25,-88.5
-8.1,5.41,13.91,2015-03-01,"WI-433247",45.25,-88.5
-7,4.98,16.84,2015-03-02,"WI-433247",45.25,-88.5
-4.5,5.46,5.23,2015-03-03,"WI-433247",45.25,-88.5
-13.4,7.62,16.73,2015-03-04,"WI-433247",45.25,-88.5
-15.9,3.81,17.61,2015-03-05,"WI-433247",45.25,-88.5
-8.7,5.81,16.51,2015-03-06,"WI-433247",45.25,-88.5
-1.8,6.44,11.64,2015-03-07,"WI-433247",45.25,-88.5
-0.5,7.14,13.98,2015-03-08,"WI-433247",45.25,-88.5
3.8,5.83,16.9,2015-03-09,"WI-433247",45.25,-88.5
6.2,5.26,17.43,2015-03-10,"WI-433247",45.25,-88.5
4.7,4.6,17.84,2015-03-11,"WI-433247",45.25,-88.5
4.6,5.56,15.76,2015-03-12,"WI-433247",45.25,-88.5
9.1,5.1,14.03,2015-03-13,"WI-433247",45.25,-88.5
5.1,6.66,11.82,2015-03-14,"WI-433247",45.25,-88.5
6.4,6.41,13.64,2015-03-15,"WI-433247",45.25,-88.5
9.9,5.26,4.58,2015-03-16,"WI-433247",45.25,-88.5
1.6,7.37,19.43,2015-03-17,"WI-433247",45.25,-88.5
2.5,4.21,17.96,2015-03-18,"WI-433247",45.25,-88.5
1.6,4.42,13.2,2015-03-19,"WI-433247",45.25,-88.5
6.2,4.7,11.99,2015-03-20,"WI-433247",45.25,-88.5
0.8,5.59,18.76,2015-03-21,"WI-433247",45.25,-88.5
-0.6,2.63,20.26,2015-03-22,"WI-433247",45.25,-88.5
-1.8,3.01,16.01,2015-03-23,"WI-433247",45.25,-88.5
-0.2,3.98,21.09,2015-03-24,"WI-433247",45.25,-88.5
1.2,8.01,9.69,2015-03-25,"WI-433247",45.25,-88.5
-0.9,5.83,14.49,2015-03-26,"WI-433247",45.25,-88.5
-6.2,4.39,22.28,2015-03-27,"WI-433247",45.25,-88.5
-2.9,4.56,22.39,2015-03-28,"WI-433247",45.25,-88.5
1,8.08,6.72,2015-03-29,"WI-433247",45.25,-88.5
6.3,5.97,18.41,2015-03-30,"WI-433247",45.25,-88.5
4.8,5.2,15.9,2015-03-31,"WI-433247",45.25,-88.5
6.3,7.03,14.16,2015-04-01,"WI-433247",45.25,-88.5
14.7,7.13,16.79,2015-04-02,"WI-433247",45.25,-88.5
2.9,5.61,13.18,2015-04-03,"WI-433247",45.25,-88.5
3.4,7.21,20.81,2015-04-04,"WI-433247",45.25,-88.5
3,3.78,18.07,2015-04-05,"WI-433247",45.25,-88.5
0.8,4.46,9.55,2015-04-06,"WI-433247",45.25,-88.5
2.7,5.79,11.78,2015-04-07,"WI-433247",45.25,-88.5
2.1,4.95,10.03,2015-04-08,"WI-433247",45.25,-88.5
1.4,5.39,2.7,2015-04-09,"WI-433247",45.25,-88.5
4.3,7.95,20.3,2015-04-10,"WI-433247",45.25,-88.5
8.8,3.78,24.51,2015-04-11,"WI-433247",45.25,-88.5
14.7,7.97,23.91,2015-04-12,"WI-433247",45.25,-88.5
13.3,8.21,18.06,2015-04-13,"WI-433247",45.25,-88.5
11.7,3.83,25.07,2015-04-14,"WI-433247",45.25,-88.5
10.7,4.53,23.93,2015-04-15,"WI-433247",45.25,-88.5
12.4,2.69,25.08,2015-04-16,"WI-433247",45.25,-88.5
17,3.32,21.51,2015-04-17,"WI-433247",45.25,-88.5
11.6,5.58,25.05,2015-04-18,"WI-433247",45.25,-88.5
9.9,5.02,18.06,2015-04-19,"WI-433247",45.25,-88.5
5.2,6.48,4.69,2015-04-20,"WI-433247",45.25,-88.5
3,6.26,17.49,2015-04-21,"WI-433247",45.25,-88.5
0.5,7.43,15.23,2015-04-22,"WI-433247",45.25,-88.5
3.7,5.3,25.75,2015-04-23,"WI-433247",45.25,-88.5
5.3,3.92,20.7,2015-04-24,"WI-433247",45.25,-88.5
6.5,4.43,26.61,2015-04-25,"WI-433247",45.25,-88.5
8.6,5.11,25.6,2015-04-26,"WI-433247",45.25,-88.5
10.5,4.43,26.09,2015-04-27,"WI-433247",45.25,-88.5
11.3,3.67,26.19,2015-04-28,"WI-433247",45.25,-88.5
11.4,4.72,25.08,2015-04-29,"WI-433247",45.25,-88.5
10.1,4.65,21.82,2015-04-30,"WI-433247",45.25,-88.5
13.3,3.32,22.65,2015-05-01,"WI-433247",45.25,-88.5
18.7,5.64,20.36,2015-05-02,"WI-433247",45.25,-88.5
19.9,5.58,23.68,2015-05-03,"WI-433247",45.25,-88.5
16.8,4.31,27.86,2015-05-04,"WI-433247",45.25,-88.5
13.8,4.2,27.15,2015-05-05,"WI-433247",45.25,-88.5
14.6,3.36,19.85,2015-05-06,"WI-433247",45.25,-88.5
20.9,8.26,23.97,2015-05-07,"WI-433247",45.25,-88.5
20.2,5.59,16.62,2015-05-08,"WI-433247",45.25,-88.5
14.2,4.39,14.07,2015-05-09,"WI-433247",45.25,-88.5
9.7,5.6,10.62,2015-05-10,"WI-433247",45.25,-88.5
10.7,6.11,8.55,2015-05-11,"WI-433247",45.25,-88.5
8.3,6.23,12.77,2015-05-12,"WI-433247",45.25,-88.5
8.5,3.58,27.68,2015-05-13,"WI-433247",45.25,-88.5
10.7,4.94,14.15,2015-05-14,"WI-433247",45.25,-88.5
12.3,3.56,7.43,2015-05-15,"WI-433247",45.25,-88.5
16.8,3.79,18.65,2015-05-16,"WI-433247",45.25,-88.5
18.7,8.12,16.41,2015-05-17,"WI-433247",45.25,-88.5
14,6.75,24.02,2015-05-18,"WI-433247",45.25,-88.5
5.9,6.39,22.19,2015-05-19,"WI-433247",45.25,-88.5
9.7,4,24.94,2015-05-20,"WI-433247",45.25,-88.5
14.3,6,27.11,2015-05-21,"WI-433247",45.25,-88.5
12.7,2.97,30.21,2015-05-22,"WI-433247",45.25,-88.5
16.7,4.25,26.65,2015-05-23,"WI-433247",45.25,-88.5
17.4,5.12,14.65,2015-05-24,"WI-433247",45.25,-88.5
16.9,6.82,11.39,2015-05-25,"WI-433247",45.25,-88.5
19.6,4.12,12.34,2015-05-26,"WI-433247",45.25,-88.5
17.7,5.42,14.66,2015-05-27,"WI-433247",45.25,-88.5
20.4,4.87,27.32,2015-05-28,"WI-433247",45.25,-88.5
19.5,5.11,15.11,2015-05-29,"WI-433247",45.25,-88.5
12.1,5.05,18.53,2015-05-30,"WI-433247",45.25,-88.5
9.7,4.56,30.84,2015-05-31,"WI-433247",45.25,-88.5
11.6,3.23,31.19,2015-06-01,"WI-433247",45.25,-88.5
14.7,4.3,30.77,2015-06-02,"WI-433247",45.25,-88.5
17.5,5.11,27.93,2015-06-03,"WI-433247",45.25,-88.5
17.5,3.55,9.6,2015-06-04,"WI-433247",45.25,-88.5
16,4.96,23.1,2015-06-05,"WI-433247",45.25,-88.5
14.4,4.52,28.44,2015-06-06,"WI-433247",45.25,-88.5
17.6,5.26,12.83,2015-06-07,"WI-433247",45.25,-88.5
18.9,4.58,20.7,2015-06-08,"WI-433247",45.25,-88.5
20.5,3.73,25.17,2015-06-09,"WI-433247",45.25,-88.5
20.4,6.26,27.49,2015-06-10,"WI-433247",45.25,-88.5
14.6,2.38,4.71,2015-06-11,"WI-433247",45.25,-88.5
16.8,3.22,30.11,2015-06-12,"WI-433247",45.25,-88.5
15.4,3.96,10.73,2015-06-13,"WI-433247",45.25,-88.5
20.1,2.72,14.97,2015-06-14,"WI-433247",45.25,-88.5
19.4,3.94,12.5,2015-06-15,"WI-433247",45.25,-88.5
16.7,3.99,26.94,2015-06-16,"WI-433247",45.25,-88.5
18,3.18,24.72,2015-06-17,"WI-433247",45.25,-88.5
19.6,5.06,22.01,2015-06-18,"WI-433247",45.25,-88.5
15.5,2.94,30.95,2015-06-19,"WI-433247",45.25,-88.5
15.6,4.1,9.05,2015-06-20,"WI-433247",45.25,-88.5
19.5,4.61,20.35,2015-06-21,"WI-433247",45.25,-88.5
19.1,6.77,10.98,2015-06-22,"WI-433247",45.25,-88.5
19.8,6.46,29.41,2015-06-23,"WI-433247",45.25,-88.5
20.5,3.8,25.06,2015-06-24,"WI-433247",45.25,-88.5
19.8,3.25,24.36,2015-06-25,"WI-433247",45.25,-88.5
19.1,3.1,21.2,2015-06-26,"WI-433247",45.25,-88.5
19.7,2.89,25.86,2015-06-27,"WI-433247",45.25,-88.5
19.4,3.91,25.82,2015-06-28,"WI-433247",45.25,-88.5
18.7,3.96,20.19,2015-06-29,"WI-433247",45.25,-88.5
16,5.43,15.85,2015-06-30,"WI-433247",45.25,-88.5
14.7,3.63,28.59,2015-07-01,"WI-433247",45.25,-88.5
16.7,3.01,30.6,2015-07-02,"WI-433247",45.25,-88.5
19.2,4.14,25.61,2015-07-03,"WI-433247",45.25,-88.5
21.1,3.26,23.11,2015-07-04,"WI-433247",45.25,-88.5
23.2,5.14,27.77,2015-07-05,"WI-433247",45.25,-88.5
20.6,5.91,9.42,2015-07-06,"WI-433247",45.25,-88.5
16.1,5.22,19.84,2015-07-07,"WI-433247",45.25,-88.5
16.4,2.77,29.26,2015-07-08,"WI-433247",45.25,-88.5
19.3,3.05,22.58,2015-07-09,"WI-433247",45.25,-88.5
21.7,3.34,21.91,2015-07-10,"WI-433247",45.25,-88.5
22.3,3.89,21.6,2015-07-11,"WI-433247",45.25,-88.5
23.8,3.6,25.13,2015-07-12,"WI-433247",45.25,-88.5
22.1,5,15.29,2015-07-13,"WI-433247",45.25,-88.5
19.7,5.77,21.54,2015-07-14,"WI-433247",45.25,-88.5
17.1,3.26,29.31,2015-07-15,"WI-433247",45.25,-88.5
18.3,4.34,22.25,2015-07-16,"WI-433247",45.25,-88.5
22.1,4.3,17.48,2015-07-17,"WI-433247",45.25,-88.5
23.9,5.66,22.86,2015-07-18,"WI-433247",45.25,-88.5
23.7,6.58,23.65,2015-07-19,"WI-433247",45.25,-88.5
23.2,6.01,24.21,2015-07-20,"WI-433247",45.25,-88.5
20.1,5.66,28.4,2015-07-21,"WI-433247",45.25,-88.5
20.7,3.04,22.06,2015-07-22,"WI-433247",45.25,-88.5
22.8,3.1,21.79,2015-07-23,"WI-433247",45.25,-88.5
23.4,6.22,20.4,2015-07-24,"WI-433247",45.25,-88.5
25.3,3.8,28.56,2015-07-25,"WI-433247",45.25,-88.5
24.3,3.19,26.08,2015-07-26,"WI-433247",45.25,-88.5
24.8,3.24,27.42,2015-07-27,"WI-433247",45.25,-88.5
25,5.24,22.22,2015-07-28,"WI-433247",45.25,-88.5
25.1,8.4,25.96,2015-07-29,"WI-433247",45.25,-88.5
24.1,6.63,23.6,2015-07-30,"WI-433247",45.25,-88.5
22.4,7.29,21.64,2015-07-31,"WI-433247",45.25,-88.5
22.2,5.37,23.89,2015-08-01,"WI-433247",45.25,-88.5
20.7,5.16,13.29,2015-08-02,"WI-433247",45.25,-88.5
18.8,5.52,19.62,2015-08-03,"WI-433247",45.25,-88.5
18.3,4.84,18.1,2015-08-04,"WI-433247",45.25,-88.5
17.6,2.91,16.84,2015-08-05,"WI-433247",45.25,-88.5
18.3,3.96,20.87,2015-08-06,"WI-433247",45.25,-88.5
17.2,4.61,3.63,2015-08-07,"WI-433247",45.25,-88.5
18.9,3.16,13.33,2015-08-08,"WI-433247",45.25,-88.5
20.9,2.65,19.12,2015-08-09,"WI-433247",45.25,-88.5
21.6,3.94,17.9,2015-08-10,"WI-433247",45.25,-88.5
19.8,5.39,19.22,2015-08-11,"WI-433247",45.25,-88.5
20,4.18,23.51,2015-08-12,"WI-433247",45.25,-88.5
23.6,5.35,17.13,2015-08-13,"WI-433247",45.25,-88.5
25.7,4.52,22.74,2015-08-14,"WI-433247",45.25,-88.5
23.5,3.01,25.46,2015-08-15,"WI-433247",45.25,-88.5
25.3,5.78,22.5,2015-08-16,"WI-433247",45.25,-88.5
20.4,3.96,5.37,2015-08-17,"WI-433247",45.25,-88.5
17.6,4.37,7.39,2015-08-18,"WI-433247",45.25,-88.5
18.5,7.32,12.51,2015-08-19,"WI-433247",45.25,-88.5
15.3,5.99,8.67,2015-08-20,"WI-433247",45.25,-88.5
17.5,4.92,20.2,2015-08-21,"WI-433247",45.25,-88.5
20.9,7.2,24.51,2015-08-22,"WI-433247",45.25,-88.5
17.1,6.63,10.84,2015-08-23,"WI-433247",45.25,-88.5
13.1,7.53,7.71,2015-08-24,"WI-433247",45.25,-88.5
13.4,5.17,8.92,2015-08-25,"WI-433247",45.25,-88.5
15.5,3.41,12.74,2015-08-26,"WI-433247",45.25,-88.5
15.4,2.86,21.25,2015-08-27,"WI-433247",45.25,-88.5
16.7,4.48,12.23,2015-08-28,"WI-433247",45.25,-88.5
17,3.04,13.43,2015-08-29,"WI-433247",45.25,-88.5
18.5,4.06,22.31,2015-08-30,"WI-433247",45.25,-88.5
20.8,3.86,22.46,2015-08-31,"WI-433247",45.25,-88.5
24,4.72,16.74,2015-09-01,"WI-433247",45.25,-88.5
22.6,3.8,12.67,2015-09-02,"WI-433247",45.25,-88.5
20.1,3.95,8.2,2015-09-03,"WI-433247",45.25,-88.5
20.9,3.4,18.1,2015-09-04,"WI-433247",45.25,-88.5
21.8,3.35,13.73,2015-09-05,"WI-433247",45.25,-88.5
25,5.78,13.8,2015-09-06,"WI-433247",45.25,-88.5
23.8,4.42,17.07,2015-09-07,"WI-433247",45.25,-88.5
20,5.99,7.09,2015-09-08,"WI-433247",45.25,-88.5
17.3,4.96,17.94,2015-09-09,"WI-433247",45.25,-88.5
16.5,4.3,17.3,2015-09-10,"WI-433247",45.25,-88.5
11.8,4.49,14.45,2015-09-11,"WI-433247",45.25,-88.5
11,3.26,12.3,2015-09-12,"WI-433247",45.25,-88.5
13,4.29,19.7,2015-09-13,"WI-433247",45.25,-88.5
17.3,4.68,20.21,2015-09-14,"WI-433247",45.25,-88.5
21.8,5.6,18.9,2015-09-15,"WI-433247",45.25,-88.5
22.2,6.17,18.02,2015-09-16,"WI-433247",45.25,-88.5
22,5.92,12.58,2015-09-17,"WI-433247",45.25,-88.5
18.5,4.84,17.13,2015-09-18,"WI-433247",45.25,-88.5
14.5,5.09,17.42,2015-09-19,"WI-433247",45.25,-88.5
14.2,3.67,17.49,2015-09-20,"WI-433247",45.25,-88.5
15.3,5.06,18.6,2015-09-21,"WI-433247",45.25,-88.5
17.4,3.98,13.45,2015-09-22,"WI-433247",45.25,-88.5
16.1,3.11,10.99,2015-09-23,"WI-433247",45.25,-88.5
17.7,2.95,13.02,2015-09-24,"WI-433247",45.25,-88.5
17.6,2.92,13.8,2015-09-25,"WI-433247",45.25,-88.5
17.6,4.05,13.76,2015-09-26,"WI-433247",45.25,-88.5
18,4.9,15.63,2015-09-27,"WI-433247",45.25,-88.5
19.2,4.65,7.21,2015-09-28,"WI-433247",45.25,-88.5
11.7,4.9,15.3,2015-09-29,"WI-433247",45.25,-88.5
8.6,3.72,17.02,2015-09-30,"WI-433247",45.25,-88.5
8.5,4.74,16.77,2015-10-01,"WI-433247",45.25,-88.5
8.7,5.55,15.3,2015-10-02,"WI-433247",45.25,-88.5
8.6,6.75,5.29,2015-10-03,"WI-433247",45.25,-88.5
9.1,3.68,5.96,2015-10-04,"WI-433247",45.25,-88.5
11.5,2.05,4.06,2015-10-05,"WI-433247",45.25,-88.5
13.3,3.88,8.14,2015-10-06,"WI-433247",45.25,-88.5
10,3.55,15.86,2015-10-07,"WI-433247",45.25,-88.5
9.8,4.99,3.24,2015-10-08,"WI-433247",45.25,-88.5
10.6,5.06,11.75,2015-10-09,"WI-433247",45.25,-88.5
11.2,6.23,14.08,2015-10-10,"WI-433247",45.25,-88.5
18.2,5.75,14.48,2015-10-11,"WI-433247",45.25,-88.5
15.5,7.59,10.3,2015-10-12,"WI-433247",45.25,-88.5
9.2,6.8,5.06,2015-10-13,"WI-433247",45.25,-88.5
9,5.72,13.63,2015-10-14,"WI-433247",45.25,-88.5
9.4,7.01,11.55,2015-10-15,"WI-433247",45.25,-88.5
3.4,5.48,8.77,2015-10-16,"WI-433247",45.25,-88.5
0.6,4.81,10.1,2015-10-17,"WI-433247",45.25,-88.5
2.7,4.95,13.65,2015-10-18,"WI-433247",45.25,-88.5
12.2,6.3,9.69,2015-10-19,"WI-433247",45.25,-88.5
10.8,4.1,9.13,2015-10-20,"WI-433247",45.25,-88.5
12.1,6.59,8.82,2015-10-21,"WI-433247",45.25,-88.5
8.9,4.97,12.78,2015-10-22,"WI-433247",45.25,-88.5
6.9,5.02,4.08,2015-10-23,"WI-433247",45.25,-88.5
10.6,6.62,1.76,2015-10-24,"WI-433247",45.25,-88.5
6.9,3.92,12.11,2015-10-25,"WI-433247",45.25,-88.5
5.8,2.44,2.61,2015-10-26,"WI-433247",45.25,-88.5
9,5.61,9.48,2015-10-27,"WI-433247",45.25,-88.5
8,5.81,1.85,2015-10-28,"WI-433247",45.25,-88.5
4.6,6.67,5.16,2015-10-29,"WI-433247",45.25,-88.5
5.7,5.02,4.02,2015-10-30,"WI-433247",45.25,-88.5
7.3,5.04,1.77,2015-10-31,"WI-433247",45.25,-88.5
8.8,6.32,5.19,2015-11-01,"WI-433247",45.25,-88.5
11.2,2.6,8.9,2015-11-02,"WI-433247",45.25,-88.5
12.6,3.52,10.38,2015-11-03,"WI-433247",45.25,-88.5
12.3,4.74,4.28,2015-11-04,"WI-433247",45.25,-88.5
16.4,7.67,4.26,2015-11-05,"WI-433247",45.25,-88.5
8.1,7,7.2,2015-11-06,"WI-433247",45.25,-88.5
3.4,6.67,7.59,2015-11-07,"WI-433247",45.25,-88.5
5.1,6.23,10.05,2015-11-08,"WI-433247",45.25,-88.5
6,4.55,9.95,2015-11-09,"WI-433247",45.25,-88.5
3.8,2.73,8.68,2015-11-10,"WI-433247",45.25,-88.5
6.8,5.87,3.3,2015-11-11,"WI-433247",45.25,-88.5
7.2,7.88,3.93,2015-11-12,"WI-433247",45.25,-88.5
2,8.45,4.44,2015-11-13,"WI-433247",45.25,-88.5
2.3,4.74,8.04,2015-11-14,"WI-433247",45.25,-88.5
7,3.91,8.81,2015-11-15,"WI-433247",45.25,-88.5
9.3,4.94,4.84,2015-11-16,"WI-433247",45.25,-88.5
9.5,6.07,0.81,2015-11-17,"WI-433247",45.25,-88.5
11.8,9.08,1.86,2015-11-18,"WI-433247",45.25,-88.5
2.4,10.22,6.47,2015-11-19,"WI-433247",45.25,-88.5
-0.9,7.24,8.46,2015-11-20,"WI-433247",45.25,-88.5
-3.1,4.33,5.95,2015-11-21,"WI-433247",45.25,-88.5
-5.9,4.53,7.4,2015-11-22,"WI-433247",45.25,-88.5
-1.2,2.94,7.23,2015-11-23,"WI-433247",45.25,-88.5
0.5,3.36,6.12,2015-11-24,"WI-433247",45.25,-88.5
3.8,5.32,3.09,2015-11-25,"WI-433247",45.25,-88.5
3.7,5.61,0.45,2015-11-26,"WI-433247",45.25,-88.5
-3.5,5.21,5.61,2015-11-27,"WI-433247",45.25,-88.5
-5.5,3.64,8.25,2015-11-28,"WI-433247",45.25,-88.5
-3,2.92,7.08,2015-11-29,"WI-433247",45.25,-88.5
0.2,4.63,2.69,2015-11-30,"WI-433247",45.25,-88.5
1.6,4.62,1.62,2015-12-01,"WI-433247",45.25,-88.5
-0.5,3.4,6.27,2015-12-02,"WI-433247",45.25,-88.5
1.5,5,6.11,2015-12-03,"WI-433247",45.25,-88.5
2.3,4.6,7.3,2015-12-04,"WI-433247",45.25,-88.5
2.8,4.39,6.98,2015-12-05,"WI-433247",45.25,-88.5
1.8,3.97,5.75,2015-12-06,"WI-433247",45.25,-88.5
1.2,3.91,3.41,2015-12-07,"WI-433247",45.25,-88.5
3.1,3.82,3.08,2015-12-08,"WI-433247",45.25,-88.5
3.7,4.13,5.38,2015-12-09,"WI-433247",45.25,-88.5
6.6,7.76,4.48,2015-12-10,"WI-433247",45.25,-88.5
4,7.37,4.62,2015-12-11,"WI-433247",45.25,-88.5
3.1,3.55,1.99,2015-12-12,"WI-433247",45.25,-88.5
6.7,5.7,0.42,2015-12-13,"WI-433247",45.25,-88.5
4.6,6.52,0.36,2015-12-14,"WI-433247",45.25,-88.5
0.3,5.58,2.4,2015-12-15,"WI-433247",45.25,-88.5
2.8,6.91,1.02,2015-12-16,"WI-433247",45.25,-88.5
-1.8,7.17,4.49,2015-12-17,"WI-433247",45.25,-88.5
-7.1,6.31,5.14,2015-12-18,"WI-433247",45.25,-88.5
-8.5,5.49,6.8,2015-12-19,"WI-433247",45.25,-88.5
-1.4,3.76,4.04,2015-12-20,"WI-433247",45.25,-88.5
0.8,4.2,2.16,2015-12-21,"WI-433247",45.25,-88.5
-0.2,4.11,3.23,2015-12-22,"WI-433247",45.25,-88.5
4.9,5.57,0.69,2015-12-23,"WI-433247",45.25,-88.5
0,9.4,5.89,2015-12-24,"WI-433247",45.25,-88.5
-2.5,2.98,6.89,2015-12-25,"WI-433247",45.25,-88.5
-1.4,5.55,1.3,2015-12-26,"WI-433247",45.25,-88.5
-1.9,4.55,4.62,2015-12-27,"WI-433247",45.25,-88.5
-6.2,7.67,1.85,2015-12-28,"WI-433247",45.25,-88.5
-5.4,7.28,3.53,2015-12-29,"WI-433247",45.25,-88.5
-5.1,2.46,3.87,2015-12-30,"WI-433247",45.25,-88.5
-5.4,5.25,4.04,2015-12-31,"WI-433247",45.25,-88.5
-7.1,4.4,5.48,2016-01-01,"WI-433247",45.25,-88.5
-4,5.92,7.08,2016-01-02,"WI-433247",45.25,-88.5
-3.8,4.74,5.16,2016-01-03,"WI-433247",45.25,-88.5
-8.5,4.14,7.26,2016-01-04,"WI-433247",45.25,-88.5
-7.4,5.78,7.32,2016-01-05,"WI-433247",45.25,-88.5
-3.4,4.61,5.45,2016-01-06,"WI-433247",45.25,-88.5
-1.6,2.62,2.36,2016-01-07,"WI-433247",45.25,-88.5
1.2,2.82,1.31,2016-01-08,"WI-433247",45.25,-88.5
-1.6,5.19,3.91,2016-01-09,"WI-433247",45.25,-88.5
-13,5.6,8.01,2016-01-10,"WI-433247",45.25,-88.5
-17.9,4.59,6.79,2016-01-11,"WI-433247",45.25,-88.5
-15.4,6.45,7.86,2016-01-12,"WI-433247",45.25,-88.5
-17.2,4.1,6.13,2016-01-13,"WI-433247",45.25,-88.5
-10.9,3.8,3.62,2016-01-14,"WI-433247",45.25,-88.5
-3.6,6.11,2.83,2016-01-15,"WI-433247",45.25,-88.5
-11.5,5.5,7.83,2016-01-16,"WI-433247",45.25,-88.5
-19.4,5.88,7.69,2016-01-17,"WI-433247",45.25,-88.5
-19.3,5.64,8.84,2016-01-18,"WI-433247",45.25,-88.5
-14.7,4.3,8.78,2016-01-19,"WI-433247",45.25,-88.5
-10.9,2.57,8.69,2016-01-20,"WI-433247",45.25,-88.5
-6.4,2.83,7.73,2016-01-21,"WI-433247",45.25,-88.5
-6.2,3.62,8.04,2016-01-22,"WI-433247",45.25,-88.5
-7.6,5.24,8.28,2016-01-23,"WI-433247",45.25,-88.5
-3.9,4.89,4.3,2016-01-24,"WI-433247",45.25,-88.5
-3.2,2.67,3.04,2016-01-25,"WI-433247",45.25,-88.5
-2.6,4.55,5.81,2016-01-26,"WI-433247",45.25,-88.5
-4.7,7.13,6.98,2016-01-27,"WI-433247",45.25,-88.5
-2.3,6.59,5.01,2016-01-28,"WI-433247",45.25,-88.5
-11.2,4.39,6.85,2016-01-29,"WI-433247",45.25,-88.5
1.4,4.75,7.28,2016-01-30,"WI-433247",45.25,-88.5
2,3.81,2.62,2016-01-31,"WI-433247",45.25,-88.5
0,3.65,7.83,2016-02-01,"WI-433247",45.25,-88.5
-2,6.28,2.59,2016-02-02,"WI-433247",45.25,-88.5
-2.9,6.26,5.52,2016-02-03,"WI-433247",45.25,-88.5
-8.2,3.09,10.67,2016-02-04,"WI-433247",45.25,-88.5
-7.3,3.97,10.73,2016-02-05,"WI-433247",45.25,-88.5
-2.9,4.79,9.45,2016-02-06,"WI-433247",45.25,-88.5
1.3,5.46,7.19,2016-02-07,"WI-433247",45.25,-88.5
-3.3,5.06,4.48,2016-02-08,"WI-433247",45.25,-88.5
-10.3,6.11,7.69,2016-02-09,"WI-433247",45.25,-88.5
-13.7,5.12,11.93,2016-02-10,"WI-433247",45.25,-88.5
-13.2,4.81,12.75,2016-02-11,"WI-433247",45.25,-88.5
-13.3,7.13,11.48,2016-02-12,"WI-433247",45.25,-88.5
-16.4,4.36,13.09,2016-02-13,"WI-433247",45.25,-88.5
-13.7,5.46,11.75,2016-02-14,"WI-433247",45.25,-88.5
-7.1,3.37,9.33,2016-02-15,"WI-433247",45.25,-88.5
-3.8,4.33,7.49,2016-02-16,"WI-433247",45.25,-88.5
-9.2,3.69,13.37,2016-02-17,"WI-433247",45.25,-88.5
-6.7,6.04,8.29,2016-02-18,"WI-433247",45.25,-88.5
3.2,8.02,4.9,2016-02-19,"WI-433247",45.25,-88.5
4.7,7.61,10.19,2016-02-20,"WI-433247",45.25,-88.5
-1,3.72,6.16,2016-02-21,"WI-433247",45.25,-88.5
-4.9,2.55,5.17,2016-02-22,"WI-433247",45.25,-88.5
-3.9,3.19,11.12,2016-02-23,"WI-433247",45.25,-88.5
0.7,6.1,8.92,2016-02-24,"WI-433247",45.25,-88.5
-3.1,7.4,8.64,2016-02-25,"WI-433247",45.25,-88.5
-4.5,4.79,12.13,2016-02-26,"WI-433247",45.25,-88.5
3.7,6.13,14.04,2016-02-27,"WI-433247",45.25,-88.5
-0.7,4.4,6.2,2016-02-28,"WI-433247",45.25,-88.5
-6,8.27,15.13,2016-02-29,"WI-433247",45.25,-88.5
-11.1,4.34,9.51,2016-03-01,"WI-433247",45.25,-88.5
-10.8,3.4,15.89,2016-03-02,"WI-433247",45.25,-88.5
-8.3,2.82,15.97,2016-03-03,"WI-433247",45.25,-88.5
-5.9,3.69,14.65,2016-03-04,"WI-433247",45.25,-88.5
-0.3,4.14,9.54,2016-03-05,"WI-433247",45.25,-88.5
1.7,6.23,15.64,2016-03-06,"WI-433247",45.25,-88.5
7.2,4.44,12.67,2016-03-07,"WI-433247",45.25,-88.5
10.9,6.94,6.72,2016-03-08,"WI-433247",45.25,-88.5
8.1,4.52,7.36,2016-03-09,"WI-433247",45.25,-88.5
4.8,2.82,11.92,2016-03-10,"WI-433247",45.25,-88.5
3,4.43,15.7,2016-03-11,"WI-433247",45.25,-88.5
12,5.17,16.97,2016-03-12,"WI-433247",45.25,-88.5
7.2,4,8.19,2016-03-13,"WI-433247",45.25,-88.5
7.4,2.47,9.66,2016-03-14,"WI-433247",45.25,-88.5
7,5.9,11.49,2016-03-15,"WI-433247",45.25,-88.5
3.8,9.82,2.52,2016-03-16,"WI-433247",45.25,-88.5
2.5,6.63,12.35,2016-03-17,"WI-433247",45.25,-88.5
0.8,4.12,10.95,2016-03-18,"WI-433247",45.25,-88.5
-0.2,4.04,19.58,2016-03-19,"WI-433247",45.25,-88.5
0.4,5.12,18.89,2016-03-20,"WI-433247",45.25,-88.5
2.1,3.95,13.87,2016-03-21,"WI-433247",45.25,-88.5
2.7,4.38,12.71,2016-03-22,"WI-433247",45.25,-88.5
-0.2,5.85,9.84,2016-03-23,"WI-433247",45.25,-88.5
-1.8,6.7,7.99,2016-03-24,"WI-433247",45.25,-88.5
0,4.75,20.81,2016-03-25,"WI-433247",45.25,-88.5
4.1,3.7,18.75,2016-03-26,"WI-433247",45.25,-88.5
4,4.12,7.71,2016-03-27,"WI-433247",45.25,-88.5
5.5,4.78,21.29,2016-03-28,"WI-433247",45.25,-88.5
5.6,4.52,19.17,2016-03-29,"WI-433247",45.25,-88.5
6.5,4.5,5.66,2016-03-30,"WI-433247",45.25,-88.5
2.9,4.96,3.47,2016-03-31,"WI-433247",45.25,-88.5
1.1,6.09,16.44,2016-04-01,"WI-433247",45.25,-88.5
-2.4,8.23,17.79,2016-04-02,"WI-433247",45.25,-88.5
-2.1,4.98,12.82,2016-04-03,"WI-433247",45.25,-88.5
-2.1,4.34,19.06,2016-04-04,"WI-433247",45.25,-88.5
-1.1,5.33,18.59,2016-04-05,"WI-433247",45.25,-88.5
0.9,4.3,6.75,2016-04-06,"WI-433247",45.25,-88.5
1.2,6.08,17.16,2016-04-07,"WI-433247",45.25,-88.5
-2.3,6.21,8.88,2016-04-08,"WI-433247",45.25,-88.5
-4,4.4,23.87,2016-04-09,"WI-433247",45.25,-88.5
1.5,6.09,9.8,2016-04-10,"WI-433247",45.25,-88.5
1.9,7.89,14.9,2016-04-11,"WI-433247",45.25,-88.5
2.1,4.47,23.48,2016-04-12,"WI-433247",45.25,-88.5
2.8,3.94,10.06,2016-04-13,"WI-433247",45.25,-88.5
7.9,5.43,20.39,2016-04-14,"WI-433247",45.25,-88.5
11,4.26,24.94,2016-04-15,"WI-433247",45.25,-88.5
14.2,4.13,24.33,2016-04-16,"WI-433247",45.25,-88.5
17.9,3.53,22.81,2016-04-17,"WI-433247",45.25,-88.5
16.8,5,16.75,2016-04-18,"WI-433247",45.25,-88.5
8.4,4.32,16.79,2016-04-19,"WI-433247",45.25,-88.5
11.6,4.34,18.92,2016-04-20,"WI-433247",45.25,-88.5
14.1,4.52,18.01,2016-04-21,"WI-433247",45.25,-88.5
8.3,4.65,22.38,2016-04-22,"WI-433247",45.25,-88.5
7.4,3.98,21.9,2016-04-23,"WI-433247",45.25,-88.5
4.8,4.46,6.73,2016-04-24,"WI-433247",45.25,-88.5
4.3,5.95,8.01,2016-04-25,"WI-433247",45.25,-88.5
5,5.35,18.2,2016-04-26,"WI-433247",45.25,-88.5
5.8,5.41,24.81,2016-04-27,"WI-433247",45.25,-88.5
5.1,5.61,13.09,2016-04-28,"WI-433247",45.25,-88.5
8.2,3.69,25.38,2016-04-29,"WI-433247",45.25,-88.5
8.5,5.55,20.8,2016-04-30,"WI-433247",45.25,-88.5
10.1,5.17,21.9,2016-05-01,"WI-433247",45.25,-88.5
11.2,3.16,22.98,2016-05-02,"WI-433247",45.25,-88.5
12,6.71,18.52,2016-05-03,"WI-433247",45.25,-88.5
7.2,6.75,15.54,2016-05-04,"WI-433247",45.25,-88.5
10.5,3.51,28.15,2016-05-05,"WI-433247",45.25,-88.5
20.1,4.88,26.65,2016-05-06,"WI-433247",45.25,-88.5
14.8,6.96,25.74,2016-05-07,"WI-433247",45.25,-88.5
12.1,4.34,25.82,2016-05-08,"WI-433247",45.25,-88.5
10.4,4.98,27.29,2016-05-09,"WI-433247",45.25,-88.5
9.9,5.04,6.86,2016-05-10,"WI-433247",45.25,-88.5
11.1,3.22,5.64,2016-05-11,"WI-433247",45.25,-88.5
14.6,5,19.34,2016-05-12,"WI-433247",45.25,-88.5
9.3,6.2,10.93,2016-05-13,"WI-433247",45.25,-88.5
3.9,6.15,19.69,2016-05-14,"WI-433247",45.25,-88.5
6.7,6.6,20.97,2016-05-15,"WI-433247",45.25,-88.5
11.6,4.86,27.33,2016-05-16,"WI-433247",45.25,-88.5
9.7,3.22,24.42,2016-05-17,"WI-433247",45.25,-88.5
12.1,3.54,29.39,2016-05-18,"WI-433247",45.25,-88.5
15.1,3.86,26.12,2016-05-19,"WI-433247",45.25,-88.5
16.7,3.28,23.72,2016-05-20,"WI-433247",45.25,-88.5
18.2,2.69,24.43,2016-05-21,"WI-433247",45.25,-88.5
19,3.72,29.39,2016-05-22,"WI-433247",45.25,-88.5
21.5,6.62,29.94,2016-05-23,"WI-433247",45.25,-88.5
21.4,4.19,21.57,2016-05-24,"WI-433247",45.25,-88.5
17.5,5.31,20.14,2016-05-25,"WI-433247",45.25,-88.5
19.7,3.71,18.49,2016-05-26,"WI-433247",45.25,-88.5
19.1,4.78,14.75,2016-05-27,"WI-433247",45.25,-88.5
21.5,6.41,12.15,2016-05-28,"WI-433247",45.25,-88.5
20,6.41,19.88,2016-05-29,"WI-433247",45.25,-88.5
20.7,4.48,25.3,2016-05-30,"WI-433247",45.25,-88.5
16.2,4.78,26.42,2016-05-31,"WI-433247",45.25,-88.5
18.7,5.95,19.91,2016-06-01,"WI-433247",45.25,-88.5
16.7,4.88,15.33,2016-06-02,"WI-433247",45.25,-88.5
17.6,3.38,26.17,2016-06-03,"WI-433247",45.25,-88.5
15.4,3.8,10.76,2016-06-04,"WI-433247",45.25,-88.5
16.3,6.95,18.66,2016-06-05,"WI-433247",45.25,-88.5
15,6.38,22.76,2016-06-06,"WI-433247",45.25,-88.5
12.6,5.58,18.39,2016-06-07,"WI-433247",45.25,-88.5
13.2,3.98,30.56,2016-06-08,"WI-433247",45.25,-88.5
16.9,3.1,25.72,2016-06-09,"WI-433247",45.25,-88.5
19.4,5.6,19.47,2016-06-10,"WI-433247",45.25,-88.5
24.3,5.64,30.24,2016-06-11,"WI-433247",45.25,-88.5
17.4,3.96,27.14,2016-06-12,"WI-433247",45.25,-88.5
13.9,3.08,10.33,2016-06-13,"WI-433247",45.25,-88.5
17.5,4.31,18.08,2016-06-14,"WI-433247",45.25,-88.5
16.9,4.18,12.74,2016-06-15,"WI-433247",45.25,-88.5
16.7,5.29,12.66,2016-06-16,"WI-433247",45.25,-88.5
21.3,2.87,30.22,2016-06-17,"WI-433247",45.25,-88.5
23.7,3.24,24.91,2016-06-18,"WI-433247",45.25,-88.5
25,6.13,29.22,2016-06-19,"WI-433247",45.25,-88.5
24.2,7.3,28.74,2016-06-20,"WI-433247",45.25,-88.5
19.3,7.24,23.63,2016-06-21,"WI-433247",45.25,-88.5
18.3,3.5,28.86,2016-06-22,"WI-433247",45.25,-88.5
18.1,3.22,18.96,2016-06-23,"WI-433247",45.25,-88.5
20.8,3.04,30.55,2016-06-24,"WI-433247",45.25,-88.5
24,6.12,25.59,2016-06-25,"WI-433247",45.25,-88.5
25.6,6.94,29.62,2016-06-26,"WI-433247",45.25,-88.5
19.1,5.59,13.45,2016-06-27,"WI-433247",45.25,-88.5
17.5,3.83,30.86,2016-06-28,"WI-433247",45.25,-88.5
18.7,3.78,27.89,2016-06-29,"WI-433247",45.25,-88.5
17.7,4.4,19.78,2016-06-30,"WI-433247",45.25,-88.5
16.4,5.68,27.18,2016-07-01,"WI-433247",45.25,-88.5
18.5,3.07,24.18,2016-07-02,"WI-433247",45.25,-88.5
19.6,2.9,25.15,2016-07-03,"WI-433247",45.25,-88.5
20.1,4.02,27.47,2016-07-04,"WI-433247",45.25,-88.5
24.1,4.42,23.38,2016-07-05,"WI-433247",45.25,-88.5
24.3,4.55,23.17,2016-07-06,"WI-433247",45.25,-88.5
19.8,4.55,10.45,2016-07-07,"WI-433247",45.25,-88.5
19.8,4.75,22.63,2016-07-08,"WI-433247",45.25,-88.5
19.6,5.1,22.69,2016-07-09,"WI-433247",45.25,-88.5
17.9,4.08,14.31,2016-07-10,"WI-433247",45.25,-88.5
22.2,6.17,13.54,2016-07-11,"WI-433247",45.25,-88.5
25,6.32,18.87,2016-07-12,"WI-433247",45.25,-88.5
25.6,7.87,26.61,2016-07-13,"WI-433247",45.25,-88.5
20.2,6.18,16.82,2016-07-14,"WI-433247",45.25,-88.5
17,4.51,18.54,2016-07-15,"WI-433247",45.25,-88.5
17.8,3.75,23.46,2016-07-16,"WI-433247",45.25,-88.5
19.7,4.81,9.85,2016-07-17,"WI-433247",45.25,-88.5
21.9,5.16,27.13,2016-07-18,"WI-433247",45.25,-88.5
20.6,3.18,24.61,2016-07-19,"WI-433247",45.25,-88.5
23.6,5.05,21.38,2016-07-20,"WI-433247",45.25,-88.5
25.8,6.38,19.54,2016-07-21,"WI-433247",45.25,-88.5
26.7,3.4,28.4,2016-07-22,"WI-433247",45.25,-88.5
23.8,4.15,23.78,2016-07-23,"WI-433247",45.25,-88.5
23.7,4.88,14.81,2016-07-24,"WI-433247",45.25,-88.5
23.2,4.6,27.89,2016-07-25,"WI-433247",45.25,-88.5
23.6,5.3,25.48,2016-07-26,"WI-433247",45.25,-88.5
21.4,3.5,12.07,2016-07-27,"WI-433247",45.25,-88.5
17.8,4.2,11.8,2016-07-28,"WI-433247",45.25,-88.5
18.5,3.83,20.6,2016-07-29,"WI-433247",45.25,-88.5
19.1,3.69,27.51,2016-07-30,"WI-433247",45.25,-88.5
19.2,2.63,25.69,2016-07-31,"WI-433247",45.25,-88.5
20.2,2.62,24.76,2016-08-01,"WI-433247",45.25,-88.5
22.2,3.45,23.56,2016-08-02,"WI-433247",45.25,-88.5
24.2,2.61,21.21,2016-08-03,"WI-433247",45.25,-88.5
24.4,5.94,19.81,2016-08-04,"WI-433247",45.25,-88.5
21.8,5.1,16.56,2016-08-05,"WI-433247",45.25,-88.5
20.4,3.75,21.34,2016-08-06,"WI-433247",45.25,-88.5
19.5,2.28,20.23,2016-08-07,"WI-433247",45.25,-88.5
19.2,2.9,25.88,2016-08-08,"WI-433247",45.25,-88.5
22.9,5.17,17.52,2016-08-09,"WI-433247",45.25,-88.5
24.8,4.12,18.11,2016-08-10,"WI-433247",45.25,-88.5
23.3,6.1,10.49,2016-08-11,"WI-433247",45.25,-88.5
22.4,3.72,10.26,2016-08-12,"WI-433247",45.25,-88.5
20.7,3.61,12.01,2016-08-13,"WI-433247",45.25,-88.5
20.6,2.58,20.81,2016-08-14,"WI-433247",45.25,-88.5
20.2,2.73,23.99,2016-08-15,"WI-433247",45.25,-88.5
21.9,3.29,19.72,2016-08-16,"WI-433247",45.25,-88.5
22.5,2.53,20.73,2016-08-17,"WI-433247",45.25,-88.5
22.8,3.79,19,2016-08-18,"WI-433247",45.25,-88.5
21.3,3.31,10.37,2016-08-19,"WI-433247",45.25,-88.5
18.1,5.55,5.21,2016-08-20,"WI-433247",45.25,-88.5
16.5,5.22,17.07,2016-08-21,"WI-433247",45.25,-88.5
17.7,5.33,23.7,2016-08-22,"WI-433247",45.25,-88.5
21.4,5.34,22.71,2016-08-23,"WI-433247",45.25,-88.5
21.4,5.55,10.3,2016-08-24,"WI-433247",45.25,-88.5
20.8,6.13,22.12,2016-08-25,"WI-433247",45.25,-88.5
17.5,3.34,17.84,2016-08-26,"WI-433247",45.25,-88.5
16.5,3.47,8.75,2016-08-27,"WI-433247",45.25,-88.5
20.1,2.46,22.35,2016-08-28,"WI-433247",45.25,-88.5
21.5,3.98,15.06,2016-08-29,"WI-433247",45.25,-88.5
21.7,4.57,12.04,2016-08-30,"WI-433247",45.25,-88.5
17.6,3.44,15.31,2016-08-31,"WI-433247",45.25,-88.5
16.4,4.88,14.26,2016-09-01,"WI-433247",45.25,-88.5
15.3,2.5,22.89,2016-09-02,"WI-433247",45.25,-88.5
16.3,3.55,19.67,2016-09-03,"WI-433247",45.25,-88.5
18.2,4.73,16.12,2016-09-04,"WI-433247",45.25,-88.5
22,6.4,13.83,2016-09-05,"WI-433247",45.25,-88.5
23.3,5.17,10.54,2016-09-06,"WI-433247",45.25,-88.5
19.6,3.22,3.43,2016-09-07,"WI-433247",45.25,-88.5
21,5.32,17.84,2016-09-08,"WI-433247",45.25,-88.5
16.6,2.62,9.71,2016-09-09,"WI-433247",45.25,-88.5
15.5,5.95,6.92,2016-09-10,"WI-433247",45.25,-88.5
15.9,5.62,17.42,2016-09-11,"WI-433247",45.25,-88.5
19,6.08,20.54,2016-09-12,"WI-433247",45.25,-88.5
18.1,4.8,12.12,2016-09-13,"WI-433247",45.25,-88.5
14.9,2.6,18.4,2016-09-14,"WI-433247",45.25,-88.5
15.3,3.64,11.92,2016-09-15,"WI-433247",45.25,-88.5
17.7,4.11,3.69,2016-09-16,"WI-433247",45.25,-88.5
18.5,4.8,15.81,2016-09-17,"WI-433247",45.25,-88.5
17.9,4.43,19.13,2016-09-18,"WI-433247",45.25,-88.5
19.4,5.52,13.99,2016-09-19,"WI-433247",45.25,-88.5
18.7,3.64,16.82,2016-09-20,"WI-433247",45.25,-88.5
17.2,3.23,9.28,2016-09-21,"WI-433247",45.25,-88.5
16.8,4.17,4.93,2016-09-22,"WI-433247",45.25,-88.5
15.1,4.05,16.15,2016-09-23,"WI-433247",45.25,-88.5
14.6,3.8,14.8,2016-09-24,"WI-433247",45.25,-88.5
17.3,5.55,5.81,2016-09-25,"WI-433247",45.25,-88.5
13.2,8.61,12.76,2016-09-26,"WI-433247",45.25,-88.5
10.7,6.58,3.45,2016-09-27,"WI-433247",45.25,-88.5
12.3,5.59,8.66,2016-09-28,"WI-433247",45.25,-88.5
15,4.88,16.78,2016-09-29,"WI-433247",45.25,-88.5
14.3,6.1,8.91,2016-09-30,"WI-433247",45.25,-88.5
14.8,5.64,9.67,2016-10-01,"WI-433247",45.25,-88.5
14.9,2.93,12.36,2016-10-02,"WI-433247",45.25,-88.5
12.9,3.19,11.21,2016-10-03,"WI-433247",45.25,-88.5
15.1,4.92,10.22,2016-10-04,"WI-433247",45.25,-88.5
16.9,5.56,7.13,2016-10-05,"WI-433247",45.25,-88.5
15.8,3.62,12.64,2016-10-06,"WI-433247",45.25,-88.5
12.5,7.72,10.29,2016-10-07,"WI-433247",45.25,-88.5
6.9,5.61,14.54,2016-10-08,"WI-433247",45.25,-88.5
6.5,3.13,12.13,2016-10-09,"WI-433247",45.25,-88.5
12.3,5.49,14.75,2016-10-10,"WI-433247",45.25,-88.5
15.9,4.92,6.86,2016-10-11,"WI-433247",45.25,-88.5
9.8,5.41,1.68,2016-10-12,"WI-433247",45.25,-88.5
3.9,3.77,12.58,2016-10-13,"WI-433247",45.25,-88.5
7.5,6.04,12.56,2016-10-14,"WI-433247",45.25,-88.5
15.3,6.39,2.45,2016-10-15,"WI-433247",45.25,-88.5
15.6,4.32,13.16,2016-10-16,"WI-433247",45.25,-88.5
18,6.62,4.92,2016-10-17,"WI-433247",45.25,-88.5
14.6,5.24,11.59,2016-10-18,"WI-433247",45.25,-88.5
11.4,5,10.89,2016-10-19,"WI-433247",45.25,-88.5
6,3.9,9.59,2016-10-20,"WI-433247",45.25,-88.5
5,2.97,8.84,2016-10-21,"WI-433247",45.25,-88.5
6.4,3.14,9.92,2016-10-22,"WI-433247",45.25,-88.5
6.7,3.98,6.35,2016-10-23,"WI-433247",45.25,-88.5
6,4.26,12.48,2016-10-24,"WI-433247",45.25,-88.5
4.1,3.91,10.73,2016-10-25,"WI-433247",45.25,-88.5
3.9,5.44,0.89,2016-10-26,"WI-433247",45.25,-88.5
5.1,3.71,4.4,2016-10-27,"WI-433247",45.25,-88.5
9.1,5.76,6.57,2016-10-28,"WI-433247",45.25,-88.5
12.3,4.46,2.49,2016-10-29,"WI-433247",45.25,-88.5
7.1,3.31,6.79,2016-10-30,"WI-433247",45.25,-88.5
7.2,5.77,6.34,2016-10-31,"WI-433247",45.25,-88.5
14.3,6.1,10.74,2016-11-01,"WI-433247",45.25,-88.5
9.4,2.63,8.01,2016-11-02,"WI-433247",45.25,-88.5
9.1,3.7,7.86,2016-11-03,"WI-433247",45.25,-88.5
8.2,4.48,9.87,2016-11-04,"WI-433247",45.25,-88.5
12.1,3.72,10.26,2016-11-05,"WI-433247",45.25,-88.5
11.5,3.11,10.05,2016-11-06,"WI-433247",45.25,-88.5
11.4,4.89,10,2016-11-07,"WI-433247",45.25,-88.5
9.2,6.98,5.06,2016-11-08,"WI-433247",45.25,-88.5
7.5,5.32,9.7,2016-11-09,"WI-433247",45.25,-88.5
12.3,6.64,9.44,2016-11-10,"WI-433247",45.25,-88.5
5.2,6.02,6.24,2016-11-11,"WI-433247",45.25,-88.5
3.9,5.99,8.76,2016-11-12,"WI-433247",45.25,-88.5
8.4,6.3,9.23,2016-11-13,"WI-433247",45.25,-88.5
9.3,4.51,8.43,2016-11-14,"WI-433247",45.25,-88.5
7.5,3.55,4.33,2016-11-15,"WI-433247",45.25,-88.5
6.3,3.72,7.7,2016-11-16,"WI-433247",45.25,-88.5
9.7,3.89,6.17,2016-11-17,"WI-433247",45.25,-88.5
9.6,7.44,3.29,2016-11-18,"WI-433247",45.25,-88.5
-1.1,9.29,4.03,2016-11-19,"WI-433247",45.25,-88.5
-3.6,6.18,8.25,2016-11-20,"WI-433247",45.25,-88.5
-4,2.82,8.41,2016-11-21,"WI-433247",45.25,-88.5
-2.7,2.9,5.52,2016-11-22,"WI-433247",45.25,-88.5
0.8,3.92,1.06,2016-11-23,"WI-433247",45.25,-88.5
1.8,2.93,4.13,2016-11-24,"WI-433247",45.25,-88.5
1.6,3.72,3.64,2016-11-25,"WI-433247",45.25,-88.5
2.2,3.32,6.93,2016-11-26,"WI-433247",45.25,-88.5
1.3,5.3,4,2016-11-27,"WI-433247",45.25,-88.5
6,5.69,1.12,2016-11-28,"WI-433247",45.25,-88.5
5.1,6.51,3.33,2016-11-29,"WI-433247",45.25,-88.5
2.5,2.7,5.87,2016-11-30,"WI-433247",45.25,-88.5
1.9,4.95,4.94,2016-12-01,"WI-433247",45.25,-88.5
0.1,3.62,4.85,2016-12-02,"WI-433247",45.25,-88.5
-0.3,2.4,2.88,2016-12-03,"WI-433247",45.25,-88.5
-1.5,3.62,2.04,2016-12-04,"WI-433247",45.25,-88.5
1.2,4.68,7.1,2016-12-05,"WI-433247",45.25,-88.5
-0.1,6.74,2.34,2016-12-06,"WI-433247",45.25,-88.5
-5.9,7.65,5.12,2016-12-07,"WI-433247",45.25,-88.5
-5.3,6.16,5.76,2016-12-08,"WI-433247",45.25,-88.5
-6.7,4.56,6.33,2016-12-09,"WI-433247",45.25,-88.5
-10.5,3.64,7.09,2016-12-10,"WI-433247",45.25,-88.5
-8.1,4.05,2.2,2016-12-11,"WI-433247",45.25,-88.5
-6.7,5,6.04,2016-12-12,"WI-433247",45.25,-88.5
-15.2,6.31,7.46,2016-12-13,"WI-433247",45.25,-88.5
-15.2,7.01,7.14,2016-12-14,"WI-433247",45.25,-88.5
-17.3,6.33,7.42,2016-12-15,"WI-433247",45.25,-88.5
-13.8,3.64,3.9,2016-12-16,"WI-433247",45.25,-88.5
-10.2,5.22,3.22,2016-12-17,"WI-433247",45.25,-88.5
-19.5,4.39,7.44,2016-12-18,"WI-433247",45.25,-88.5
-16.4,6.44,5.23,2016-12-19,"WI-433247",45.25,-88.5
-3,7.49,6.6,2016-12-20,"WI-433247",45.25,-88.5
-2.5,5.7,2.01,2016-12-21,"WI-433247",45.25,-88.5
0.3,5.83,6.43,2016-12-22,"WI-433247",45.25,-88.5
-1.6,5.37,3.42,2016-12-23,"WI-433247",45.25,-88.5
1.2,3.86,3.9,2016-12-24,"WI-433247",45.25,-88.5
-2,7.07,1.91,2016-12-25,"WI-433247",45.25,-88.5
0.4,9.63,6.43,2016-12-26,"WI-433247",45.25,-88.5
-9.1,6.9,6.32,2016-12-27,"WI-433247",45.25,-88.5
-6.9,5.77,5.63,2016-12-28,"WI-433247",45.25,-88.5
-1.9,7.93,4.46,2016-12-29,"WI-433247",45.25,-88.5
-6.7,5.52,4.87,2016-12-30,"WI-433247",45.25,-88.5
-4.6,6.86,5.16,2016-12-31,"WI-433247",45.25,-88.5
-5,5.14,6.88,2017-01-01,"WI-433247",45.25,-88.5
-1.7,3.99,2.14,2017-01-02,"WI-433247",45.25,-88.5
-0.7,7.29,2.37,2017-01-03,"WI-433247",45.25,-88.5
-16.3,8.05,7.41,2017-01-04,"WI-433247",45.25,-88.5
-20.6,4.84,7.86,2017-01-05,"WI-433247",45.25,-88.5
-19.5,4.57,7.91,2017-01-06,"WI-433247",45.25,-88.5
-17.9,6.11,7.76,2017-01-07,"WI-433247",45.25,-88.5
-15.4,4.43,7.53,2017-01-08,"WI-433247",45.25,-88.5
-8.2,4.65,4.48,2017-01-09,"WI-433247",45.25,-88.5
-2.4,9.44,0.83,2017-01-10,"WI-433247",45.25,-88.5
-11.3,8.34,2.76,2017-01-11,"WI-433247",45.25,-88.5
-12,6.64,7.84,2017-01-12,"WI-433247",45.25,-88.5
-16.9,4.03,7.97,2017-01-13,"WI-433247",45.25,-88.5
-10.5,3.9,8.44,2017-01-14,"WI-433247",45.25,-88.5
-9.4,4.3,8.5,2017-01-15,"WI-433247",45.25,-88.5
-4,4.34,6.75,2017-01-16,"WI-433247",45.25,-88.5
0.7,4.36,2.45,2017-01-17,"WI-433247",45.25,-88.5
0.9,4.82,7.72,2017-01-18,"WI-433247",45.25,-88.5
0.8,3.13,8.4,2017-01-19,"WI-433247",45.25,-88.5
0.5,2.26,1.65,2017-01-20,"WI-433247",45.25,-88.5
1.1,3.45,1.58,2017-01-21,"WI-433247",45.25,-88.5
2.7,2.68,2.61,2017-01-22,"WI-433247",45.25,-88.5
2.4,2.78,3.75,2017-01-23,"WI-433247",45.25,-88.5
2.7,2.47,4.42,2017-01-24,"WI-433247",45.25,-88.5
1.1,5.02,2.89,2017-01-25,"WI-433247",45.25,-88.5
-0.3,5.74,5.41,2017-01-26,"WI-433247",45.25,-88.5
-3.5,5,8.01,2017-01-27,"WI-433247",45.25,-88.5
-3.9,6.21,5.31,2017-01-28,"WI-433247",45.25,-88.5
-7.4,4.48,7.3,2017-01-29,"WI-433247",45.25,-88.5
-11.4,4.05,7.43,2017-01-30,"WI-433247",45.25,-88.5
-4.7,5.13,5.34,2017-01-31,"WI-433247",45.25,-88.5
-6.8,5.35,9.37,2017-02-01,"WI-433247",45.25,-88.5
-13.6,6.3,11.09,2017-02-02,"WI-433247",45.25,-88.5
-13,5.2,11.4,2017-02-03,"WI-433247",45.25,-88.5
-9.9,4.49,4,2017-02-04,"WI-433247",45.25,-88.5
-5.4,4.82,8.24,2017-02-05,"WI-433247",45.25,-88.5
-7.6,4.39,10.5,2017-02-06,"WI-433247",45.25,-88.5
-3.2,5.59,3.36,2017-02-07,"WI-433247",45.25,-88.5
-9.7,4.44,10.9,2017-02-08,"WI-433247",45.25,-88.5
-14.4,5.16,12.41,2017-02-09,"WI-433247",45.25,-88.5
-4.8,5.64,8,2017-02-10,"WI-433247",45.25,-88.5
1,3.06,5.99,2017-02-11,"WI-433247",45.25,-88.5
0.3,10.4,10.88,2017-02-12,"WI-433247",45.25,-88.5
-0.5,5.19,12.07,2017-02-13,"WI-433247",45.25,-88.5
1,7.54,10.44,2017-02-14,"WI-433247",45.25,-88.5
-6,5.36,9.22,2017-02-15,"WI-433247",45.25,-88.5
-7.9,3.18,9.8,2017-02-16,"WI-433247",45.25,-88.5
0.1,5.1,12.86,2017-02-17,"WI-433247",45.25,-88.5
7.6,6.07,12.88,2017-02-18,"WI-433247",45.25,-88.5
5.8,4.62,12.12,2017-02-19,"WI-433247",45.25,-88.5
5.5,6.4,8.17,2017-02-20,"WI-433247",45.25,-88.5
10.4,6.33,13.1,2017-02-21,"WI-433247",45.25,-88.5
8.8,4.28,9.24,2017-02-22,"WI-433247",45.25,-88.5
3.4,5.1,10.5,2017-02-23,"WI-433247",45.25,-88.5
-3.2,7.22,3.2,2017-02-24,"WI-433247",45.25,-88.5
-7.6,6.65,10.98,2017-02-25,"WI-433247",45.25,-88.5
-3.6,7.11,13.06,2017-02-26,"WI-433247",45.25,-88.5
-4.3,4.68,14.92,2017-02-27,"WI-433247",45.25,-88.5
2,5.29,3.82,2017-02-28,"WI-433247",45.25,-88.5
-3.5,7.38,4.59,2017-03-01,"WI-433247",45.25,-88.5
-7.4,5.86,13.3,2017-03-02,"WI-433247",45.25,-88.5
-11.7,3.52,17.09,2017-03-03,"WI-433247",45.25,-88.5
-8.7,5.48,16.39,2017-03-04,"WI-433247",45.25,-88.5
0.4,4.89,5.83,2017-03-05,"WI-433247",45.25,-88.5
8.1,6.51,4.58,2017-03-06,"WI-433247",45.25,-88.5
6.5,11.14,15,2017-03-07,"WI-433247",45.25,-88.5
-1.1,10.93,15.6,2017-03-08,"WI-433247",45.25,-88.5
-2.9,6.99,12.88,2017-03-09,"WI-433247",45.25,-88.5
-10.2,6.44,18.43,2017-03-10,"WI-433247",45.25,-88.5
-9.4,4.68,18.42,2017-03-11,"WI-433247",45.25,-88.5
-7.8,3.1,15.99,2017-03-12,"WI-433247",45.25,-88.5
-7.3,4.55,13.27,2017-03-13,"WI-433247",45.25,-88.5
-7.8,5.15,15.42,2017-03-14,"WI-433247",45.25,-88.5
-4.1,4.05,19.41,2017-03-15,"WI-433247",45.25,-88.5
-0.9,3.51,19.57,2017-03-16,"WI-433247",45.25,-88.5
0.3,3.85,3.99,2017-03-17,"WI-433247",45.25,-88.5
1.6,6.59,9.28,2017-03-18,"WI-433247",45.25,-88.5
2,5.18,17.19,2017-03-19,"WI-433247",45.25,-88.5
5.8,4.41,14.88,2017-03-20,"WI-433247",45.25,-88.5
0.4,6.09,13.06,2017-03-21,"WI-433247",45.25,-88.5
-3.4,4.3,20.47,2017-03-22,"WI-433247",45.25,-88.5
-0.3,5.38,6.77,2017-03-23,"WI-433247",45.25,-88.5
2.1,4.36,2.2,2017-03-24,"WI-433247",45.25,-88.5
1.8,6.49,13.61,2017-03-25,"WI-433247",45.25,-88.5
1.4,4.36,1.74,2017-03-26,"WI-433247",45.25,-88.5
4,2.6,3.9,2017-03-27,"WI-433247",45.25,-88.5
6.4,3.22,21.45,2017-03-28,"WI-433247",45.25,-88.5
3.5,3.73,11.34,2017-03-29,"WI-433247",45.25,-88.5
2.2,5.46,8.07,2017-03-30,"WI-433247",45.25,-88.5
6.1,5.74,21.24,2017-03-31,"WI-433247",45.25,-88.5
8.9,3.68,16.88,2017-04-01,"WI-433247",45.25,-88.5
8.6,4.69,15.22,2017-04-02,"WI-433247",45.25,-88.5
7.1,4.83,4.1,2017-04-03,"WI-433247",45.25,-88.5
9.6,5.52,17.5,2017-04-04,"WI-433247",45.25,-88.5
6.3,5.12,11.32,2017-04-05,"WI-433247",45.25,-88.5
4.9,8.21,21.69,2017-04-06,"WI-433247",45.25,-88.5
7.1,5.82,23.36,2017-04-07,"WI-433247",45.25,-88.5
11,6.3,23.05,2017-04-08,"WI-433247",45.25,-88.5
16.6,4.81,13.79,2017-04-09,"WI-433247",45.25,-88.5
7.2,6.11,3.78,2017-04-10,"WI-433247",45.25,-88.5
2.8,4.05,9.73,2017-04-11,"WI-433247",45.25,-88.5
6.8,3.11,20.85,2017-04-12,"WI-433247",45.25,-88.5
7.9,3.72,15.63,2017-04-13,"WI-433247",45.25,-88.5
9.4,4.97,19.39,2017-04-14,"WI-433247",45.25,-88.5
14.4,4.55,6.54,2017-04-15,"WI-433247",45.25,-88.5
14.5,8.37,22.1,2017-04-16,"WI-433247",45.25,-88.5
6.5,3.36,13.87,2017-04-17,"WI-433247",45.25,-88.5
9.1,6.13,13.76,2017-04-18,"WI-433247",45.25,-88.5
10,6.11,20.07,2017-04-19,"WI-433247",45.25,-88.5
4.7,6.46,3.35,2017-04-20,"WI-433247",45.25,-88.5
8.6,6.43,25.4,2017-04-21,"WI-433247",45.25,-88.5
10.9,4.07,26.79,2017-04-22,"WI-433247",45.25,-88.5
8.1,4.3,17.65,2017-04-23,"WI-433247",45.25,-88.5
7.8,4.97,21.64,2017-04-24,"WI-433247",45.25,-88.5
14.5,4.74,21.83,2017-04-25,"WI-433247",45.25,-88.5
13,4.75,6.84,2017-04-26,"WI-433247",45.25,-88.5
2.8,5.28,4.34,2017-04-27,"WI-433247",45.25,-88.5
4.1,5.02,22.72,2017-04-28,"WI-433247",45.25,-88.5
6,5.41,21.47,2017-04-29,"WI-433247",45.25,-88.5
4.8,6.43,7.68,2017-04-30,"WI-433247",45.25,-88.5
5.1,6.54,7.98,2017-05-01,"WI-433247",45.25,-88.5
6.7,7.16,14.5,2017-05-02,"WI-433247",45.25,-88.5
10.4,4.62,23.7,2017-05-03,"WI-433247",45.25,-88.5
11,4.55,22.49,2017-05-04,"WI-433247",45.25,-88.5
10.5,3.71,27.03,2017-05-05,"WI-433247",45.25,-88.5
9.6,5.6,28.24,2017-05-06,"WI-433247",45.25,-88.5
7.2,4.63,29.46,2017-05-07,"WI-433247",45.25,-88.5
7.4,2.62,29.37,2017-05-08,"WI-433247",45.25,-88.5
8.9,2.86,16.21,2017-05-09,"WI-433247",45.25,-88.5
13.4,3.33,15.02,2017-05-10,"WI-433247",45.25,-88.5
14.5,3.2,20.55,2017-05-11,"WI-433247",45.25,-88.5
14.9,3.72,26.08,2017-05-12,"WI-433247",45.25,-88.5
15.2,3.61,22.8,2017-05-13,"WI-433247",45.25,-88.5
13.7,3.89,27.19,2017-05-14,"WI-433247",45.25,-88.5
13.1,3.61,15.25,2017-05-15,"WI-433247",45.25,-88.5
17.4,4.56,13.98,2017-05-16,"WI-433247",45.25,-88.5
20.1,5.8,10.54,2017-05-17,"WI-433247",45.25,-88.5
11.5,6.75,12.96,2017-05-18,"WI-433247",45.25,-88.5
7.7,5.17,23.08,2017-05-19,"WI-433247",45.25,-88.5
7.8,6.8,16.03,2017-05-20,"WI-433247",45.25,-88.5
10.2,6.08,8.2,2017-05-21,"WI-433247",45.25,-88.5
12,6.39,16.27,2017-05-22,"WI-433247",45.25,-88.5
11.7,3.94,15.22,2017-05-23,"WI-433247",45.25,-88.5
11.6,4.6,12.16,2017-05-24,"WI-433247",45.25,-88.5
15.8,3.97,22.73,2017-05-25,"WI-433247",45.25,-88.5
16.5,3.37,18.06,2017-05-26,"WI-433247",45.25,-88.5
18.8,4.2,22.54,2017-05-27,"WI-433247",45.25,-88.5
17.2,5.42,21.71,2017-05-28,"WI-433247",45.25,-88.5
14.7,5.95,22.88,2017-05-29,"WI-433247",45.25,-88.5
13.1,5.84,22.15,2017-05-30,"WI-433247",45.25,-88.5
14.9,7.13,22.45,2017-05-31,"WI-433247",45.25,-88.5
16.3,4,27.14,2017-06-01,"WI-433247",45.25,-88.5
19.7,3.45,28.31,2017-06-02,"WI-433247",45.25,-88.5
19.7,4.78,21.68,2017-06-03,"WI-433247",45.25,-88.5
22.5,4.46,25.78,2017-06-04,"WI-433247",45.25,-88.5
18.2,4.88,28.29,2017-06-05,"WI-433247",45.25,-88.5
18.2,3.41,30.73,2017-06-06,"WI-433247",45.25,-88.5
19.3,2.81,30.83,2017-06-07,"WI-433247",45.25,-88.5
20.1,3.98,24.46,2017-06-08,"WI-433247",45.25,-88.5
18.7,4.05,22.74,2017-06-09,"WI-433247",45.25,-88.5
24.1,8.99,29.61,2017-06-10,"WI-433247",45.25,-88.5
23.8,5.78,11.44,2017-06-11,"WI-433247",45.25,-88.5
24,5.24,16.38,2017-06-12,"WI-433247",45.25,-88.5
19.5,5.19,25.17,2017-06-13,"WI-433247",45.25,-88.5
20.8,4.66,15.34,2017-06-14,"WI-433247",45.25,-88.5
22.8,5.67,26.41,2017-06-15,"WI-433247",45.25,-88.5
22.1,4.95,23.02,2017-06-16,"WI-433247",45.25,-88.5
21.9,3.83,24.03,2017-06-17,"WI-433247",45.25,-88.5
17.7,6.38,15.19,2017-06-18,"WI-433247",45.25,-88.5
16.4,5.02,20.8,2017-06-19,"WI-433247",45.25,-88.5
16.1,4.1,23.43,2017-06-20,"WI-433247",45.25,-88.5
17.6,3.67,24.55,2017-06-21,"WI-433247",45.25,-88.5
18.8,4.24,9.27,2017-06-22,"WI-433247",45.25,-88.5
18.9,6.14,24.68,2017-06-23,"WI-433247",45.25,-88.5
15.6,4.22,18.96,2017-06-24,"WI-433247",45.25,-88.5
14.1,4.18,19.32,2017-06-25,"WI-433247",45.25,-88.5
12.1,6.02,17.09,2017-06-26,"WI-433247",45.25,-88.5
16.9,3.78,23.26,2017-06-27,"WI-433247",45.25,-88.5
16.4,6.12,9.19,2017-06-28,"WI-433247",45.25,-88.5
20,6.1,12,2017-06-29,"WI-433247",45.25,-88.5
19.9,4.37,19.92,2017-06-30,"WI-433247",45.25,-88.5
18.9,3.31,22.1,2017-07-01,"WI-433247",45.25,-88.5
19.5,4.3,27.59,2017-07-02,"WI-433247",45.25,-88.5
18.8,2.97,20.07,2017-07-03,"WI-433247",45.25,-88.5
20.4,3.18,30,2017-07-04,"WI-433247",45.25,-88.5
21.6,3.97,22.23,2017-07-05,"WI-433247",45.25,-88.5
23.5,4.98,21.88,2017-07-06,"WI-433247",45.25,-88.5
20.1,5.23,23.16,2017-07-07,"WI-433247",45.25,-88.5
18.8,4.74,23.86,2017-07-08,"WI-433247",45.25,-88.5
19.8,4.51,15.71,2017-07-09,"WI-433247",45.25,-88.5
21.7,2.33,19.99,2017-07-10,"WI-433247",45.25,-88.5
22.7,2.42,21.82,2017-07-11,"WI-433247",45.25,-88.5
21.8,4.22,11.52,2017-07-12,"WI-433247",45.25,-88.5
18.6,3.2,11.88,2017-07-13,"WI-433247",45.25,-88.5
18.2,3.23,18.34,2017-07-14,"WI-433247",45.25,-88.5
21,4.85,22.89,2017-07-15,"WI-433247",45.25,-88.5
18.2,4.18,24.95,2017-07-16,"WI-433247",45.25,-88.5
17.6,3.62,29.01,2017-07-17,"WI-433247",45.25,-88.5
21.3,5.33,16.29,2017-07-18,"WI-433247",45.25,-88.5
22.4,5.1,29.26,2017-07-19,"WI-433247",45.25,-88.5
23.6,4.58,27.36,2017-07-20,"WI-433247",45.25,-88.5
22.2,5.48,20.55,2017-07-21,"WI-433247",45.25,-88.5
21.6,3.28,19.93,2017-07-22,"WI-433247",45.25,-88.5
19.9,6.04,22.93,2017-07-23,"WI-433247",45.25,-88.5
17.7,3.23,29.22,2017-07-24,"WI-433247",45.25,-88.5
18.3,4.32,25.34,2017-07-25,"WI-433247",45.25,-88.5
21.8,4.74,10.16,2017-07-26,"WI-433247",45.25,-88.5
21.6,3.5,22.62,2017-07-27,"WI-433247",45.25,-88.5
19.8,3.91,27.08,2017-07-28,"WI-433247",45.25,-88.5
20,2.82,27.94,2017-07-29,"WI-433247",45.25,-88.5
22.3,3.31,24.47,2017-07-30,"WI-433247",45.25,-88.5
24,2.73,23.76,2017-07-31,"WI-433247",45.25,-88.5
23.4,4.18,23.11,2017-08-01,"WI-433247",45.25,-88.5
20,3.9,18.17,2017-08-02,"WI-433247",45.25,-88.5
14.9,4.26,6.11,2017-08-03,"WI-433247",45.25,-88.5
14.7,9.5,14.11,2017-08-04,"WI-433247",45.25,-88.5
16.9,3.28,21.81,2017-08-05,"WI-433247",45.25,-88.5
16.4,2.5,20.07,2017-08-06,"WI-433247",45.25,-88.5
17.5,3.18,22.5,2017-08-07,"WI-433247",45.25,-88.5
20.4,4.62,23.94,2017-08-08,"WI-433247",45.25,-88.5
20.2,4.06,18.29,2017-08-09,"WI-433247",45.25,-88.5
18.9,4.46,14.84,2017-08-10,"WI-433247",45.25,-88.5
17.4,5.85,16.77,2017-08-11,"WI-433247",45.25,-88.5
18.6,3.81,25.12,2017-08-12,"WI-433247",45.25,-88.5
18.7,2.66,20.73,2017-08-13,"WI-433247",45.25,-88.5
17.9,2.46,12.98,2017-08-14,"WI-433247",45.25,-88.5
17.8,3.31,17.51,2017-08-15,"WI-433247",45.25,-88.5
18.1,3.34,14.84,2017-08-16,"WI-433247",45.25,-88.5
20.5,5.91,9.41,2017-08-17,"WI-433247",45.25,-88.5
19.2,6.15,17.96,2017-08-18,"WI-433247",45.25,-88.5
20.6,4.44,22.55,2017-08-19,"WI-433247",45.25,-88.5
21.4,5.08,20.74,2017-08-20,"WI-433247",45.25,-88.5
21.3,3.71,14.32,2017-08-21,"WI-433247",45.25,-88.5
18.9,6.99,20.23,2017-08-22,"WI-433247",45.25,-88.5
15.6,4.9,18.9,2017-08-23,"WI-433247",45.25,-88.5
13.6,2.73,23.22,2017-08-24,"WI-433247",45.25,-88.5
13.4,2.7,24.51,2017-08-25,"WI-433247",45.25,-88.5
13.7,3.58,9.75,2017-08-26,"WI-433247",45.25,-88.5
16.3,4.62,5,2017-08-27,"WI-433247",45.25,-88.5
17.4,2.91,6.77,2017-08-28,"WI-433247",45.25,-88.5
17.7,2.72,15.88,2017-08-29,"WI-433247",45.25,-88.5
17.2,4.83,14.65,2017-08-30,"WI-433247",45.25,-88.5
13.2,3.68,21.9,2017-08-31,"WI-433247",45.25,-88.5
12.5,3.01,23.12,2017-09-01,"WI-433247",45.25,-88.5
11.8,3.64,7.62,2017-09-02,"WI-433247",45.25,-88.5
18.8,6.79,19.9,2017-09-03,"WI-433247",45.25,-88.5
18.3,6.84,19.21,2017-09-04,"WI-433247",45.25,-88.5
11.8,6.01,16.89,2017-09-05,"WI-433247",45.25,-88.5
11.6,4.64,16.41,2017-09-06,"WI-433247",45.25,-88.5
11.1,3.16,14.68,2017-09-07,"WI-433247",45.25,-88.5
10.9,3.36,18.52,2017-09-08,"WI-433247",45.25,-88.5
11.5,3.12,18.68,2017-09-09,"WI-433247",45.25,-88.5
13.3,3.55,21.16,2017-09-10,"WI-433247",45.25,-88.5
15.6,4.48,20.41,2017-09-11,"WI-433247",45.25,-88.5
18.5,2.73,20.65,2017-09-12,"WI-433247",45.25,-88.5
18.1,2.6,19.67,2017-09-13,"WI-433247",45.25,-88.5
19.6,3.77,19.54,2017-09-14,"WI-433247",45.25,-88.5
22.1,5.06,18.18,2017-09-15,"WI-433247",45.25,-88.5
23.2,5.12,15.74,2017-09-16,"WI-433247",45.25,-88.5
18.4,5,16.93,2017-09-17,"WI-433247",45.25,-88.5
14.3,3.33,14.54,2017-09-18,"WI-433247",45.25,-88.5
17.1,4.03,16.3,2017-09-19,"WI-433247",45.25,-88.5
19.8,6.9,10.92,2017-09-20,"WI-433247",45.25,-88.5
20.6,3.7,15.19,2017-09-21,"WI-433247",45.25,-88.5
24,4.88,16.5,2017-09-22,"WI-433247",45.25,-88.5
25.9,5.34,16.96,2017-09-23,"WI-433247",45.25,-88.5
24.6,4.78,15.32,2017-09-24,"WI-433247",45.25,-88.5
23.2,3.57,14.53,2017-09-25,"WI-433247",45.25,-88.5
19.5,5.5,8.52,2017-09-26,"WI-433247",45.25,-88.5
13.2,5.77,10.09,2017-09-27,"WI-433247",45.25,-88.5
13.7,4.72,13.26,2017-09-28,"WI-433247",45.25,-88.5
11.8,5.43,10.73,2017-09-29,"WI-433247",45.25,-88.5
9.7,3.34,17.3,2017-09-30,"WI-433247",45.25,-88.5
12.7,4.84,15.82,2017-10-01,"WI-433247",45.25,-88.5
17.5,5.66,9.52,2017-10-02,"WI-433247",45.25,-88.5
20.9,7.7,9.41,2017-10-03,"WI-433247",45.25,-88.5
14,6.02,16.04,2017-10-04,"WI-433247",45.25,-88.5
10.1,4.25,6.07,2017-10-05,"WI-433247",45.25,-88.5
13.1,3.83,9.44,2017-10-06,"WI-433247",45.25,-88.5
17.4,6.87,3.14,2017-10-07,"WI-433247",45.25,-88.5
16.3,5.63,15.29,2017-10-08,"WI-433247",45.25,-88.5
13.5,4.24,10.35,2017-10-09,"WI-433247",45.25,-88.5
8.9,3.77,14.56,2017-10-10,"WI-433247",45.25,-88.5
9.4,4.94,10.37,2017-10-11,"WI-433247",45.25,-88.5
11.6,3.55,5.32,2017-10-12,"WI-433247",45.25,-88.5
13.3,4.37,5.97,2017-10-13,"WI-433247",45.25,-88.5
9,5.85,7.81,2017-10-14,"WI-433247",45.25,-88.5
8.1,7.18,8.34,2017-10-15,"WI-433247",45.25,-88.5
7.6,4.92,13.01,2017-10-16,"WI-433247",45.25,-88.5
13.3,5.22,12.75,2017-10-17,"WI-433247",45.25,-88.5
15.4,6.8,13.03,2017-10-18,"WI-433247",45.25,-88.5
13.2,5.77,13.26,2017-10-19,"WI-433247",45.25,-88.5
15.4,5.18,12.87,2017-10-20,"WI-433247",45.25,-88.5
18.3,5.85,11.35,2017-10-21,"WI-433247",45.25,-88.5
13.4,5.45,1.41,2017-10-22,"WI-433247",45.25,-88.5
9.3,4.56,9.14,2017-10-23,"WI-433247",45.25,-88.5
6.3,9.54,2.93,2017-10-24,"WI-433247",45.25,-88.5
4.3,5.45,9.69,2017-10-25,"WI-433247",45.25,-88.5
6,6.33,6.23,2017-10-26,"WI-433247",45.25,-88.5
4.5,4.72,5.01,2017-10-27,"WI-433247",45.25,-88.5
2.6,8.01,7.71,2017-10-28,"WI-433247",45.25,-88.5
1.2,4.06,10.03,2017-10-29,"WI-433247",45.25,-88.5
2.4,6.28,8.5,2017-10-30,"WI-433247",45.25,-88.5
0.6,5.95,8.24,2017-10-31,"WI-433247",45.25,-88.5
0.7,5.41,8.72,2017-11-01,"WI-433247",45.25,-88.5
3.8,4.12,4.59,2017-11-02,"WI-433247",45.25,-88.5
2.5,4.36,6.66,2017-11-03,"WI-433247",45.25,-88.5
2.2,4.21,2.26,2017-11-04,"WI-433247",45.25,-88.5
4.1,5.06,3.2,2017-11-05,"WI-433247",45.25,-88.5
-0.5,4.03,10.58,2017-11-06,"WI-433247",45.25,-88.5
-1.1,3.26,10.11,2017-11-07,"WI-433247",45.25,-88.5
-1.3,5.26,8.94,2017-11-08,"WI-433247",45.25,-88.5
-4.7,6.93,8.74,2017-11-09,"WI-433247",45.25,-88.5
-8.9,4.08,10.19,2017-11-10,"WI-433247",45.25,-88.5
-3.1,5.35,2.62,2017-11-11,"WI-433247",45.25,-88.5
-1.1,2.44,6.85,2017-11-12,"WI-433247",45.25,-88.5
0,2.94,7.1,2017-11-13,"WI-433247",45.25,-88.5
1.9,4.18,1.53,2017-11-14,"WI-433247",45.25,-88.5
4.1,6.86,1.23,2017-11-15,"WI-433247",45.25,-88.5
-0.7,6.82,4.55,2017-11-16,"WI-433247",45.25,-88.5
0.6,5.43,1.15,2017-11-17,"WI-433247",45.25,-88.5
1.6,6.19,3.01,2017-11-18,"WI-433247",45.25,-88.5
-3.3,5.87,8.88,2017-11-19,"WI-433247",45.25,-88.5
0.6,6.54,6.24,2017-11-20,"WI-433247",45.25,-88.5
-0.4,8.02,4.33,2017-11-21,"WI-433247",45.25,-88.5
-4.7,4.88,7.08,2017-11-22,"WI-433247",45.25,-88.5
-0.1,4.22,7.73,2017-11-23,"WI-433247",45.25,-88.5
7.6,6.36,6.86,2017-11-24,"WI-433247",45.25,-88.5
1.2,6.09,5.44,2017-11-25,"WI-433247",45.25,-88.5
0.2,6.04,7.15,2017-11-26,"WI-433247",45.25,-88.5
1.2,5.67,5.22,2017-11-27,"WI-433247",45.25,-88.5
8.1,6.94,5.71,2017-11-28,"WI-433247",45.25,-88.5
-0.8,6.11,7.79,2017-11-29,"WI-433247",45.25,-88.5
3.1,7.83,6.78,2017-11-30,"WI-433247",45.25,-88.5
1.7,4.43,5.88,2017-12-01,"WI-433247",45.25,-88.5
4.3,4.66,7.21,2017-12-02,"WI-433247",45.25,-88.5
2.6,3.54,6.65,2017-12-03,"WI-433247",45.25,-88.5
9.7,6.99,1.02,2017-12-04,"WI-433247",45.25,-88.5
-1.9,9.62,5,2017-12-05,"WI-433247",45.25,-88.5
-7.3,8.13,5.98,2017-12-06,"WI-433247",45.25,-88.5
-7.1,5.55,6.47,2017-12-07,"WI-433247",45.25,-88.5
-5.3,5.49,4.72,2017-12-08,"WI-433247",45.25,-88.5
-7,5.53,6.69,2017-12-09,"WI-433247",45.25,-88.5
-6.9,4.2,4.54,2017-12-10,"WI-433247",45.25,-88.5
-6.6,6.87,2.32,2017-12-11,"WI-433247",45.25,-88.5
-10.6,6.41,6.11,2017-12-12,"WI-433247",45.25,-88.5
-9.5,5.95,1.35,2017-12-13,"WI-433247",45.25,-88.5
-11.6,3.91,6.18,2017-12-14,"WI-433247",45.25,-88.5
-9.7,4.72,6.56,2017-12-15,"WI-433247",45.25,-88.5
-9.2,3.06,3.8,2017-12-16,"WI-433247",45.25,-88.5
-4.1,2.87,2.08,2017-12-17,"WI-433247",45.25,-88.5
-1,5.39,3.98,2017-12-18,"WI-433247",45.25,-88.5
1,7.65,6.63,2017-12-19,"WI-433247",45.25,-88.5
-8.9,4.96,6.38,2017-12-20,"WI-433247",45.25,-88.5
-6.8,3.04,2.65,2017-12-21,"WI-433247",45.25,-88.5
-3.4,3.86,3.3,2017-12-22,"WI-433247",45.25,-88.5
-10.4,4.92,6.76,2017-12-23,"WI-433247",45.25,-88.5
-12.4,4.3,4.71,2017-12-24,"WI-433247",45.25,-88.5
-18.2,6.55,7.16,2017-12-25,"WI-433247",45.25,-88.5
-24,4.96,7.37,2017-12-26,"WI-433247",45.25,-88.5
-22.8,4.25,7.43,2017-12-27,"WI-433247",45.25,-88.5
-20.8,2.68,4.16,2017-12-28,"WI-433247",45.25,-88.5
-17.2,4.34,5.57,2017-12-29,"WI-433247",45.25,-88.5
-17.5,7.15,6.94,2017-12-30,"WI-433247",45.25,-88.5
-19.2,4.83,7.51,2017-12-31,"WI-433247",45.25,-88.5
-19.9,5.04,7.55,2018-01-01,"WI-433247",45.25,-88.5
-14.8,6.04,6.58,2018-01-02,"WI-433247",45.25,-88.5
-13.5,5.09,6.78,2018-01-03,"WI-433247",45.25,-88.5
-17.9,4.3,7.4,2018-01-04,"WI-433247",45.25,-88.5
-18.3,4.87,7.71,2018-01-05,"WI-433247",45.25,-88.5
-17.6,4.87,7.68,2018-01-06,"WI-433247",45.25,-88.5
-8.2,6.36,5.57,2018-01-07,"WI-433247",45.25,-88.5
-2.1,6.83,6.95,2018-01-08,"WI-433247",45.25,-88.5
-6.3,3.83,6.06,2018-01-09,"WI-433247",45.25,-88.5
0.8,5.72,2.83,2018-01-10,"WI-433247",45.25,-88.5
1.9,6.29,0.89,2018-01-11,"WI-433247",45.25,-88.5
-14,6.02,8.43,2018-01-12,"WI-433247",45.25,-88.5
-18.9,4.69,8.4,2018-01-13,"WI-433247",45.25,-88.5
-19.4,4.22,7.91,2018-01-14,"WI-433247",45.25,-88.5
-9.2,4.85,4.23,2018-01-15,"WI-433247",45.25,-88.5
-10.8,3.96,6.72,2018-01-16,"WI-433247",45.25,-88.5
-9.6,7.68,7.82,2018-01-17,"WI-433247",45.25,-88.5
-3.6,6.2,5.85,2018-01-18,"WI-433247",45.25,-88.5
-0.6,5.59,4.8,2018-01-19,"WI-433247",45.25,-88.5
2.2,5.02,6.46,2018-01-20,"WI-433247",45.25,-88.5
1.5,3.26,4.59,2018-01-21,"WI-433247",45.25,-88.5
-0.4,6.95,1.36,2018-01-22,"WI-433247",45.25,-88.5
-5.3,7.14,6.18,2018-01-23,"WI-433247",45.25,-88.5
-10.5,3.14,8.02,2018-01-24,"WI-433247",45.25,-88.5
-6.7,3.33,5.57,2018-01-25,"WI-433247",45.25,-88.5
1.5,6.31,6.63,2018-01-26,"WI-433247",45.25,-88.5
1.2,6.6,8.6,2018-01-27,"WI-433247",45.25,-88.5
-5.8,3.67,7.12,2018-01-28,"WI-433247",45.25,-88.5
-10.6,3.52,9.05,2018-01-29,"WI-433247",45.25,-88.5
-11.2,5.63,8.07,2018-01-30,"WI-433247",45.25,-88.5
-2,6.36,9.12,2018-01-31,"WI-433247",45.25,-88.5
-15.3,6.59,10.38,2018-02-01,"WI-433247",45.25,-88.5
-17.9,4.31,10.65,2018-02-02,"WI-433247",45.25,-88.5
-13.6,4.39,3.92,2018-02-03,"WI-433247",45.25,-88.5
-14.8,5,10.39,2018-02-04,"WI-433247",45.25,-88.5
-17.1,5.21,9.87,2018-02-05,"WI-433247",45.25,-88.5
-16.7,3.77,11.91,2018-02-06,"WI-433247",45.25,-88.5
-15.1,3.11,10.5,2018-02-07,"WI-433247",45.25,-88.5
-15.4,4.62,11.78,2018-02-08,"WI-433247",45.25,-88.5
-14.1,3.24,12.3,2018-02-09,"WI-433247",45.25,-88.5
-13.9,3.38,11.94,2018-02-10,"WI-433247",45.25,-88.5
-11.4,5.91,11.56,2018-02-11,"WI-433247",45.25,-88.5
-13.9,4.25,12.99,2018-02-12,"WI-433247",45.25,-88.5
-9.5,5.84,8.86,2018-02-13,"WI-433247",45.25,-88.5
-0.4,5.8,12.91,2018-02-14,"WI-433247",45.25,-88.5
1.8,5.37,10.17,2018-02-15,"WI-433247",45.25,-88.5
-7.7,5.09,13.82,2018-02-16,"WI-433247",45.25,-88.5
-6.4,5.54,6.1,2018-02-17,"WI-433247",45.25,-88.5
-5.2,6.41,5.96,2018-02-18,"WI-433247",45.25,-88.5
-3.1,5.33,3.37,2018-02-19,"WI-433247",45.25,-88.5
-1.9,4.63,4.34,2018-02-20,"WI-433247",45.25,-88.5
-8.9,4.58,14.27,2018-02-21,"WI-433247",45.25,-88.5
-8,3.61,10.39,2018-02-22,"WI-433247",45.25,-88.5
-0.1,6.25,8.84,2018-02-23,"WI-433247",45.25,-88.5
-3.6,6.3,13.49,2018-02-24,"WI-433247",45.25,-88.5
-1.5,9.18,11.56,2018-02-25,"WI-433247",45.25,-88.5
-1.1,5.41,15.18,2018-02-26,"WI-433247",45.25,-88.5
3.7,5.17,13.96,2018-02-27,"WI-433247",45.25,-88.5
2.5,3.94,14.64,2018-02-28,"WI-433247",45.25,-88.5
-2.1,3.33,10.09,2018-03-01,"WI-433247",45.25,-88.5
-1.7,3.51,15.1,2018-03-02,"WI-433247",45.25,-88.5
-1.2,3.98,16.01,2018-03-03,"WI-433247",45.25,-88.5
0,5.15,7.77,2018-03-04,"WI-433247",45.25,-88.5
-1,7.1,11.81,2018-03-05,"WI-433247",45.25,-88.5
-2.5,6.13,6.29,2018-03-06,"WI-433247",45.25,-88.5
-6.9,5.81,14.08,2018-03-07,"WI-433247",45.25,-88.5
-5.5,5.02,13.65,2018-03-08,"WI-433247",45.25,-88.5
-4.5,3.35,13.95,2018-03-09,"WI-433247",45.25,-88.5
-5.1,2.73,17.49,2018-03-10,"WI-433247",45.25,-88.5
-3.1,3.54,16.96,2018-03-11,"WI-433247",45.25,-88.5
0.2,6.19,15.21,2018-03-12,"WI-433247",45.25,-88.5
-5.5,6.61,15.75,2018-03-13,"WI-433247",45.25,-88.5
-2.4,5.31,18.76,2018-03-14,"WI-433247",45.25,-88.5
-3.1,5.22,16.34,2018-03-15,"WI-433247",45.25,-88.5
-4.1,3.42,19.47,2018-03-16,"WI-433247",45.25,-88.5
1.1,3.76,19.56,2018-03-17,"WI-433247",45.25,-88.5
4.1,4.43,19.14,2018-03-18,"WI-433247",45.25,-88.5
-1.4,4.61,16.94,2018-03-19,"WI-433247",45.25,-88.5
-4.4,4.6,13.68,2018-03-20,"WI-433247",45.25,-88.5
-3,3.33,18.6,2018-03-21,"WI-433247",45.25,-88.5
-1.7,3.11,20.55,2018-03-22,"WI-433247",45.25,-88.5
-1.8,4.57,20.8,2018-03-23,"WI-433247",45.25,-88.5
-2.7,5.6,16.26,2018-03-24,"WI-433247",45.25,-88.5
-1.8,4.12,19.07,2018-03-25,"WI-433247",45.25,-88.5
1.3,4.88,17.2,2018-03-26,"WI-433247",45.25,-88.5
3.8,5.47,15.54,2018-03-27,"WI-433247",45.25,-88.5
4.6,4.74,21.86,2018-03-28,"WI-433247",45.25,-88.5
2.7,4.34,20.16,2018-03-29,"WI-433247",45.25,-88.5
0.4,5.86,16.96,2018-03-30,"WI-433247",45.25,-88.5
-2.5,7.59,11.53,2018-03-31,"WI-433247",45.25,-88.5
-7.8,5.5,22.97,2018-04-01,"WI-433247",45.25,-88.5
-4.3,3.6,16.65,2018-04-02,"WI-433247",45.25,-88.5
-2.8,6.08,5.46,2018-04-03,"WI-433247",45.25,-88.5
-5.3,7.57,21.99,2018-04-04,"WI-433247",45.25,-88.5
-3.5,5.34,21.82,2018-04-05,"WI-433247",45.25,-88.5
-3.9,7.63,22.15,2018-04-06,"WI-433247",45.25,-88.5
-6.8,5.66,24.46,2018-04-07,"WI-433247",45.25,-88.5
-5.5,3.22,23.49,2018-04-08,"WI-433247",45.25,-88.5
-1.5,3.24,17.55,2018-04-09,"WI-433247",45.25,-88.5
-1.1,4.83,19.86,2018-04-10,"WI-433247",45.25,-88.5
3.5,4.12,23.28,2018-04-11,"WI-433247",45.25,-88.5
3.7,3.62,13.74,2018-04-12,"WI-433247",45.25,-88.5
1.9,6.3,12.1,2018-04-13,"WI-433247",45.25,-88.5
-3,8.29,7.88,2018-04-14,"WI-433247",45.25,-88.5
-5.6,8.38,4.59,2018-04-15,"WI-433247",45.25,-88.5
-2.8,6.3,11.49,2018-04-16,"WI-433247",45.25,-88.5
-1,5.61,14.63,2018-04-17,"WI-433247",45.25,-88.5
1.1,5.94,15.91,2018-04-18,"WI-433247",45.25,-88.5
4.4,5.32,27.16,2018-04-19,"WI-433247",45.25,-88.5
4.9,3.7,26.39,2018-04-20,"WI-433247",45.25,-88.5
7.7,3.42,26.1,2018-04-21,"WI-433247",45.25,-88.5
8.8,3.54,26.54,2018-04-22,"WI-433247",45.25,-88.5
11.7,2.68,26.1,2018-04-23,"WI-433247",45.25,-88.5
12,5.22,20.49,2018-04-24,"WI-433247",45.25,-88.5
6.9,3.93,26.88,2018-04-25,"WI-433247",45.25,-88.5
10.1,5.6,22.33,2018-04-26,"WI-433247",45.25,-88.5
5.3,3.91,13.73,2018-04-27,"WI-433247",45.25,-88.5
4.7,4.41,28.01,2018-04-28,"WI-433247",45.25,-88.5
7.1,4.57,28.09,2018-04-29,"WI-433247",45.25,-88.5
14.7,5.94,23.87,2018-04-30,"WI-433247",45.25,-88.5
20.6,7.85,21.15,2018-05-01,"WI-433247",45.25,-88.5
16,3.94,9.85,2018-05-02,"WI-433247",45.25,-88.5
11.2,3.4,18.54,2018-05-03,"WI-433247",45.25,-88.5
14.7,6.71,19.81,2018-05-04,"WI-433247",45.25,-88.5
16.7,4.18,27.3,2018-05-05,"WI-433247",45.25,-88.5
13.6,3.47,22.81,2018-05-06,"WI-433247",45.25,-88.5
15.5,4.54,25,2018-05-07,"WI-433247",45.25,-88.5
20.1,4.88,22.9,2018-05-08,"WI-433247",45.25,-88.5
11.6,4.36,8.8,2018-05-09,"WI-433247",45.25,-88.5
12,5.16,27.14,2018-05-10,"WI-433247",45.25,-88.5
5.7,3.6,18.8,2018-05-11,"WI-433247",45.25,-88.5
9,3.1,25.08,2018-05-12,"WI-433247",45.25,-88.5
13.4,3.7,26.13,2018-05-13,"WI-433247",45.25,-88.5
19.8,4.72,25.08,2018-05-14,"WI-433247",45.25,-88.5
17.4,4.51,28.72,2018-05-15,"WI-433247",45.25,-88.5
19.4,5.23,28.57,2018-05-16,"WI-433247",45.25,-88.5
14.5,4.52,25.95,2018-05-17,"WI-433247",45.25,-88.5
15,4.54,28.73,2018-05-18,"WI-433247",45.25,-88.5
15.2,6.01,23.57,2018-05-19,"WI-433247",45.25,-88.5
12.3,4.81,29.06,2018-05-20,"WI-433247",45.25,-88.5
13.2,4.61,17.1,2018-05-21,"WI-433247",45.25,-88.5
16.6,3.92,19.83,2018-05-22,"WI-433247",45.25,-88.5
21.1,3.55,27.71,2018-05-23,"WI-433247",45.25,-88.5
23.1,4.96,22.79,2018-05-24,"WI-433247",45.25,-88.5
24.3,5.1,22.45,2018-05-25,"WI-433247",45.25,-88.5
25.1,4.44,27.53,2018-05-26,"WI-433247",45.25,-88.5
25.9,3.83,28.11,2018-05-27,"WI-433247",45.25,-88.5
24.5,4.75,24.52,2018-05-28,"WI-433247",45.25,-88.5
23.7,3.72,27.01,2018-05-29,"WI-433247",45.25,-88.5
21.2,4.37,9.62,2018-05-30,"WI-433247",45.25,-88.5
22.9,4.72,19.6,2018-05-31,"WI-433247",45.25,-88.5
16.9,4.3,22.37,2018-06-01,"WI-433247",45.25,-88.5
13.6,4.37,23.12,2018-06-02,"WI-433247",45.25,-88.5
14.2,7.59,13.42,2018-06-03,"WI-433247",45.25,-88.5
17.8,8.99,24.47,2018-06-04,"WI-433247",45.25,-88.5
15.1,3.29,29.94,2018-06-05,"WI-433247",45.25,-88.5
14.3,3.77,19.3,2018-06-06,"WI-433247",45.25,-88.5
19,4.12,28.39,2018-06-07,"WI-433247",45.25,-88.5
16.8,3.2,14.8,2018-06-08,"WI-433247",45.25,-88.5
18.9,4.3,19.44,2018-06-09,"WI-433247",45.25,-88.5
19,5.9,22.45,2018-06-10,"WI-433247",45.25,-88.5
18.8,5.79,30.8,2018-06-11,"WI-433247",45.25,-88.5
19.5,3.23,10.99,2018-06-12,"WI-433247",45.25,-88.5
21.9,6.87,31.12,2018-06-13,"WI-433247",45.25,-88.5
21.5,4.05,25.23,2018-06-14,"WI-433247",45.25,-88.5
19.3,5.1,16.25,2018-06-15,"WI-433247",45.25,-88.5
23.4,4.62,19.83,2018-06-16,"WI-433247",45.25,-88.5
27.5,6.17,23.33,2018-06-17,"WI-433247",45.25,-88.5
23.1,4.68,13.69,2018-06-18,"WI-433247",45.25,-88.5
18.8,2.63,16.71,2018-06-19,"WI-433247",45.25,-88.5
20.4,2.75,25.96,2018-06-20,"WI-433247",45.25,-88.5
18.6,4.42,26.05,2018-06-21,"WI-433247",45.25,-88.5
18.6,2.95,27.26,2018-06-22,"WI-433247",45.25,-88.5
19.9,3.61,30.88,2018-06-23,"WI-433247",45.25,-88.5
20.4,4.06,25.93,2018-06-24,"WI-433247",45.25,-88.5
18,5.11,30.43,2018-06-25,"WI-433247",45.25,-88.5
17.9,5.69,20.29,2018-06-26,"WI-433247",45.25,-88.5
22.4,3.72,23.1,2018-06-27,"WI-433247",45.25,-88.5
25.8,3.93,26.83,2018-06-28,"WI-433247",45.25,-88.5
28.1,6.58,28.77,2018-06-29,"WI-433247",45.25,-88.5
28.8,5.99,23.28,2018-06-30,"WI-433247",45.25,-88.5
23.7,6.43,10.92,2018-07-01,"WI-433247",45.25,-88.5
22.9,5.11,26.72,2018-07-02,"WI-433247",45.25,-88.5
24.8,4.09,28.17,2018-07-03,"WI-433247",45.25,-88.5
25.4,4.4,25.03,2018-07-04,"WI-433247",45.25,-88.5
25.1,5.17,25.85,2018-07-05,"WI-433247",45.25,-88.5
20.5,3.68,30.85,2018-07-06,"WI-433247",45.25,-88.5
21.4,5.08,30.64,2018-07-07,"WI-433247",45.25,-88.5
24.1,5.38,30.21,2018-07-08,"WI-433247",45.25,-88.5
25.1,4.46,20.98,2018-07-09,"WI-433247",45.25,-88.5
24.1,3.19,28.61,2018-07-10,"WI-433247",45.25,-88.5
22.4,3.84,23.43,2018-07-11,"WI-433247",45.25,-88.5
22,5.9,13.9,2018-07-12,"WI-433247",45.25,-88.5
23.8,4.38,13.72,2018-07-13,"WI-433247",45.25,-88.5
25.1,3.1,28.08,2018-07-14,"WI-433247",45.25,-88.5
25.1,3.02,24.51,2018-07-15,"WI-433247",45.25,-88.5
24.4,6.18,29.37,2018-07-16,"WI-433247",45.25,-88.5
19.8,3.83,27.11,2018-07-17,"WI-433247",45.25,-88.5
19.7,3.01,27.94,2018-07-18,"WI-433247",45.25,-88.5
21,4.62,22.05,2018-07-19,"WI-433247",45.25,-88.5
20,6.05,3.73,2018-07-20,"WI-433247",45.25,-88.5
18.7,6.74,7.22,2018-07-21,"WI-433247",45.25,-88.5
21.3,5.16,23.51,2018-07-22,"WI-433247",45.25,-88.5
22,3.92,23.69,2018-07-23,"WI-433247",45.25,-88.5
22.9,4.29,26.46,2018-07-24,"WI-433247",45.25,-88.5
21.1,4.1,23.22,2018-07-25,"WI-433247",45.25,-88.5
17.9,5.51,19.84,2018-07-26,"WI-433247",45.25,-88.5
17.2,4.6,15.74,2018-07-27,"WI-433247",45.25,-88.5
18.7,2.79,22.32,2018-07-28,"WI-433247",45.25,-88.5
19.7,2.56,22.42,2018-07-29,"WI-433247",45.25,-88.5
20.4,1.75,24.61,2018-07-30,"WI-433247",45.25,-88.5
21.2,2.55,23.12,2018-07-31,"WI-433247",45.25,-88.5
20.1,4.33,19.68,2018-08-01,"WI-433247",45.25,-88.5
14.6,4.02,4.54,2018-08-02,"WI-433247",45.25,-88.5
17.7,3.2,22.07,2018-08-03,"WI-433247",45.25,-88.5
22.6,6.83,18.98,2018-08-04,"WI-433247",45.25,-88.5
24.4,5.28,19.05,2018-08-05,"WI-433247",45.25,-88.5
23.5,4.33,18.8,2018-08-06,"WI-433247",45.25,-88.5
19.5,2.35,17.92,2018-08-07,"WI-433247",45.25,-88.5
21.9,4.1,24.84,2018-08-08,"WI-433247",45.25,-88.5
23.5,3.91,22.33,2018-08-09,"WI-433247",45.25,-88.5
22.5,2.75,19.91,2018-08-10,"WI-433247",45.25,-88.5
23.6,3,23.25,2018-08-11,"WI-433247",45.25,-88.5
23.6,2.42,25.9,2018-08-12,"WI-433247",45.25,-88.5
23.9,3.4,23.44,2018-08-13,"WI-433247",45.25,-88.5
24.1,3.91,18.56,2018-08-14,"WI-433247",45.25,-88.5
22.9,3.44,19.65,2018-08-15,"WI-433247",45.25,-88.5
22.7,2,16.25,2018-08-16,"WI-433247",45.25,-88.5
23.5,3.22,22.17,2018-08-17,"WI-433247",45.25,-88.5
20.6,3.13,23.05,2018-08-18,"WI-433247",45.25,-88.5
20.1,2.25,23.15,2018-08-19,"WI-433247",45.25,-88.5
20.4,2.33,8.22,2018-08-20,"WI-433247",45.25,-88.5
18.8,5.47,17.91,2018-08-21,"WI-433247",45.25,-88.5
18.7,4.68,19.29,2018-08-22,"WI-433247",45.25,-88.5
20.2,4.94,24.54,2018-08-23,"WI-433247",45.25,-88.5
18.1,5.79,7.15,2018-08-24,"WI-433247",45.25,-88.5
19.9,3.01,10.31,2018-08-25,"WI-433247",45.25,-88.5
20.6,4.8,17.85,2018-08-26,"WI-433247",45.25,-88.5
23.2,6.62,12.01,2018-08-27,"WI-433247",45.25,-88.5
21.2,6.52,6.71,2018-08-28,"WI-433247",45.25,-88.5
15.3,3.94,8.98,2018-08-29,"WI-433247",45.25,-88.5
14.4,3.35,12.95,2018-08-30,"WI-433247",45.25,-88.5
19.1,5.93,20,2018-08-31,"WI-433247",45.25,-88.5
23,4.63,10.38,2018-09-01,"WI-433247",45.25,-88.5
21.3,5.81,8.49,2018-09-02,"WI-433247",45.25,-88.5
20.2,3.2,16.91,2018-09-03,"WI-433247",45.25,-88.5
22.1,5.1,11.6,2018-09-04,"WI-433247",45.25,-88.5
20.5,7.91,8.96,2018-09-05,"WI-433247",45.25,-88.5
15.1,3.2,22.45,2018-09-06,"WI-433247",45.25,-88.5
14.5,3.39,19.32,2018-09-07,"WI-433247",45.25,-88.5
13,5.1,19.04,2018-09-08,"WI-433247",45.25,-88.5
12.8,3.77,19.85,2018-09-09,"WI-433247",45.25,-88.5
13.7,2.72,21.57,2018-09-10,"WI-433247",45.25,-88.5
17.7,4.74,19.74,2018-09-11,"WI-433247",45.25,-88.5
20.5,4.13,19.93,2018-09-12,"WI-433247",45.25,-88.5
19.4,4.05,20.28,2018-09-13,"WI-433247",45.25,-88.5
20.9,2.88,15.47,2018-09-14,"WI-433247",45.25,-88.5
23,2.63,15.06,2018-09-15,"WI-433247",45.25,-88.5
22,4.02,16.77,2018-09-16,"WI-433247",45.25,-88.5
23.3,4.65,16.91,2018-09-17,"WI-433247",45.25,-88.5
14.7,3.32,9.54,2018-09-18,"WI-433247",45.25,-88.5
13.2,2.9,6.49,2018-09-19,"WI-433247",45.25,-88.5
15.5,5.13,2.65,2018-09-20,"WI-433247",45.25,-88.5
15.5,9.63,8.38,2018-09-21,"WI-433247",45.25,-88.5
10.2,4.05,18.78,2018-09-22,"WI-433247",45.25,-88.5
12.5,3.94,15.92,2018-09-23,"WI-433247",45.25,-88.5
15.8,5.32,15.34,2018-09-24,"WI-433247",45.25,-88.5
16.1,4.62,6.1,2018-09-25,"WI-433247",45.25,-88.5
10.3,6.1,13.15,2018-09-26,"WI-433247",45.25,-88.5
10.9,7.16,8.93,2018-09-27,"WI-433247",45.25,-88.5
9.2,5.78,12.99,2018-09-28,"WI-433247",45.25,-88.5
5,3.58,12.45,2018-09-29,"WI-433247",45.25,-88.5
6.9,1.2,4.62,2018-09-30,"WI-433247",45.25,-88.5
7.5,4.83,5.91,2018-10-01,"WI-433247",45.25,-88.5
10.1,3.75,6.39,2018-10-02,"WI-433247",45.25,-88.5
17.5,9.05,5.47,2018-10-03,"WI-433247",45.25,-88.5
8.8,8.42,16.7,2018-10-04,"WI-433247",45.25,-88.5
6.8,4.51,2.15,2018-10-05,"WI-433247",45.25,-88.5
10,4.44,5.6,2018-10-06,"WI-433247",45.25,-88.5
6.8,3.85,4.29,2018-10-07,"WI-433247",45.25,-88.5
12.8,4.12,1.57,2018-10-08,"WI-433247",45.25,-88.5
13.5,4.57,2.72,2018-10-09,"WI-433247",45.25,-88.5
13.7,6.52,1.73,2018-10-10,"WI-433247",45.25,-88.5
5.1,8.02,5.51,2018-10-11,"WI-433247",45.25,-88.5
1.5,4.46,8.95,2018-10-12,"WI-433247",45.25,-88.5
3.8,5.73,11.37,2018-10-13,"WI-433247",45.25,-88.5
4.7,4.32,2.9,2018-10-14,"WI-433247",45.25,-88.5
1.6,7.66,10.85,2018-10-15,"WI-433247",45.25,-88.5
6,7.26,13.51,2018-10-16,"WI-433247",45.25,-88.5
2.9,7.85,9.55,2018-10-17,"WI-433247",45.25,-88.5
5.2,6.01,13.71,2018-10-18,"WI-433247",45.25,-88.5
10.9,9.03,4.19,2018-10-19,"WI-433247",45.25,-88.5
2.7,8.42,9.03,2018-10-20,"WI-433247",45.25,-88.5
1.7,4.81,9.55,2018-10-21,"WI-433247",45.25,-88.5
5.5,5.5,13.02,2018-10-22,"WI-433247",45.25,-88.5
4.9,5.34,6.58,2018-10-23,"WI-433247",45.25,-88.5
2.2,2.79,12.1,2018-10-24,"WI-433247",45.25,-88.5
4.6,3.18,9.63,2018-10-25,"WI-433247",45.25,-88.5
5.8,2.69,5.44,2018-10-26,"WI-433247",45.25,-88.5
6.1,2.88,4.93,2018-10-27,"WI-433247",45.25,-88.5
6.1,4.62,3.28,2018-10-28,"WI-433247",45.25,-88.5
6.3,3.61,5.37,2018-10-29,"WI-433247",45.25,-88.5
7.9,4.3,6.37,2018-10-30,"WI-433247",45.25,-88.5
6.5,5.92,10.9,2018-10-31,"WI-433247",45.25,-88.5
3.1,2.97,9.65,2018-11-01,"WI-433247",45.25,-88.5
2.5,2.72,5.99,2018-11-02,"WI-433247",45.25,-88.5
2.6,2.64,8.96,2018-11-03,"WI-433247",45.25,-88.5
3.4,7.34,0.9,2018-11-04,"WI-433247",45.25,-88.5
5.7,4.91,3.46,2018-11-05,"WI-433247",45.25,-88.5
4.4,6.52,1.96,2018-11-06,"WI-433247",45.25,-88.5
0.9,6.55,6.24,2018-11-07,"WI-433247",45.25,-88.5
-1.6,3.89,8.14,2018-11-08,"WI-433247",45.25,-88.5
-3.7,5.57,6.74,2018-11-09,"WI-433247",45.25,-88.5
-4.9,8.76,8.86,2018-11-10,"WI-433247",45.25,-88.5
-3.1,3.64,6.37,2018-11-11,"WI-433247",45.25,-88.5
-4,4.67,8.92,2018-11-12,"WI-433247",45.25,-88.5
-9.2,4.46,9.26,2018-11-13,"WI-433247",45.25,-88.5
-6.8,4.2,9.29,2018-11-14,"WI-433247",45.25,-88.5
-1.8,4.49,9.15,2018-11-15,"WI-433247",45.25,-88.5
0.2,6.09,4.08,2018-11-16,"WI-433247",45.25,-88.5
-4.2,4.27,7.69,2018-11-17,"WI-433247",45.25,-88.5
-6.3,4.52,8.43,2018-11-18,"WI-433247",45.25,-88.5
-4.3,4.05,4.64,2018-11-19,"WI-433247",45.25,-88.5
-7.2,5.71,4.56,2018-11-20,"WI-433247",45.25,-88.5
-6.8,4.44,8.54,2018-11-21,"WI-433247",45.25,-88.5
-4.9,4.88,2.16,2018-11-22,"WI-433247",45.25,-88.5
3.3,5.2,6.36,2018-11-23,"WI-433247",45.25,-88.5
3.8,5.22,1.2,2018-11-24,"WI-433247",45.25,-88.5
-0.5,5.1,3.94,2018-11-25,"WI-433247",45.25,-88.5
-4.7,5.89,5.72,2018-11-26,"WI-433247",45.25,-88.5
-6.4,4.18,5.68,2018-11-27,"WI-433247",45.25,-88.5
-6.3,2.91,7.39,2018-11-28,"WI-433247",45.25,-88.5
-3.3,2.28,2.6,2018-11-29,"WI-433247",45.25,-88.5
-0.3,2.34,6.16,2018-11-30,"WI-433247",45.25,-88.5
-1.5,7.09,1.8,2018-12-01,"WI-433247",45.25,-88.5
0.5,7.47,1.77,2018-12-02,"WI-433247",45.25,-88.5
-2.5,6.42,3.92,2018-12-03,"WI-433247",45.25,-88.5
-5.5,3.04,5.74,2018-12-04,"WI-433247",45.25,-88.5
-4.1,5.02,5.99,2018-12-05,"WI-433247",45.25,-88.5
-6.5,4.83,6.24,2018-12-06,"WI-433247",45.25,-88.5
-12.2,4.3,6.59,2018-12-07,"WI-433247",45.25,-88.5
-8.5,4.43,7.4,2018-12-08,"WI-433247",45.25,-88.5
-5.3,4.32,6.6,2018-12-09,"WI-433247",45.25,-88.5
-6.4,5.02,5.37,2018-12-10,"WI-433247",45.25,-88.5
-4.3,4.31,5.22,2018-12-11,"WI-433247",45.25,-88.5
-1.1,4.69,2.59,2018-12-12,"WI-433247",45.25,-88.5
0.8,3.07,2.54,2018-12-13,"WI-433247",45.25,-88.5
0.4,4.68,7.01,2018-12-14,"WI-433247",45.25,-88.5
-0.1,3.49,6.9,2018-12-15,"WI-433247",45.25,-88.5
2.1,5.95,6.87,2018-12-16,"WI-433247",45.25,-88.5
-2.2,6.07,5.94,2018-12-17,"WI-433247",45.25,-88.5
-2.1,5.2,6.18,2018-12-18,"WI-433247",45.25,-88.5
1.7,4.05,3.69,2018-12-19,"WI-433247",45.25,-88.5
2.9,5.73,1.97,2018-12-20,"WI-433247",45.25,-88.5
-3.1,6.25,3.83,2018-12-21,"WI-433247",45.25,-88.5
-4.9,3.54,5.19,2018-12-22,"WI-433247",45.25,-88.5
-2.4,4.21,3.11,2018-12-23,"WI-433247",45.25,-88.5
-5,4.88,6.78,2018-12-24,"WI-433247",45.25,-88.5
-6,2.18,6.13,2018-12-25,"WI-433247",45.25,-88.5
-2.6,3.65,5.16,2018-12-26,"WI-433247",45.25,-88.5
1.3,6.54,0.75,2018-12-27,"WI-433247",45.25,-88.5
-0.8,6.4,1.71,2018-12-28,"WI-433247",45.25,-88.5
-12.2,4.03,7.44,2018-12-29,"WI-433247",45.25,-88.5
-6.9,4.49,4.66,2018-12-30,"WI-433247",45.25,-88.5
-4.5,7.01,2.57,2018-12-31,"WI-433247",45.25,-88.5
-10,7.05,5.95,2019-01-01,"WI-433247",45.25,-88.5
-10.3,4.67,4.05,2019-01-02,"WI-433247",45.25,-88.5
-3.1,5.29,5.19,2019-01-03,"WI-433247",45.25,-88.5
1.5,5.29,6.91,2019-01-04,"WI-433247",45.25,-88.5
2.1,5.35,7.14,2019-01-05,"WI-433247",45.25,-88.5
-1.1,5.09,4.38,2019-01-06,"WI-433247",45.25,-88.5
1.2,6.78,0.68,2019-01-07,"WI-433247",45.25,-88.5
-1.4,6.91,3.14,2019-01-08,"WI-433247",45.25,-88.5
-10.8,6.35,6.83,2019-01-09,"WI-433247",45.25,-88.5
-10.3,3.72,7.41,2019-01-10,"WI-433247",45.25,-88.5
-6.5,3.2,4.48,2019-01-11,"WI-433247",45.25,-88.5
-4,4.88,2.71,2019-01-12,"WI-433247",45.25,-88.5
-7.8,3.22,5.79,2019-01-13,"WI-433247",45.25,-88.5
-4,3.58,3.17,2019-01-14,"WI-433247",45.25,-88.5
-2.8,6.02,3.59,2019-01-15,"WI-433247",45.25,-88.5
-10.1,5.91,8.3,2019-01-16,"WI-433247",45.25,-88.5
-9.6,3.62,3.01,2019-01-17,"WI-433247",45.25,-88.5
-13.3,3.9,6.12,2019-01-18,"WI-433247",45.25,-88.5
-15.8,4.22,8.72,2019-01-19,"WI-433247",45.25,-88.5
-18.7,4.73,9.28,2019-01-20,"WI-433247",45.25,-88.5
-17.6,4.6,8.59,2019-01-21,"WI-433247",45.25,-88.5
-7.6,4.35,2.85,2019-01-22,"WI-433247",45.25,-88.5
-7.9,3.68,4.24,2019-01-23,"WI-433247",45.25,-88.5
-10.9,6.16,5.37,2019-01-24,"WI-433247",45.25,-88.5
-21.3,5.82,9.23,2019-01-25,"WI-433247",45.25,-88.5
-22.2,3.75,7.73,2019-01-26,"WI-433247",45.25,-88.5
-20.9,3.89,10.15,2019-01-27,"WI-433247",45.25,-88.5
-17.2,5.99,4.5,2019-01-28,"WI-433247",45.25,-88.5
-20,7.38,7.4,2019-01-29,"WI-433247",45.25,-88.5
-24.5,6.59,10.45,2019-01-30,"WI-433247",45.25,-88.5
-25.6,4.92,10.95,2019-01-31,"WI-433247",45.25,-88.5
-18,4.28,10.04,2019-02-01,"WI-433247",45.25,-88.5
-6.2,5.34,8.62,2019-02-02,"WI-433247",45.25,-88.5
1.6,3.76,2.36,2019-02-03,"WI-433247",45.25,-88.5
-1.2,4.75,1.53,2019-02-04,"WI-433247",45.25,-88.5
-10.9,4.81,6.71,2019-02-05,"WI-433247",45.25,-88.5
-7.1,3.7,7.71,2019-02-06,"WI-433247",45.25,-88.5
-7,5.74,2.16,2019-02-07,"WI-433247",45.25,-88.5
-15.7,6.6,11.92,2019-02-08,"WI-433247",45.25,-88.5
-16.7,4.62,10.9,2019-02-09,"WI-433247",45.25,-88.5
-12.2,4.1,3.95,2019-02-10,"WI-433247",45.25,-88.5
-7.1,5.41,5.67,2019-02-11,"WI-433247",45.25,-88.5
-5.8,6.09,2.13,2019-02-12,"WI-433247",45.25,-88.5
-6.7,7.96,12.38,2019-02-13,"WI-433247",45.25,-88.5
-4.4,6.22,7.64,2019-02-14,"WI-433247",45.25,-88.5
-8.6,7.44,11.63,2019-02-15,"WI-433247",45.25,-88.5
-10.7,3.9,12.2,2019-02-16,"WI-433247",45.25,-88.5
-9,4.78,6.84,2019-02-17,"WI-433247",45.25,-88.5
-10.2,3.77,13.65,2019-02-18,"WI-433247",45.25,-88.5
-12.4,3.42,14.1,2019-02-19,"WI-433247",45.25,-88.5
-6.8,5.72,3.08,2019-02-20,"WI-433247",45.25,-88.5
-3.9,5.81,11.12,2019-02-21,"WI-433247",45.25,-88.5
-5.2,2.95,14.28,2019-02-22,"WI-433247",45.25,-88.5
-1.8,5.82,3.69,2019-02-23,"WI-433247",45.25,-88.5
-3.7,10.87,6.4,2019-02-24,"WI-433247",45.25,-88.5
-15,8.82,13.69,2019-02-25,"WI-433247",45.25,-88.5
-15,3.54,10.57,2019-02-26,"WI-433247",45.25,-88.5
-11.7,3.7,11.97,2019-02-27,"WI-433247",45.25,-88.5
-12.1,4.19,15.28,2019-02-28,"WI-433247",45.25,-88.5
-7.5,3.7,14.11,2019-03-01,"WI-433247",45.25,-88.5
-6.2,3.76,10.96,2019-03-02,"WI-433247",45.25,-88.5
-15.7,4.47,17.07,2019-03-03,"WI-433247",45.25,-88.5
-18.5,4.97,16.98,2019-03-04,"WI-433247",45.25,-88.5
-15.2,6.59,15.38,2019-03-05,"WI-433247",45.25,-88.5
-13.2,4.24,15.61,2019-03-06,"WI-433247",45.25,-88.5
-11.4,3.56,17.76,2019-03-07,"WI-433247",45.25,-88.5
-6.9,2.83,17.17,2019-03-08,"WI-433247",45.25,-88.5
-3.1,6.22,12.71,2019-03-09,"WI-433247",45.25,-88.5
-0.3,7.59,9.09,2019-03-10,"WI-433247",45.25,-88.5
-3.9,6.18,16.41,2019-03-11,"WI-433247",45.25,-88.5
-1.4,5.8,16.16,2019-03-12,"WI-433247",45.25,-88.5
2.8,5.57,3.65,2019-03-13,"WI-433247",45.25,-88.5
6.5,4.74,10.94,2019-03-14,"WI-433247",45.25,-88.5
0.8,7,9.81,2019-03-15,"WI-433247",45.25,-88.5
-2.2,4.88,15.55,2019-03-16,"WI-433247",45.25,-88.5
-2,3.32,16.84,2019-03-17,"WI-433247",45.25,-88.5
-1.9,4.47,15.5,2019-03-18,"WI-433247",45.25,-88.5
2,5.12,19.94,2019-03-19,"WI-433247",45.25,-88.5
2.7,4.66,7.96,2019-03-20,"WI-433247",45.25,-88.5
4.4,6.41,18.46,2019-03-21,"WI-433247",45.25,-88.5
0.8,5.11,15.61,2019-03-22,"WI-433247",45.25,-88.5
0.1,4.31,21.34,2019-03-23,"WI-433247",45.25,-88.5
1.5,4.5,12.74,2019-03-24,"WI-433247",45.25,-88.5
-2.4,3.88,21.86,2019-03-25,"WI-433247",45.25,-88.5
0.1,3.52,19.71,2019-03-26,"WI-433247",45.25,-88.5
6.5,7.92,13.09,2019-03-27,"WI-433247",45.25,-88.5
6.3,5.75,14.02,2019-03-28,"WI-433247",45.25,-88.5
2.4,2.28,17.81,2019-03-29,"WI-433247",45.25,-88.5
-1.3,7.3,18.24,2019-03-30,"WI-433247",45.25,-88.5
-2.7,5.78,16.8,2019-03-31,"WI-433247",45.25,-88.5
-0.4,4.62,6.83,2019-04-01,"WI-433247",45.25,-88.5
3.9,6.65,19.14,2019-04-02,"WI-433247",45.25,-88.5
2.9,6.82,21.03,2019-04-03,"WI-433247",45.25,-88.5
1.2,4.47,19.26,2019-04-04,"WI-433247",45.25,-88.5
3.7,2.69,6.8,2019-04-05,"WI-433247",45.25,-88.5
7.1,3,5.95,2019-04-06,"WI-433247",45.25,-88.5
8.6,3.28,7.42,2019-04-07,"WI-433247",45.25,-88.5
12,6.89,16.85,2019-04-08,"WI-433247",45.25,-88.5
5.7,7.16,17.82,2019-04-09,"WI-433247",45.25,-88.5
1.6,5.22,17.03,2019-04-10,"WI-433247",45.25,-88.5
-0.9,8.4,3.66,2019-04-11,"WI-433247",45.25,-88.5
1.7,7.91,12.21,2019-04-12,"WI-433247",45.25,-88.5
1.5,6.31,10.56,2019-04-13,"WI-433247",45.25,-88.5
1.5,5.74,19.61,2019-04-14,"WI-433247",45.25,-88.5
5.5,3.58,24.18,2019-04-15,"WI-433247",45.25,-88.5
9.7,3.33,23.24,2019-04-16,"WI-433247",45.25,-88.5
5.9,5.51,10.47,2019-04-17,"WI-433247",45.25,-88.5
5.2,5.94,6.05,2019-04-18,"WI-433247",45.25,-88.5
8.8,5.03,26.43,2019-04-19,"WI-433247",45.25,-88.5
10.8,3.34,26.13,2019-04-20,"WI-433247",45.25,-88.5
13.1,5.1,19.5,2019-04-21,"WI-433247",45.25,-88.5
8.7,5.69,16.66,2019-04-22,"WI-433247",45.25,-88.5
9.6,6.06,25.88,2019-04-23,"WI-433247",45.25,-88.5
11.2,5.39,23.1,2019-04-24,"WI-433247",45.25,-88.5
12.2,4.39,6.85,2019-04-25,"WI-433247",45.25,-88.5
8.7,8.26,26.09,2019-04-26,"WI-433247",45.25,-88.5
3.9,3.91,15.44,2019-04-27,"WI-433247",45.25,-88.5
7.1,4.36,23.72,2019-04-28,"WI-433247",45.25,-88.5
3.3,5.56,4.04,2019-04-29,"WI-433247",45.25,-88.5
3.2,4.44,7.06,2019-04-30,"WI-433247",45.25,-88.5
3.4,6.31,3.73,2019-05-01,"WI-433247",45.25,-88.5
6.3,3.02,8.5,2019-05-02,"WI-433247",45.25,-88.5
8.5,3.05,15.51,2019-05-03,"WI-433247",45.25,-88.5
12.6,3.69,27.07,2019-05-04,"WI-433247",45.25,-88.5
15.6,4.65,23.23,2019-05-05,"WI-433247",45.25,-88.5
9.7,4.85,13.85,2019-05-06,"WI-433247",45.25,-88.5
8.3,3.83,27.58,2019-05-07,"WI-433247",45.25,-88.5
5.4,8.17,8.68,2019-05-08,"WI-433247",45.25,-88.5
5.5,5.63,3.36,2019-05-09,"WI-433247",45.25,-88.5
8,5,19.36,2019-05-10,"WI-433247",45.25,-88.5
9.9,3.78,21.02,2019-05-11,"WI-433247",45.25,-88.5
9.1,3.86,24.22,2019-05-12,"WI-433247",45.25,-88.5
11.1,3.4,24.06,2019-05-13,"WI-433247",45.25,-88.5
15.1,3.66,20.99,2019-05-14,"WI-433247",45.25,-88.5
17,5.02,28.45,2019-05-15,"WI-433247",45.25,-88.5
16,6.02,18.58,2019-05-16,"WI-433247",45.25,-88.5
12,4.38,26.76,2019-05-17,"WI-433247",45.25,-88.5
5.5,5.19,5.49,2019-05-18,"WI-433247",45.25,-88.5
6,6.94,3.06,2019-05-19,"WI-433247",45.25,-88.5
10,6.33,20.93,2019-05-20,"WI-433247",45.25,-88.5
11.2,5.72,27.06,2019-05-21,"WI-433247",45.25,-88.5
11.9,7.11,14.68,2019-05-22,"WI-433247",45.25,-88.5
14.6,6.87,13.69,2019-05-23,"WI-433247",45.25,-88.5
11.5,4.74,8.05,2019-05-24,"WI-433247",45.25,-88.5
19.9,7.43,27.4,2019-05-25,"WI-433247",45.25,-88.5
16.8,3.24,21.15,2019-05-26,"WI-433247",45.25,-88.5
10.3,6.38,6.72,2019-05-27,"WI-433247",45.25,-88.5
12.2,5.44,18.03,2019-05-28,"WI-433247",45.25,-88.5
17.7,3.58,29.28,2019-05-29,"WI-433247",45.25,-88.5
18.9,4.49,26.6,2019-05-30,"WI-433247",45.25,-88.5
19.3,5.2,27.53,2019-05-31,"WI-433247",45.25,-88.5
13.7,3.8,19.11,2019-06-01,"WI-433247",45.25,-88.5
12.7,5.17,28.63,2019-06-02,"WI-433247",45.25,-88.5
12.5,3.41,24.22,2019-06-03,"WI-433247",45.25,-88.5
17.8,5.08,22.61,2019-06-04,"WI-433247",45.25,-88.5
19,3.21,16.29,2019-06-05,"WI-433247",45.25,-88.5
19,2.66,24.96,2019-06-06,"WI-433247",45.25,-88.5
21,3.4,28.93,2019-06-07,"WI-433247",45.25,-88.5
20.3,3.92,31.08,2019-06-08,"WI-433247",45.25,-88.5
17.5,4.04,12.4,2019-06-09,"WI-433247",45.25,-88.5
17,6.62,28.08,2019-06-10,"WI-433247",45.25,-88.5
16.9,4.28,26.93,2019-06-11,"WI-433247",45.25,-88.5
13.6,5.62,8.25,2019-06-12,"WI-433247",45.25,-88.5
14.5,6.9,23.5,2019-06-13,"WI-433247",45.25,-88.5
13.3,5.33,6.36,2019-06-14,"WI-433247",45.25,-88.5
15.6,3.98,24.4,2019-06-15,"WI-433247",45.25,-88.5
14.1,3.55,18.42,2019-06-16,"WI-433247",45.25,-88.5
16.2,3.14,26.72,2019-06-17,"WI-433247",45.25,-88.5
18.3,3.58,17.68,2019-06-18,"WI-433247",45.25,-88.5
17.1,3.24,21.79,2019-06-19,"WI-433247",45.25,-88.5
17.7,3.86,23.36,2019-06-20,"WI-433247",45.25,-88.5
17.8,3.36,28.89,2019-06-21,"WI-433247",45.25,-88.5
17.5,4.49,30.67,2019-06-22,"WI-433247",45.25,-88.5
18.2,4.88,13.14,2019-06-23,"WI-433247",45.25,-88.5
19.3,4.26,12.18,2019-06-24,"WI-433247",45.25,-88.5
20.9,6.47,27.71,2019-06-25,"WI-433247",45.25,-88.5
23.1,4.8,28.34,2019-06-26,"WI-433247",45.25,-88.5
22.2,3.85,24.66,2019-06-27,"WI-433247",45.25,-88.5
21.1,2.5,10.38,2019-06-28,"WI-433247",45.25,-88.5
24.4,3.11,28.89,2019-06-29,"WI-433247",45.25,-88.5
19.7,3.62,15.16,2019-06-30,"WI-433247",45.25,-88.5
21.6,5.6,17.02,2019-07-01,"WI-433247",45.25,-88.5
22.6,2.51,16.26,2019-07-02,"WI-433247",45.25,-88.5
23.5,2.9,28.57,2019-07-03,"WI-433247",45.25,-88.5
23.2,2.92,23.92,2019-07-04,"WI-433247",45.25,-88.5
24.6,2.94,21.01,2019-07-05,"WI-433247",45.25,-88.5
21.2,3.94,17.76,2019-07-06,"WI-433247",45.25,-88.5
18.8,2.72,30.49,2019-07-07,"WI-433247",45.25,-88.5
19.9,3.33,29.64,2019-07-08,"WI-433247",45.25,-88.5
21.3,4.46,28.12,2019-07-09,"WI-433247",45.25,-88.5
24.8,6.47,25.71,2019-07-10,"WI-433247",45.25,-88.5
21.3,4.9,30.59,2019-07-11,"WI-433247",45.25,-88.5
21.9,5.68,26.47,2019-07-12,"WI-433247",45.25,-88.5
23.1,4.33,29.27,2019-07-13,"WI-433247",45.25,-88.5
21.8,3.68,28.34,2019-07-14,"WI-433247",45.25,-88.5
23.6,5.26,16.07,2019-07-15,"WI-433247",45.25,-88.5
25.3,5.04,20.69,2019-07-16,"WI-433247",45.25,-88.5
23,4.08,25.69,2019-07-17,"WI-433247",45.25,-88.5
23.3,5.99,13.34,2019-07-18,"WI-433247",45.25,-88.5
27.4,4.64,26.82,2019-07-19,"WI-433247",45.25,-88.5
22.6,4.88,11.43,2019-07-20,"WI-433247",45.25,-88.5
21,3.85,22.19,2019-07-21,"WI-433247",45.25,-88.5
20,4.47,25.55,2019-07-22,"WI-433247",45.25,-88.5
20.5,4.05,24.8,2019-07-23,"WI-433247",45.25,-88.5
21.8,2.75,25.83,2019-07-24,"WI-433247",45.25,-88.5
23.1,5.11,26.43,2019-07-25,"WI-433247",45.25,-88.5
22,6.43,17.23,2019-07-26,"WI-433247",45.25,-88.5
24.3,4.91,23.57,2019-07-27,"WI-433247",45.25,-88.5
23.7,4.1,22.6,2019-07-28,"WI-433247",45.25,-88.5
22.8,5.78,21.88,2019-07-29,"WI-433247",45.25,-88.5
18.3,3.48,14.43,2019-07-30,"WI-433247",45.25,-88.5
17.9,2.47,28.21,2019-07-31,"WI-433247",45.25,-88.5
19.5,2.31,27.45,2019-08-01,"WI-433247",45.25,-88.5
21.7,3.01,21.34,2019-08-02,"WI-433247",45.25,-88.5
22.2,3.48,21.83,2019-08-03,"WI-433247",45.25,-88.5
22.1,2.44,25.65,2019-08-04,"WI-433247",45.25,-88.5
21.9,4.25,19.13,2019-08-05,"WI-433247",45.25,-88.5
22,3.56,22.06,2019-08-06,"WI-433247",45.25,-88.5
20.9,4.88,20.6,2019-08-07,"WI-433247",45.25,-88.5
19.5,5.37,23.9,2019-08-08,"WI-433247",45.25,-88.5
19.3,4.75,25.56,2019-08-09,"WI-433247",45.25,-88.5
19.9,2.52,19.86,2019-08-10,"WI-433247",45.25,-88.5
20.4,2.67,14.75,2019-08-11,"WI-433247",45.25,-88.5
21.5,3.16,16.16,2019-08-12,"WI-433247",45.25,-88.5
17.9,3.36,12.21,2019-08-13,"WI-433247",45.25,-88.5
17.8,3.72,22.8,2019-08-14,"WI-433247",45.25,-88.5
17.7,3.03,21.9,2019-08-15,"WI-433247",45.25,-88.5
17.9,5.94,10.2,2019-08-16,"WI-433247",45.25,-88.5
20.8,3.05,21.49,2019-08-17,"WI-433247",45.25,-88.5
19.8,6.31,10.94,2019-08-18,"WI-433247",45.25,-88.5
18.4,3.47,25.56,2019-08-19,"WI-433247",45.25,-88.5
20.1,3.45,21.2,2019-08-20,"WI-433247",45.25,-88.5
19.8,4.67,24.48,2019-08-21,"WI-433247",45.25,-88.5
15.4,2.45,15.72,2019-08-22,"WI-433247",45.25,-88.5
15.5,2.75,20.65,2019-08-23,"WI-433247",45.25,-88.5
16,3.13,20.37,2019-08-24,"WI-433247",45.25,-88.5
16.8,4.67,15.56,2019-08-25,"WI-433247",45.25,-88.5
17.7,4.43,7.2,2019-08-26,"WI-433247",45.25,-88.5
18.7,6.39,18.25,2019-08-27,"WI-433247",45.25,-88.5
15.2,7.62,7.33,2019-08-28,"WI-433247",45.25,-88.5
16.7,6.9,16.95,2019-08-29,"WI-433247",45.25,-88.5
16.1,4.61,23.85,2019-08-30,"WI-433247",45.25,-88.5
15.3,2.96,17.28,2019-08-31,"WI-433247",45.25,-88.5
15.6,3.14,16.32,2019-09-01,"WI-433247",45.25,-88.5
18.4,3.98,18.5,2019-09-02,"WI-433247",45.25,-88.5
18.8,7.4,13.62,2019-09-03,"WI-433247",45.25,-88.5
14.8,5.1,20.25,2019-09-04,"WI-433247",45.25,-88.5
14,3.6,17.34,2019-09-05,"WI-433247",45.25,-88.5
16.3,6.8,10.46,2019-09-06,"WI-433247",45.25,-88.5
15.5,4.11,15,2019-09-07,"WI-433247",45.25,-88.5
12.3,3.81,7.35,2019-09-08,"WI-433247",45.25,-88.5
13.1,4.7,10.01,2019-09-09,"WI-433247",45.25,-88.5
21.6,6.06,14.76,2019-09-10,"WI-433247",45.25,-88.5
15.3,4.63,2.24,2019-09-11,"WI-433247",45.25,-88.5
13.1,5.7,5.46,2019-09-12,"WI-433247",45.25,-88.5
17,7.72,11.16,2019-09-13,"WI-433247",45.25,-88.5
16,5.61,19.93,2019-09-14,"WI-433247",45.25,-88.5
17.3,3.85,6.99,2019-09-15,"WI-433247",45.25,-88.5
19.4,2.91,16.42,2019-09-16,"WI-433247",45.25,-88.5
19.6,3.55,16.15,2019-09-17,"WI-433247",45.25,-88.5
20.7,5.56,17.48,2019-09-18,"WI-433247",45.25,-88.5
20.7,4.65,5.14,2019-09-19,"WI-433247",45.25,-88.5
20.2,2.95,9.68,2019-09-20,"WI-433247",45.25,-88.5
21.2,6.67,8.86,2019-09-21,"WI-433247",45.25,-88.5
20.6,5.39,5.74,2019-09-22,"WI-433247",45.25,-88.5
16.7,5.24,13.6,2019-09-23,"WI-433247",45.25,-88.5
17.9,5.63,14.89,2019-09-24,"WI-433247",45.25,-88.5
17.9,6.87,15.82,2019-09-25,"WI-433247",45.25,-88.5
13.7,5.38,16.55,2019-09-26,"WI-433247",45.25,-88.5
14.3,6.09,3.28,2019-09-27,"WI-433247",45.25,-88.5
12.1,3.42,17.35,2019-09-28,"WI-433247",45.25,-88.5
11,5.22,4.83,2019-09-29,"WI-433247",45.25,-88.5
18.9,5.61,5.18,2019-09-30,"WI-433247",45.25,-88.5
18.1,5.38,3.55,2019-10-01,"WI-433247",45.25,-88.5
9.4,5.28,5.65,2019-10-02,"WI-433247",45.25,-88.5
9.9,6.45,4.82,2019-10-03,"WI-433247",45.25,-88.5
7.4,4.26,7.35,2019-10-04,"WI-433247",45.25,-88.5
9.2,6.22,2.13,2019-10-05,"WI-433247",45.25,-88.5
13.1,8.38,15.41,2019-10-06,"WI-433247",45.25,-88.5
11.8,5.35,15.95,2019-10-07,"WI-433247",45.25,-88.5
11.6,4.94,15.59,2019-10-08,"WI-433247",45.25,-88.5
13.5,5.53,15.25,2019-10-09,"WI-433247",45.25,-88.5
13.8,5.87,8.9,2019-10-10,"WI-433247",45.25,-88.5
10.7,6.58,1.57,2019-10-11,"WI-433247",45.25,-88.5
2.3,7.86,8.64,2019-10-12,"WI-433247",45.25,-88.5
2.7,5.58,10.98,2019-10-13,"WI-433247",45.25,-88.5
4.3,5.8,13.1,2019-10-14,"WI-433247",45.25,-88.5
5.8,7.17,2.5,2019-10-15,"WI-433247",45.25,-88.5
6.8,7.89,9.36,2019-10-16,"WI-433247",45.25,-88.5
5.9,2.98,8.2,2019-10-17,"WI-433247",45.25,-88.5
5.7,5.11,11.85,2019-10-18,"WI-433247",45.25,-88.5
9.7,4.59,9.21,2019-10-19,"WI-433247",45.25,-88.5
10.4,3.64,13.51,2019-10-20,"WI-433247",45.25,-88.5
10.7,8.88,1.84,2019-10-21,"WI-433247",45.25,-88.5
7.3,6.75,3.3,2019-10-22,"WI-433247",45.25,-88.5
5.8,7.03,7.32,2019-10-23,"WI-433247",45.25,-88.5
4.2,4.48,7.38,2019-10-24,"WI-433247",45.25,-88.5
3.2,4.2,12.61,2019-10-25,"WI-433247",45.25,-88.5
4.6,4.3,10.31,2019-10-26,"WI-433247",45.25,-88.5
7.3,4.02,11.91,2019-10-27,"WI-433247",45.25,-88.5
4.6,3.28,9.6,2019-10-28,"WI-433247",45.25,-88.5
1.6,3.49,10.78,2019-10-29,"WI-433247",45.25,-88.5
-0.1,3.31,7.64,2019-10-30,"WI-433247",45.25,-88.5
-0.8,5.5,5.47,2019-10-31,"WI-433247",45.25,-88.5
-0.1,4.07,4.94,2019-11-01,"WI-433247",45.25,-88.5
1.3,5.92,9.16,2019-11-02,"WI-433247",45.25,-88.5
0.8,3.77,10.07,2019-11-03,"WI-433247",45.25,-88.5
2.8,5.2,8.01,2019-11-04,"WI-433247",45.25,-88.5
-1.5,5.15,10.86,2019-11-05,"WI-433247",45.25,-88.5
-3.3,4.53,5.84,2019-11-06,"WI-433247",45.25,-88.5
-6.1,4.88,8.17,2019-11-07,"WI-433247",45.25,-88.5
-6.7,3.93,8.4,2019-11-08,"WI-433247",45.25,-88.5
0.2,4.7,7.78,2019-11-09,"WI-433247",45.25,-88.5
-1.1,4.75,4.01,2019-11-10,"WI-433247",45.25,-88.5
-8.5,5.74,7.88,2019-11-11,"WI-433247",45.25,-88.5
-10.8,5.73,9.91,2019-11-12,"WI-433247",45.25,-88.5
-8.4,4.81,3.19,2019-11-13,"WI-433247",45.25,-88.5
-4.4,5.83,9.12,2019-11-14,"WI-433247",45.25,-88.5
-1.5,5,8.75,2019-11-15,"WI-433247",45.25,-88.5
-1.6,4.26,6.73,2019-11-16,"WI-433247",45.25,-88.5
0.4,4,2.96,2019-11-17,"WI-433247",45.25,-88.5
1,2.33,4.25,2019-11-18,"WI-433247",45.25,-88.5
0.2,2.42,6.04,2019-11-19,"WI-433247",45.25,-88.5
2.7,3.89,5.06,2019-11-20,"WI-433247",45.25,-88.5
2.8,6.89,2.04,2019-11-21,"WI-433247",45.25,-88.5
-2,6.68,8.32,2019-11-22,"WI-433247",45.25,-88.5
-0.4,4.7,8.18,2019-11-23,"WI-433247",45.25,-88.5
3.5,5.71,8,2019-11-24,"WI-433247",45.25,-88.5
3.8,4.94,5.18,2019-11-25,"WI-433247",45.25,-88.5
3,6.06,3.46,2019-11-26,"WI-433247",45.25,-88.5
0.7,8.44,1.59,2019-11-27,"WI-433247",45.25,-88.5
-1.7,5,5.29,2019-11-28,"WI-433247",45.25,-88.5
-2,3.28,4,2019-11-29,"WI-433247",45.25,-88.5
-0.7,7.32,2.01,2019-11-30,"WI-433247",45.25,-88.5
-1.9,6.96,1.77,2019-12-01,"WI-433247",45.25,-88.5
-5,4.8,7.5,2019-12-02,"WI-433247",45.25,-88.5
-3.3,4.64,6.7,2019-12-03,"WI-433247",45.25,-88.5
-0.4,6.72,5.12,2019-12-04,"WI-433247",45.25,-88.5
-2.5,3.54,3.34,2019-12-05,"WI-433247",45.25,-88.5
-3.7,5.07,4.82,2019-12-06,"WI-433247",45.25,-88.5
-3.9,5.83,6.13,2019-12-07,"WI-433247",45.25,-88.5
1.8,6.66,5.52,2019-12-08,"WI-433247",45.25,-88.5
-2.8,5.5,1.62,2019-12-09,"WI-433247",45.25,-88.5
-13.3,4.81,6.98,2019-12-10,"WI-433247",45.25,-88.5
-18.5,5.08,7.6,2019-12-11,"WI-433247",45.25,-88.5
-11.1,3.61,1.24,2019-12-12,"WI-433247",45.25,-88.5
-6,2.4,3.15,2019-12-13,"WI-433247",45.25,-88.5
-4.6,4.55,3.14,2019-12-14,"WI-433247",45.25,-88.5
-12,4.47,6.77,2019-12-15,"WI-433247",45.25,-88.5
-8.7,3.91,5.63,2019-12-16,"WI-433247",45.25,-88.5
-8.2,5.72,5.72,2019-12-17,"WI-433247",45.25,-88.5
-16.1,5.16,7.05,2019-12-18,"WI-433247",45.25,-88.5
-11.3,3.41,6.84,2019-12-19,"WI-433247",45.25,-88.5
-3.3,4.57,3.05,2019-12-20,"WI-433247",45.25,-88.5
-0.9,4.74,6.29,2019-12-21,"WI-433247",45.25,-88.5
2.2,5.22,6.72,2019-12-22,"WI-433247",45.25,-88.5
0.8,4.79,5.31,2019-12-23,"WI-433247",45.25,-88.5
-0.4,3.41,2.63,2019-12-24,"WI-433247",45.25,-88.5
1.2,3.1,1.78,2019-12-25,"WI-433247",45.25,-88.5
1.9,5.14,2.48,2019-12-26,"WI-433247",45.25,-88.5
-2,5.2,4.67,2019-12-27,"WI-433247",45.25,-88.5
-3.7,5.5,2.55,2019-12-28,"WI-433247",45.25,-88.5
2.4,6.24,0.85,2019-12-29,"WI-433247",45.25,-88.5
1.1,5.08,1.3,2019-12-30,"WI-433247",45.25,-88.5
-4.9,5.9,4.5,2019-12-31,"WI-433247",45.25,-88.5
-7.6,4.52,5.91,2020-01-01,"WI-433247",45.25,-88.5
1.9,5.85,5.3,2020-01-02,"WI-433247",45.25,-88.5
-0.8,4.61,3.57,2020-01-03,"WI-433247",45.25,-88.5
-3.7,4.38,5.11,2020-01-04,"WI-433247",45.25,-88.5
-3,7.3,2.26,2020-01-05,"WI-433247",45.25,-88.5
-2.6,7.26,7.55,2020-01-06,"WI-433247",45.25,-88.5
-3.3,6.64,7.35,2020-01-07,"WI-433247",45.25,-88.5
-14,5.42,7.83,2020-01-08,"WI-433247",45.25,-88.5
-2.6,5.17,2.37,2020-01-09,"WI-433247",45.25,-88.5
-1,4.7,7.3,2020-01-10,"WI-433247",45.25,-88.5
-8.7,6.21,3.96,2020-01-11,"WI-433247",45.25,-88.5
-10.6,4.61,6.44,2020-01-12,"WI-433247",45.25,-88.5
-5,3.42,3.66,2020-01-13,"WI-433247",45.25,-88.5
-1.1,4.77,3.3,2020-01-14,"WI-433247",45.25,-88.5
-4.7,4.18,4.2,2020-01-15,"WI-433247",45.25,-88.5
-12.9,6.3,8.6,2020-01-16,"WI-433247",45.25,-88.5
-13.8,5.5,4.74,2020-01-17,"WI-433247",45.25,-88.5
-3.3,6.89,3.59,2020-01-18,"WI-433247",45.25,-88.5
-6.9,6.71,6.57,2020-01-19,"WI-433247",45.25,-88.5
-9.1,3.2,8.68,2020-01-20,"WI-433247",45.25,-88.5
-8.7,6.13,8.79,2020-01-21,"WI-433247",45.25,-88.5
-3.1,6.1,2.33,2020-01-22,"WI-433247",45.25,-88.5
-1.1,3.04,2.75,2020-01-23,"WI-433247",45.25,-88.5
0.1,4.07,2.29,2020-01-24,"WI-433247",45.25,-88.5
0.6,4.03,2.84,2020-01-25,"WI-433247",45.25,-88.5
0.7,3.91,5.17,2020-01-26,"WI-433247",45.25,-88.5
-1,3.01,4.28,2020-01-27,"WI-433247",45.25,-88.5
-3.8,3.38,5.58,2020-01-28,"WI-433247",45.25,-88.5
-4.7,2.42,3.97,2020-01-29,"WI-433247",45.25,-88.5
-4.5,2.19,5.68,2020-01-30,"WI-433247",45.25,-88.5
-2.6,3.66,5.52,2020-01-31,"WI-433247",45.25,-88.5
1.1,6.02,6.98,2020-02-01,"WI-433247",45.25,-88.5
3.3,7.28,8.95,2020-02-02,"WI-433247",45.25,-88.5
0.3,4.75,9.08,2020-02-03,"WI-433247",45.25,-88.5
-6.5,4.68,10.91,2020-02-04,"WI-433247",45.25,-88.5
-10.8,3.23,9.61,2020-02-05,"WI-433247",45.25,-88.5
-6.1,3.58,11,2020-02-06,"WI-433247",45.25,-88.5
-6.6,3.22,7.89,2020-02-07,"WI-433247",45.25,-88.5
-10.8,3,9.93,2020-02-08,"WI-433247",45.25,-88.5
-8.9,3.59,2.78,2020-02-09,"WI-433247",45.25,-88.5
-8.3,4.48,12.07,2020-02-10,"WI-433247",45.25,-88.5
-4.7,5.36,9.51,2020-02-11,"WI-433247",45.25,-88.5
-5.2,6.32,8.53,2020-02-12,"WI-433247",45.25,-88.5
-15.5,5.84,12.93,2020-02-13,"WI-433247",45.25,-88.5
-17.8,5.66,13.37,2020-02-14,"WI-433247",45.25,-88.5
-7.8,6.21,7.42,2020-02-15,"WI-433247",45.25,-88.5
-7.8,5.33,11.81,2020-02-16,"WI-433247",45.25,-88.5
-6.3,4.79,11.67,2020-02-17,"WI-433247",45.25,-88.5
-4,7.06,10.36,2020-02-18,"WI-433247",45.25,-88.5
-13.6,4.36,14.37,2020-02-19,"WI-433247",45.25,-88.5
-14,4.98,14.54,2020-02-20,"WI-433247",45.25,-88.5
-5.5,6.98,14.54,2020-02-21,"WI-433247",45.25,-88.5
0.2,5.24,14.55,2020-02-22,"WI-433247",45.25,-88.5
3.1,6.07,14.53,2020-02-23,"WI-433247",45.25,-88.5
1.3,3.7,14.55,2020-02-24,"WI-433247",45.25,-88.5
-1.6,5.82,7.53,2020-02-25,"WI-433247",45.25,-88.5
-5.2,4.77,8.46,2020-02-26,"WI-433247",45.25,-88.5
-9,6.25,13.12,2020-02-27,"WI-433247",45.25,-88.5
-8.8,6.58,14.61,2020-02-28,"WI-433247",45.25,-88.5
-6.3,3.98,15.79,2020-02-29,"WI-433247",45.25,-88.5
0.7,4.94,15.02,2020-03-01,"WI-433247",45.25,-88.5
1,4.9,12.29,2020-03-02,"WI-433247",45.25,-88.5
-1.2,6.07,11.61,2020-03-03,"WI-433247",45.25,-88.5
-1,5.51,13.14,2020-03-04,"WI-433247",45.25,-88.5
0.2,8.39,7.4,2020-03-05,"WI-433247",45.25,-88.5
-3,8.49,16.45,2020-03-06,"WI-433247",45.25,-88.5
-0.7,6.05,17,2020-03-07,"WI-433247",45.25,-88.5
6.6,5.99,16.93,2020-03-08,"WI-433247",45.25,-88.5
5.2,5.32,6.84,2020-03-09,"WI-433247",45.25,-88.5
-0.2,5.2,17.65,2020-03-10,"WI-433247",45.25,-88.5
1.7,3.01,8.38,2020-03-11,"WI-433247",45.25,-88.5
3.4,7.02,3.63,2020-03-12,"WI-433247",45.25,-88.5
0,8.88,15.56,2020-03-13,"WI-433247",45.25,-88.5
-2.9,4.39,9.49,2020-03-14,"WI-433247",45.25,-88.5
-3.4,3.3,18.51,2020-03-15,"WI-433247",45.25,-88.5
-1,5.2,7.28,2020-03-16,"WI-433247",45.25,-88.5
0.3,5.96,19.76,2020-03-17,"WI-433247",45.25,-88.5
1.4,3.04,8.28,2020-03-18,"WI-433247",45.25,-88.5
1.7,4.97,1.61,2020-03-19,"WI-433247",45.25,-88.5
-2.7,8.16,17.51,2020-03-20,"WI-433247",45.25,-88.5
-7,3.41,18.75,2020-03-21,"WI-433247",45.25,-88.5
-3.4,4.66,13.39,2020-03-22,"WI-433247",45.25,-88.5
1.4,2.81,11.35,2020-03-23,"WI-433247",45.25,-88.5
2.8,3.29,13.34,2020-03-24,"WI-433247",45.25,-88.5
5.2,4.84,6.5,2020-03-25,"WI-433247",45.25,-88.5
3.9,2.98,16.14,2020-03-26,"WI-433247",45.25,-88.5
4.3,3.24,20.4,2020-03-27,"WI-433247",45.25,-88.5
4.2,6.91,9.23,2020-03-28,"WI-433247",45.25,-88.5
3.7,6.43,4.32,2020-03-29,"WI-433247",45.25,-88.5
4.3,6.33,14.83,2020-03-30,"WI-433247",45.25,-88.5
2.9,3.74,8.63,2020-03-31,"WI-433247",45.25,-88.5
5,2.51,12.1,2020-04-01,"WI-433247",45.25,-88.5
7.4,3.61,21.75,2020-04-02,"WI-433247",45.25,-88.5
9.1,4.31,18.61,2020-04-03,"WI-433247",45.25,-88.5
3.5,5.24,23.82,2020-04-04,"WI-433247",45.25,-88.5
4.2,3.31,23.52,2020-04-05,"WI-433247",45.25,-88.5
7.5,3.69,15.57,2020-04-06,"WI-433247",45.25,-88.5
8.1,3.35,8.45,2020-04-07,"WI-433247",45.25,-88.5
9.7,6.45,19.63,2020-04-08,"WI-433247",45.25,-88.5
2.8,7.43,22.12,2020-04-09,"WI-433247",45.25,-88.5
2.9,5.02,13.4,2020-04-10,"WI-433247",45.25,-88.5
7.3,4.74,21.47,2020-04-11,"WI-433247",45.25,-88.5
2.4,5.77,4.31,2020-04-12,"WI-433247",45.25,-88.5
-0.5,8.16,23.69,2020-04-13,"WI-433247",45.25,-88.5
-5,5.22,20.38,2020-04-14,"WI-433247",45.25,-88.5
-6,4.61,20.12,2020-04-15,"WI-433247",45.25,-88.5
-1.9,6.95,22.34,2020-04-16,"WI-433247",45.25,-88.5
2.2,3.86,20.23,2020-04-17,"WI-433247",45.25,-88.5
7.8,7.68,22.54,2020-04-18,"WI-433247",45.25,-88.5
5.3,5.02,22.68,2020-04-19,"WI-433247",45.25,-88.5
4.9,7.7,16.97,2020-04-20,"WI-433247",45.25,-88.5
0.8,7.79,25.77,2020-04-21,"WI-433247",45.25,-88.5
1.7,4.85,20.38,2020-04-22,"WI-433247",45.25,-88.5
1.6,3.72,8.66,2020-04-23,"WI-433247",45.25,-88.5
6.3,3.33,24.74,2020-04-24,"WI-433247",45.25,-88.5
9.1,3.4,20.58,2020-04-25,"WI-433247",45.25,-88.5
9.6,3.49,27.37,2020-04-26,"WI-433247",45.25,-88.5
6.3,3.48,6.26,2020-04-27,"WI-433247",45.25,-88.5
6.1,5.73,8.45,2020-04-28,"WI-433247",45.25,-88.5
8.1,7.95,7.66,2020-04-29,"WI-433247",45.25,-88.5
11.6,7.22,27.97,2020-04-30,"WI-433247",45.25,-88.5
11.6,4.27,20.44,2020-05-01,"WI-433247",45.25,-88.5
16.8,6.43,26.29,2020-05-02,"WI-433247",45.25,-88.5
11.3,6.84,25.77,2020-05-03,"WI-433247",45.25,-88.5
6,4.59,27.88,2020-05-04,"WI-433247",45.25,-88.5
6.4,3.38,20.46,2020-05-05,"WI-433247",45.25,-88.5
10.9,4.64,24.25,2020-05-06,"WI-433247",45.25,-88.5
7.8,6.01,27.48,2020-05-07,"WI-433247",45.25,-88.5
1,6.18,21.86,2020-05-08,"WI-433247",45.25,-88.5
5.9,6.31,22.59,2020-05-09,"WI-433247",45.25,-88.5
3.8,5.7,15.55,2020-05-10,"WI-433247",45.25,-88.5
5.1,4.88,26.38,2020-05-11,"WI-433247",45.25,-88.5
6.2,4.75,27.85,2020-05-12,"WI-433247",45.25,-88.5
7.6,5.17,19.43,2020-05-13,"WI-433247",45.25,-88.5
11.6,4.97,6.9,2020-05-14,"WI-433247",45.25,-88.5
15.4,5.2,29.19,2020-05-15,"WI-433247",45.25,-88.5
12.5,4.08,27.46,2020-05-16,"WI-433247",45.25,-88.5
10.3,8.58,5.89,2020-05-17,"WI-433247",45.25,-88.5
10.6,8.82,4.42,2020-05-18,"WI-433247",45.25,-88.5
13.5,6.04,22.46,2020-05-19,"WI-433247",45.25,-88.5
16.6,3.98,29.02,2020-05-20,"WI-433247",45.25,-88.5
16.7,3.85,27.73,2020-05-21,"WI-433247",45.25,-88.5
18.3,3.52,15.49,2020-05-22,"WI-433247",45.25,-88.5
18.5,4.46,18.48,2020-05-23,"WI-433247",45.25,-88.5
21,3.45,23.04,2020-05-24,"WI-433247",45.25,-88.5
22.8,4.26,22.9,2020-05-25,"WI-433247",45.25,-88.5
23.9,5,23.03,2020-05-26,"WI-433247",45.25,-88.5
24.9,4.24,21.24,2020-05-27,"WI-433247",45.25,-88.5
19.4,3.61,4.18,2020-05-28,"WI-433247",45.25,-88.5
15.5,5.52,18.98,2020-05-29,"WI-433247",45.25,-88.5
12.6,5.32,25.67,2020-05-30,"WI-433247",45.25,-88.5
13.2,3.9,30.14,2020-05-31,"WI-433247",45.25,-88.5
15.5,5.12,12.15,2020-06-01,"WI-433247",45.25,-88.5
25,5.65,27.12,2020-06-02,"WI-433247",45.25,-88.5
23.1,5.62,27.63,2020-06-03,"WI-433247",45.25,-88.5
20.7,4,29.11,2020-06-04,"WI-433247",45.25,-88.5
19.3,5.39,19,2020-06-05,"WI-433247",45.25,-88.5
17.2,3.61,24.95,2020-06-06,"WI-433247",45.25,-88.5
14.1,3.89,21.93,2020-06-07,"WI-433247",45.25,-88.5
21.3,5.12,29.67,2020-06-08,"WI-433247",45.25,-88.5
22.6,7.82,21.27,2020-06-09,"WI-433247",45.25,-88.5
19.7,8,20.25,2020-06-10,"WI-433247",45.25,-88.5
16.7,6.81,25.67,2020-06-11,"WI-433247",45.25,-88.5
13,4.04,21.06,2020-06-12,"WI-433247",45.25,-88.5
11.9,3.77,31.36,2020-06-13,"WI-433247",45.25,-88.5
13.7,4.85,31.68,2020-06-14,"WI-433247",45.25,-88.5
16.2,4.57,29.64,2020-06-15,"WI-433247",45.25,-88.5
20.4,3.68,30.11,2020-06-16,"WI-433247",45.25,-88.5
22.9,4.42,30.61,2020-06-17,"WI-433247",45.25,-88.5
23.5,4.63,29.83,2020-06-18,"WI-433247",45.25,-88.5
23.3,3.67,22.95,2020-06-19,"WI-433247",45.25,-88.5
18.6,3.49,3.85,2020-06-20,"WI-433247",45.25,-88.5
21.1,3.67,26.82,2020-06-21,"WI-433247",45.25,-88.5
19.2,3.7,6.82,2020-06-22,"WI-433247",45.25,-88.5
17.4,6.24,18.5,2020-06-23,"WI-433247",45.25,-88.5
17.4,4.08,23.25,2020-06-24,"WI-433247",45.25,-88.5
20.4,4.1,29.28,2020-06-25,"WI-433247",45.25,-88.5
21.8,3.47,22.07,2020-06-26,"WI-433247",45.25,-88.5
24.1,3.48,29.13,2020-06-27,"WI-433247",45.25,-88.5
22.6,3.55,28.55,2020-06-28,"WI-433247",45.25,-88.5
23.2,5.01,21.19,2020-06-29,"WI-433247",45.25,-88.5
25.6,4.68,25.68,2020-06-30,"WI-433247",45.25,-88.5
25.2,3.04,29.24,2020-07-01,"WI-433247",45.25,-88.5
26.2,2.86,24.03,2020-07-02,"WI-433247",45.25,-88.5
27.3,2.83,26.49,2020-07-03,"WI-433247",45.25,-88.5
26.5,2.28,27.5,2020-07-04,"WI-433247",45.25,-88.5
26.6,2.01,25.09,2020-07-05,"WI-433247",45.25,-88.5
25.6,4.38,23.93,2020-07-06,"WI-433247",45.25,-88.5
25,2.92,25.11,2020-07-07,"WI-433247",45.25,-88.5
26,5.02,26.67,2020-07-08,"WI-433247",45.25,-88.5
24.4,4.62,24.4,2020-07-09,"WI-433247",45.25,-88.5
22.8,4.4,16.28,2020-07-10,"WI-433247",45.25,-88.5
23.5,4.28,23.58,2020-07-11,"WI-433247",45.25,-88.5
20.6,4.26,18.54,2020-07-12,"WI-433247",45.25,-88.5
20.8,3.96,26.43,2020-07-13,"WI-433247",45.25,-88.5
20.7,6.17,10.48,2020-07-14,"WI-433247",45.25,-88.5
19.9,3.58,18.02,2020-07-15,"WI-433247",45.25,-88.5
20.4,3.9,29.7,2020-07-16,"WI-433247",45.25,-88.5
24.6,4.22,25.51,2020-07-17,"WI-433247",45.25,-88.5
24.9,6.99,19.34,2020-07-18,"WI-433247",45.25,-88.5
24.8,7.17,27.1,2020-07-19,"WI-433247",45.25,-88.5
19.8,4.22,25.85,2020-07-20,"WI-433247",45.25,-88.5
17.8,4.2,16.15,2020-07-21,"WI-433247",45.25,-88.5
19.4,3.33,16.68,2020-07-22,"WI-433247",45.25,-88.5
19.1,2.97,20.94,2020-07-23,"WI-433247",45.25,-88.5
21.7,3.76,22.94,2020-07-24,"WI-433247",45.25,-88.5
26.1,5.22,24.49,2020-07-25,"WI-433247",45.25,-88.5
25.2,4.6,10.9,2020-07-26,"WI-433247",45.25,-88.5
23,5.66,25.62,2020-07-27,"WI-433247",45.25,-88.5
21.8,5.2,20.97,2020-07-28,"WI-433247",45.25,-88.5
21.3,3.26,22.28,2020-07-29,"WI-433247",45.25,-88.5
20.5,3.26,20.84,2020-07-30,"WI-433247",45.25,-88.5
20.2,2.92,24.74,2020-07-31,"WI-433247",45.25,-88.5
21.4,2.65,20.97,2020-08-01,"WI-433247",45.25,-88.5
17.4,5.73,9.55,2020-08-02,"WI-433247",45.25,-88.5
15.5,5.11,16.73,2020-08-03,"WI-433247",45.25,-88.5
14.9,3.81,18.69,2020-08-04,"WI-433247",45.25,-88.5
17.1,2.63,21.92,2020-08-05,"WI-433247",45.25,-88.5
19.7,3.35,22.85,2020-08-06,"WI-433247",45.25,-88.5
20.5,4.4,24.03,2020-08-07,"WI-433247",45.25,-88.5
21.3,6.37,11.47,2020-08-08,"WI-433247",45.25,-88.5
24.9,6.2,20.35,2020-08-09,"WI-433247",45.25,-88.5
22.1,5.37,14.85,2020-08-10,"WI-433247",45.25,-88.5
21.1,3.98,26.74,2020-08-11,"WI-433247",45.25,-88.5
22.6,3.51,25.27,2020-08-12,"WI-433247",45.25,-88.5
21.3,3.49,18.54,2020-08-13,"WI-433247",45.25,-88.5
22.5,4.05,24.94,2020-08-14,"WI-433247",45.25,-88.5
21.4,4.74,20.1,2020-08-15,"WI-433247",45.25,-88.5
19.9,3.36,21.26,2020-08-16,"WI-433247",45.25,-88.5
19.5,3.96,21.89,2020-08-17,"WI-433247",45.25,-88.5
17.9,3.26,22.1,2020-08-18,"WI-433247",45.25,-88.5
19.3,4.75,21.03,2020-08-19,"WI-433247",45.25,-88.5
22.8,5.79,20.91,2020-08-20,"WI-433247",45.25,-88.5
22.3,3.55,19.26,2020-08-21,"WI-433247",45.25,-88.5
20.6,3.51,10.37,2020-08-22,"WI-433247",45.25,-88.5
23.3,2.48,20.34,2020-08-23,"WI-433247",45.25,-88.5
23.6,4.14,20.34,2020-08-24,"WI-433247",45.25,-88.5
22.8,3.22,23.04,2020-08-25,"WI-433247",45.25,-88.5
24.6,6,22.08,2020-08-26,"WI-433247",45.25,-88.5
24.5,3.51,18.82,2020-08-27,"WI-433247",45.25,-88.5
18.8,6.53,5.47,2020-08-28,"WI-433247",45.25,-88.5
17.9,7.22,17.64,2020-08-29,"WI-433247",45.25,-88.5
15.1,3.83,22.59,2020-08-30,"WI-433247",45.25,-88.5
15.5,6.86,11.43,2020-08-31,"WI-433247",45.25,-88.5
14.8,3.35,16.54,2020-09-01,"WI-433247",45.25,-88.5
18.4,6.45,22.97,2020-09-02,"WI-433247",45.25,-88.5
16.9,8.95,17.82,2020-09-03,"WI-433247",45.25,-88.5
15.1,6.5,20.6,2020-09-04,"WI-433247",45.25,-88.5
16,4.74,20.78,2020-09-05,"WI-433247",45.25,-88.5
16.7,8.35,9.96,2020-09-06,"WI-433247",45.25,-88.5
15.2,6.98,16.24,2020-09-07,"WI-433247",45.25,-88.5
9.3,3.77,7.78,2020-09-08,"WI-433247",45.25,-88.5
7.2,3.24,2.62,2020-09-09,"WI-433247",45.25,-88.5
8.3,2.97,16.41,2020-09-10,"WI-433247",45.25,-88.5
10.7,3.5,18.43,2020-09-11,"WI-433247",45.25,-88.5
15.1,5.19,2.32,2020-09-12,"WI-433247",45.25,-88.5
16.3,5.46,15.67,2020-09-13,"WI-433247",45.25,-88.5
13,4,16.37,2020-09-14,"WI-433247",45.25,-88.5
19,7.38,18.97,2020-09-15,"WI-433247",45.25,-88.5
18.2,5.52,14.01,2020-09-16,"WI-433247",45.25,-88.5
10.5,4.11,12.56,2020-09-17,"WI-433247",45.25,-88.5
7.9,2.72,20.14,2020-09-18,"WI-433247",45.25,-88.5
9.9,4.68,18.08,2020-09-19,"WI-433247",45.25,-88.5
13.1,4.93,18.62,2020-09-20,"WI-433247",45.25,-88.5
16,5.75,17.61,2020-09-21,"WI-433247",45.25,-88.5
19.7,4.7,18.31,2020-09-22,"WI-433247",45.25,-88.5
20.3,3.55,16.1,2020-09-23,"WI-433247",45.25,-88.5
16,2.77,5.66,2020-09-24,"WI-433247",45.25,-88.5
18.9,6.1,14.34,2020-09-25,"WI-433247",45.25,-88.5
19.7,5.08,10.83,2020-09-26,"WI-433247",45.25,-88.5
16.4,5.54,5.97,2020-09-27,"WI-433247",45.25,-88.5
11.5,4.55,7.77,2020-09-28,"WI-433247",45.25,-88.5
10.4,5.28,7.41,2020-09-29,"WI-433247",45.25,-88.5
9.9,7.29,10.86,2020-09-30,"WI-433247",45.25,-88.5
8,5.25,13.76,2020-10-01,"WI-433247",45.25,-88.5
4.4,2.75,11.15,2020-10-02,"WI-433247",45.25,-88.5
4.1,1.84,8.13,2020-10-03,"WI-433247",45.25,-88.5
4.7,4.6,10.8,2020-10-04,"WI-433247",45.25,-88.5
9.1,7.4,15.78,2020-10-05,"WI-433247",45.25,-88.5
14.7,5.67,14.12,2020-10-06,"WI-433247",45.25,-88.5
13.1,6.01,14.24,2020-10-07,"WI-433247",45.25,-88.5
9.9,3.96,15.47,2020-10-08,"WI-433247",45.25,-88.5
15.7,6.52,12.55,2020-10-09,"WI-433247",45.25,-88.5
13,4.65,14.72,2020-10-10,"WI-433247",45.25,-88.5
9.2,4.72,11.89,2020-10-11,"WI-433247",45.25,-88.5
12,7.96,2.5,2020-10-12,"WI-433247",45.25,-88.5
10.7,8.42,12.24,2020-10-13,"WI-433247",45.25,-88.5
8.7,5.85,2.93,2020-10-14,"WI-433247",45.25,-88.5
5.8,6.99,12.73,2020-10-15,"WI-433247",45.25,-88.5
2.9,5.38,11.12,2020-10-16,"WI-433247",45.25,-88.5
3.2,5.82,3.72,2020-10-17,"WI-433247",45.25,-88.5
2.9,5.41,10.75,2020-10-18,"WI-433247",45.25,-88.5
-0.6,3.01,10.13,2020-10-19,"WI-433247",45.25,-88.5
0.3,3.88,7.56,2020-10-20,"WI-433247",45.25,-88.5
3,6.01,7.73,2020-10-21,"WI-433247",45.25,-88.5
1,6.14,1.61,2020-10-22,"WI-433247",45.25,-88.5
2.1,5.86,3.77,2020-10-23,"WI-433247",45.25,-88.5
-0.9,3.91,9.73,2020-10-24,"WI-433247",45.25,-88.5
-0.5,2.84,7.86,2020-10-25,"WI-433247",45.25,-88.5
-0.7,4.74,9.77,2020-10-26,"WI-433247",45.25,-88.5
-1.3,5.23,12.39,2020-10-27,"WI-433247",45.25,-88.5
3.4,6.11,7.8,2020-10-28,"WI-433247",45.25,-88.5
1.7,4.88,5.72,2020-10-29,"WI-433247",45.25,-88.5
-0.5,3.24,10.26,2020-10-30,"WI-433247",45.25,-88.5
3.7,7.07,10.78,2020-10-31,"WI-433247",45.25,-88.5
-0.2,11.54,7.04,2020-11-01,"WI-433247",45.25,-88.5
3.3,6.45,10.59,2020-11-02,"WI-433247",45.25,-88.5
9.7,5.16,10.58,2020-11-03,"WI-433247",45.25,-88.5
13.4,4.48,10.6,2020-11-04,"WI-433247",45.25,-88.5
13.7,4.53,10.03,2020-11-05,"WI-433247",45.25,-88.5
15.1,5.03,9.87,2020-11-06,"WI-433247",45.25,-88.5
16.1,5.32,9.3,2020-11-07,"WI-433247",45.25,-88.5
15.6,5.2,8.86,2020-11-08,"WI-433247",45.25,-88.5
19.2,8.14,5.26,2020-11-09,"WI-433247",45.25,-88.5
6.5,6.05,0.73,2020-11-10,"WI-433247",45.25,-88.5
1.7,9.61,8.34,2020-11-11,"WI-433247",45.25,-88.5
3,4.44,7.38,2020-11-12,"WI-433247",45.25,-88.5
-1.8,4.75,8.38,2020-11-13,"WI-433247",45.25,-88.5
0.1,5.95,6.78,2020-11-14,"WI-433247",45.25,-88.5
2.7,8.71,3.57,2020-11-15,"WI-433247",45.25,-88.5
-1.1,7.08,6.92,2020-11-16,"WI-433247",45.25,-88.5
-2.9,5.86,7.79,2020-11-17,"WI-433247",45.25,-88.5
0.5,5.92,6.77,2020-11-18,"WI-433247",45.25,-88.5
7.2,5.01,5.67,2020-11-19,"WI-433247",45.25,-88.5
3.3,5.99,6.64,2020-11-20,"WI-433247",45.25,-88.5
-1.7,2.39,7.97,2020-11-21,"WI-433247",45.25,-88.5
-1.6,4.81,6.93,2020-11-22,"WI-433247",45.25,-88.5
-0.8,5.19,6.32,2020-11-23,"WI-433247",45.25,-88.5
-1.1,5.3,1.5,2020-11-24,"WI-433247",45.25,-88.5
1.7,3.11,4.07,2020-11-25,"WI-433247",45.25,-88.5
2.4,5.42,5.31,2020-11-26,"WI-433247",45.25,-88.5
0.3,5.3,5.65,2020-11-27,"WI-433247",45.25,-88.5
2.1,4.89,7.26,2020-11-28,"WI-433247",45.25,-88.5
2,6.79,5.71,2020-11-29,"WI-433247",45.25,-88.5
-3.2,6.64,4.29,2020-11-30,"WI-433247",45.25,-88.5
-3.8,4.23,7.45,2020-12-01,"WI-433247",45.25,-88.5
0.4,5.7,7.49,2020-12-02,"WI-433247",45.25,-88.5
2.2,5.2,6.91,2020-12-03,"WI-433247",45.25,-88.5
0.5,4.83,4.66,2020-12-04,"WI-433247",45.25,-88.5
-3,2.28,5.41,2020-12-05,"WI-433247",45.25,-88.5
-1.6,2.63,6.77,2020-12-06,"WI-433247",45.25,-88.5
-0.3,2.62,4.58,2020-12-07,"WI-433247",45.25,-88.5
-0.4,5.41,4.56,2020-12-08,"WI-433247",45.25,-88.5
3.8,4.97,6.89,2020-12-09,"WI-433247",45.25,-88.5
2.7,4.84,6.15,2020-12-10,"WI-433247",45.25,-88.5
1.2,5.02,3.17,2020-12-11,"WI-433247",45.25,-88.5
-2.2,6.78,3.75,2020-12-12,"WI-433247",45.25,-88.5
-4.4,3.96,4.52,2020-12-13,"WI-433247",45.25,-88.5
-6.2,6.18,7.06,2020-12-14,"WI-433247",45.25,-88.5
-8.7,2.62,5.76,2020-12-15,"WI-433247",45.25,-88.5
-4.6,3.26,5.56,2020-12-16,"WI-433247",45.25,-88.5
-3.4,1.57,3.31,2020-12-17,"WI-433247",45.25,-88.5
-3.3,4.73,4.13,2020-12-18,"WI-433247",45.25,-88.5
0.4,2.62,4.87,2020-12-19,"WI-433247",45.25,-88.5
-0.8,4.67,5.91,2020-12-20,"WI-433247",45.25,-88.5
-0.9,4.49,2.38,2020-12-21,"WI-433247",45.25,-88.5
0.2,5.13,5.64,2020-12-22,"WI-433247",45.25,-88.5
3.8,7.27,1.11,2020-12-23,"WI-433247",45.25,-88.5
-9.4,7.11,6.08,2020-12-24,"WI-433247",45.25,-88.5
-9.3,4.81,5.95,2020-12-25,"WI-433247",45.25,-88.5
-5.4,5.19,3.94,2020-12-26,"WI-433247",45.25,-88.5
-5.2,4.88,2.09,2020-12-27,"WI-433247",45.25,-88.5
-7.2,6.8,6.56,2020-12-28,"WI-433247",45.25,-88.5
-11.5,3.83,4.73,2020-12-29,"WI-433247",45.25,-88.5
-3.6,6.86,3.37,2020-12-30,"WI-433247",45.25,-88.5
-6.8,4.33,6.45,2020-12-31,"WI-433247",45.25,-88.5
-8.1,3.29,4.03,2021-01-01,"WI-433247",45.25,-88.5
-4.3,3.12,6.87,2021-01-02,"WI-433247",45.25,-88.5
-4.1,3.58,5.8,2021-01-03,"WI-433247",45.25,-88.5
-4.3,4.33,2.6,2021-01-04,"WI-433247",45.25,-88.5
-0.4,3.58,6.2,2021-01-05,"WI-433247",45.25,-88.5
-1,1.92,4.03,2021-01-06,"WI-433247",45.25,-88.5
-1.3,2.42,4.27,2021-01-07,"WI-433247",45.25,-88.5
-2.6,3.68,6.1,2021-01-08,"WI-433247",45.25,-88.5
-3.2,2.4,6.01,2021-01-09,"WI-433247",45.25,-88.5
-3.3,3.44,4.58,2021-01-10,"WI-433247",45.25,-88.5
-2.7,4.66,4.19,2021-01-11,"WI-433247",45.25,-88.5
-0.2,3.62,4.95,2021-01-12,"WI-433247",45.25,-88.5
0,3.81,6.96,2021-01-13,"WI-433247",45.25,-88.5
0.5,5.23,2.06,2021-01-14,"WI-433247",45.25,-88.5
1.5,5.46,2.17,2021-01-15,"WI-433247",45.25,-88.5
0.4,5.2,4.66,2021-01-16,"WI-433247",45.25,-88.5
-2.7,2.93,4.35,2021-01-17,"WI-433247",45.25,-88.5
-4,4.08,4.68,2021-01-18,"WI-433247",45.25,-88.5
-9,4.03,7.56,2021-01-19,"WI-433247",45.25,-88.5
-10.4,6.62,5.54,2021-01-20,"WI-433247",45.25,-88.5
-0.7,8.74,6.7,2021-01-21,"WI-433247",45.25,-88.5
-10.7,5.02,9.06,2021-01-22,"WI-433247",45.25,-88.5
-10.2,2.44,9.13,2021-01-23,"WI-433247",45.25,-88.5
-6.6,3.98,6.61,2021-01-24,"WI-433247",45.25,-88.5
-9.3,4.24,9.4,2021-01-25,"WI-433247",45.25,-88.5
-7.9,5.57,6.01,2021-01-26,"WI-433247",45.25,-88.5
-10.5,3.4,9.69,2021-01-27,"WI-433247",45.25,-88.5
-10.9,2.48,9.05,2021-01-28,"WI-433247",45.25,-88.5
-8.5,3.1,9.63,2021-01-29,"WI-433247",45.25,-88.5
-3.3,5.39,3.58,2021-01-30,"WI-433247",45.25,-88.5
-2.4,4.88,4.59,2021-01-31,"WI-433247",45.25,-88.5
-2.6,3.49,9.78,2021-02-01,"WI-433247",45.25,-88.5
-1.3,4.02,8.27,2021-02-02,"WI-433247",45.25,-88.5
-3.8,4.11,10.66,2021-02-03,"WI-433247",45.25,-88.5
-1,7.32,2.22,2021-02-04,"WI-433247",45.25,-88.5
-12.6,7.6,9.43,2021-02-05,"WI-433247",45.25,-88.5
-17.7,6.28,11.11,2021-02-06,"WI-433247",45.25,-88.5
-21.2,4.83,12.24,2021-02-07,"WI-433247",45.25,-88.5
-18,3.52,11.9,2021-02-08,"WI-433247",45.25,-88.5
-17.1,4.9,11.89,2021-02-09,"WI-433247",45.25,-88.5
-16.4,3.73,9.7,2021-02-10,"WI-433247",45.25,-88.5
-15.5,2.95,10.11,2021-02-11,"WI-433247",45.25,-88.5
-14.7,3.93,11.38,2021-02-12,"WI-433247",45.25,-88.5
-17.7,4.83,5.96,2021-02-13,"WI-433247",45.25,-88.5
-21.3,5.02,13.13,2021-02-14,"WI-433247",45.25,-88.5
-20.3,4.36,13.53,2021-02-15,"WI-433247",45.25,-88.5
-14.8,4.64,13.97,2021-02-16,"WI-433247",45.25,-88.5
-14.2,3.26,13.24,2021-02-17,"WI-433247",45.25,-88.5
-9,2.53,9.75,2021-02-18,"WI-433247",45.25,-88.5
-8.7,3.28,9.4,2021-02-19,"WI-433247",45.25,-88.5
-11.2,3.5,14.35,2021-02-20,"WI-433247",45.25,-88.5
-7.3,4.21,8.3,2021-02-21,"WI-433247",45.25,-88.5
-0.6,5.88,11.14,2021-02-22,"WI-433247",45.25,-88.5
4.1,7.2,12.74,2021-02-23,"WI-433247",45.25,-88.5
0.4,6.68,12.19,2021-02-24,"WI-433247",45.25,-88.5
-2.8,5.99,13.26,2021-02-25,"WI-433247",45.25,-88.5
-1.1,7.5,14.3,2021-02-26,"WI-433247",45.25,-88.5
2.8,4.77,15.41,2021-02-27,"WI-433247",45.25,-88.5
0,7.98,3.51,2021-02-28,"WI-433247",45.25,-88.5
-7.8,6.18,16.42,2021-03-01,"WI-433247",45.25,-88.5
-2.3,8.21,15.3,2021-03-02,"WI-433247",45.25,-88.5
2.1,4.39,15.13,2021-03-03,"WI-433247",45.25,-88.5
-2.9,3.45,16.8,2021-03-04,"WI-433247",45.25,-88.5
-0.1,4.02,16.83,2021-03-05,"WI-433247",45.25,-88.5
-2.1,3.57,17.41,2021-03-06,"WI-433247",45.25,-88.5
-1.7,4.78,15.61,2021-03-07,"WI-433247",45.25,-88.5
6.5,4.66,16.51,2021-03-08,"WI-433247",45.25,-88.5
7,5.86,15.74,2021-03-09,"WI-433247",45.25,-88.5
11.4,6.38,4.81,2021-03-10,"WI-433247",45.25,-88.5
6.5,10.32,12.27,2021-03-11,"WI-433247",45.25,-88.5
0.4,6.13,18.79,2021-03-12,"WI-433247",45.25,-88.5
5.3,7.24,18.14,2021-03-13,"WI-433247",45.25,-88.5
2.3,4.54,17.13,2021-03-14,"WI-433247",45.25,-88.5
-1.4,5.22,15.41,2021-03-15,"WI-433247",45.25,-88.5
-0.3,3.48,8.51,2021-03-16,"WI-433247",45.25,-88.5
2.5,4.08,10.66,2021-03-17,"WI-433247",45.25,-88.5
3.5,6.34,19.38,2021-03-18,"WI-433247",45.25,-88.5
3.2,3.58,20.11,2021-03-19,"WI-433247",45.25,-88.5
6.1,5.7,20.39,2021-03-20,"WI-433247",45.25,-88.5
9.5,7.05,16.97,2021-03-21,"WI-433247",45.25,-88.5
12.7,5.95,14.19,2021-03-22,"WI-433247",45.25,-88.5
8.9,4.96,9.48,2021-03-23,"WI-433247",45.25,-88.5
8.3,5.78,4.66,2021-03-24,"WI-433247",45.25,-88.5
2.8,5.08,14.95,2021-03-25,"WI-433247",45.25,-88.5
1.2,4.38,20.26,2021-03-26,"WI-433247",45.25,-88.5
2.2,4.16,9.79,2021-03-27,"WI-433247",45.25,-88.5
0.8,7.96,18.72,2021-03-28,"WI-433247",45.25,-88.5
5.8,8.01,19.36,2021-03-29,"WI-433247",45.25,-88.5
9.3,7.81,15.62,2021-03-30,"WI-433247",45.25,-88.5
-1.5,5.46,17.45,2021-03-31,"WI-433247",45.25,-88.5
-1.8,4.39,23.08,2021-04-01,"WI-433247",45.25,-88.5
2.8,5.63,22.54,2021-04-02,"WI-433247",45.25,-88.5
10.2,5.14,22.62,2021-04-03,"WI-433247",45.25,-88.5
10.2,5.14,12.41,2021-04-04,"WI-433247",45.25,-88.5
15.4,4.58,20.8,2021-04-05,"WI-433247",45.25,-88.5
18.6,4.92,16.3,2021-04-06,"WI-433247",45.25,-88.5
15.5,4.38,18.58,2021-04-07,"WI-433247",45.25,-88.5
14.6,5.1,11.92,2021-04-08,"WI-433247",45.25,-88.5
10.6,4.94,7.79,2021-04-09,"WI-433247",45.25,-88.5
10.7,5.72,7.21,2021-04-10,"WI-433247",45.25,-88.5
9.7,6,2.7,2021-04-11,"WI-433247",45.25,-88.5
9,4.71,8.91,2021-04-12,"WI-433247",45.25,-88.5
4.8,4.8,9.5,2021-04-13,"WI-433247",45.25,-88.5
2.9,4.78,13.06,2021-04-14,"WI-433247",45.25,-88.5
5.1,5.8,14.16,2021-04-15,"WI-433247",45.25,-88.5
5.8,3.34,23.24,2021-04-16,"WI-433247",45.25,-88.5
6.9,3.05,23.77,2021-04-17,"WI-433247",45.25,-88.5
8.5,3.77,18.75,2021-04-18,"WI-433247",45.25,-88.5
2.7,6.94,17.16,2021-04-19,"WI-433247",45.25,-88.5
0.8,4.03,16.81,2021-04-20,"WI-433247",45.25,-88.5
0.7,4.12,18.63,2021-04-21,"WI-433247",45.25,-88.5
5.5,4.37,21.99,2021-04-22,"WI-433247",45.25,-88.5
10,5.08,17.43,2021-04-23,"WI-433247",45.25,-88.5
6.9,5.57,15.26,2021-04-24,"WI-433247",45.25,-88.5
3.3,4.66,26.59,2021-04-25,"WI-433247",45.25,-88.5
3.3,5.5,6.81,2021-04-26,"WI-433247",45.25,-88.5
6.2,4.24,10.72,2021-04-27,"WI-433247",45.25,-88.5
9.9,4.62,17.67,2021-04-28,"WI-433247",45.25,-88.5
10.8,6.74,21.26,2021-04-29,"WI-433247",45.25,-88.5
9,5.19,28,2021-04-30,"WI-433247",45.25,-88.5
15.1,6.31,23.13,2021-05-01,"WI-433247",45.25,-88.5
14.8,5.06,15.48,2021-05-02,"WI-433247",45.25,-88.5
10.1,4.34,4.36,2021-05-03,"WI-433247",45.25,-88.5
8.9,5.58,18.87,2021-05-04,"WI-433247",45.25,-88.5
8,4.08,19.09,2021-05-05,"WI-433247",45.25,-88.5
9,4.46,22.28,2021-05-06,"WI-433247",45.25,-88.5
5.7,6.07,23.64,2021-05-07,"WI-433247",45.25,-88.5
7.4,2.88,21.03,2021-05-08,"WI-433247",45.25,-88.5
7,3.72,21.74,2021-05-09,"WI-433247",45.25,-88.5
6,4.16,24.13,2021-05-10,"WI-433247",45.25,-88.5
7.4,4.95,21.47,2021-05-11,"WI-433247",45.25,-88.5
10.5,3.72,29.76,2021-05-12,"WI-433247",45.25,-88.5
13.9,3.68,24.45,2021-05-13,"WI-433247",45.25,-88.5
15.2,4.05,23.89,2021-05-14,"WI-433247",45.25,-88.5
13.6,4.03,16.44,2021-05-15,"WI-433247",45.25,-88.5
14.6,3.9,19.85,2021-05-16,"WI-433247",45.25,-88.5
18.1,3.51,27.74,2021-05-17,"WI-433247",45.25,-88.5
18.7,5.87,26.08,2021-05-18,"WI-433247",45.25,-88.5
18.6,5.64,7.39,2021-05-19,"WI-433247",45.25,-88.5
21.7,6.02,11.47,2021-05-20,"WI-433247",45.25,-88.5
21.2,4.66,10.01,2021-05-21,"WI-433247",45.25,-88.5
23.6,5.54,21.76,2021-05-22,"WI-433247",45.25,-88.5
15.9,3.58,9.26,2021-05-23,"WI-433247",45.25,-88.5
17,4.62,10.2,2021-05-24,"WI-433247",45.25,-88.5
23,6.88,18.09,2021-05-25,"WI-433247",45.25,-88.5
15.8,5.86,24.39,2021-05-26,"WI-433247",45.25,-88.5
5.9,4.39,9.05,2021-05-27,"WI-433247",45.25,-88.5
7.9,5.78,25.77,2021-05-28,"WI-433247",45.25,-88.5
10.5,2.77,31.18,2021-05-29,"WI-433247",45.25,-88.5
11.7,3.98,22.65,2021-05-30,"WI-433247",45.25,-88.5
15,3.44,25.95,2021-05-31,"WI-433247",45.25,-88.5
16.7,3.47,23.66,2021-06-01,"WI-433247",45.25,-88.5
19.6,4.47,23.92,2021-06-02,"WI-433247",45.25,-88.5
20.5,4.11,20.46,2021-06-03,"WI-433247",45.25,-88.5
24.6,5.59,29.22,2021-06-04,"WI-433247",45.25,-88.5
27.8,6.22,25.48,2021-06-05,"WI-433247",45.25,-88.5
27.5,7.79,29.69,2021-06-06,"WI-433247",45.25,-88.5
27.1,4.62,25.08,2021-06-07,"WI-433247",45.25,-88.5
27.2,3.58,26.38,2021-06-08,"WI-433247",45.25,-88.5
24.9,3.88,25.87,2021-06-09,"WI-433247",45.25,-88.5
24.8,3.26,27,2021-06-10,"WI-433247",45.25,-88.5
22.8,4.12,21.12,2021-06-11,"WI-433247",45.25,-88.5
21.9,4.69,27.72,2021-06-12,"WI-433247",45.25,-88.5
22.2,4.53,29.03,2021-06-13,"WI-433247",45.25,-88.5
20,4.68,24.16,2021-06-14,"WI-433247",45.25,-88.5
19.3,3.56,23.54,2021-06-15,"WI-433247",45.25,-88.5
17.9,2.8,31.17,2021-06-16,"WI-433247",45.25,-88.5
22.2,5.96,23.77,2021-06-17,"WI-433247",45.25,-88.5
25,7.13,31.02,2021-06-18,"WI-433247",45.25,-88.5
19.9,2.82,21.76,2021-06-19,"WI-433247",45.25,-88.5
17.1,3.61,17.57,2021-06-20,"WI-433247",45.25,-88.5
13.9,7.27,21.89,2021-06-21,"WI-433247",45.25,-88.5
13.5,4.71,24.71,2021-06-22,"WI-433247",45.25,-88.5
18.4,5.27,23.99,2021-06-23,"WI-433247",45.25,-88.5
20.9,5.46,14.83,2021-06-24,"WI-433247",45.25,-88.5
21.8,3.42,22.07,2021-06-25,"WI-433247",45.25,-88.5
18.3,3.72,5.49,2021-06-26,"WI-433247",45.25,-88.5
19.1,5.11,19.71,2021-06-27,"WI-433247",45.25,-88.5
21.4,3.4,22.87,2021-06-28,"WI-433247",45.25,-88.5
20.6,3.34,11.91,2021-06-29,"WI-433247",45.25,-88.5
22.3,3.55,25.22,2021-06-30,"WI-433247",45.25,-88.5
19.1,3.5,26.92,2021-07-01,"WI-433247",45.25,-88.5
18.6,2.57,30.58,2021-07-02,"WI-433247",45.25,-88.5
25.5,5.41,29.4,2021-07-03,"WI-433247",45.25,-88.5
26.1,5.31,28.95,2021-07-04,"WI-433247",45.25,-88.5
27,6.17,23.64,2021-07-05,"WI-433247",45.25,-88.5
21.1,3.97,16.55,2021-07-06,"WI-433247",45.25,-88.5
13.6,4.74,4.37,2021-07-07,"WI-433247",45.25,-88.5
15.3,3.5,15.3,2021-07-08,"WI-433247",45.25,-88.5
18,2.77,27.44,2021-07-09,"WI-433247",45.25,-88.5
18.5,2.98,29.33,2021-07-10,"WI-433247",45.25,-88.5
18.9,3.31,30.59,2021-07-11,"WI-433247",45.25,-88.5
19.5,3.45,28.93,2021-07-12,"WI-433247",45.25,-88.5
22.3,3.76,26.96,2021-07-13,"WI-433247",45.25,-88.5
21.4,3.91,18.58,2021-07-14,"WI-433247",45.25,-88.5
20.8,3.98,25.6,2021-07-15,"WI-433247",45.25,-88.5
19.7,2.73,26.44,2021-07-16,"WI-433247",45.25,-88.5
20,2.63,29.29,2021-07-17,"WI-433247",45.25,-88.5
21.1,2.77,28.95,2021-07-18,"WI-433247",45.25,-88.5
22.7,3.6,28.12,2021-07-19,"WI-433247",45.25,-88.5
21.4,4.1,23.85,2021-07-20,"WI-433247",45.25,-88.5
17.3,2.97,29.35,2021-07-21,"WI-433247",45.25,-88.5
18.8,3.4,16.15,2021-07-22,"WI-433247",45.25,-88.5
23.2,4.73,18.51,2021-07-23,"WI-433247",45.25,-88.5
24.3,5.25,15.89,2021-07-24,"WI-433247",45.25,-88.5
23.5,5.02,28.54,2021-07-25,"WI-433247",45.25,-88.5
23.3,4,26.25,2021-07-26,"WI-433247",45.25,-88.5
22.1,5.32,14.73,2021-07-27,"WI-433247",45.25,-88.5
21.8,3.1,20.3,2021-07-28,"WI-433247",45.25,-88.5
21.8,5.02,23.49,2021-07-29,"WI-433247",45.25,-88.5
17.5,3.62,27.6,2021-07-30,"WI-433247",45.25,-88.5
20.2,4.66,21.88,2021-07-31,"WI-433247",45.25,-88.5
18.1,5.15,18.68,2021-08-01,"WI-433247",45.25,-88.5
18.3,3.14,21.29,2021-08-02,"WI-433247",45.25,-88.5
20.8,3.42,23.62,2021-08-03,"WI-433247",45.25,-88.5
21.9,3.24,23.68,2021-08-04,"WI-433247",45.25,-88.5
21,5.96,19.49,2021-08-05,"WI-433247",45.25,-88.5
22.2,4.17,12.7,2021-08-06,"WI-433247",45.25,-88.5
18.6,3.98,6.26,2021-08-07,"WI-433247",45.25,-88.5
22,5.37,10.37,2021-08-08,"WI-433247",45.25,-88.5
21.9,3.33,11.65,2021-08-09,"WI-433247",45.25,-88.5
23.3,6.3,12.61,2021-08-10,"WI-433247",45.25,-88.5
21.7,5.88,13.02,2021-08-11,"WI-433247",45.25,-88.5
20.9,5.48,20.56,2021-08-12,"WI-433247",45.25,-88.5
17.9,4.65,24.13,2021-08-13,"WI-433247",45.25,-88.5
18.4,2.92,25.71,2021-08-14,"WI-433247",45.25,-88.5
20.5,3.92,25.28,2021-08-15,"WI-433247",45.25,-88.5
19.9,3.34,25.21,2021-08-16,"WI-433247",45.25,-88.5
20.4,3.61,24.76,2021-08-17,"WI-433247",45.25,-88.5
22.1,2.51,24.53,2021-08-18,"WI-433247",45.25,-88.5
23.4,2.5,22.24,2021-08-19,"WI-433247",45.25,-88.5
23.3,4.32,22.08,2021-08-20,"WI-433247",45.25,-88.5
23.1,6.18,15.83,2021-08-21,"WI-433247",45.25,-88.5
18.3,4.52,24.5,2021-08-22,"WI-433247",45.25,-88.5
21.2,4.19,20.05,2021-08-23,"WI-433247",45.25,-88.5
21.5,4.81,13.76,2021-08-24,"WI-433247",45.25,-88.5
23.3,3.89,19.12,2021-08-25,"WI-433247",45.25,-88.5
20.5,3.77,22,2021-08-26,"WI-433247",45.25,-88.5
18.2,3.98,2.86,2021-08-27,"WI-433247",45.25,-88.5
22.9,4.61,11.93,2021-08-28,"WI-433247",45.25,-88.5
23.2,6.3,16.9,2021-08-29,"WI-433247",45.25,-88.5
20.3,4.79,22.17,2021-08-30,"WI-433247",45.25,-88.5
17.6,3.14,16.06,2021-08-31,"WI-433247",45.25,-88.5
15.9,2.92,23.08,2021-09-01,"WI-433247",45.25,-88.5
15.2,2.56,20.34,2021-09-02,"WI-433247",45.25,-88.5
15.4,3.14,5.16,2021-09-03,"WI-433247",45.25,-88.5
16.8,4.22,6.65,2021-09-04,"WI-433247",45.25,-88.5
17,6.14,18.1,2021-09-05,"WI-433247",45.25,-88.5
15.5,3.41,20.26,2021-09-06,"WI-433247",45.25,-88.5
17.7,5.95,15.65,2021-09-07,"WI-433247",45.25,-88.5
16.2,6.79,17.24,2021-09-08,"WI-433247",45.25,-88.5
15.7,3,16.8,2021-09-09,"WI-433247",45.25,-88.5
16.7,3.82,17.12,2021-09-10,"WI-433247",45.25,-88.5
19.4,6,18.03,2021-09-11,"WI-433247",45.25,-88.5
16.1,3.1,13.58,2021-09-12,"WI-433247",45.25,-88.5
15,4.18,14.28,2021-09-13,"WI-433247",45.25,-88.5
17.8,5.92,11.7,2021-09-14,"WI-433247",45.25,-88.5
16.5,3.93,18.71,2021-09-15,"WI-433247",45.25,-88.5
18.2,6.31,18.36,2021-09-16,"WI-433247",45.25,-88.5
18.7,6.42,10.62,2021-09-17,"WI-433247",45.25,-88.5
14.2,2.92,19.37,2021-09-18,"WI-433247",45.25,-88.5
19.1,4.92,18.53,2021-09-19,"WI-433247",45.25,-88.5
21.9,6.81,13.35,2021-09-20,"WI-433247",45.25,-88.5
16,6.65,14.25,2021-09-21,"WI-433247",45.25,-88.5
11.7,4.89,13.72,2021-09-22,"WI-433247",45.25,-88.5
12.3,6.77,16.67,2021-09-23,"WI-433247",45.25,-88.5
13.2,7.35,16.88,2021-09-24,"WI-433247",45.25,-88.5
11.4,6.36,14.46,2021-09-25,"WI-433247",45.25,-88.5
13.3,3.47,8.1,2021-09-26,"WI-433247",45.25,-88.5
14.7,3.58,15.5,2021-09-27,"WI-433247",45.25,-88.5
12.3,2.24,16.87,2021-09-28,"WI-433247",45.25,-88.5
14.4,2.42,17.02,2021-09-29,"WI-433247",45.25,-88.5
15.3,2.36,15.94,2021-09-30,"WI-433247",45.25,-88.5
18.3,3.35,15.34,2021-10-01,"WI-433247",45.25,-88.5
19.4,3.58,7.97,2021-10-02,"WI-433247",45.25,-88.5
17.4,2.53,6.2,2021-10-03,"WI-433247",45.25,-88.5
17.2,4.11,5.21,2021-10-04,"WI-433247",45.25,-88.5
15.6,2.83,14.75,2021-10-05,"WI-433247",45.25,-88.5
15.6,2.94,12.11,2021-10-06,"WI-433247",45.25,-88.5
14.8,3.93,7.29,2021-10-07,"WI-433247",45.25,-88.5
17.7,2.33,6.43,2021-10-08,"WI-433247",45.25,-88.5
17.5,4.22,7.92,2021-10-09,"WI-433247",45.25,-88.5
19.7,6.41,9.98,2021-10-10,"WI-433247",45.25,-88.5
16.6,4.52,6.35,2021-10-11,"WI-433247",45.25,-88.5
16.5,5.2,4.83,2021-10-12,"WI-433247",45.25,-88.5
15.6,5.85,6.99,2021-10-13,"WI-433247",45.25,-88.5
15,5.69,12.65,2021-10-14,"WI-433247",45.25,-88.5
9.7,4.62,10.84,2021-10-15,"WI-433247",45.25,-88.5
8.5,7.25,9,2021-10-16,"WI-433247",45.25,-88.5
10.7,5.27,13.9,2021-10-17,"WI-433247",45.25,-88.5
10.8,3.31,13.56,2021-10-18,"WI-433247",45.25,-88.5
13.7,4.38,11.53,2021-10-19,"WI-433247",45.25,-88.5
11.6,4.03,7.29,2021-10-20,"WI-433247",45.25,-88.5
6.7,5.89,9.57,2021-10-21,"WI-433247",45.25,-88.5
4,2.69,5.54,2021-10-22,"WI-433247",45.25,-88.5
4.9,2.83,10.29,2021-10-23,"WI-433247",45.25,-88.5
4.3,5.41,9.88,2021-10-24,"WI-433247",45.25,-88.5
5.5,5.94,10.06,2021-10-25,"WI-433247",45.25,-88.5
4.9,3.2,11.01,2021-10-26,"WI-433247",45.25,-88.5
6.2,3.94,7.95,2021-10-27,"WI-433247",45.25,-88.5
10.1,4.94,2.39,2021-10-28,"WI-433247",45.25,-88.5
10.4,5.7,5.41,2021-10-29,"WI-433247",45.25,-88.5
9.2,4.65,9.08,2021-10-30,"WI-433247",45.25,-88.5
6.1,6.69,9.99,2021-10-31,"WI-433247",45.25,-88.5
2.3,6.48,8.09,2021-11-01,"WI-433247",45.25,-88.5
1.1,5.87,8.69,2021-11-02,"WI-433247",45.25,-88.5
0.4,3.52,8.88,2021-11-03,"WI-433247",45.25,-88.5
1.5,3.47,9.99,2021-11-04,"WI-433247",45.25,-88.5
4.7,6.09,9.11,2021-11-05,"WI-433247",45.25,-88.5
9.8,5.87,9.86,2021-11-06,"WI-433247",45.25,-88.5
10.1,3.93,8.1,2021-11-07,"WI-433247",45.25,-88.5
11.4,4.16,8.9,2021-11-08,"WI-433247",45.25,-88.5
5.9,3.24,7.05,2021-11-09,"WI-433247",45.25,-88.5
3.9,5.55,6.2,2021-11-10,"WI-433247",45.25,-88.5
7.3,7.58,1.34,2021-11-11,"WI-433247",45.25,-88.5
1.9,3.97,6.79,2021-11-12,"WI-433247",45.25,-88.5
1.4,6.18,5.88,2021-11-13,"WI-433247",45.25,-88.5
-0.5,5.92,5.29,2021-11-14,"WI-433247",45.25,-88.5
-1.1,4.38,7.95,2021-11-15,"WI-433247",45.25,-88.5
-0.1,6.15,4.94,2021-11-16,"WI-433247",45.25,-88.5
4.8,6.41,5.95,2021-11-17,"WI-433247",45.25,-88.5
-0.6,7.21,5.7,2021-11-18,"WI-433247",45.25,-88.5
-1.5,4.65,6.73,2021-11-19,"WI-433247",45.25,-88.5
0.8,4.32,5.75,2021-11-20,"WI-433247",45.25,-88.5
-1.5,7.94,5.46,2021-11-21,"WI-433247",45.25,-88.5
-5.7,6.78,8.49,2021-11-22,"WI-433247",45.25,-88.5
-2.6,5.36,7.94,2021-11-23,"WI-433247",45.25,-88.5
3.5,5.09,5.29,2021-11-24,"WI-433247",45.25,-88.5
-1.9,6.17,3.74,2021-11-25,"WI-433247",45.25,-88.5
-6.8,4.1,7.01,2021-11-26,"WI-433247",45.25,-88.5
-3.5,3.22,2.1,2021-11-27,"WI-433247",45.25,-88.5
-1.1,7.8,6.9,2021-11-28,"WI-433247",45.25,-88.5
-2.7,3.18,2.74,2021-11-29,"WI-433247",45.25,-88.5
-0.3,7.4,5.83,2021-11-30,"WI-433247",45.25,-88.5
0.8,6.77,2.66,2021-12-01,"WI-433247",45.25,-88.5
4.3,7.24,6.48,2021-12-02,"WI-433247",45.25,-88.5
-0.6,5.12,2.09,2021-12-03,"WI-433247",45.25,-88.5
-1.3,6.41,7.34,2021-12-04,"WI-433247",45.25,-88.5
-2.7,6.82,0.93,2021-12-05,"WI-433247",45.25,-88.5
-6.5,9.13,6.77,2021-12-06,"WI-433247",45.25,-88.5
-16.8,4.16,6.53,2021-12-07,"WI-433247",45.25,-88.5
-12.6,2.97,7.46,2021-12-08,"WI-433247",45.25,-88.5
-3.5,5.42,1.86,2021-12-09,"WI-433247",45.25,-88.5
-1.7,6.01,2.99,2021-12-10,"WI-433247",45.25,-88.5
-0.9,8.4,5.46,2021-12-11,"WI-433247",45.25,-88.5
-1.5,6,6.95,2021-12-12,"WI-433247",45.25,-88.5
2.2,5.29,6.91,2021-12-13,"WI-433247",45.25,-88.5
0.5,4.56,4.12,2021-12-14,"WI-433247",45.25,-88.5
6.8,6.77,0.91,2021-12-15,"WI-433247",45.25,-88.5
2,11.18,3.98,2021-12-16,"WI-433247",45.25,-88.5
-8.2,6.25,5.71,2021-12-17,"WI-433247",45.25,-88.5
-4.4,3.51,4.22,2021-12-18,"WI-433247",45.25,-88.5
-5.8,5.69,5.82,2021-12-19,"WI-433247",45.25,-88.5
-2.8,5.6,2.92,2021-12-20,"WI-433247",45.25,-88.5
-10.2,6.41,1.42,2021-12-21,"WI-433247",45.25,-88.5
-12.9,6.32,6.11,2021-12-22,"WI-433247",45.25,-88.5
-6,2.77,4.14,2021-12-23,"WI-433247",45.25,-88.5
-1,4.21,1.45,2021-12-24,"WI-433247",45.25,-88.5
-0.5,5.16,6.67,2021-12-25,"WI-433247",45.25,-88.5
-5.1,4.54,6.65,2021-12-26,"WI-433247",45.25,-88.5
-2.6,7.61,1.71,2021-12-27,"WI-433247",45.25,-88.5
-8.9,6.58,2.4,2021-12-28,"WI-433247",45.25,-88.5
-7,5.28,7.14,2021-12-29,"WI-433247",45.25,-88.5
-10.2,3.22,4.09,2021-12-30,"WI-433247",45.25,-88.5
-3.1,3.64,3.72,2021-12-31,"WI-433247",45.25,-88.5
-11.6,4.11,6.06,2022-01-01,"WI-433247",45.25,-88.5
-13.3,4.07,7.51,2022-01-02,"WI-433247",45.25,-88.5
-13.3,4.38,7.18,2022-01-03,"WI-433247",45.25,-88.5
-9.7,3,4.32,2022-01-04,"WI-433247",45.25,-88.5
-5.8,6.14,2.19,2022-01-05,"WI-433247",45.25,-88.5
-11.3,4.7,4.24,2022-01-06,"WI-433247",45.25,-88.5
-12.7,3.82,7.84,2022-01-07,"WI-433247",45.25,-88.5
-9,6.28,5.23,2022-01-08,"WI-433247",45.25,-88.5
-12.5,7.13,8.2,2022-01-09,"WI-433247",45.25,-88.5
-20.2,5.81,8.28,2022-01-10,"WI-433247",45.25,-88.5
-15,5.51,7.22,2022-01-11,"WI-433247",45.25,-88.5
-1.6,5.63,3.91,2022-01-12,"WI-433247",45.25,-88.5
-2.6,4.11,4.51,2022-01-13,"WI-433247",45.25,-88.5
-13.4,6.34,4.61,2022-01-14,"WI-433247",45.25,-88.5
-16.1,4.16,7.42,2022-01-15,"WI-433247",45.25,-88.5
-11.6,4.48,3.35,2022-01-16,"WI-433247",45.25,-88.5
-4.9,4.09,5.91,2022-01-17,"WI-433247",45.25,-88.5
-3.7,5.8,3.08,2022-01-18,"WI-433247",45.25,-88.5
-9.5,7.85,7.91,2022-01-19,"WI-433247",45.25,-88.5
-16.5,3.86,9.21,2022-01-20,"WI-433247",45.25,-88.5
-16.3,6.85,9.42,2022-01-21,"WI-433247",45.25,-88.5
-10.2,6.86,8.06,2022-01-22,"WI-433247",45.25,-88.5
-14.8,3.89,9.65,2022-01-23,"WI-433247",45.25,-88.5
-12.8,4.7,9.04,2022-01-24,"WI-433247",45.25,-88.5
-18.2,4.18,9.86,2022-01-25,"WI-433247",45.25,-88.5
-19.2,6.72,8.75,2022-01-26,"WI-433247",45.25,-88.5
-8.1,6.65,6.09,2022-01-27,"WI-433247",45.25,-88.5
-13.7,3.18,9.76,2022-01-28,"WI-433247",45.25,-88.5
-12.7,2.92,7.55,2022-01-29,"WI-433247",45.25,-88.5
-7.1,3.61,7.64,2022-01-30,"WI-433247",45.25,-88.5
-6.9,6,8.99,2022-01-31,"WI-433247",45.25,-88.5
-1.6,7.15,7.22,2022-02-01,"WI-433247",45.25,-88.5
-12.3,3.77,7.66,2022-02-02,"WI-433247",45.25,-88.5
-16.5,4.08,11.43,2022-02-03,"WI-433247",45.25,-88.5
-15.5,3.7,7.87,2022-02-04,"WI-433247",45.25,-88.5
-14.2,5.16,4.99,2022-02-05,"WI-433247",45.25,-88.5
-5.7,4.12,4.28,2022-02-06,"WI-433247",45.25,-88.5
-8.5,3.81,11.19,2022-02-07,"WI-433247",45.25,-88.5
-5.4,4.03,10.58,2022-02-08,"WI-433247",45.25,-88.5
-0.8,6.71,7.09,2022-02-09,"WI-433247",45.25,-88.5
-5.7,6,9.22,2022-02-10,"WI-433247",45.25,-88.5
-3,7.02,7.79,2022-02-11,"WI-433247",45.25,-88.5
-15.9,5.88,12.52,2022-02-12,"WI-433247",45.25,-88.5
-16.1,3.2,13.3,2022-02-13,"WI-433247",45.25,-88.5
-13.5,3.01,12.1,2022-02-14,"WI-433247",45.25,-88.5
-10.8,6.38,8.79,2022-02-15,"WI-433247",45.25,-88.5
1,5.15,8.23,2022-02-16,"WI-433247",45.25,-88.5
-10.2,5.22,9.68,2022-02-17,"WI-433247",45.25,-88.5
-14.8,9.49,6.4,2022-02-18,"WI-433247",45.25,-88.5
-13.5,8.54,14.33,2022-02-19,"WI-433247",45.25,-88.5
-1.4,7.4,13,2022-02-20,"WI-433247",45.25,-88.5
-9.3,6.13,5.97,2022-02-21,"WI-433247",45.25,-88.5
-10.5,6.12,3.24,2022-02-22,"WI-433247",45.25,-88.5
-11,4.77,13.9,2022-02-23,"WI-433247",45.25,-88.5
-11.7,3.72,10.98,2022-02-24,"WI-433247",45.25,-88.5
-10,3.85,14.99,2022-02-25,"WI-433247",45.25,-88.5
-7,7.42,15.66,2022-02-26,"WI-433247",45.25,-88.5
-4,6.61,14.97,2022-02-27,"WI-433247",45.25,-88.5
-4.8,4.34,7.14,2022-02-28,"WI-433247",45.25,-88.5
-3,3.54,14.3,2022-03-01,"WI-433247",45.25,-88.5
-5.4,5.15,12.4,2022-03-02,"WI-433247",45.25,-88.5
-9.9,3.28,16.9,2022-03-03,"WI-433247",45.25,-88.5
-6,3.31,14.56,2022-03-04,"WI-433247",45.25,-88.5
-0.6,4.21,3.91,2022-03-05,"WI-433247",45.25,-88.5
0.9,6.16,9.81,2022-03-06,"WI-433247",45.25,-88.5
-3,5.76,9.71,2022-03-07,"WI-433247",45.25,-88.5
-4.1,6.03,17.83,2022-03-08,"WI-433247",45.25,-88.5
-4.3,5.98,12.49,2022-03-09,"WI-433247",45.25,-88.5
-11.3,4.72,17.68,2022-03-10,"WI-433247",45.25,-88.5
-10.2,7.61,17.77,2022-03-11,"WI-433247",45.25,-88.5
-13.7,5.59,18.97,2022-03-12,"WI-433247",45.25,-88.5
-3.1,7.2,15.78,2022-03-13,"WI-433247",45.25,-88.5
-2,2.11,5.57,2022-03-14,"WI-433247",45.25,-88.5
-0.2,4.28,18.05,2022-03-15,"WI-433247",45.25,-88.5
7.1,5.95,15.75,2022-03-16,"WI-433247",45.25,-88.5
7.4,4.14,17.22,2022-03-17,"WI-433247",45.25,-88.5
2.3,4.63,7.08,2022-03-18,"WI-433247",45.25,-88.5
3.9,5.12,15.84,2022-03-19,"WI-433247",45.25,-88.5
7,3.66,19.25,2022-03-20,"WI-433247",45.25,-88.5
2.3,5.81,5.99,2022-03-21,"WI-433247",45.25,-88.5
2,6.76,6.11,2022-03-22,"WI-433247",45.25,-88.5
1.1,6.56,3.13,2022-03-23,"WI-433247",45.25,-88.5
2,4.95,10.26,2022-03-24,"WI-433247",45.25,-88.5
0,6.58,12.45,2022-03-25,"WI-433247",45.25,-88.5
-4.6,7.44,13.32,2022-03-26,"WI-433247",45.25,-88.5
-7.8,5.6,21.71,2022-03-27,"WI-433247",45.25,-88.5
-5.9,3.28,22.42,2022-03-28,"WI-433247",45.25,-88.5
-1.2,5.2,14.67,2022-03-29,"WI-433247",45.25,-88.5
0.8,5.46,3.13,2022-03-30,"WI-433247",45.25,-88.5
-0.8,7.53,9.84,2022-03-31,"WI-433247",45.25,-88.5
0.2,4.47,22.16,2022-04-01,"WI-433247",45.25,-88.5
2.5,3.52,9.51,2022-04-02,"WI-433247",45.25,-88.5
4.3,3.89,16.09,2022-04-03,"WI-433247",45.25,-88.5
2.3,3.83,8.01,2022-04-04,"WI-433247",45.25,-88.5
2.4,4.76,12.64,2022-04-05,"WI-433247",45.25,-88.5
5.6,6.51,12.5,2022-04-06,"WI-433247",45.25,-88.5
3.3,4.1,11.2,2022-04-07,"WI-433247",45.25,-88.5
0.6,6.33,10.53,2022-04-08,"WI-433247",45.25,-88.5
3.5,5.09,19.21,2022-04-09,"WI-433247",45.25,-88.5
5.7,6.8,18.52,2022-04-10,"WI-433247",45.25,-88.5
9.6,9.25,22.91,2022-04-11,"WI-433247",45.25,-88.5
7.2,6.38,13.33,2022-04-12,"WI-433247",45.25,-88.5
4.8,6.69,3.32,2022-04-13,"WI-433247",45.25,-88.5
1.2,10.48,18.53,2022-04-14,"WI-433247",45.25,-88.5
-0.2,8.47,20.67,2022-04-15,"WI-433247",45.25,-88.5
-0.7,6.48,17.21,2022-04-16,"WI-433247",45.25,-88.5
0.5,3.33,22.65,2022-04-17,"WI-433247",45.25,-88.5
0.6,4.65,10.25,2022-04-18,"WI-433247",45.25,-88.5
3.3,6.02,19.96,2022-04-19,"WI-433247",45.25,-88.5
3.4,6.49,6.78,2022-04-20,"WI-433247",45.25,-88.5
8.7,7.79,23.84,2022-04-21,"WI-433247",45.25,-88.5
5.5,5.13,14.88,2022-04-22,"WI-433247",45.25,-88.5
12.8,5.43,13.01,2022-04-23,"WI-433247",45.25,-88.5
16.4,9.09,21.76,2022-04-24,"WI-433247",45.25,-88.5
6,5.29,7.99,2022-04-25,"WI-433247",45.25,-88.5
1.2,6.01,14.79,2022-04-26,"WI-433247",45.25,-88.5
2,4.33,26.82,2022-04-27,"WI-433247",45.25,-88.5
4,4.6,26.71,2022-04-28,"WI-433247",45.25,-88.5
9.3,5.3,24.69,2022-04-29,"WI-433247",45.25,-88.5
7.3,6.46,3.42,2022-04-30,"WI-433247",45.25,-88.5
8.7,6.24,2.84,2022-05-01,"WI-433247",45.25,-88.5
8.3,4.68,11.19,2022-05-02,"WI-433247",45.25,-88.5
8.1,4.49,12.17,2022-05-03,"WI-433247",45.25,-88.5
8.6,3.22,28.17,2022-05-04,"WI-433247",45.25,-88.5
10.8,3.23,25.06,2022-05-05,"WI-433247",45.25,-88.5
13,4.62,28.11,2022-05-06,"WI-433247",45.25,-88.5
12.4,3.98,29.16,2022-05-07,"WI-433247",45.25,-88.5
10.7,5.02,12.56,2022-05-08,"WI-433247",45.25,-88.5
16.2,8.63,24.26,2022-05-09,"WI-433247",45.25,-88.5
21.1,4.5,9.96,2022-05-10,"WI-433247",45.25,-88.5
20,5.41,14.45,2022-05-11,"WI-433247",45.25,-88.5
23.9,5.63,18.57,2022-05-12,"WI-433247",45.25,-88.5
25.2,5.61,24.79,2022-05-13,"WI-433247",45.25,-88.5
22.8,4.77,27.98,2022-05-14,"WI-433247",45.25,-88.5
19,4.5,24.96,2022-05-15,"WI-433247",45.25,-88.5
15.4,8.08,21.68,2022-05-16,"WI-433247",45.25,-88.5
12.5,4.19,25.14,2022-05-17,"WI-433247",45.25,-88.5
13.2,4.1,23.05,2022-05-18,"WI-433247",45.25,-88.5
15.9,5.73,23.85,2022-05-19,"WI-433247",45.25,-88.5
16.6,6.2,13.06,2022-05-20,"WI-433247",45.25,-88.5
11.7,4.36,22.28,2022-05-21,"WI-433247",45.25,-88.5
9,4.3,21.16,2022-05-22,"WI-433247",45.25,-88.5
10.3,3.83,22.27,2022-05-23,"WI-433247",45.25,-88.5
12.7,3.48,29.14,2022-05-24,"WI-433247",45.25,-88.5
10.5,5.76,3.4,2022-05-25,"WI-433247",45.25,-88.5
12.8,3.42,6.08,2022-05-26,"WI-433247",45.25,-88.5
15.4,4.26,17.85,2022-05-27,"WI-433247",45.25,-88.5
15.2,5.16,15.83,2022-05-28,"WI-433247",45.25,-88.5
19.4,7.94,21.94,2022-05-29,"WI-433247",45.25,-88.5
25,11.46,28.39,2022-05-30,"WI-433247",45.25,-88.5
24.9,7.64,25.43,2022-05-31,"WI-433247",45.25,-88.5
17.2,1.89,29.83,2022-06-01,"WI-433247",45.25,-88.5
17.3,4.9,28.02,2022-06-02,"WI-433247",45.25,-88.5
15,6.31,26.61,2022-06-03,"WI-433247",45.25,-88.5
15.6,5.25,28.2,2022-06-04,"WI-433247",45.25,-88.5
16.1,3.83,23.48,2022-06-05,"WI-433247",45.25,-88.5
15.6,3.9,10.92,2022-06-06,"WI-433247",45.25,-88.5
16.4,3.22,17.84,2022-06-07,"WI-433247",45.25,-88.5
15.9,2.93,17.26,2022-06-08,"WI-433247",45.25,-88.5
18.4,5.81,28,2022-06-09,"WI-433247",45.25,-88.5
19.4,3.3,27.9,2022-06-10,"WI-433247",45.25,-88.5
15.8,2.66,9.27,2022-06-11,"WI-433247",45.25,-88.5
14.9,2.85,28.45,2022-06-12,"WI-433247",45.25,-88.5
15.4,4.4,15.42,2022-06-13,"WI-433247",45.25,-88.5
22.7,5.7,16.95,2022-06-14,"WI-433247",45.25,-88.5
26.1,5.93,21.4,2022-06-15,"WI-433247",45.25,-88.5
21.7,9.63,26.6,2022-06-16,"WI-433247",45.25,-88.5
21,6.54,30.19,2022-06-17,"WI-433247",45.25,-88.5
16.5,3.67,28.68,2022-06-18,"WI-433247",45.25,-88.5
19,4.92,27.93,2022-06-19,"WI-433247",45.25,-88.5
27.1,5.52,29.88,2022-06-20,"WI-433247",45.25,-88.5
28.1,6.05,27.43,2022-06-21,"WI-433247",45.25,-88.5
23.5,5.3,30.5,2022-06-22,"WI-433247",45.25,-88.5
22.7,4.56,29.77,2022-06-23,"WI-433247",45.25,-88.5
26.9,4.95,27.44,2022-06-24,"WI-433247",45.25,-88.5
22.5,5.46,17.21,2022-06-25,"WI-433247",45.25,-88.5
19.3,8.51,25.67,2022-06-26,"WI-433247",45.25,-88.5
17.9,5.25,29.88,2022-06-27,"WI-433247",45.25,-88.5
19.4,6.91,21.82,2022-06-28,"WI-433247",45.25,-88.5
17.5,4.34,25.26,2022-06-29,"WI-433247",45.25,-88.5
23.1,7.4,18.94,2022-06-30,"WI-433247",45.25,-88.5
21.4,5.7,29.13,2022-07-01,"WI-433247",45.25,-88.5
19.9,4.3,26.71,2022-07-02,"WI-433247",45.25,-88.5
20.3,3.01,25.19,2022-07-03,"WI-433247",45.25,-88.5
21.9,5.1,15.27,2022-07-04,"WI-433247",45.25,-88.5
22.9,3.85,19.47,2022-07-05,"WI-433247",45.25,-88.5
20,3.94,16.5,2022-07-06,"WI-433247",45.25,-88.5
21.9,3.11,18.63,2022-07-07,"WI-433247",45.25,-88.5
19.4,4.14,20.04,2022-07-08,"WI-433247",45.25,-88.5
19,2.62,30.55,2022-07-09,"WI-433247",45.25,-88.5
20.9,4.92,27.64,2022-07-10,"WI-433247",45.25,-88.5
22.7,6.14,22.05,2022-07-11,"WI-433247",45.25,-88.5
20.4,6.06,21.23,2022-07-12,"WI-433247",45.25,-88.5
18.6,3.41,21.74,2022-07-13,"WI-433247",45.25,-88.5
18.6,3.12,27.42,2022-07-14,"WI-433247",45.25,-88.5
16.7,2.85,8.72,2022-07-15,"WI-433247",45.25,-88.5
20,2.75,25.13,2022-07-16,"WI-433247",45.25,-88.5
23.1,2.06,25.67,2022-07-17,"WI-433247",45.25,-88.5
25.7,4.23,25.27,2022-07-18,"WI-433247",45.25,-88.5
26.4,7.75,24.79,2022-07-19,"WI-433247",45.25,-88.5
23.7,7.7,18.54,2022-07-20,"WI-433247",45.25,-88.5
24.5,5.63,28.52,2022-07-21,"WI-433247",45.25,-88.5
24.5,6.36,25.82,2022-07-22,"WI-433247",45.25,-88.5
24.8,4.24,22.53,2022-07-23,"WI-433247",45.25,-88.5
21.6,6.1,26,2022-07-24,"WI-433247",45.25,-88.5
18.5,3.8,18.4,2022-07-25,"WI-433247",45.25,-88.5
20.4,3.26,24.43,2022-07-26,"WI-433247",45.25,-88.5
21.9,4.6,19.4,2022-07-27,"WI-433247",45.25,-88.5
19.6,5.95,21.35,2022-07-28,"WI-433247",45.25,-88.5
19.1,4.32,17.99,2022-07-29,"WI-433247",45.25,-88.5
21.6,4.08,27.24,2022-07-30,"WI-433247",45.25,-88.5
22.6,6.02,25.86,2022-07-31,"WI-433247",45.25,-88.5
21.9,5.5,19.56,2022-08-01,"WI-433247",45.25,-88.5
20.8,5.64,24.51,2022-08-02,"WI-433247",45.25,-88.5
25.6,5.46,19.85,2022-08-03,"WI-433247",45.25,-88.5
21.7,3.36,21.91,2022-08-04,"WI-433247",45.25,-88.5
21.9,4.36,26.94,2022-08-05,"WI-433247",45.25,-88.5
25.8,5.4,20.36,2022-08-06,"WI-433247",45.25,-88.5
20.5,4.65,10.82,2022-08-07,"WI-433247",45.25,-88.5
17.4,5.81,16.99,2022-08-08,"WI-433247",45.25,-88.5
18.8,2.98,26.93,2022-08-09,"WI-433247",45.25,-88.5
21.9,4.46,25.55,2022-08-10,"WI-433247",45.25,-88.5
18.7,3.01,24.91,2022-08-11,"WI-433247",45.25,-88.5
17,2.6,19.68,2022-08-12,"WI-433247",45.25,-88.5
15.8,3.76,3.48,2022-08-13,"WI-433247",45.25,-88.5
17.1,4.04,7.38,2022-08-14,"WI-433247",45.25,-88.5
19.1,2.35,22.65,2022-08-15,"WI-433247",45.25,-88.5
19.3,2.66,23.98,2022-08-16,"WI-433247",45.25,-88.5
20.1,2.42,20.4,2022-08-17,"WI-433247",45.25,-88.5
19.9,4.78,15.2,2022-08-18,"WI-433247",45.25,-88.5
20.4,3.73,18.3,2022-08-19,"WI-433247",45.25,-88.5
19.7,3.19,10.92,2022-08-20,"WI-433247",45.25,-88.5
20.4,3.11,23.27,2022-08-21,"WI-433247",45.25,-88.5
20,2.36,22.32,2022-08-22,"WI-433247",45.25,-88.5
22.3,2.33,22.01,2022-08-23,"WI-433247",45.25,-88.5
22,3.31,18.59,2022-08-24,"WI-433247",45.25,-88.5
19.6,4.05,9.24,2022-08-25,"WI-433247",45.25,-88.5
18.6,2.7,17.17,2022-08-26,"WI-433247",45.25,-88.5
18.3,4.82,15.22,2022-08-27,"WI-433247",45.25,-88.5
20.3,4.71,4.96,2022-08-28,"WI-433247",45.25,-88.5
23.4,6.66,19.35,2022-08-29,"WI-433247",45.25,-88.5
20.4,7.04,19.61,2022-08-30,"WI-433247",45.25,-88.5
21.5,7.43,20.88,2022-08-31,"WI-433247",45.25,-88.5
21.8,4.25,19.32,2022-09-01,"WI-433247",45.25,-88.5
23.3,6.52,20.96,2022-09-02,"WI-433247",45.25,-88.5
19,5.26,22.33,2022-09-03,"WI-433247",45.25,-88.5
14.2,3.57,17.56,2022-09-04,"WI-433247",45.25,-88.5
14.8,3.13,21.27,2022-09-05,"WI-433247",45.25,-88.5
16.4,1.92,16.29,2022-09-06,"WI-433247",45.25,-88.5
20.5,2.87,16.6,2022-09-07,"WI-433247",45.25,-88.5
21.1,5.95,20.3,2022-09-08,"WI-433247",45.25,-88.5
22.1,5.58,18.64,2022-09-09,"WI-433247",45.25,-88.5
14.8,3.51,2.52,2022-09-10,"WI-433247",45.25,-88.5
14.2,5.6,6.23,2022-09-11,"WI-433247",45.25,-88.5
14,7.05,5.58,2022-09-12,"WI-433247",45.25,-88.5
17.7,3.38,20.46,2022-09-13,"WI-433247",45.25,-88.5
15,3.36,18.14,2022-09-14,"WI-433247",45.25,-88.5
17,4.98,17.41,2022-09-15,"WI-433247",45.25,-88.5
20.8,4.88,15.8,2022-09-16,"WI-433247",45.25,-88.5
21.2,5,13.98,2022-09-17,"WI-433247",45.25,-88.5
21.1,5.76,10.99,2022-09-18,"WI-433247",45.25,-88.5
19.5,4.17,18.81,2022-09-19,"WI-433247",45.25,-88.5
19.1,5.18,10.42,2022-09-20,"WI-433247",45.25,-88.5
17.5,6.79,18.35,2022-09-21,"WI-433247",45.25,-88.5
10.1,5.74,15.29,2022-09-22,"WI-433247",45.25,-88.5
9.6,4.58,13.09,2022-09-23,"WI-433247",45.25,-88.5
11.5,2.79,4.98,2022-09-24,"WI-433247",45.25,-88.5
12.7,6.71,8.16,2022-09-25,"WI-433247",45.25,-88.5
11.1,7.38,13.8,2022-09-26,"WI-433247",45.25,-88.5
7.6,6.71,6.69,2022-09-27,"WI-433247",45.25,-88.5
6.6,3.67,16.86,2022-09-28,"WI-433247",45.25,-88.5
8.2,3.13,17.28,2022-09-29,"WI-433247",45.25,-88.5
10.8,2.44,17.07,2022-09-30,"WI-433247",45.25,-88.5
13.2,3.3,16.12,2022-10-01,"WI-433247",45.25,-88.5
11.9,3.33,8.9,2022-10-02,"WI-433247",45.25,-88.5
11.8,3.29,15.42,2022-10-03,"WI-433247",45.25,-88.5
15.5,3.22,14.18,2022-10-04,"WI-433247",45.25,-88.5
16.2,4.19,12.64,2022-10-05,"WI-433247",45.25,-88.5
11.9,7.06,11.59,2022-10-06,"WI-433247",45.25,-88.5
4.5,4.52,8.12,2022-10-07,"WI-433247",45.25,-88.5
7.4,6.94,15.41,2022-10-08,"WI-433247",45.25,-88.5
9.2,3.91,12.69,2022-10-09,"WI-433247",45.25,-88.5
8.1,3.63,14.29,2022-10-10,"WI-433247",45.25,-88.5
14.7,6.38,13.29,2022-10-11,"WI-433247",45.25,-88.5
12.8,7.21,5.75,2022-10-12,"WI-433247",45.25,-88.5
5.3,4.52,10,2022-10-13,"WI-433247",45.25,-88.5
1.6,4.2,7.33,2022-10-14,"WI-433247",45.25,-88.5
2.3,5.63,5.59,2022-10-15,"WI-433247",45.25,-88.5
5.4,5.31,9.4,2022-10-16,"WI-433247",45.25,-88.5
2.3,9.35,7.56,2022-10-17,"WI-433247",45.25,-88.5
2.4,9.71,9.18,2022-10-18,"WI-433247",45.25,-88.5
2.8,6,9.36,2022-10-19,"WI-433247",45.25,-88.5
6.8,4.34,12.95,2022-10-20,"WI-433247",45.25,-88.5
10.9,5.83,12.28,2022-10-21,"WI-433247",45.25,-88.5
12.8,3.95,11.95,2022-10-22,"WI-433247",45.25,-88.5
16.4,5.58,11.87,2022-10-23,"WI-433247",45.25,-88.5
18.2,6.1,7.23,2022-10-24,"WI-433247",45.25,-88.5
11.3,7.67,8.62,2022-10-25,"WI-433247",45.25,-88.5
5.2,5.06,10.25,2022-10-26,"WI-433247",45.25,-88.5
4.3,2.82,11.73,2022-10-27,"WI-433247",45.25,-88.5
8.4,3.31,11.22,2022-10-28,"WI-433247",45.25,-88.5
8.5,3.51,11.6,2022-10-29,"WI-433247",45.25,-88.5
9.1,2.8,9.31,2022-10-30,"WI-433247",45.25,-88.5
10.5,3.1,11.02,2022-10-31,"WI-433247",45.25,-88.5
11.6,3.36,11,2022-11-01,"WI-433247",45.25,-88.5
12.8,4.63,10.7,2022-11-02,"WI-433247",45.25,-88.5
16.1,6.96,9.6,2022-11-03,"WI-433247",45.25,-88.5
13,5.98,1.8,2022-11-04,"WI-433247",45.25,-88.5
5.9,8.15,0.96,2022-11-05,"WI-433247",45.25,-88.5
8.3,7.45,8.9,2022-11-06,"WI-433247",45.25,-88.5
3.4,7.43,10.09,2022-11-07,"WI-433247",45.25,-88.5
3.7,4.66,7.98,2022-11-08,"WI-433247",45.25,-88.5
11.2,5.33,3.46,2022-11-09,"WI-433247",45.25,-88.5
17.8,5.95,5.1,2022-11-10,"WI-433247",45.25,-88.5
2.7,5.69,9.21,2022-11-11,"WI-433247",45.25,-88.5
-1.4,5.32,5.95,2022-11-12,"WI-433247",45.25,-88.5
-2.5,3.58,6.67,2022-11-13,"WI-433247",45.25,-88.5
-3.2,2.69,5.14,2022-11-14,"WI-433247",45.25,-88.5
-1,4.2,3.28,2022-11-15,"WI-433247",45.25,-88.5
-1.7,3.83,5.1,2022-11-16,"WI-433247",45.25,-88.5
-3.5,4.3,5.18,2022-11-17,"WI-433247",45.25,-88.5
-5.4,5.82,7.46,2022-11-18,"WI-433247",45.25,-88.5
-8.3,7.24,7.24,2022-11-19,"WI-433247",45.25,-88.5
-9.6,4.88,8.22,2022-11-20,"WI-433247",45.25,-88.5
-2,5.33,6.98,2022-11-21,"WI-433247",45.25,-88.5
-3,3.49,5.31,2022-11-22,"WI-433247",45.25,-88.5
-1.4,2.5,8.16,2022-11-23,"WI-433247",45.25,-88.5
2.9,5.2,6.22,2022-11-24,"WI-433247",45.25,-88.5
3.3,5.41,7.87,2022-11-25,"WI-433247",45.25,-88.5
6.2,5.95,7.78,2022-11-26,"WI-433247",45.25,-88.5
2.4,5.36,5.32,2022-11-27,"WI-433247",45.25,-88.5
0,4.77,5.61,2022-11-28,"WI-433247",45.25,-88.5
3.6,6.69,1.36,2022-11-29,"WI-433247",45.25,-88.5
-4.6,9.32,5.56,2022-11-30,"WI-433247",45.25,-88.5
-5.9,5.95,5.81,2022-12-01,"WI-433247",45.25,-88.5
1.4,5.34,5.91,2022-12-02,"WI-433247",45.25,-88.5
-5.6,7.58,7.37,2022-12-03,"WI-433247",45.25,-88.5
-5.2,6.6,7.36,2022-12-04,"WI-433247",45.25,-88.5
-0.2,6.07,4.62,2022-12-05,"WI-433247",45.25,-88.5
-3,2.75,5.93,2022-12-06,"WI-433247",45.25,-88.5
-4,3.42,3.88,2022-12-07,"WI-433247",45.25,-88.5
-7.3,2.41,6.99,2022-12-08,"WI-433247",45.25,-88.5
-2.7,5.28,2.95,2022-12-09,"WI-433247",45.25,-88.5
-1,3.9,1.45,2022-12-10,"WI-433247",45.25,-88.5
-0.4,2.11,3.3,2022-12-11,"WI-433247",45.25,-88.5
-1.1,3.1,3.72,2022-12-12,"WI-433247",45.25,-88.5
-0.4,5.55,2.69,2022-12-13,"WI-433247",45.25,-88.5
0.6,7.63,1.03,2022-12-14,"WI-433247",45.25,-88.5
0.5,6.72,2.66,2022-12-15,"WI-433247",45.25,-88.5
-4.2,5,3.96,2022-12-16,"WI-433247",45.25,-88.5
-6.6,4.24,5.84,2022-12-17,"WI-433247",45.25,-88.5
-7,4.98,4.96,2022-12-18,"WI-433247",45.25,-88.5
-10,3.97,6.08,2022-12-19,"WI-433247",45.25,-88.5
-11,5.42,6.75,2022-12-20,"WI-433247",45.25,-88.5
-18.1,4.46,4.44,2022-12-21,"WI-433247",45.25,-88.5
-12.9,5.99,2.62,2022-12-22,"WI-433247",45.25,-88.5
-17.2,7.98,5.26,2022-12-23,"WI-433247",45.25,-88.5
-13,9.8,6.82,2022-12-24,"WI-433247",45.25,-88.5
-14.2,8.63,6.83,2022-12-25,"WI-433247",45.25,-88.5
-12,4.05,6.71,2022-12-26,"WI-433247",45.25,-88.5
-10,5.55,4.1,2022-12-27,"WI-433247",45.25,-88.5
-2.7,4.44,3.71,2022-12-28,"WI-433247",45.25,-88.5
3.8,3.61,4.6,2022-12-29,"WI-433247",45.25,-88.5
2,6.24,3.05,2022-12-30,"WI-433247",45.25,-88.5
-3.7,2.35,5.81,2022-12-31,"WI-433247",45.25,-88.5
